date,store_id,sku_id,units_sold,prediction,stock_on_hand,on_order_units,reorder_point,safety_stock,lead_time_days,unit_price,cost_price,category,subcategory,brand,lead_time_demand,available_inventory,forecast_daily_demand,days_of_supply,stock_after_lead_time,stockout_units,safety_stock_gap,reorder_gap,stockout_risk,target_inventory_30d,excess_inventory_units,overstock_risk,risk_score,risk_level,recommended_action,stockout_value_at_stake,overstock_value_at_stake,value_at_stake,priority,risk_reason,recommended_markdown_units
2025-12-11,ST29,SKU03043,1,1.8548868,555.0,0.0,94.0,24.0,7.0,4386.71,3398.16,Electronics & Accessories,Mobile Accessories,HealthFirst,1.8548868,555.0,1.8548868,299.2096337091838,553.1451132,0.0,0.0,0.0,False,55.646604,499.353396,True,100.0,OVERSTOCK,MARKDOWN,0.0,1696882.7361513597,1696882.74,CRITICAL,Inventory exceeds the 30-day demand coverage target,499.0
2025-12-22,ST21,SKU03150,2,2.0582168,420.0,0.0,80.0,20.0,7.0,3570.59,2742.62,Apparel & Footwear,Women's Wear,ZestyCo,2.0582168,420.0,2.0582168,204.06013593903228,417.9417832,0.0,0.0,0.0,False,61.746503999999995,358.253496,True,100.0,OVERSTOCK,MARKDOWN,0.0,982553.2031995199,982553.2,CRITICAL,Inventory exceeds the 30-day demand coverage target,358.0
2025-12-13,ST27,SKU01428,1,1.8229209,470.0,0.0,87.0,23.0,7.0,2772.39,2043.62,Apparel & Footwear,Men's Wear,BasicNeeds,1.8229209,470.0,1.8229209,257.8279726783537,468.1770791,0.0,0.0,0.0,False,54.687627,415.312373,True,100.0,OVERSTOCK,MARKDOWN,0.0,848740.6717102599,848740.67,CRITICAL,Inventory exceeds the 30-day demand coverage target,415.0
2025-12-21,ST12,SKU04062,1,1.8090868,325.0,0.0,82.0,38.0,7.0,3430.14,2728.94,Electronics & Accessories,Mobile Accessories,PurePlus,1.8090868,325.0,1.8090868,179.64864925220834,323.1909132,0.0,0.0,0.0,False,54.272604,270.727396,True,100.0,OVERSTOCK,MARKDOWN,0.0,738798.8200402401,738798.82,CRITICAL,Inventory exceeds the 30-day demand coverage target,271.0
2025-12-05,ST28,SKU00584,3,1.7954226,424.0,0.0,95.0,31.0,7.0,2331.51,1830.55,Apparel & Footwear,Women's Wear,PrimeCare,1.7954226,424.0,1.7954226,236.15610051917582,422.2045774,0.0,0.0,0.0,False,53.862678,370.137322,True,100.0,OVERSTOCK,MARKDOWN,0.0,677554.8747871,677554.87,CRITICAL,Inventory exceeds the 30-day demand coverage target,370.0
2025-12-23,ST20,SKU00024,3,1.62342,446.0,0.0,87.0,30.0,7.0,2711.05,1671.96,Electronics & Accessories,Batteries,HealthFirst,1.62342,446.0,1.62342,274.72865925022484,444.37658,0.0,0.0,0.0,False,48.702600000000004,397.2974,True,100.0,OVERSTOCK,MARKDOWN,0.0,664265.360904,664265.36,CRITICAL,Inventory exceeds the 30-day demand coverage target,397.0
2025-12-14,ST30,SKU01428,4,1.6534005,353.0,0.0,65.0,30.0,7.0,2772.39,2043.62,Apparel & Footwear,Men's Wear,BasicNeeds,1.6534005,353.0,1.6534005,213.49939110336544,351.3465995,0.0,0.0,0.0,False,49.602015,303.397985,True,100.0,OVERSTOCK,MARKDOWN,0.0,620030.1901056999,620030.19,CRITICAL,Inventory exceeds the 30-day demand coverage target,303.0
2025-12-04,ST01,SKU02915,1,2.3204694,406.0,0.0,78.0,24.0,7.0,2288.75,1746.3,Electronics & Accessories,Small Appliances,ZestyCo,2.3204694,406.0,2.3204694,174.96459983484377,403.6795306,0.0,0.0,0.0,False,69.614082,336.385918,True,100.0,OVERSTOCK,MARKDOWN,0.0,587430.7286033999,587430.73,CRITICAL,Inventory exceeds the 30-day demand coverage target,336.0
2025-12-22,ST28,SKU04791,1,1.7214586,383.0,0.0,68.0,15.0,7.0,2688.04,1755.1,Electronics & Accessories,Batteries,CleanWave,1.7214586,383.0,1.7214586,222.48574551836447,381.2785414,0.0,0.0,0.0,False,51.643758000000005,331.356242,True,100.0,OVERSTOCK,MARKDOWN,0.0,581563.3403342,581563.34,CRITICAL,Inventory exceeds the 30-day demand coverage target,331.0
2025-12-10,ST21,SKU00516,4,2.1309829,460.0,0.0,80.0,18.0,7.0,2155.25,1441.14,Electronics & Accessories,Batteries,GoldenHarvest,2.1309829,460.0,2.1309829,215.86283024608036,457.8690171,0.0,0.0,0.0,False,63.929486999999995,396.070513,True,100.0,OVERSTOCK,MARKDOWN,0.0,570793.05910482,570793.06,CRITICAL,Inventory exceeds the 30-day demand coverage target,396.0
2025-12-16,ST03,SKU01428,2,1.8413566,329.0,0.0,76.0,31.0,7.0,2772.39,2043.62,Apparel & Footwear,Men's Wear,BasicNeeds,1.8413566,329.0,1.8413566,178.67261561394463,327.1586434,0.0,0.0,0.0,False,55.240697999999995,273.759302,True,100.0,OVERSTOCK,MARKDOWN,0.0,559459.9847532399,559459.98,CRITICAL,Inventory exceeds the 30-day demand coverage target,274.0
2025-12-23,ST21,SKU00075,2,1.6706439,280.0,0.0,63.0,27.0,7.0,3697.58,2393.21,Electronics & Accessories,Batteries,TrueTaste,1.6706439,280.0,1.6706439,167.60004929835736,278.3293561,0.0,0.0,0.0,False,50.119316999999995,229.880683,True,100.0,OVERSTOCK,MARKDOWN,0.0,550152.7493624301,550152.75,CRITICAL,Inventory exceeds the 30-day demand coverage target,230.0
2025-12-08,ST12,SKU00024,2,1.7583555,369.0,0.0,70.0,27.0,7.0,2711.05,1671.96,Electronics & Accessories,Batteries,HealthFirst,1.7583555,369.0,1.7583555,209.85517433761262,367.2416445,0.0,0.0,0.0,False,52.750665,316.249335,True,100.0,OVERSTOCK,MARKDOWN,0.0,528756.2381466,528756.24,CRITICAL,Inventory exceeds the 30-day demand coverage target,316.0
2025-12-14,ST19,SKU04554,4,1.7627659,425.0,0.0,98.0,22.0,7.0,2001.13,1393.38,Home & Kitchen,Home Decor,UrbanBite,1.7627659,425.0,1.7627659,241.09837840634427,423.2372341,0.0,0.0,0.0,False,52.882977,372.117023,True,100.0,OVERSTOCK,MARKDOWN,0.0,518500.4175077401,518500.42,CRITICAL,Inventory exceeds the 30-day demand coverage target,372.0
2025-12-30,ST20,SKU03235,2,1.8880193,542.0,0.0,99.0,33.0,7.0,1648.55,1052.65,Apparel & Footwear,Footwear,HomeStyle,1.8880193,542.0,1.8880193,287.0733365914215,540.1119807,0.0,0.0,0.0,False,56.640579,485.359421,True,100.0,OVERSTOCK,MARKDOWN,0.0,510913.59451565007,510913.59,CRITICAL,Inventory exceeds the 30-day demand coverage target,485.0
2025-12-31,ST23,SKU02946,1,1.7634592,427.0,0.0,94.0,31.0,7.0,2029.87,1350.64,Apparel & Footwear,Women's Wear,ValueChoice,1.7634592,427.0,1.7634592,242.13772567009207,425.2365408,0.0,0.0,0.0,False,52.903776,374.096224,True,100.0,OVERSTOCK,MARKDOWN,0.0,505269.32398336,505269.32,CRITICAL,Inventory exceeds the 30-day demand coverage target,374.0
2025-12-17,ST28,SKU04236,1,2.155417,477.0,0.0,97.0,38.0,7.0,1751.93,1215.6,Electronics & Accessories,Small Appliances,ValueChoice,2.155417,477.0,2.155417,221.3028847782123,474.844583,0.0,0.0,0.0,False,64.66251,412.33749,True,100.0,OVERSTOCK,MARKDOWN,0.0,501237.45284399996,501237.45,CRITICAL,Inventory exceeds the 30-day demand coverage target,412.0
2025-12-15,ST01,SKU00075,3,1.8769375,261.0,0.0,95.0,24.0,7.0,3697.58,2393.21,Electronics & Accessories,Batteries,TrueTaste,1.8769375,261.0,1.8769375,139.05630848123607,259.1230625,0.0,0.0,0.0,False,56.308125,204.691875,True,100.0,OVERSTOCK,MARKDOWN,0.0,489870.64216875006,489870.64,CRITICAL,Inventory exceeds the 30-day demand coverage target,205.0
2025-12-11,ST06,SKU04849,1,2.026538,506.0,0.0,88.0,19.0,7.0,1457.98,1088.18,Electronics & Accessories,Batteries,SunriseFoods,2.026538,506.0,2.026538,249.68690446465845,503.973462,0.0,0.0,0.0,False,60.79614,445.20386,True,100.0,OVERSTOCK,MARKDOWN,0.0,484461.93637480005,484461.94,CRITICAL,Inventory exceeds the 30-day demand coverage target,445.0
2025-12-05,ST30,SKU00592,5,2.0590773,396.0,0.0,75.0,29.0,7.0,2203.73,1430.8,Apparel & Footwear,Kids Wear,UrbanBite,2.0590773,396.0,2.0590773,192.3191518841959,393.9409227,0.0,0.0,0.0,False,61.77231900000001,334.22768099999996,True,100.0,OVERSTOCK,MARKDOWN,0.0,478212.96597479994,478212.97,CRITICAL,Inventory exceeds the 30-day demand coverage target,334.0
2025-12-23,ST18,SKU03941,1,1.8412737,357.0,0.0,99.0,49.0,7.0,2059.71,1578.53,Electronics & Accessories,Batteries,CityFresh,1.8412737,357.0,1.8412737,193.88752470640298,355.1587263,0.0,0.0,0.0,False,55.238211,301.761789,True,100.0,OVERSTOCK,MARKDOWN,0.0,476340.03679017,476340.04,CRITICAL,Inventory exceeds the 30-day demand coverage target,302.0
2025-12-14,ST03,SKU04849,5,1.8143216,483.0,0.0,98.0,25.0,7.0,1457.98,1088.18,Electronics & Accessories,Batteries,SunriseFoods,1.8143216,483.0,1.8143216,266.21520682992474,481.1856784,0.0,0.0,0.0,False,54.429648,428.570352,True,100.0,OVERSTOCK,MARKDOWN,0.0,466361.68563936005,466361.69,CRITICAL,Inventory exceeds the 30-day demand coverage target,429.0
2025-12-19,ST27,SKU03634,1,1.9537216,385.0,0.0,65.0,27.0,7.0,2372.1,1426.85,Apparel & Footwear,Footwear,ZestyCo,1.9537216,385.0,1.9537216,197.05980626922485,383.0462784,0.0,0.0,0.0,False,58.611647999999995,326.388352,True,100.0,OVERSTOCK,MARKDOWN,0.0,465707.22005119995,465707.22,CRITICAL,Inventory exceeds the 30-day demand coverage target,326.0
2025-12-16,ST17,SKU02915,3,2.0123804,327.0,0.0,80.0,21.0,7.0,2288.75,1746.3,Electronics & Accessories,Small Appliances,ZestyCo,2.0123804,327.0,2.0123804,162.49412884363215,324.9876196,0.0,0.0,0.0,False,60.371412,266.628588,True,100.0,OVERSTOCK,MARKDOWN,0.0,465613.50322439993,465613.5,CRITICAL,Inventory exceeds the 30-day demand coverage target,267.0
2025-12-12,ST03,SKU02279,4,1.6727957,435.0,0.0,78.0,24.0,7.0,1825.01,1201.75,Apparel & Footwear,Footwear,SmartBuy,1.6727957,435.0,1.6727957,260.0437100597521,433.3272043,0.0,0.0,0.0,False,50.183870999999996,384.816129,True,100.0,OVERSTOCK,MARKDOWN,0.0,462452.78302574996,462452.78,CRITICAL,Inventory exceeds the 30-day demand coverage target,385.0
2025-12-27,ST03,SKU01534,1,1.7137358,279.0,0.0,99.0,27.0,7.0,2964.57,2016.22,Apparel & Footwear,Footwear,ZestyCo,1.7137358,279.0,1.7137358,162.80222424016583,277.2862642,0.0,0.0,0.0,False,51.412074000000004,227.58792599999998,True,100.0,OVERSTOCK,MARKDOWN,0.0,458867.32815972,458867.33,CRITICAL,Inventory exceeds the 30-day demand coverage target,228.0
2025-12-04,ST20,SKU01068,1,2.0029938,429.0,0.0,83.0,26.0,7.0,2201.06,1243.53,Electronics & Accessories,Mobile Accessories,PrimeCare,2.0029938,429.0,2.0029938,214.17939486382832,426.9970062,0.0,0.0,0.0,False,60.089814000000004,368.910186,True,100.0,OVERSTOCK,MARKDOWN,0.0,458750.88359658,458750.88,CRITICAL,Inventory exceeds the 30-day demand coverage target,369.0
2025-12-13,ST13,SKU00987,1,1.6654024,420.0,0.0,81.0,19.0,7.0,1614.69,1137.98,Electronics & Accessories,Mobile Accessories,TrueTaste,1.6654024,420.0,1.6654024,252.19130223422277,418.3345976,0.0,0.0,0.0,False,49.962072,370.037928,True,100.0,OVERSTOCK,MARKDOWN,0.0,421095.76130544004,421095.76,CRITICAL,Inventory exceeds the 30-day demand coverage target,370.0
2025-12-28,ST22,SKU03740,5,2.0841653,432.0,0.0,100.0,30.0,7.0,2021.49,1124.92,Apparel & Footwear,Men's Wear,SoftTouch,2.0841653,432.0,2.0841653,207.27722508382612,429.9158347,0.0,0.0,0.0,False,62.524959,369.475041,True,100.0,OVERSTOCK,MARKDOWN,0.0,415629.86312172,415629.86,CRITICAL,Inventory exceeds the 30-day demand coverage target,369.0
2025-12-26,ST19,SKU04152,1,2.1492825,585.0,0.0,99.0,48.0,7.0,1148.97,769.38,Health & Wellness,OTC Medicine,ValueChoice,2.1492825,585.0,2.1492825,272.18385670566806,582.8507175,0.0,0.0,0.0,False,64.478475,520.521525,True,100.0,OVERSTOCK,MARKDOWN,0.0,400478.8509045,400478.85,CRITICAL,Inventory exceeds the 30-day demand coverage target,521.0
2025-12-04,ST26,SKU04791,5,1.7976085,280.0,0.0,72.0,24.0,7.0,2688.04,1755.1,Electronics & Accessories,Batteries,CleanWave,1.7976085,280.0,1.7976085,155.76250334819846,278.2023915,0.0,0.0,0.0,False,53.928255,226.071745,True,100.0,OVERSTOCK,MARKDOWN,0.0,396778.51964949997,396778.52,CRITICAL,Inventory exceeds the 30-day demand coverage target,226.0
2025-12-02,ST28,SKU01174,1,1.8727895,326.0,0.0,94.0,33.0,7.0,1964.02,1462.83,Home & Kitchen,Home Decor,NovaFresh,1.8727895,326.0,1.8727895,174.07188581525045,324.1272105,0.0,0.0,0.0,False,56.183685000000004,269.816315,True,100.0,OVERSTOCK,MARKDOWN,0.0,394695.4000714499,394695.4,CRITICAL,Inventory exceeds the 30-day demand coverage target,270.0
2025-12-02,ST11,SKU00584,2,1.9037851,268.0,0.0,75.0,19.0,7.0,2331.51,1830.55,Apparel & Footwear,Women's Wear,PrimeCare,1.9037851,268.0,1.9037851,140.7721911469945,266.0962149,0.0,0.0,0.0,False,57.113552999999996,210.886447,True,100.0,OVERSTOCK,MARKDOWN,0.0,386038.18555585,386038.19,CRITICAL,Inventory exceeds the 30-day demand coverage target,211.0
2025-12-31,ST14,SKU01174,3,1.9279599,321.0,0.0,67.0,26.0,7.0,1964.02,1462.83,Home & Kitchen,Home Decor,NovaFresh,1.9279599,321.0,1.9279599,166.49723886892045,319.0720401,0.0,0.0,0.0,False,57.838797,263.161203,True,100.0,OVERSTOCK,MARKDOWN,0.0,384960.10258448997,384960.1,CRITICAL,Inventory exceeds the 30-day demand coverage target,263.0
2025-12-31,ST27,SKU00631,1,2.2345574,465.0,0.0,91.0,24.0,7.0,1304.33,954.88,Home & Kitchen,Cookware,CrispKing,2.2345574,465.0,2.2345574,208.0949005829969,462.76544260000003,0.0,0.0,0.0,False,67.036722,397.963278,True,100.0,OVERSTOCK,MARKDOWN,0.0,380007.17489664,380007.17,CRITICAL,Inventory exceeds the 30-day demand coverage target,398.0
2025-12-20,ST27,SKU01423,2,1.8259364,241.0,0.0,49.0,16.0,7.0,2866.27,2040.58,Electronics & Accessories,Mobile Accessories,BasicNeeds,1.8259364,241.0,1.8259364,131.98707249606284,239.1740636,0.0,0.0,0.0,False,54.778092,186.22190799999998,True,100.0,OVERSTOCK,MARKDOWN,0.0,380000.70102663996,380000.7,CRITICAL,Inventory exceeds the 30-day demand coverage target,186.0
2025-12-10,ST06,SKU02211,2,1.8853383,536.0,0.0,100.0,42.0,7.0,1230.59,779.6,Health & Wellness,Vitamins & Supplements,NovaFresh,1.8853383,536.0,1.8853383,284.29910960807405,534.1146617,0.0,0.0,0.0,False,56.560148999999996,479.439851,True,100.0,OVERSTOCK,MARKDOWN,0.0,373771.3078396,373771.31,CRITICAL,Inventory exceeds the 30-day demand coverage target,479.0
2025-12-14,ST28,SKU02421,3,1.8357234,285.0,0.0,51.0,16.0,7.0,2671.52,1612.38,Apparel & Footwear,Kids Wear,HomeStyle,1.8357234,285.0,1.8357234,155.25214746404606,283.1642766,0.0,0.0,0.0,False,55.071702,229.92829799999998,True,100.0,OVERSTOCK,MARKDOWN,0.0,370731.78912924,370731.79,CRITICAL,Inventory exceeds the 30-day demand coverage target,230.0
2025-12-30,ST29,SKU00170,4,1.5804212,444.0,0.0,86.0,29.0,7.0,1241.29,909.39,Apparel & Footwear,Men's Wear,ZestyCo,1.5804212,444.0,1.5804212,280.9377651982902,442.4195788,0.0,0.0,0.0,False,47.412636,396.587364,True,100.0,OVERSTOCK,MARKDOWN,0.0,360652.58294795995,360652.58,CRITICAL,Inventory exceeds the 30-day demand coverage target,397.0
2025-12-23,ST23,SKU03150,1,1.9562759,190.0,0.0,46.0,11.0,7.0,3570.59,2742.62,Apparel & Footwear,Women's Wear,ZestyCo,1.9562759,190.0,1.9562759,97.12331476352594,188.0437241,0.0,0.0,0.0,False,58.688277,131.311723,True,100.0,OVERSTOCK,MARKDOWN,0.0,360138.15773425996,360138.16,CRITICAL,Inventory exceeds the 30-day demand coverage target,131.0
2025-12-27,ST14,SKU02279,3,1.7844632,351.0,0.0,68.0,29.0,7.0,1825.01,1201.75,Apparel & Footwear,Footwear,SmartBuy,1.7844632,351.0,1.7844632,196.69780805790782,349.2155368,0.0,0.0,0.0,False,53.533896,297.466104,True,100.0,OVERSTOCK,MARKDOWN,0.0,357479.89048199996,357479.89,CRITICAL,Inventory exceeds the 30-day demand coverage target,297.0
2025-12-17,ST01,SKU01038,1,2.1831603,511.0,0.0,87.0,33.0,7.0,1338.59,802.08,Health & Wellness,OTC Medicine,NovaFresh,2.1831603,511.0,2.1831603,234.06435157326743,508.8168397,0.0,0.0,0.0,False,65.494809,445.50519099999997,True,100.0,OVERSTOCK,MARKDOWN,0.0,357330.80359728,357330.8,CRITICAL,Inventory exceeds the 30-day demand coverage target,446.0
2025-12-19,ST09,SKU00987,1,1.5984879,360.0,0.0,66.0,29.0,7.0,1614.69,1137.98,Electronics & Accessories,Mobile Accessories,TrueTaste,1.5984879,360.0,1.5984879,225.21284020980076,358.4015121,0.0,0.0,0.0,False,47.954637000000005,312.045363,True,100.0,OVERSTOCK,MARKDOWN,0.0,355101.38218674,355101.38,CRITICAL,Inventory exceeds the 30-day demand coverage target,312.0
2025-12-09,ST29,SKU03009,2,1.7506828,225.0,0.0,78.0,18.0,7.0,2815.76,2047.94,Electronics & Accessories,Small Appliances,NovaFresh,1.7506828,225.0,1.7506828,128.52128323874547,223.2493172,0.0,0.0,0.0,False,52.520484,172.479516,True,100.0,OVERSTOCK,MARKDOWN,0.0,353227.69999704,353227.7,CRITICAL,Inventory exceeds the 30-day demand coverage target,172.0
2025-12-25,ST26,SKU01830,2,2.3793073,463.0,0.0,86.0,28.0,7.0,1563.44,899.39,Apparel & Footwear,Women's Wear,SunriseFoods,2.3793073,463.0,2.3793073,194.59445192304503,460.6206927,0.0,0.0,0.0,False,71.37921899999999,391.620781,True,100.0,OVERSTOCK,MARKDOWN,0.0,352219.81422359,352219.81,CRITICAL,Inventory exceeds the 30-day demand coverage target,392.0
2025-12-15,ST01,SKU04849,1,1.8024857,375.0,0.0,64.0,28.0,7.0,1457.98,1088.18,Electronics & Accessories,Batteries,SunriseFoods,1.8024857,375.0,1.8024857,208.04603331943215,373.1975143,0.0,0.0,0.0,False,54.074571000000006,320.925429,True,100.0,OVERSTOCK,MARKDOWN,0.0,349224.63332922006,349224.63,CRITICAL,Inventory exceeds the 30-day demand coverage target,321.0
2025-12-13,ST07,SKU00446,1,1.9759558,240.0,0.0,96.0,24.0,7.0,2586.83,1928.61,Apparel & Footwear,Women's Wear,GoldenHarvest,1.9759558,240.0,1.9759558,121.46020675158827,238.0240442,0.0,0.0,0.0,False,59.278673999999995,180.721326,True,100.0,OVERSTOCK,MARKDOWN,0.0,348540.95653686,348540.96,CRITICAL,Inventory exceeds the 30-day demand coverage target,181.0
2025-12-05,ST14,SKU04554,1,1.6580926,299.0,0.0,78.0,22.0,7.0,2001.13,1393.38,Home & Kitchen,Home Decor,UrbanBite,1.6580926,299.0,1.6580926,180.32768495559296,297.3419074,0.0,0.0,0.0,False,49.742778,249.257222,True,100.0,OVERSTOCK,MARKDOWN,0.0,347310.02799036005,347310.03,CRITICAL,Inventory exceeds the 30-day demand coverage target,249.0
2025-12-23,ST29,SKU02279,4,1.771387,342.0,0.0,65.0,15.0,7.0,1825.01,1201.75,Apparel & Footwear,Footwear,SmartBuy,1.771387,342.0,1.771387,193.06904702360353,340.228613,0.0,0.0,0.0,False,53.14161,288.85839,True,100.0,OVERSTOCK,MARKDOWN,0.0,347135.5701825,347135.57,CRITICAL,Inventory exceeds the 30-day demand coverage target,289.0
2025-12-05,ST01,SKU00167,1,1.9029719,266.0,0.0,58.0,12.0,7.0,2596.95,1652.67,Electronics & Accessories,Batteries,ZestyCo,1.9029719,266.0,1.9029719,139.78135988240288,264.0970281,0.0,0.0,0.0,False,57.089157,208.910843,True,100.0,OVERSTOCK,MARKDOWN,0.0,345260.68290081003,345260.68,CRITICAL,Inventory exceeds the 30-day demand coverage target,209.0
2025-12-18,ST28,SKU04665,2,1.8534827,429.0,0.0,98.0,41.0,7.0,1605.02,920.86,Electronics & Accessories,Batteries,TrueTaste,1.8534827,429.0,1.8534827,231.45616627552013,427.1465173,0.0,0.0,0.0,False,55.604481,373.395519,True,100.0,OVERSTOCK,MARKDOWN,0.0,343844.99762633996,343845.0,CRITICAL,Inventory exceeds the 30-day demand coverage target,373.0
2025-12-04,ST19,SKU04236,2,1.7934291,334.0,0.0,100.0,20.0,7.0,1751.93,1215.6,Electronics & Accessories,Small Appliances,ValueChoice,1.7934291,334.0,1.7934291,186.2354079121388,332.2065709,0.0,0.0,0.0,False,53.802873,280.197127,True,100.0,OVERSTOCK,MARKDOWN,0.0,340607.6275812,340607.63,CRITICAL,Inventory exceeds the 30-day demand coverage target,280.0
2025-12-16,ST11,SKU04665,1,1.7437247,420.0,0.0,92.0,29.0,7.0,1605.02,920.86,Electronics & Accessories,Batteries,TrueTaste,1.7437247,420.0,1.7437247,240.86370973583158,418.2562753,0.0,0.0,0.0,False,52.311741,367.688259,True,100.0,OVERSTOCK,MARKDOWN,0.0,338589.41018274,338589.41,CRITICAL,Inventory exceeds the 30-day demand coverage target,368.0
2025-12-14,ST28,SKU00075,1,1.97313,200.0,0.0,62.0,27.0,7.0,3697.58,2393.21,Electronics & Accessories,Batteries,TrueTaste,1.97313,200.0,1.97313,101.36179572557307,198.02687,0.0,0.0,0.0,False,59.1939,140.80610000000001,True,100.0,OVERSTOCK,MARKDOWN,0.0,336978.56658100005,336978.57,CRITICAL,Inventory exceeds the 30-day demand coverage target,141.0
2025-12-25,ST04,SKU01766,2,1.7542846,535.0,0.0,99.0,45.0,7.0,1036.35,690.64,Frozen Foods,Ready Meals,DailyBest,1.7542846,535.0,1.7542846,304.9676204191726,533.2457154,0.0,0.0,0.0,False,52.628538000000006,482.371462,True,100.0,OVERSTOCK,MARKDOWN,0.0,333145.02651568,333145.03,CRITICAL,Inventory exceeds the 30-day demand coverage target,482.0
2025-12-05,ST18,SKU03975,1,1.910095,283.0,0.0,51.0,16.0,7.0,1906.33,1461.62,Apparel & Footwear,Men's Wear,DailyBest,1.910095,283.0,1.910095,148.16017004389832,281.089905,0.0,0.0,0.0,False,57.30285000000001,225.69715,True,100.0,OVERSTOCK,MARKDOWN,0.0,329883.46838299994,329883.47,CRITICAL,Inventory exceeds the 30-day demand coverage target,226.0
2025-12-16,ST18,SKU00449,1,1.7750391,391.0,0.0,69.0,34.0,7.0,1254.12,969.92,Health & Wellness,OTC Medicine,PremiumSelect,1.7750391,391.0,1.7750391,220.27683784543112,389.2249609,0.0,0.0,0.0,False,53.251173,337.748827,True,100.0,OVERSTOCK,MARKDOWN,0.0,327589.34228384,327589.34,CRITICAL,Inventory exceeds the 30-day demand coverage target,338.0
2025-12-12,ST22,SKU00516,2,1.9108319,284.0,0.0,94.0,23.0,7.0,2155.25,1441.14,Electronics & Accessories,Batteries,GoldenHarvest,1.9108319,284.0,1.9108319,148.62636530193996,282.0891681,0.0,0.0,0.0,False,57.324957,226.67504300000002,True,100.0,OVERSTOCK,MARKDOWN,0.0,326670.47146902006,326670.47,CRITICAL,Inventory exceeds the 30-day demand coverage target,227.0
2025-12-12,ST13,SKU01423,2,1.8206998,214.0,0.0,66.0,29.0,7.0,2866.27,2040.58,Electronics & Accessories,Mobile Accessories,BasicNeeds,1.8206998,214.0,1.8206998,117.5372238740291,212.1793002,0.0,0.0,0.0,False,54.620994,159.379006,True,100.0,OVERSTOCK,MARKDOWN,0.0,325225.61206348,325225.61,CRITICAL,Inventory exceeds the 30-day demand coverage target,159.0
2025-12-23,ST19,SKU02915,1,1.905823,239.0,0.0,78.0,35.0,7.0,2288.75,1746.3,Electronics & Accessories,Small Appliances,ZestyCo,1.905823,239.0,1.905823,125.40513993167257,237.094177,0.0,0.0,0.0,False,57.17469,181.82531,True,100.0,OVERSTOCK,MARKDOWN,0.0,317521.538853,317521.54,CRITICAL,Inventory exceeds the 30-day demand coverage target,182.0
2025-12-05,ST12,SKU00507,2,1.6549262,325.0,0.0,81.0,26.0,7.0,1588.92,1152.62,Apparel & Footwear,Footwear,HealthFirst,1.6549262,325.0,1.6549262,196.38337951263324,323.3450738,0.0,0.0,0.0,False,49.647786,275.352214,True,100.0,OVERSTOCK,MARKDOWN,0.0,317376.46890067996,317376.47,CRITICAL,Inventory exceeds the 30-day demand coverage target,275.0
2025-12-15,ST20,SKU01167,2,1.7948232,361.0,0.0,76.0,35.0,7.0,1837.34,1031.07,Electronics & Accessories,Small Appliances,UrbanBite,1.7948232,361.0,1.7948232,201.13401698841423,359.2051768,0.0,0.0,0.0,False,53.844696,307.155304,True,100.0,OVERSTOCK,MARKDOWN,0.0,316698.61929527996,316698.62,CRITICAL,Inventory exceeds the 30-day demand coverage target,307.0
2025-12-16,ST01,SKU00987,4,1.7277113,322.0,0.0,97.0,36.0,7.0,1614.69,1137.98,Electronics & Accessories,Mobile Accessories,TrueTaste,1.7277113,322.0,1.7277113,186.37373037960683,320.2722887,0.0,0.0,0.0,False,51.831339,270.168661,True,100.0,OVERSTOCK,MARKDOWN,0.0,307446.53284478,307446.53,CRITICAL,Inventory exceeds the 30-day demand coverage target,270.0
2025-12-21,ST26,SKU01081,3,1.8033621,233.0,0.0,79.0,32.0,7.0,2680.16,1703.0,Apparel & Footwear,Women's Wear,FamilyChoice,1.8033621,233.0,1.8033621,129.20311456029825,231.1966379,0.0,0.0,0.0,False,54.100863,178.899137,True,100.0,OVERSTOCK,MARKDOWN,0.0,304665.230311,304665.23,CRITICAL,Inventory exceeds the 30-day demand coverage target,179.0
2025-12-19,ST21,SKU04854,1,2.2123497,342.0,0.0,64.0,14.0,7.0,1401.83,1096.57,Electronics & Accessories,Batteries,SparkleClean,2.2123497,342.0,2.2123497,154.58677260651876,339.7876503,0.0,0.0,0.0,False,66.370491,275.629509,True,100.0,OVERSTOCK,MARKDOWN,0.0,302247.05068413,302247.05,CRITICAL,Inventory exceeds the 30-day demand coverage target,276.0
2025-12-08,ST18,SKU03983,1,2.0682344,212.0,0.0,86.0,32.0,7.0,2768.56,1998.72,Electronics & Accessories,Small Appliances,FamilyChoice,2.0682344,212.0,2.0682344,102.50288845403595,209.9317656,0.0,0.0,0.0,False,62.047032,149.952968,True,100.0,OVERSTOCK,MARKDOWN,0.0,299713.99620096,299714.0,CRITICAL,Inventory exceeds the 30-day demand coverage target,150.0
2025-12-27,ST29,SKU00507,5,1.5852237,302.0,0.0,96.0,25.0,7.0,1588.92,1152.62,Apparel & Footwear,Footwear,HealthFirst,1.5852237,302.0,1.5852237,190.50938993657488,300.4147763,0.0,0.0,0.0,False,47.556711,254.443289,True,100.0,OVERSTOCK,MARKDOWN,0.0,293276.42376717995,293276.42,CRITICAL,Inventory exceeds the 30-day demand coverage target,254.0
2025-12-08,ST13,SKU03040,1,2.098053,250.0,0.0,91.0,27.0,7.0,2390.56,1550.9,Home & Kitchen,Cookware,CityFresh,2.098053,250.0,2.098053,119.15809562484836,247.901947,0.0,0.0,0.0,False,62.941590000000005,187.05840999999998,True,100.0,OVERSTOCK,MARKDOWN,0.0,290108.888069,290108.89,CRITICAL,Inventory exceeds the 30-day demand coverage target,187.0
2025-12-25,ST28,SKU02907,1,1.7217066,302.0,0.0,73.0,24.0,7.0,1495.16,1152.38,Apparel & Footwear,Kids Wear,NovaFresh,1.7217066,302.0,1.7217066,175.40735453996632,300.2782934,0.0,0.0,0.0,False,51.651198,250.348802,True,100.0,OVERSTOCK,MARKDOWN,0.0,288496.95244876004,288496.95,CRITICAL,Inventory exceeds the 30-day demand coverage target,250.0
2025-12-07,ST25,SKU02878,1,1.9571453,216.0,0.0,92.0,28.0,7.0,2895.0,1808.15,Electronics & Accessories,Mobile Accessories,TrueTaste,1.9571453,216.0,1.9571453,110.36482574901311,214.0428547,0.0,0.0,0.0,False,58.714359,157.285641,True,100.0,OVERSTOCK,MARKDOWN,0.0,284396.03177415003,284396.03,CRITICAL,Inventory exceeds the 30-day demand coverage target,157.0
2025-12-23,ST07,SKU03627,1,1.9821925,442.0,0.0,76.0,16.0,7.0,1083.01,735.55,Frozen Foods,Ready Meals,HealthFirst,1.9821925,442.0,1.9821925,222.98540631144553,440.0178075,0.0,0.0,0.0,False,59.465775,382.534225,True,100.0,OVERSTOCK,MARKDOWN,0.0,281373.04919875,281373.05,CRITICAL,Inventory exceeds the 30-day demand coverage target,383.0
2025-12-22,ST29,SKU00354,1,1.9962132,468.0,0.0,83.0,27.0,7.0,1108.74,680.1,Home & Kitchen,Home Decor,PurePlus,1.9962132,468.0,1.9962132,234.4438960728243,466.0037868,0.0,0.0,0.0,False,59.886396,408.113604,True,100.0,OVERSTOCK,MARKDOWN,0.0,277558.0620804,277558.06,CRITICAL,Inventory exceeds the 30-day demand coverage target,408.0
2025-12-26,ST17,SKU03115,4,2.0771868,531.0,0.0,90.0,37.0,7.0,804.38,581.3,Frozen Foods,Frozen Vegetables,NutriPlus,2.0771868,531.0,2.0771868,255.63420680316278,528.9228132,0.0,0.0,0.0,False,62.31560400000001,468.684396,True,100.0,OVERSTOCK,MARKDOWN,0.0,272446.2393948,272446.24,CRITICAL,Inventory exceeds the 30-day demand coverage target,469.0
2025-12-20,ST08,SKU03863,1,1.7628548,277.0,0.0,87.0,23.0,7.0,1941.52,1180.8,Electronics & Accessories,Small Appliances,PremiumSelect,1.7628548,277.0,1.7628548,157.1314892185108,275.2371452,0.0,0.0,0.0,False,52.885644,224.114356,True,100.0,OVERSTOCK,MARKDOWN,0.0,264634.23156479996,264634.23,CRITICAL,Inventory exceeds the 30-day demand coverage target,224.0
2025-12-25,ST05,SKU03803,1,2.0390728,504.0,0.0,92.0,41.0,7.0,989.21,581.19,Electronics & Accessories,Batteries,SparkleClean,2.0390728,504.0,2.0390728,247.17116524726336,501.9609272,0.0,0.0,0.0,False,61.172184,442.827816,True,100.0,OVERSTOCK,MARKDOWN,0.0,257367.09838104,257367.1,CRITICAL,Inventory exceeds the 30-day demand coverage target,443.0
2025-12-04,ST20,SKU02302,2,1.8266505,245.0,0.0,51.0,24.0,7.0,1747.82,1352.92,Home & Kitchen,Home Decor,GreenValley,1.8266505,245.0,1.8266505,134.12527464887236,243.1733495,0.0,0.0,0.0,False,54.799515,190.20048500000001,True,100.0,OVERSTOCK,MARKDOWN,0.0,257326.04016620002,257326.04,CRITICAL,Inventory exceeds the 30-day demand coverage target,190.0
2025-12-02,ST29,SKU04996,4,1.6409516,461.0,0.0,78.0,38.0,7.0,1057.53,620.41,Apparel & Footwear,Women's Wear,DailyBest,1.6409516,461.0,1.6409516,280.93455041574657,459.3590484,0.0,0.0,0.0,False,49.228547999999996,411.771452,True,100.0,OVERSTOCK,MARKDOWN,0.0,255467.12653531999,255467.13,CRITICAL,Inventory exceeds the 30-day demand coverage target,412.0
2025-12-28,ST17,SKU03173,1,2.111334,239.0,0.0,52.0,22.0,7.0,1889.92,1441.24,Apparel & Footwear,Kids Wear,SparkleClean,2.111334,239.0,2.111334,113.19857492940483,236.888666,0.0,0.0,0.0,False,63.340019999999996,175.65998000000002,True,100.0,OVERSTOCK,MARKDOWN,0.0,253168.18957520003,253168.19,CRITICAL,Inventory exceeds the 30-day demand coverage target,176.0
2025-12-24,ST10,SKU01970,4,1.7300061,316.0,0.0,65.0,19.0,7.0,1472.18,951.86,Electronics & Accessories,Batteries,FamilyChoice,1.7300061,316.0,1.7300061,182.6583154822402,314.2699939,0.0,0.0,0.0,False,51.900183,264.09981700000003,True,100.0,OVERSTOCK,MARKDOWN,0.0,251386.05180962002,251386.05,CRITICAL,Inventory exceeds the 30-day demand coverage target,264.0
2025-12-23,ST30,SKU03740,2,1.7269083,272.0,0.0,84.0,36.0,7.0,2021.49,1124.92,Apparel & Footwear,Men's Wear,SoftTouch,1.7269083,272.0,1.7269083,157.50691568278407,270.2730917,0.0,0.0,0.0,False,51.807249,220.192751,True,100.0,OVERSTOCK,MARKDOWN,0.0,247699.22945492,247699.23,CRITICAL,Inventory exceeds the 30-day demand coverage target,220.0
2025-12-29,ST30,SKU00432,2,1.896822,275.0,0.0,100.0,22.0,7.0,1977.65,1128.66,Home & Kitchen,Home Decor,ZestyCo,1.896822,275.0,1.896822,144.97933912618052,273.103178,0.0,0.0,0.0,False,56.90466,218.09534,True,100.0,OVERSTOCK,MARKDOWN,0.0,246155.4864444,246155.49,CRITICAL,Inventory exceeds the 30-day demand coverage target,218.0
2025-12-05,ST16,SKU00987,2,2.1419005,274.0,0.0,67.0,32.0,7.0,1614.69,1137.98,Electronics & Accessories,Mobile Accessories,TrueTaste,2.1419005,274.0,2.1419005,127.92377610444555,271.8580995,0.0,0.0,0.0,False,64.25701500000001,209.74298499999998,True,100.0,OVERSTOCK,MARKDOWN,0.0,238683.32207029997,238683.32,CRITICAL,Inventory exceeds the 30-day demand coverage target,210.0
2025-12-20,ST26,SKU03833,1,1.6533617,252.0,0.0,51.0,13.0,7.0,2097.29,1179.22,Electronics & Accessories,Small Appliances,DailyBest,1.6533617,252.0,1.6533617,152.41673978537182,250.3466383,0.0,0.0,0.0,False,49.600851,202.399149,True,100.0,OVERSTOCK,MARKDOWN,0.0,238673.12448378,238673.12,CRITICAL,Inventory exceeds the 30-day demand coverage target,202.0
2025-12-04,ST01,SKU03941,3,1.8779047,207.0,0.0,47.0,13.0,7.0,2059.71,1578.53,Electronics & Accessories,Batteries,CityFresh,1.8779047,207.0,1.8779047,110.22923580733357,205.1220953,0.0,0.0,0.0,False,56.337141,150.662859,True,100.0,OVERSTOCK,MARKDOWN,0.0,237825.84281727,237825.84,CRITICAL,Inventory exceeds the 30-day demand coverage target,151.0
2025-12-03,ST11,SKU02670,4,1.8530984,196.0,0.0,67.0,29.0,7.0,2234.92,1685.28,Electronics & Accessories,Small Appliances,CrispKing,1.8530984,196.0,1.8530984,105.76880321088184,194.1469016,0.0,0.0,0.0,False,55.592952,140.407048,True,100.0,OVERSTOCK,MARKDOWN,0.0,236625.18985344,236625.19,CRITICAL,Inventory exceeds the 30-day demand coverage target,140.0
2025-12-06,ST14,SKU03839,2,2.1341696,578.0,0.0,100.0,32.0,7.0,598.7,459.02,Personal Care,Skin Care,HealthFirst,2.1341696,578.0,2.1341696,270.83133411702613,575.8658304,0.0,0.0,0.0,False,64.025088,513.974912,True,100.0,OVERSTOCK,MARKDOWN,0.0,235924.76410624,235924.76,CRITICAL,Inventory exceeds the 30-day demand coverage target,514.0
2025-12-04,ST04,SKU00090,2,2.3744593,577.0,0.0,97.0,38.0,7.0,618.63,462.73,Health & Wellness,OTC Medicine,MetroBrand,2.3744593,577.0,2.3744593,243.00269118110387,574.6255407,0.0,0.0,0.0,False,71.233779,505.766221,True,100.0,OVERSTOCK,MARKDOWN,0.0,234033.20344332999,234033.2,CRITICAL,Inventory exceeds the 30-day demand coverage target,506.0
2025-12-07,ST06,SKU04854,1,1.8057499,265.0,0.0,66.0,24.0,7.0,1401.83,1096.57,Electronics & Accessories,Batteries,SparkleClean,1.8057499,265.0,1.8057499,146.75343468107073,263.1942501,0.0,0.0,0.0,False,54.172497,210.827503,True,100.0,OVERSTOCK,MARKDOWN,0.0,231187.11496471,231187.11,CRITICAL,Inventory exceeds the 30-day demand coverage target,211.0
2025-12-29,ST14,SKU02980,1,2.087715,234.0,0.0,82.0,31.0,7.0,1789.14,1338.46,Apparel & Footwear,Men's Wear,EverydayPlus,2.087715,234.0,2.087715,112.08426437516614,231.912285,0.0,0.0,0.0,False,62.63145000000001,171.36855,True,100.0,OVERSTOCK,MARKDOWN,0.0,229369.949433,229369.95,CRITICAL,Inventory exceeds the 30-day demand coverage target,171.0
2025-12-04,ST02,SKU04409,1,2.0989802,179.0,0.0,31.0,8.0,7.0,2585.87,1975.87,Apparel & Footwear,Footwear,SunriseFoods,2.0989802,179.0,2.0989802,85.27950859183902,176.9010198,0.0,0.0,0.0,False,62.969406000000006,116.030594,True,100.0,OVERSTOCK,MARKDOWN,0.0,229261.36976677997,229261.37,CRITICAL,Inventory exceeds the 30-day demand coverage target,116.0
2025-12-02,ST28,SKU03504,3,1.9800332,457.0,0.0,89.0,24.0,7.0,847.78,576.1,Frozen Foods,Frozen Vegetables,NovaFresh,1.9800332,457.0,1.9800332,230.8042107576782,455.0199668,0.0,0.0,0.0,False,59.400996,397.599004,True,100.0,OVERSTOCK,MARKDOWN,0.0,229056.7862044,229056.79,CRITICAL,Inventory exceeds the 30-day demand coverage target,398.0
2025-12-31,ST19,SKU02421,3,2.0061426,202.0,0.0,35.0,16.0,7.0,2671.52,1612.38,Apparel & Footwear,Kids Wear,HomeStyle,2.0061426,202.0,2.0061426,100.6907485041193,199.9938574,0.0,0.0,0.0,False,60.184278,141.815722,True,100.0,OVERSTOCK,MARKDOWN,0.0,228660.83383836,228660.83,CRITICAL,Inventory exceeds the 30-day demand coverage target,142.0
2025-12-06,ST09,SKU02351,1,1.8714662,272.0,0.0,57.0,19.0,7.0,1847.9,1044.31,Electronics & Accessories,Small Appliances,HomeStyle,1.8714662,272.0,1.8714662,145.34058910601752,270.1285338,0.0,0.0,0.0,False,56.143986,215.85601400000002,True,100.0,OVERSTOCK,MARKDOWN,0.0,225420.59398034,225420.59,CRITICAL,Inventory exceeds the 30-day demand coverage target,216.0
2025-12-03,ST05,SKU03863,2,1.9033415,248.0,0.0,79.0,24.0,7.0,1941.52,1180.8,Electronics & Accessories,Small Appliances,PremiumSelect,1.9033415,248.0,1.9033415,130.29716422407645,246.0966585,0.0,0.0,0.0,False,57.100245,190.899755,True,100.0,OVERSTOCK,MARKDOWN,0.0,225414.430704,225414.43,CRITICAL,Inventory exceeds the 30-day demand coverage target,191.0
2025-12-03,ST25,SKU04729,1,1.8572522,235.0,0.0,74.0,30.0,7.0,1746.02,1237.64,Electronics & Accessories,Batteries,PrimeCare,1.8572522,235.0,1.8572522,126.53101178181402,233.1427478,0.0,0.0,0.0,False,55.717566,179.282434,True,100.0,OVERSTOCK,MARKDOWN,0.0,221887.11161576002,221887.11,CRITICAL,Inventory exceeds the 30-day demand coverage target,179.0
2025-12-24,ST30,SKU02209,2,1.8117567,399.0,0.0,86.0,36.0,7.0,980.37,632.41,Health & Wellness,OTC Medicine,CityFresh,1.8117567,399.0,1.8117567,220.22824587870986,397.1882433,0.0,0.0,0.0,False,54.352701,344.647299,True,100.0,OVERSTOCK,MARKDOWN,0.0,217958.39836058998,217958.4,CRITICAL,Inventory exceeds the 30-day demand coverage target,345.0
2025-12-14,ST29,SKU04747,1,1.711182,321.0,0.0,92.0,44.0,7.0,1085.05,803.55,Home & Kitchen,Home Decor,EliteHome,1.711182,321.0,1.711182,187.58963102697433,319.288818,0.0,0.0,0.0,False,51.33546,269.66454,True,100.0,OVERSTOCK,MARKDOWN,0.0,216688.94111699998,216688.94,CRITICAL,Inventory exceeds the 30-day demand coverage target,270.0
2025-12-07,ST21,SKU04369,2,1.8829706,254.0,0.0,85.0,37.0,7.0,1681.45,1096.09,Electronics & Accessories,Small Appliances,CleanWave,1.8829706,254.0,1.8829706,134.8932373134238,252.1170294,0.0,0.0,0.0,False,56.489118,197.510882,True,100.0,OVERSTOCK,MARKDOWN,0.0,216489.70265138,216489.7,CRITICAL,Inventory exceeds the 30-day demand coverage target,198.0
2025-12-19,ST22,SKU00754,4,1.7046523,185.0,0.0,99.0,32.0,7.0,2674.24,1559.58,Home & Kitchen,Home Decor,EliteHome,1.7046523,185.0,1.7046523,108.52653060099118,183.2953477,0.0,0.0,0.0,False,51.139569,133.860431,True,100.0,OVERSTOCK,MARKDOWN,0.0,208766.05097898,208766.05,CRITICAL,Inventory exceeds the 30-day demand coverage target,134.0
2025-12-10,ST16,SKU00677,1,1.8954804,140.0,0.0,65.0,22.0,7.0,3238.81,2495.92,Electronics & Accessories,Mobile Accessories,EliteHome,1.8954804,140.0,1.8954804,73.85990380064072,138.1045196,0.0,0.0,0.0,False,56.864412,83.135588,True,100.0,OVERSTOCK,MARKDOWN,0.0,207499.77680096,207499.78,CRITICAL,Inventory exceeds the 30-day demand coverage target,83.0
2025-12-13,ST18,SKU02833,1,1.9885024,143.0,0.0,74.0,32.0,7.0,3924.53,2468.33,Apparel & Footwear,Kids Wear,QuickBite,1.9885024,143.0,1.9885024,71.9134158450098,141.0114976,0.0,0.0,0.0,False,59.655072,83.34492800000001,True,100.0,OVERSTOCK,MARKDOWN,0.0,205722.78613024,205722.79,CRITICAL,Inventory exceeds the 30-day demand coverage target,83.0
2025-12-31,ST17,SKU00075,1,2.2532864,153.0,0.0,30.0,14.0,7.0,3697.58,2393.21,Electronics & Accessories,Batteries,TrueTaste,2.2532864,153.0,2.2532864,67.90082254967677,150.7467136,0.0,0.0,0.0,False,67.598592,85.401408,True,100.0,OVERSTOCK,MARKDOWN,0.0,204383.50363968,204383.5,CRITICAL,Inventory exceeds the 30-day demand coverage target,85.0
2025-12-23,ST15,SKU00595,3,1.8514549,170.0,0.0,59.0,25.0,7.0,2693.97,1772.0,Apparel & Footwear,Men's Wear,BasicNeeds,1.8514549,170.0,1.8514549,91.81968191609744,168.1485451,0.0,0.0,0.0,False,55.543647,114.45635300000001,True,100.0,OVERSTOCK,MARKDOWN,0.0,202816.657516,202816.66,CRITICAL,Inventory exceeds the 30-day demand coverage target,114.0
2025-12-26,ST14,SKU03580,3,1.9116596,510.0,0.0,100.0,33.0,7.0,659.95,447.71,Health & Wellness,OTC Medicine,MetroBrand,1.9116596,510.0,1.9116596,266.78389813751363,508.0883404,0.0,0.0,0.0,False,57.349788,452.650212,True,100.0,OVERSTOCK,MARKDOWN,0.0,202656.02641452,202656.03,CRITICAL,Inventory exceeds the 30-day demand coverage target,453.0
2025-12-06,ST05,SKU01033,1,2.1205034,217.0,0.0,93.0,22.0,7.0,1645.61,1310.46,Electronics & Accessories,Mobile Accessories,NutriPlus,2.1205034,217.0,2.1205034,102.33419102275431,214.8794966,0.0,0.0,0.0,False,63.615102,153.384898,True,100.0,OVERSTOCK,MARKDOWN,0.0,201004.77343308,201004.77,CRITICAL,Inventory exceeds the 30-day demand coverage target,153.0
2025-12-31,ST19,SKU01830,1,1.982385,282.0,0.0,79.0,34.0,7.0,1563.44,899.39,Apparel & Footwear,Women's Wear,SunriseFoods,1.982385,282.0,1.982385,142.25289234936704,280.017615,0.0,0.0,0.0,False,59.47155,222.52845,True,100.0,OVERSTOCK,MARKDOWN,0.0,200139.8626455,200139.86,CRITICAL,Inventory exceeds the 30-day demand coverage target,223.0
2025-12-22,ST07,SKU01605,2,1.8951104,362.0,0.0,92.0,45.0,7.0,821.82,651.5,Health & Wellness,First Aid,EverydayPlus,1.8951104,362.0,1.8951104,191.01789531628341,360.1048896,0.0,0.0,0.0,False,56.853312,305.146688,True,100.0,OVERSTOCK,MARKDOWN,0.0,198803.067232,198803.07,CRITICAL,Inventory exceeds the 30-day demand coverage target,305.0
2025-12-25,ST24,SKU02946,1,1.8938202,200.0,0.0,53.0,12.0,7.0,2029.87,1350.64,Apparel & Footwear,Women's Wear,ValueChoice,1.8938202,200.0,1.8938202,105.60664629092034,198.1061798,0.0,0.0,0.0,False,56.814606,143.185394,True,100.0,OVERSTOCK,MARKDOWN,0.0,193391.92055216,193391.92,CRITICAL,Inventory exceeds the 30-day demand coverage target,143.0
2025-12-05,ST11,SKU04652,1,1.9337524,318.0,0.0,78.0,28.0,7.0,1268.21,739.21,Health & Wellness,First Aid,ValueChoice,1.9337524,318.0,1.9337524,164.44711329123626,316.0662476,0.0,0.0,0.0,False,58.012572,259.987428,True,100.0,OVERSTOCK,MARKDOWN,0.0,192185.30665188003,192185.31,CRITICAL,Inventory exceeds the 30-day demand coverage target,260.0
2025-12-27,ST08,SKU04747,1,1.6620821,289.0,0.0,82.0,31.0,7.0,1085.05,803.55,Home & Kitchen,Home Decor,EliteHome,1.6620821,289.0,1.6620821,173.87829397837808,287.3379179,0.0,0.0,0.0,False,49.862463,239.137537,True,100.0,OVERSTOCK,MARKDOWN,0.0,192158.96785635,192158.97,CRITICAL,Inventory exceeds the 30-day demand coverage target,239.0
2025-12-09,ST11,SKU04264,1,2.1373372,167.0,0.0,60.0,20.0,7.0,2568.45,1852.52,Electronics & Accessories,Mobile Accessories,ValueChoice,2.1373372,167.0,2.1373372,78.1346059947864,164.8626628,0.0,0.0,0.0,False,64.12011600000001,102.87988399999999,True,100.0,OVERSTOCK,MARKDOWN,0.0,190587.04270767997,190587.04,CRITICAL,Inventory exceeds the 30-day demand coverage target,103.0
2025-12-04,ST24,SKU01869,5,1.7904416,200.0,0.0,77.0,26.0,7.0,1753.31,1295.18,Electronics & Accessories,Batteries,DailyBest,1.7904416,200.0,1.7904416,111.70428569130654,198.2095584,0.0,0.0,0.0,False,53.713248,146.286752,True,100.0,OVERSTOCK,MARKDOWN,0.0,189467.67545536,189467.68,CRITICAL,Inventory exceeds the 30-day demand coverage target,146.0
2025-12-02,ST09,SKU00638,2,1.7553326,343.0,0.0,76.0,25.0,7.0,995.83,649.64,Electronics & Accessories,Batteries,EverydayPlus,1.7553326,343.0,1.7553326,195.40456321497135,341.2446674,0.0,0.0,0.0,False,52.659978,290.340022,True,100.0,OVERSTOCK,MARKDOWN,0.0,188616.49189207997,188616.49,CRITICAL,Inventory exceeds the 30-day demand coverage target,290.0
2025-12-12,ST23,SKU00354,1,1.7146314,324.0,0.0,77.0,25.0,7.0,1108.74,680.1,Home & Kitchen,Home Decor,PurePlus,1.7146314,324.0,1.7146314,188.96189583370514,322.2853686,0.0,0.0,0.0,False,51.438942,272.561058,True,100.0,OVERSTOCK,MARKDOWN,0.0,185368.77554580002,185368.78,CRITICAL,Inventory exceeds the 30-day demand coverage target,273.0
2025-12-02,ST06,SKU04319,2,1.8275006,386.0,0.0,76.0,28.0,7.0,806.99,549.53,Home & Kitchen,Home Decor,HealthFirst,1.8275006,386.0,1.8275006,211.21744091356248,384.1724994,0.0,0.0,0.0,False,54.825018,331.174982,True,100.0,OVERSTOCK,MARKDOWN,0.0,181990.58785846,181990.59,CRITICAL,Inventory exceeds the 30-day demand coverage target,331.0
2025-12-18,ST22,SKU04741,1,1.7962098,263.0,0.0,54.0,18.0,7.0,1088.07,868.36,Home & Kitchen,Storage & Containers,TrueTaste,1.7962098,263.0,1.7962098,146.41942160654062,261.2037902,0.0,0.0,0.0,False,53.886294,209.113706,True,100.0,OVERSTOCK,MARKDOWN,0.0,181585.97774216,181585.98,CRITICAL,Inventory exceeds the 30-day demand coverage target,209.0
2025-12-19,ST29,SKU01031,1,1.8998591,485.0,0.0,99.0,37.0,7.0,668.1,419.47,Health & Wellness,First Aid,PrimeCare,1.8998591,485.0,1.8998591,255.28208907702682,483.1001409,0.0,0.0,0.0,False,56.995773,428.004227,True,100.0,OVERSTOCK,MARKDOWN,0.0,179534.93309969,179534.93,CRITICAL,Inventory exceeds the 30-day demand coverage target,428.0
2025-12-09,ST26,SKU04388,2,1.8130515,224.0,0.0,50.0,17.0,7.0,1796.48,1058.38,Electronics & Accessories,Mobile Accessories,SmartBuy,1.8130515,224.0,1.8130515,123.54861403550863,222.1869485,0.0,0.0,0.0,False,54.391545,169.608455,True,100.0,OVERSTOCK,MARKDOWN,0.0,179510.19660290002,179510.2,CRITICAL,Inventory exceeds the 30-day demand coverage target,170.0
2025-12-31,ST10,SKU00449,2,1.6217165,233.0,0.0,50.0,23.0,7.0,1254.12,969.92,Health & Wellness,OTC Medicine,PremiumSelect,1.6217165,233.0,1.6217165,143.67492715280383,231.3782835,0.0,0.0,0.0,False,48.651495,184.348505,True,100.0,OVERSTOCK,MARKDOWN,0.0,178803.30196959997,178803.3,CRITICAL,Inventory exceeds the 30-day demand coverage target,184.0
2025-12-13,ST06,SKU04418,1,1.8376088,126.0,0.0,61.0,14.0,7.0,3188.54,2485.69,Electronics & Accessories,Batteries,GreenValley,1.8376088,126.0,1.8376088,68.56736863689378,124.1623912,0.0,0.0,0.0,False,55.128264,70.871736,True,100.0,OVERSTOCK,MARKDOWN,0.0,176165.16545784,176165.17,CRITICAL,Inventory exceeds the 30-day demand coverage target,71.0
2025-12-07,ST30,SKU04665,2,1.9353795,248.0,0.0,70.0,20.0,7.0,1605.02,920.86,Electronics & Accessories,Batteries,TrueTaste,1.9353795,248.0,1.9353795,128.14024329595307,246.0646205,0.0,0.0,0.0,False,58.061385,189.938615,True,100.0,OVERSTOCK,MARKDOWN,0.0,174906.8730089,174906.87,CRITICAL,Inventory exceeds the 30-day demand coverage target,190.0
2025-12-19,ST23,SKU00883,4,1.872741,144.0,0.0,74.0,23.0,7.0,3121.32,1981.96,Electronics & Accessories,Small Appliances,NutriPlus,1.872741,144.0,1.872741,76.89264025297679,142.127259,0.0,0.0,0.0,False,56.18223,87.81777,True,100.0,OVERSTOCK,MARKDOWN,0.0,174051.3074292,174051.31,CRITICAL,Inventory exceeds the 30-day demand coverage target,88.0
2025-12-28,ST17,SKU04417,1,2.497998,213.0,0.0,99.0,48.0,7.0,1557.6,1233.35,Electronics & Accessories,Mobile Accessories,HealthFirst,2.497998,213.0,2.497998,85.26828284089899,210.502002,0.0,0.0,0.0,False,74.93993999999999,138.06006000000002,True,100.0,OVERSTOCK,MARKDOWN,0.0,170276.375001,170276.38,CRITICAL,Inventory exceeds the 30-day demand coverage target,138.0
2025-12-21,ST17,SKU03931,1,1.6680027,229.0,0.0,75.0,32.0,7.0,1536.0,950.89,Home & Kitchen,Home Decor,GreenValley,1.6680027,229.0,1.6680027,137.28994563378106,227.3319973,0.0,0.0,0.0,False,50.040081,178.959919,True,100.0,OVERSTOCK,MARKDOWN,0.0,170171.19737791002,170171.2,CRITICAL,Inventory exceeds the 30-day demand coverage target,179.0
2025-12-03,ST06,SKU04388,1,1.8859411,217.0,0.0,65.0,16.0,7.0,1796.48,1058.38,Electronics & Accessories,Mobile Accessories,SmartBuy,1.8859411,217.0,1.8859411,115.06191789340612,215.1140589,0.0,0.0,0.0,False,56.578233,160.421767,True,100.0,OVERSTOCK,MARKDOWN,0.0,169787.18975746,169787.19,CRITICAL,Inventory exceeds the 30-day demand coverage target,160.0
2025-12-10,ST17,SKU04409,1,2.0601494,147.0,0.0,45.0,16.0,7.0,2585.87,1975.87,Apparel & Footwear,Footwear,SunriseFoods,2.0601494,147.0,2.0601494,71.35404840056746,144.9398506,0.0,0.0,0.0,False,61.80448199999999,85.195518,True,100.0,OVERSTOCK,MARKDOWN,0.0,168335.26815066,168335.27,CRITICAL,Inventory exceeds the 30-day demand coverage target,85.0
2025-12-29,ST03,SKU02253,2,1.8842256,209.0,0.0,60.0,29.0,7.0,1411.83,1098.95,Electronics & Accessories,Mobile Accessories,PrimeCare,1.8842256,209.0,1.8842256,110.92090034229447,207.1157744,0.0,0.0,0.0,False,56.526768,152.473232,True,100.0,OVERSTOCK,MARKDOWN,0.0,167560.4583064,167560.46,CRITICAL,Inventory exceeds the 30-day demand coverage target,152.0
2025-12-26,ST27,SKU03740,4,2.136065,213.0,0.0,48.0,21.0,7.0,2021.49,1124.92,Apparel & Footwear,Men's Wear,SoftTouch,2.136065,213.0,2.136065,99.71606669272705,210.863935,0.0,0.0,0.0,False,64.08194999999999,148.91805,True,100.0,OVERSTOCK,MARKDOWN,0.0,167520.89280600002,167520.89,CRITICAL,Inventory exceeds the 30-day demand coverage target,149.0
2025-12-05,ST13,SKU04849,2,1.8633425,209.0,0.0,60.0,23.0,7.0,1457.98,1088.18,Electronics & Accessories,Batteries,SunriseFoods,1.8633425,209.0,1.8633425,112.16402781560556,207.1366575,0.0,0.0,0.0,False,55.90027499999999,153.099725,True,100.0,OVERSTOCK,MARKDOWN,0.0,166600.05875050003,166600.06,CRITICAL,Inventory exceeds the 30-day demand coverage target,153.0
2025-12-04,ST01,SKU00170,1,1.835624,238.0,0.0,77.0,28.0,7.0,1241.29,909.39,Apparel & Footwear,Men's Wear,ZestyCo,1.835624,238.0,1.835624,129.656182311846,236.164376,0.0,0.0,0.0,False,55.06872,182.93128000000002,True,100.0,OVERSTOCK,MARKDOWN,0.0,166355.87671920002,166355.88,CRITICAL,Inventory exceeds the 30-day demand coverage target,183.0
2025-12-18,ST29,SKU04212,2,1.8265848,205.0,0.0,52.0,21.0,7.0,1540.6,1094.51,Apparel & Footwear,Footwear,GoldenHarvest,1.8265848,205.0,1.8265848,112.23130730092575,203.1734152,0.0,0.0,0.0,False,54.797544,150.20245599999998,True,100.0,OVERSTOCK,MARKDOWN,0.0,164398.09011656,164398.09,CRITICAL,Inventory exceeds the 30-day demand coverage target,150.0
2025-12-16,ST07,SKU00624,3,1.7508492,141.0,0.0,79.0,29.0,7.0,2367.38,1853.6,Electronics & Accessories,Mobile Accessories,DailyBest,1.7508492,141.0,1.7508492,80.53234967351842,139.2491508,0.0,0.0,0.0,False,52.525476,88.474524,True,100.0,OVERSTOCK,MARKDOWN,0.0,163996.3776864,163996.38,CRITICAL,Inventory exceeds the 30-day demand coverage target,88.0
2025-12-03,ST21,SKU01830,1,1.892131,237.0,0.0,42.0,14.0,7.0,1563.44,899.39,Apparel & Footwear,Women's Wear,SunriseFoods,1.892131,237.0,1.892131,125.25559805320033,235.107869,0.0,0.0,0.0,False,56.76393,180.23606999999998,True,100.0,OVERSTOCK,MARKDOWN,0.0,162102.51899729998,162102.52,CRITICAL,Inventory exceeds the 30-day demand coverage target,180.0
2025-12-11,ST03,SKU03839,2,1.8730274,408.0,0.0,93.0,37.0,7.0,598.7,459.02,Personal Care,Skin Care,HealthFirst,1.8730274,408.0,1.8730274,217.82916790218871,406.1269726,0.0,0.0,0.0,False,56.190822,351.809178,True,100.0,OVERSTOCK,MARKDOWN,0.0,161487.44888555998,161487.45,CRITICAL,Inventory exceeds the 30-day demand coverage target,352.0
2025-12-26,ST27,SKU02576,3,1.835748,427.0,0.0,89.0,24.0,7.0,633.16,431.22,Health & Wellness,OTC Medicine,MetroBrand,1.835748,427.0,1.835748,232.60273196538958,425.164252,0.0,0.0,0.0,False,55.07244,371.92755999999997,True,100.0,OVERSTOCK,MARKDOWN,0.0,160382.6024232,160382.6,CRITICAL,Inventory exceeds the 30-day demand coverage target,372.0
2025-12-29,ST14,SKU01592,1,1.9477198,207.0,0.0,38.0,14.0,7.0,1748.08,1076.66,Electronics & Accessories,Small Appliances,QuickBite,1.9477198,207.0,1.9477198,106.27812070298818,205.0522802,0.0,0.0,0.0,False,58.431594,148.568406,True,100.0,OVERSTOCK,MARKDOWN,0.0,159957.66000396002,159957.66,CRITICAL,Inventory exceeds the 30-day demand coverage target,149.0
2025-12-13,ST01,SKU03863,1,1.8024609,189.0,0.0,53.0,13.0,7.0,1941.52,1180.8,Electronics & Accessories,Small Appliances,PremiumSelect,1.8024609,189.0,1.8024609,104.85664349223886,187.1975391,0.0,0.0,0.0,False,54.073827,134.926173,True,100.0,OVERSTOCK,MARKDOWN,0.0,159320.8250784,159320.83,CRITICAL,Inventory exceeds the 30-day demand coverage target,135.0
2025-12-17,ST15,SKU00504,1,1.7523861,192.0,0.0,73.0,33.0,7.0,1466.31,1136.94,Apparel & Footwear,Women's Wear,NutriPlus,1.7523861,192.0,1.7523861,109.56489554442368,190.2476139,0.0,0.0,0.0,False,52.571583000000004,139.428417,True,100.0,OVERSTOCK,MARKDOWN,0.0,158521.74442398,158521.74,CRITICAL,Inventory exceeds the 30-day demand coverage target,139.0
2025-12-09,ST28,SKU04702,2,1.9287112,160.0,0.0,54.0,13.0,7.0,2187.66,1527.73,Electronics & Accessories,Batteries,HomeStyle,1.9287112,160.0,1.9287112,82.95695073477046,158.0712888,0.0,0.0,0.0,False,57.861336,102.138664,True,100.0,OVERSTOCK,MARKDOWN,0.0,156040.30115272,156040.3,CRITICAL,Inventory exceeds the 30-day demand coverage target,102.0
2025-12-02,ST21,SKU00371,2,1.7675741,462.0,0.0,94.0,27.0,7.0,515.75,373.02,Personal Care,Oral Care,CityFresh,1.7675741,462.0,1.7675741,261.3751808198593,460.2324259,0.0,0.0,0.0,False,53.027223,408.972777,True,100.0,OVERSTOCK,MARKDOWN,0.0,152555.02527654,152555.03,CRITICAL,Inventory exceeds the 30-day demand coverage target,409.0
2025-12-17,ST28,SKU01023,2,1.894178,455.0,0.0,98.0,28.0,7.0,526.16,382.68,Personal Care,Men's Grooming,CrispKing,1.894178,455.0,1.894178,240.20973741644133,453.105822,0.0,0.0,0.0,False,56.82534,398.17466,True,100.0,OVERSTOCK,MARKDOWN,0.0,152373.47888880002,152373.48,CRITICAL,Inventory exceeds the 30-day demand coverage target,398.0
2025-12-11,ST14,SKU02915,1,2.0970016,150.0,0.0,37.0,16.0,7.0,2288.75,1746.3,Electronics & Accessories,Small Appliances,ZestyCo,2.0970016,150.0,2.0970016,71.53070364848553,147.9029984,0.0,0.0,0.0,False,62.910048,87.089952,True,100.0,OVERSTOCK,MARKDOWN,0.0,152085.1831776,152085.18,CRITICAL,Inventory exceeds the 30-day demand coverage target,87.0
2025-12-09,ST19,SKU03058,1,1.7610245,251.0,0.0,49.0,20.0,7.0,1202.99,765.86,Apparel & Footwear,Women's Wear,UrbanBite,1.7610245,251.0,1.7610245,142.5306689373146,249.2389755,0.0,0.0,0.0,False,52.830735,198.169265,True,100.0,OVERSTOCK,MARKDOWN,0.0,151769.9132929,151769.91,CRITICAL,Inventory exceeds the 30-day demand coverage target,198.0
2025-12-06,ST29,SKU04726,3,1.7404807,327.0,0.0,59.0,24.0,7.0,789.0,547.35,Health & Wellness,OTC Medicine,CleanWave,1.7404807,327.0,1.7404807,187.87913017363536,325.2595193,0.0,0.0,0.0,False,52.214421,274.785579,True,100.0,OVERSTOCK,MARKDOWN,0.0,150403.88666565,150403.89,CRITICAL,Inventory exceeds the 30-day demand coverage target,275.0
2025-12-12,ST09,SKU01363,1,1.8633007,131.0,0.0,50.0,23.0,7.0,3184.6,2002.05,Electronics & Accessories,Mobile Accessories,CrispKing,1.8633007,131.0,1.8633007,70.30534577698597,129.1366993,0.0,0.0,0.0,False,55.899021,75.100979,True,100.0,OVERSTOCK,MARKDOWN,0.0,150355.91500694997,150355.92,CRITICAL,Inventory exceeds the 30-day demand coverage target,75.0
2025-12-21,ST28,SKU02860,1,1.7596953,181.0,0.0,96.0,37.0,7.0,1859.24,1166.95,Apparel & Footwear,Kids Wear,HealthFirst,1.7596953,181.0,1.7596953,102.85871650620423,179.2403047,0.0,0.0,0.0,False,52.790859,128.209141,True,100.0,OVERSTOCK,MARKDOWN,0.0,149613.65708995,149613.66,CRITICAL,Inventory exceeds the 30-day demand coverage target,128.0
2025-12-08,ST20,SKU03130,1,1.7596146,112.0,0.0,59.0,18.0,7.0,4194.16,2504.6,Electronics & Accessories,Small Appliances,SoftTouch,1.7596146,112.0,1.7596146,63.650301605817546,110.2403854,0.0,0.0,0.0,False,52.788438,59.211562,True,100.0,OVERSTOCK,MARKDOWN,0.0,148301.2781852,148301.28,CRITICAL,Inventory exceeds the 30-day demand coverage target,59.0
2025-12-19,ST14,SKU01023,1,1.9952693,447.0,0.0,85.0,35.0,7.0,526.16,382.68,Personal Care,Men's Grooming,CrispKing,1.9952693,447.0,1.9952693,224.02990914559754,445.0047307,0.0,0.0,0.0,False,59.858079,387.141921,True,100.0,OVERSTOCK,MARKDOWN,0.0,148151.47032828,148151.47,CRITICAL,Inventory exceeds the 30-day demand coverage target,387.0
2025-12-26,ST22,SKU02209,2,2.0441637,292.0,0.0,68.0,16.0,7.0,980.37,632.41,Health & Wellness,OTC Medicine,CityFresh,2.0441637,292.0,2.0441637,142.84570262156598,289.9558363,0.0,0.0,0.0,False,61.324911,230.675089,True,100.0,OVERSTOCK,MARKDOWN,0.0,145881.23303449,145881.23,CRITICAL,Inventory exceeds the 30-day demand coverage target,231.0
2025-12-28,ST21,SKU01766,1,1.9259467,269.0,0.0,76.0,31.0,7.0,1036.35,690.64,Frozen Foods,Ready Meals,DailyBest,1.9259467,269.0,1.9259467,139.67157035031136,267.0740533,0.0,0.0,0.0,False,57.778400999999995,211.221599,True,100.0,OVERSTOCK,MARKDOWN,0.0,145878.08513336,145878.09,CRITICAL,Inventory exceeds the 30-day demand coverage target,211.0
2025-12-31,ST22,SKU02351,1,1.9270319,197.0,0.0,85.0,24.0,7.0,1847.9,1044.31,Electronics & Accessories,Small Appliances,HomeStyle,1.9270319,197.0,1.9270319,102.22975551157197,195.0729681,0.0,0.0,0.0,False,57.810957,139.189043,True,100.0,OVERSTOCK,MARKDOWN,0.0,145356.50949532998,145356.51,CRITICAL,Inventory exceeds the 30-day demand coverage target,139.0
2025-12-12,ST09,SKU01675,2,1.7107584,324.0,0.0,58.0,19.0,7.0,922.38,532.89,Apparel & Footwear,Kids Wear,ValueChoice,1.7107584,324.0,1.7107584,189.3896882224866,322.2892416,0.0,0.0,0.0,False,51.322752,272.677248,True,100.0,OVERSTOCK,MARKDOWN,0.0,145306.97868672002,145306.98,CRITICAL,Inventory exceeds the 30-day demand coverage target,273.0
2025-12-28,ST19,SKU04749,2,1.8244177,208.0,0.0,73.0,21.0,7.0,1569.69,947.49,Apparel & Footwear,Kids Wear,CleanWave,1.8244177,208.0,1.8244177,114.00897941299299,206.1755823,0.0,0.0,0.0,False,54.732530999999994,153.267469,True,100.0,OVERSTOCK,MARKDOWN,0.0,145219.39420281,145219.39,CRITICAL,Inventory exceeds the 30-day demand coverage target,153.0
2025-12-02,ST30,SKU00052,1,1.900024,206.0,0.0,35.0,14.0,7.0,1372.15,967.68,Home & Kitchen,Storage & Containers,ValueChoice,1.900024,206.0,1.900024,108.41968311979217,204.099976,0.0,0.0,0.0,False,57.00072,148.99928,True,100.0,OVERSTOCK,MARKDOWN,0.0,144183.62327039998,144183.62,CRITICAL,Inventory exceeds the 30-day demand coverage target,149.0
2025-12-20,ST14,SKU01310,3,1.9314823,354.0,0.0,72.0,18.0,7.0,735.63,477.85,Frozen Foods,Frozen Meat,FreshFarm,1.9314823,354.0,1.9314823,183.27892520682173,352.0685177,0.0,0.0,0.0,False,57.944469000000005,296.055531,True,100.0,OVERSTOCK,MARKDOWN,0.0,141470.13548835,141470.14,CRITICAL,Inventory exceeds the 30-day demand coverage target,296.0
2025-12-19,ST06,SKU04652,1,1.8544308,247.0,0.0,43.0,13.0,7.0,1268.21,739.21,Health & Wellness,First Aid,ValueChoice,1.8544308,247.0,1.8544308,133.19450906445255,245.1455692,0.0,0.0,0.0,False,55.632924,191.367076,True,100.0,OVERSTOCK,MARKDOWN,0.0,141460.45624996,141460.46,CRITICAL,Inventory exceeds the 30-day demand coverage target,191.0
2025-12-07,ST11,SKU02997,1,1.6994448,217.0,0.0,52.0,16.0,7.0,1164.54,833.95,Health & Wellness,OTC Medicine,FreshFarm,1.6994448,217.0,1.6994448,127.68876047047836,215.3005552,0.0,0.0,0.0,False,50.983344,166.016656,True,100.0,OVERSTOCK,MARKDOWN,0.0,138449.59027120002,138449.59,CRITICAL,Inventory exceeds the 30-day demand coverage target,166.0
2025-12-06,ST18,SKU01766,2,1.8588704,256.0,0.0,60.0,20.0,7.0,1036.35,690.64,Frozen Foods,Ready Meals,DailyBest,1.8588704,256.0,1.8588704,137.71804640065278,254.1411296,0.0,0.0,0.0,False,55.766112,200.233888,True,100.0,OVERSTOCK,MARKDOWN,0.0,138289.53240832,138289.53,CRITICAL,Inventory exceeds the 30-day demand coverage target,200.0
2025-12-10,ST08,SKU04016,2,1.7782959,205.0,0.0,78.0,31.0,7.0,1492.65,908.98,Electronics & Accessories,Small Appliances,HealthFirst,1.7782959,205.0,1.7782959,115.27890268430579,203.2217041,0.0,0.0,0.0,False,53.348877,151.65112299999998,True,100.0,OVERSTOCK,MARKDOWN,0.0,137847.83778454,137847.84,CRITICAL,Inventory exceeds the 30-day demand coverage target,152.0
2025-12-25,ST01,SKU00631,1,1.8714789,200.0,0.0,55.0,21.0,7.0,1304.33,954.88,Home & Kitchen,Cookware,CrispKing,1.8714789,200.0,1.8714789,106.86735500998702,198.1285211,0.0,0.0,0.0,False,56.144367,143.855633,True,100.0,OVERSTOCK,MARKDOWN,0.0,137364.86683904,137364.87,CRITICAL,Inventory exceeds the 30-day demand coverage target,144.0
2025-12-09,ST18,SKU01762,2,1.8644941,141.0,0.0,41.0,20.0,7.0,2255.17,1614.7,Home & Kitchen,Home Decor,QuickBite,1.8644941,141.0,1.8644941,75.62373085546369,139.1355059,0.0,0.0,0.0,False,55.934822999999994,85.065177,True,100.0,OVERSTOCK,MARKDOWN,0.0,137354.7413019,137354.74,CRITICAL,Inventory exceeds the 30-day demand coverage target,85.0
2025-12-17,ST05,SKU03320,1,2.0746334,442.0,0.0,94.0,46.0,7.0,626.69,359.85,Home & Kitchen,Cookware,DailyBest,2.0746334,442.0,2.0746334,213.04968868234744,439.9253666,0.0,0.0,0.0,False,62.239002000000006,379.760998,True,100.0,OVERSTOCK,MARKDOWN,0.0,136656.9951303,136657.0,CRITICAL,Inventory exceeds the 30-day demand coverage target,380.0
2025-12-25,ST30,SKU02580,1,2.106867,519.0,0.0,88.0,29.0,7.0,389.15,297.28,Home Care,Pest Control,FamilyChoice,2.106867,519.0,2.106867,246.3373340604794,516.893133,0.0,0.0,0.0,False,63.20600999999999,455.79399,True,100.0,OVERSTOCK,MARKDOWN,0.0,135498.4373472,135498.44,CRITICAL,Inventory exceeds the 30-day demand coverage target,456.0
2025-12-19,ST13,SKU00699,3,1.9279239,443.0,0.0,77.0,32.0,7.0,562.89,349.89,Apparel & Footwear,Kids Wear,SmartBuy,1.9279239,443.0,1.9279239,229.7808539019616,441.0720761,0.0,0.0,0.0,False,57.837717,385.162283,True,100.0,OVERSTOCK,MARKDOWN,0.0,134764.43119887,134764.43,CRITICAL,Inventory exceeds the 30-day demand coverage target,385.0
2025-12-27,ST05,SKU00371,1,1.9013072,417.0,0.0,74.0,15.0,7.0,515.75,373.02,Personal Care,Oral Care,CityFresh,1.9013072,417.0,1.9013072,219.32279013091625,415.0986928,0.0,0.0,0.0,False,57.039215999999996,359.960784,True,100.0,OVERSTOCK,MARKDOWN,0.0,134272.57164768,134272.57,CRITICAL,Inventory exceeds the 30-day demand coverage target,360.0
2025-12-26,ST08,SKU00631,1,1.8962137,196.0,0.0,62.0,25.0,7.0,1304.33,954.88,Home & Kitchen,Cookware,CrispKing,1.8962137,196.0,1.8962137,103.36387718325209,194.1037863,0.0,0.0,0.0,False,56.886410999999995,139.113589,True,100.0,OVERSTOCK,MARKDOWN,0.0,132836.78386432,132836.78,CRITICAL,Inventory exceeds the 30-day demand coverage target,139.0
2025-12-31,ST09,SKU04516,1,2.095602,174.0,0.0,99.0,23.0,7.0,1767.67,1193.17,Apparel & Footwear,Kids Wear,CleanWave,2.095602,174.0,2.095602,83.03103356457953,171.904398,0.0,0.0,0.0,False,62.86806,111.13194,True,100.0,OVERSTOCK,MARKDOWN,0.0,132599.2968498,132599.3,CRITICAL,Inventory exceeds the 30-day demand coverage target,111.0
2025-12-27,ST02,SKU03320,2,1.7768556,415.0,0.0,86.0,33.0,7.0,626.69,359.85,Home & Kitchen,Cookware,DailyBest,1.7768556,415.0,1.7768556,233.5586527121281,413.2231444,0.0,0.0,0.0,False,53.305668,361.69433200000003,True,100.0,OVERSTOCK,MARKDOWN,0.0,130155.70537020003,130155.71,CRITICAL,Inventory exceeds the 30-day demand coverage target,362.0
2025-12-24,ST09,SKU04468,1,1.6514158,404.0,0.0,100.0,24.0,7.0,570.35,364.44,Health & Wellness,First Aid,GreenValley,1.6514158,404.0,1.6514158,244.63857012873436,402.3485842,0.0,0.0,0.0,False,49.542474000000006,354.457526,True,100.0,OVERSTOCK,MARKDOWN,0.0,129178.50077543998,129178.5,CRITICAL,Inventory exceeds the 30-day demand coverage target,354.0
2025-12-28,ST09,SKU01428,2,1.8821257,119.0,0.0,30.0,7.0,7.0,2772.39,2043.62,Apparel & Footwear,Men's Wear,BasicNeeds,1.8821257,119.0,1.8821257,63.22638280748199,117.1178743,0.0,0.0,0.0,False,56.463771,62.536229,True,100.0,OVERSTOCK,MARKDOWN,0.0,127800.28830897999,127800.29,CRITICAL,Inventory exceeds the 30-day demand coverage target,63.0
2025-12-25,ST09,SKU04215,1,1.8230911,386.0,0.0,72.0,33.0,7.0,508.26,384.81,Frozen Foods,Frozen Meat,SoftTouch,1.8230911,386.0,1.8230911,211.72831132794187,384.1769089,0.0,0.0,0.0,False,54.692733000000004,331.307267,True,100.0,OVERSTOCK,MARKDOWN,0.0,127490.34941427001,127490.35,CRITICAL,Inventory exceeds the 30-day demand coverage target,331.0
2025-12-04,ST11,SKU03892,1,1.9677498,407.0,0.0,69.0,31.0,7.0,510.74,366.08,Health & Wellness,Vitamins & Supplements,CityFresh,1.9677498,407.0,1.9677498,206.83523891096317,405.0322502,0.0,0.0,0.0,False,59.032494,347.967506,True,100.0,OVERSTOCK,MARKDOWN,0.0,127383.94459648,127383.94,CRITICAL,Inventory exceeds the 30-day demand coverage target,348.0
2025-12-15,ST08,SKU00305,3,1.934339,456.0,0.0,84.0,20.0,7.0,493.11,318.69,Health & Wellness,Vitamins & Supplements,PurePlus,1.934339,456.0,1.934339,235.73944381000433,454.065661,0.0,0.0,0.0,False,58.03017,397.96983,True,100.0,OVERSTOCK,MARKDOWN,0.0,126829.0051227,126829.01,CRITICAL,Inventory exceeds the 30-day demand coverage target,398.0
2025-12-28,ST11,SKU04710,1,1.852158,172.0,0.0,75.0,24.0,7.0,1632.84,1089.13,Apparel & Footwear,Women's Wear,SmartBuy,1.852158,172.0,1.852158,92.86464761645605,170.147842,0.0,0.0,0.0,False,55.56474,116.43526,True,100.0,OVERSTOCK,MARKDOWN,0.0,126813.13472380002,126813.13,CRITICAL,Inventory exceeds the 30-day demand coverage target,116.0
2025-12-24,ST21,SKU01167,1,2.0457113,184.0,0.0,43.0,11.0,7.0,1837.34,1031.07,Electronics & Accessories,Small Appliances,UrbanBite,2.0457113,184.0,2.0457113,89.94426535161634,181.9542887,0.0,0.0,0.0,False,61.37133899999999,122.62866100000001,True,100.0,OVERSTOCK,MARKDOWN,0.0,126438.73349727,126438.73,CRITICAL,Inventory exceeds the 30-day demand coverage target,123.0
2025-12-08,ST24,SKU04904,2,1.8440233,194.0,0.0,67.0,17.0,7.0,1471.86,895.71,Home & Kitchen,Storage & Containers,HealthFirst,1.8440233,194.0,1.8440233,105.20474443029,192.1559767,0.0,0.0,0.0,False,55.320699,138.679301,True,100.0,OVERSTOCK,MARKDOWN,0.0,124216.43669871001,124216.44,CRITICAL,Inventory exceeds the 30-day demand coverage target,139.0
2025-12-03,ST03,SKU03634,2,2.0691028,149.0,0.0,47.0,11.0,7.0,2372.1,1426.85,Apparel & Footwear,Footwear,ZestyCo,2.0691028,149.0,2.0691028,72.01188843782919,146.9308972,0.0,0.0,0.0,False,62.073084,86.926916,True,100.0,OVERSTOCK,MARKDOWN,0.0,124031.6700946,124031.67,CRITICAL,Inventory exceeds the 30-day demand coverage target,87.0
2025-12-19,ST28,SKU00732,4,1.6758476,255.0,0.0,78.0,19.0,7.0,819.74,602.14,Home & Kitchen,Home Decor,GreenValley,1.6758476,255.0,1.6758476,152.16180755338374,253.3241524,0.0,0.0,0.0,False,50.275428,204.724572,True,100.0,OVERSTOCK,MARKDOWN,0.0,123272.85378408,123272.85,CRITICAL,Inventory exceeds the 30-day demand coverage target,205.0
2025-12-08,ST27,SKU02705,3,1.9839379,119.0,0.0,50.0,19.0,7.0,3268.55,2065.64,Electronics & Accessories,Small Appliances,CrispKing,1.9839379,119.0,1.9839379,59.981716161579456,117.0160621,0.0,0.0,0.0,False,59.518136999999996,59.481863000000004,True,99.9,OVERSTOCK,MARKDOWN,0.0,122868.11548732,122868.12,CRITICAL,Inventory exceeds the 30-day demand coverage target,59.0
2025-12-20,ST17,SKU00389,1,1.6500462,347.0,0.0,72.0,24.0,7.0,644.49,411.18,Frozen Foods,Ready Meals,UrbanBite,1.6500462,347.0,1.6500462,210.2971419830548,345.3499538,0.0,0.0,0.0,False,49.501386000000004,297.498614,True,100.0,OVERSTOCK,MARKDOWN,0.0,122325.48010451999,122325.48,CRITICAL,Inventory exceeds the 30-day demand coverage target,297.0
2025-12-19,ST30,SKU04753,1,1.6406616,375.0,0.0,91.0,26.0,7.0,641.27,371.28,Health & Wellness,Vitamins & Supplements,QuickBite,1.6406616,375.0,1.6406616,228.5663295831389,373.3593384,0.0,0.0,0.0,False,49.219848,325.780152,True,100.0,OVERSTOCK,MARKDOWN,0.0,120955.65483455999,120955.65,CRITICAL,Inventory exceeds the 30-day demand coverage target,326.0
2025-12-04,ST17,SKU03805,1,1.902159,182.0,0.0,42.0,16.0,7.0,1279.53,962.72,Health & Wellness,OTC Medicine,FamilyChoice,1.902159,182.0,1.902159,95.68075013708108,180.097841,0.0,0.0,0.0,False,57.064769999999996,124.93523,True,100.0,OVERSTOCK,MARKDOWN,0.0,120277.6446256,120277.64,CRITICAL,Inventory exceeds the 30-day demand coverage target,125.0
2025-12-19,ST05,SKU01599,4,1.7832942,156.0,0.0,91.0,35.0,7.0,1657.47,1169.65,Apparel & Footwear,Women's Wear,DailyBest,1.7832942,156.0,1.7832942,87.47855513689215,154.2167058,0.0,0.0,0.0,False,53.498826,102.50117399999999,True,100.0,OVERSTOCK,MARKDOWN,0.0,119890.4981691,119890.5,CRITICAL,Inventory exceeds the 30-day demand coverage target,103.0
2025-12-16,ST18,SKU01570,1,1.852747,253.0,0.0,86.0,39.0,7.0,760.34,605.14,Frozen Foods,Ice Cream,GoldenHarvest,1.852747,253.0,1.852747,136.55399253109033,251.147253,0.0,0.0,0.0,False,55.582409999999996,197.41759000000002,True,100.0,OVERSTOCK,MARKDOWN,0.0,119465.28041260001,119465.28,CRITICAL,Inventory exceeds the 30-day demand coverage target,197.0
2025-12-07,ST06,SKU00354,4,1.9109939,232.0,0.0,45.0,16.0,7.0,1108.74,680.1,Home & Kitchen,Home Decor,PurePlus,1.9109939,232.0,1.9109939,121.40279464000382,230.0890061,0.0,0.0,0.0,False,57.329817,174.670183,True,100.0,OVERSTOCK,MARKDOWN,0.0,118793.1914583,118793.19,CRITICAL,Inventory exceeds the 30-day demand coverage target,175.0
2025-12-11,ST12,SKU04987,1,1.9414842,436.0,0.0,85.0,38.0,7.0,421.88,313.75,Home Care,Dishwashing,GreenValley,1.9414842,436.0,1.9414842,224.57046006349162,434.0585158,0.0,0.0,0.0,False,58.244526,377.755474,True,100.0,OVERSTOCK,MARKDOWN,0.0,118520.7799675,118520.78,CRITICAL,Inventory exceeds the 30-day demand coverage target,378.0
2025-12-25,ST27,SKU01046,2,1.8226403,266.0,0.0,56.0,19.0,7.0,708.58,560.42,Health & Wellness,First Aid,PrimeCare,1.8226403,266.0,1.8226403,145.94212582702139,264.1773597,0.0,0.0,0.0,False,54.679209,211.32079099999999,True,100.0,OVERSTOCK,MARKDOWN,0.0,118428.39769221998,118428.4,CRITICAL,Inventory exceeds the 30-day demand coverage target,211.0
2025-12-19,ST14,SKU03958,1,1.8308476,288.0,0.0,98.0,49.0,7.0,707.73,503.09,Home & Kitchen,Home Decor,PrimeCare,1.8308476,288.0,1.8308476,157.30419069287908,286.1691524,0.0,0.0,0.0,False,54.925428000000004,233.074572,True,100.0,OVERSTOCK,MARKDOWN,0.0,117257.48642747999,117257.49,CRITICAL,Inventory exceeds the 30-day demand coverage target,233.0
2025-12-28,ST03,SKU00389,1,1.7713845,338.0,0.0,86.0,20.0,7.0,644.49,411.18,Frozen Foods,Ready Meals,UrbanBite,1.7713845,338.0,1.7713845,190.81119881087366,336.2286155,0.0,0.0,0.0,False,53.141535,284.858465,True,100.0,OVERSTOCK,MARKDOWN,0.0,117128.1036387,117128.1,CRITICAL,Inventory exceeds the 30-day demand coverage target,285.0
2025-12-20,ST05,SKU03235,1,2.099018,174.0,0.0,29.0,10.0,7.0,1648.55,1052.65,Apparel & Footwear,Footwear,HomeStyle,2.099018,174.0,2.099018,82.89590656202091,171.900982,0.0,0.0,0.0,False,62.97054,111.02946,True,100.0,OVERSTOCK,MARKDOWN,0.0,116875.16106900001,116875.16,CRITICAL,Inventory exceeds the 30-day demand coverage target,111.0
2025-12-12,ST16,SKU03058,3,1.8624747,208.0,0.0,42.0,15.0,7.0,1202.99,765.86,Apparel & Footwear,Women's Wear,UrbanBite,1.8624747,208.0,1.8624747,111.67936938955467,206.1375253,0.0,0.0,0.0,False,55.874241,152.12575900000002,True,100.0,OVERSTOCK,MARKDOWN,0.0,116507.03378774002,116507.03,CRITICAL,Inventory exceeds the 30-day demand coverage target,152.0
2025-12-28,ST05,SKU04264,2,2.2132924,129.0,0.0,92.0,35.0,7.0,2568.45,1852.52,Electronics & Accessories,Mobile Accessories,ValueChoice,2.2132924,129.0,2.2132924,58.28421043690387,126.7867076,0.0,0.0,0.0,False,66.398772,62.601228000000006,True,94.3,OVERSTOCK,MARKDOWN,0.0,115970.02689456001,115970.03,CRITICAL,Inventory exceeds the 30-day demand coverage target,63.0
2025-12-07,ST16,SKU00728,1,2.1131537,108.0,0.0,48.0,23.0,7.0,3555.73,2593.79,Electronics & Accessories,Mobile Accessories,NatureBlend,2.1131537,108.0,2.1131537,51.108445164211204,105.8868463,0.0,0.0,0.0,False,63.394611,44.605389,True,70.4,OVERSTOCK,MARKDOWN,0.0,115697.01193431001,115697.01,CRITICAL,Inventory exceeds the 30-day demand coverage target,45.0
2025-12-25,ST18,SKU02780,1,1.699349,253.0,0.0,65.0,17.0,7.0,791.92,569.66,Health & Wellness,First Aid,ValueChoice,1.699349,253.0,1.699349,148.8805419016341,251.300651,0.0,0.0,0.0,False,50.98047,202.01953,True,100.0,OVERSTOCK,MARKDOWN,0.0,115082.4454598,115082.45,CRITICAL,Inventory exceeds the 30-day demand coverage target,202.0
2025-12-17,ST29,SKU00638,2,1.9549315,233.0,0.0,59.0,27.0,7.0,995.83,649.64,Electronics & Accessories,Batteries,EverydayPlus,1.9549315,233.0,1.9549315,119.18576175175447,231.0450685,0.0,0.0,0.0,False,58.647945,174.352055,True,100.0,OVERSTOCK,MARKDOWN,0.0,113266.06901020001,113266.07,CRITICAL,Inventory exceeds the 30-day demand coverage target,174.0
2025-12-28,ST19,SKU00516,2,1.8808274,135.0,0.0,32.0,10.0,7.0,2155.25,1441.14,Electronics & Accessories,Batteries,GoldenHarvest,1.8808274,135.0,1.8808274,71.77692115714605,133.1191726,0.0,0.0,0.0,False,56.424822,78.575178,True,100.0,OVERSTOCK,MARKDOWN,0.0,113237.83202292,113237.83,CRITICAL,Inventory exceeds the 30-day demand coverage target,79.0
2025-12-29,ST18,SKU02785,4,3.226926,246.0,0.0,91.0,32.0,7.0,1136.58,744.26,Apparel & Footwear,Kids Wear,PremiumSelect,3.226926,246.0,3.226926,76.23354238677923,242.773074,0.0,0.0,0.0,False,96.80778000000001,149.19222,True,100.0,OVERSTOCK,MARKDOWN,0.0,111037.80165719999,111037.8,CRITICAL,Inventory exceeds the 30-day demand coverage target,149.0
2025-12-07,ST22,SKU03391,2,1.9525064,166.0,0.0,80.0,22.0,7.0,1440.2,1029.21,Electronics & Accessories,Batteries,PurePlus,1.9525064,166.0,1.9525064,85.01892746676783,164.0474936,0.0,0.0,0.0,False,58.575192,107.424808,True,100.0,OVERSTOCK,MARKDOWN,0.0,110562.68664168,110562.69,CRITICAL,Inventory exceeds the 30-day demand coverage target,107.0
2025-12-26,ST07,SKU01264,1,2.0216894,227.0,0.0,48.0,17.0,7.0,1108.95,659.92,Apparel & Footwear,Men's Wear,SmartBuy,2.0216894,227.0,2.0216894,112.28233179636793,224.9783106,0.0,0.0,0.0,False,60.650682,166.34931799999998,True,100.0,OVERSTOCK,MARKDOWN,0.0,109777.24193455998,109777.24,CRITICAL,Inventory exceeds the 30-day demand coverage target,166.0
2025-12-14,ST24,SKU00978,1,1.7657723,416.0,0.0,86.0,28.0,7.0,524.42,302.09,Health & Wellness,OTC Medicine,HomeStyle,1.7657723,416.0,1.7657723,235.59096492792418,414.2342277,0.0,0.0,0.0,False,52.973169,363.026831,True,100.0,OVERSTOCK,MARKDOWN,0.0,109666.77537679,109666.78,CRITICAL,Inventory exceeds the 30-day demand coverage target,363.0
2025-12-20,ST20,SKU02471,3,2.2702322,173.0,0.0,30.0,9.0,7.0,1364.83,1039.93,Home & Kitchen,Home Decor,PremiumSelect,2.2702322,173.0,2.2702322,76.20365881516436,170.7297678,0.0,0.0,0.0,False,68.106966,104.893034,True,100.0,OVERSTOCK,MARKDOWN,0.0,109081.41284762001,109081.41,CRITICAL,Inventory exceeds the 30-day demand coverage target,105.0
2025-12-19,ST03,SKU03903,1,1.7980247,183.0,0.0,82.0,27.0,7.0,1303.15,842.04,Apparel & Footwear,Men's Wear,FreshFarm,1.7980247,183.0,1.7980247,101.77835710488293,181.2019753,0.0,0.0,0.0,False,53.940741,129.059259,True,100.0,OVERSTOCK,MARKDOWN,0.0,108673.05844836,108673.06,CRITICAL,Inventory exceeds the 30-day demand coverage target,129.0
2025-12-21,ST27,SKU04996,2,1.7870313,228.0,0.0,40.0,9.0,7.0,1057.53,620.41,Apparel & Footwear,Women's Wear,DailyBest,1.7870313,228.0,1.7870313,127.58590182499881,226.2129687,0.0,0.0,0.0,False,53.610939,174.389061,True,100.0,OVERSTOCK,MARKDOWN,0.0,108192.71733500999,108192.72,CRITICAL,Inventory exceeds the 30-day demand coverage target,174.0
2025-12-13,ST24,SKU04215,1,1.9264746,338.0,0.0,60.0,14.0,7.0,508.26,384.81,Frozen Foods,Frozen Meat,SoftTouch,1.9264746,338.0,1.9264746,175.45001631477518,336.0735254,0.0,0.0,0.0,False,57.794238,280.205762,True,100.0,OVERSTOCK,MARKDOWN,0.0,107825.97927522,107825.98,CRITICAL,Inventory exceeds the 30-day demand coverage target,280.0
2025-12-20,ST28,SKU02267,1,1.6861881,310.0,0.0,97.0,34.0,7.0,595.15,415.23,Health & Wellness,OTC Medicine,SmartBuy,1.6861881,310.0,1.6861881,183.84663015947035,308.3138119,0.0,0.0,0.0,False,50.585643000000005,259.414357,True,100.0,OVERSTOCK,MARKDOWN,0.0,107716.62345711,107716.62,CRITICAL,Inventory exceeds the 30-day demand coverage target,259.0
2025-12-29,ST26,SKU04365,3,1.8448169,142.0,0.0,83.0,36.0,7.0,1774.69,1234.53,Home & Kitchen,Storage & Containers,SoftTouch,1.8448169,142.0,1.8448169,76.97240848129698,140.1551831,0.0,0.0,0.0,False,55.344507,86.655493,True,100.0,OVERSTOCK,MARKDOWN,0.0,106978.80577329,106978.81,CRITICAL,Inventory exceeds the 30-day demand coverage target,87.0
2025-12-26,ST04,SKU02176,2,1.9365531,196.0,0.0,91.0,27.0,7.0,989.87,773.14,Apparel & Footwear,Footwear,CleanWave,1.9365531,196.0,1.9365531,101.21075430361294,194.0634469,0.0,0.0,0.0,False,58.096593,137.90340700000002,True,100.0,OVERSTOCK,MARKDOWN,0.0,106618.64008798,106618.64,CRITICAL,Inventory exceeds the 30-day demand coverage target,138.0
2025-12-21,ST27,SKU00678,2,1.6399248,270.0,0.0,98.0,46.0,7.0,627.15,481.81,Home & Kitchen,Home Decor,HomeStyle,1.6399248,270.0,1.6399248,164.64169576556193,268.3600752,0.0,0.0,0.0,False,49.197744,220.802256,True,100.0,OVERSTOCK,MARKDOWN,0.0,106384.73496336,106384.73,CRITICAL,Inventory exceeds the 30-day demand coverage target,221.0
2025-12-20,ST27,SKU00466,2,1.9150748,203.0,0.0,49.0,18.0,7.0,1233.12,729.25,Health & Wellness,OTC Medicine,FreshFarm,1.9150748,203.0,1.9150748,106.00108152433523,201.0849252,0.0,0.0,0.0,False,57.452244,145.547756,True,100.0,OVERSTOCK,MARKDOWN,0.0,106140.701063,106140.7,CRITICAL,Inventory exceeds the 30-day demand coverage target,146.0
2025-12-16,ST30,SKU02201,1,1.9913486,223.0,0.0,84.0,29.0,7.0,1064.05,649.94,Frozen Foods,Ready Meals,CrispKing,1.9913486,223.0,1.9913486,111.98441096651787,221.0086514,0.0,0.0,0.0,False,59.740458000000004,163.259542,True,100.0,OVERSTOCK,MARKDOWN,0.0,106108.90672748002,106108.91,CRITICAL,Inventory exceeds the 30-day demand coverage target,163.0
2025-12-13,ST07,SKU04073,2,2.031968,331.0,0.0,86.0,39.0,7.0,514.74,392.24,Apparel & Footwear,Women's Wear,ValueChoice,2.031968,331.0,2.031968,162.89626608293045,328.968032,0.0,0.0,0.0,False,60.95904,270.04096,True,100.0,OVERSTOCK,MARKDOWN,0.0,105920.86615039999,105920.87,CRITICAL,Inventory exceeds the 30-day demand coverage target,270.0
2025-12-07,ST27,SKU01191,3,1.8567518,274.0,0.0,63.0,20.0,7.0,672.51,484.26,Frozen Foods,Frozen Meat,CityFresh,1.8567518,274.0,1.8567518,147.56953514196135,272.1432482,0.0,0.0,0.0,False,55.702554,218.297446,True,100.0,OVERSTOCK,MARKDOWN,0.0,105712.72119996,105712.72,CRITICAL,Inventory exceeds the 30-day demand coverage target,218.0
2025-12-26,ST24,SKU03931,3,1.8775305,166.0,0.0,46.0,21.0,7.0,1536.0,950.89,Home & Kitchen,Home Decor,GreenValley,1.8775305,166.0,1.8775305,88.41400978572652,164.1224695,0.0,0.0,0.0,False,56.325915,109.67408499999999,True,100.0,OVERSTOCK,MARKDOWN,0.0,104287.99068564999,104287.99,CRITICAL,Inventory exceeds the 30-day demand coverage target,110.0
2025-12-14,ST21,SKU01911,1,1.7856728,178.0,0.0,34.0,15.0,7.0,1116.98,837.95,Home & Kitchen,Storage & Containers,PrimeCare,1.7856728,178.0,1.7856728,99.68231581956113,176.2143272,0.0,0.0,0.0,False,53.570184,124.429816,True,100.0,OVERSTOCK,MARKDOWN,0.0,104265.9643172,104265.96,CRITICAL,Inventory exceeds the 30-day demand coverage target,124.0
2025-12-20,ST27,SKU03933,2,1.6644022,115.0,0.0,91.0,27.0,7.0,2467.37,1596.3,Apparel & Footwear,Men's Wear,NovaFresh,1.6644022,115.0,1.6644022,69.09387646807964,113.3355978,0.0,0.0,0.0,False,49.932066,65.06793400000001,True,100.0,OVERSTOCK,MARKDOWN,0.0,103867.94304420002,103867.94,CRITICAL,Inventory exceeds the 30-day demand coverage target,65.0
2025-12-24,ST01,SKU02382,1,1.89508,162.0,0.0,66.0,26.0,7.0,1233.79,983.37,Apparel & Footwear,Footwear,PremiumSelect,1.89508,162.0,1.89508,85.48451780399772,160.10492,0.0,0.0,0.0,False,56.8524,105.1476,True,100.0,OVERSTOCK,MARKDOWN,0.0,103398.995412,103399.0,CRITICAL,Inventory exceeds the 30-day demand coverage target,105.0
2025-12-24,ST30,SKU02488,1,1.6905264,93.0,0.0,57.0,14.0,7.0,3504.3,2419.46,Electronics & Accessories,Small Appliances,SunriseFoods,1.6905264,93.0,1.6905264,55.0124505597783,91.3094736,0.0,0.0,0.0,False,50.715792,42.284208,True,83.4,OVERSTOCK,MARKDOWN,0.0,102304.94988768,102304.95,CRITICAL,Inventory exceeds the 30-day demand coverage target,42.0
2025-12-19,ST30,SKU02896,2,1.8520741,157.0,0.0,66.0,17.0,7.0,1512.83,1004.33,Home & Kitchen,Cookware,PurePlus,1.8520741,157.0,1.8520741,84.76982643405034,155.1479259,0.0,0.0,0.0,False,55.562223,101.437777,True,100.0,OVERSTOCK,MARKDOWN,0.0,101877.00257441,101877.0,CRITICAL,Inventory exceeds the 30-day demand coverage target,101.0
2025-12-29,ST27,SKU01038,1,2.0762374,188.0,0.0,39.0,16.0,7.0,1338.59,802.08,Health & Wellness,OTC Medicine,NovaFresh,2.0762374,188.0,2.0762374,90.54841223840779,185.9237626,0.0,0.0,0.0,False,62.287122000000004,125.71287799999999,True,100.0,OVERSTOCK,MARKDOWN,0.0,100831.78518624,100831.79,CRITICAL,Inventory exceeds the 30-day demand coverage target,126.0
2025-12-04,ST09,SKU01543,3,1.9203063,180.0,0.0,61.0,28.0,7.0,1328.2,821.42,Health & Wellness,OTC Medicine,SparkleClean,1.9203063,180.0,1.9203063,93.73504633089003,178.0796937,0.0,0.0,0.0,False,57.609189,122.390811,True,100.0,OVERSTOCK,MARKDOWN,0.0,100534.25997161999,100534.26,CRITICAL,Inventory exceeds the 30-day demand coverage target,122.0
2025-12-07,ST07,SKU02362,1,1.702947,288.0,0.0,97.0,33.0,7.0,606.58,423.68,Home & Kitchen,Storage & Containers,SmartBuy,1.702947,288.0,1.702947,169.11859265144483,286.297053,0.0,0.0,0.0,False,51.088409999999996,236.91159,True,100.0,OVERSTOCK,MARKDOWN,0.0,100374.70245119999,100374.7,CRITICAL,Inventory exceeds the 30-day demand coverage target,237.0
2025-12-05,ST12,SKU00745,3,1.7897186,99.0,0.0,37.0,13.0,7.0,3612.82,2205.7,Electronics & Accessories,Batteries,PrimeCare,1.7897186,99.0,1.7897186,55.315958609359036,97.2102814,0.0,0.0,0.0,False,53.691558,45.308442,True,84.4,OVERSTOCK,MARKDOWN,0.0,99936.83051939998,99936.83,CRITICAL,Inventory exceeds the 30-day demand coverage target,45.0
2025-12-28,ST21,SKU00678,1,1.635245,256.0,0.0,96.0,28.0,7.0,627.15,481.81,Home & Kitchen,Home Decor,HomeStyle,1.635245,256.0,1.635245,156.55146476521867,254.364755,0.0,0.0,0.0,False,49.05735,206.94265000000001,True,100.0,OVERSTOCK,MARKDOWN,0.0,99707.03819650001,99707.04,CRITICAL,Inventory exceeds the 30-day demand coverage target,207.0
2025-12-28,ST12,SKU00875,3,1.6544098,133.0,0.0,78.0,19.0,7.0,1556.21,1193.89,Apparel & Footwear,Women's Wear,DailyBest,1.6544098,133.0,1.6544098,80.3912065801351,131.3455902,0.0,0.0,0.0,False,49.632294,83.367706,True,100.0,OVERSTOCK,MARKDOWN,0.0,99531.87051634,99531.87,CRITICAL,Inventory exceeds the 30-day demand coverage target,83.0
2025-12-13,ST14,SKU04028,1,1.7744013,114.0,0.0,75.0,26.0,7.0,2080.9,1621.46,Electronics & Accessories,Batteries,HomeStyle,1.7744013,114.0,1.7744013,64.24702236185242,112.2255987,0.0,0.0,0.0,False,53.232039,60.767961,True,100.0,OVERSTOCK,MARKDOWN,0.0,98532.81804306,98532.82,CRITICAL,Inventory exceeds the 30-day demand coverage target,61.0
2025-12-27,ST18,SKU03805,2,1.8031045,156.0,0.0,45.0,10.0,7.0,1279.53,962.72,Health & Wellness,OTC Medicine,FamilyChoice,1.8031045,156.0,1.8031045,86.51744810131636,154.1968955,0.0,0.0,0.0,False,54.093135000000004,101.906865,True,100.0,OVERSTOCK,MARKDOWN,0.0,98107.7770728,98107.78,CRITICAL,Inventory exceeds the 30-day demand coverage target,102.0
2025-12-23,ST13,SKU03601,1,1.7761883,210.0,0.0,92.0,40.0,7.0,790.24,615.31,Frozen Foods,Frozen Vegetables,PrimeCare,1.7761883,210.0,1.7761883,118.23070785907102,208.2238117,0.0,0.0,0.0,False,53.285649,156.714351,True,100.0,OVERSTOCK,MARKDOWN,0.0,96427.90731380999,96427.91,CRITICAL,Inventory exceeds the 30-day demand coverage target,157.0
2025-12-11,ST27,SKU00498,2,1.8031682,291.0,0.0,59.0,24.0,7.0,564.17,405.25,Frozen Foods,Ready Meals,PurePlus,1.8031682,291.0,1.8031682,161.38261533228015,289.1968318,0.0,0.0,0.0,False,54.095045999999996,236.904954,True,100.0,OVERSTOCK,MARKDOWN,0.0,96005.7326085,96005.73,CRITICAL,Inventory exceeds the 30-day demand coverage target,237.0
2025-12-22,ST30,SKU03286,1,1.726736,272.0,0.0,48.0,12.0,7.0,731.23,434.11,Health & Wellness,Vitamins & Supplements,PremiumSelect,1.726736,272.0,1.726736,157.52263229584602,270.273264,0.0,0.0,0.0,False,51.802080000000004,220.19792,True,100.0,OVERSTOCK,MARKDOWN,0.0,95590.1190512,95590.12,CRITICAL,Inventory exceeds the 30-day demand coverage target,220.0
2025-12-02,ST29,SKU02867,2,1.8665063,189.0,0.0,79.0,31.0,7.0,930.15,716.19,Frozen Foods,Frozen Meat,PureLife,1.8665063,189.0,1.8665063,101.25869920717653,187.1334937,0.0,0.0,0.0,False,55.995188999999996,133.00481100000002,True,100.0,OVERSTOCK,MARKDOWN,0.0,95256.71559009003,95256.72,CRITICAL,Inventory exceeds the 30-day demand coverage target,133.0
2025-12-03,ST14,SKU00649,2,1.8784376,427.0,0.0,81.0,34.0,7.0,330.24,256.82,Dairy & Bakery,Bread,DailyBest,1.8784376,427.0,1.8784376,227.31657415716126,425.1215624,0.0,0.0,0.0,False,56.353128,370.64687200000003,True,100.0,OVERSTOCK,MARKDOWN,0.0,95189.52966704,95189.53,CRITICAL,Inventory exceeds the 30-day demand coverage target,371.0
2025-12-27,ST02,SKU00155,1,1.7181625,259.0,0.0,75.0,20.0,7.0,585.78,457.03,Frozen Foods,Frozen Vegetables,CityFresh,1.7181625,259.0,1.7181625,150.7424355961674,257.2818375,0.0,0.0,0.0,False,51.544875000000005,207.455125,True,100.0,OVERSTOCK,MARKDOWN,0.0,94813.21577875,94813.22,CRITICAL,Inventory exceeds the 30-day demand coverage target,207.0
2025-12-04,ST08,SKU00742,1,1.9251829,123.0,0.0,62.0,19.0,7.0,2557.02,1438.67,Electronics & Accessories,Batteries,FreshFarm,1.9251829,123.0,1.9251829,63.890033513179446,121.0748171,0.0,0.0,0.0,False,57.755487,65.244513,True,100.0,OVERSTOCK,MARKDOWN,0.0,93865.32351771,93865.32,CRITICAL,Inventory exceeds the 30-day demand coverage target,65.0
2025-12-26,ST23,SKU03132,3,1.8514777,123.0,0.0,67.0,15.0,7.0,1920.29,1386.91,Apparel & Footwear,Women's Wear,NovaFresh,1.8514777,123.0,1.8514777,66.43342234151673,121.1485223,0.0,0.0,0.0,False,55.544331,67.455669,True,100.0,OVERSTOCK,MARKDOWN,0.0,93554.94189279001,93554.94,CRITICAL,Inventory exceeds the 30-day demand coverage target,67.0
2025-12-22,ST18,SKU03311,5,1.983,475.0,0.0,80.0,28.0,7.0,320.36,224.64,Personal Care,Bath & Body,QuickBite,1.983,475.0,1.983,239.53605648008067,473.017,0.0,0.0,0.0,False,59.49,415.51,True,100.0,OVERSTOCK,MARKDOWN,0.0,93340.16639999999,93340.17,CRITICAL,Inventory exceeds the 30-day demand coverage target,416.0
2025-12-19,ST21,SKU02417,1,1.9535943,169.0,0.0,100.0,34.0,7.0,1108.44,844.05,Apparel & Footwear,Women's Wear,EverydayPlus,1.9535943,169.0,1.9535943,86.50721390823058,167.0464057,0.0,0.0,0.0,False,58.607829,110.39217099999999,True,100.0,OVERSTOCK,MARKDOWN,0.0,93176.51193254998,93176.51,CRITICAL,Inventory exceeds the 30-day demand coverage target,110.0
2025-12-20,ST21,SKU00507,4,2.044306,142.0,0.0,26.0,13.0,7.0,1588.92,1152.62,Apparel & Footwear,Footwear,HealthFirst,2.044306,142.0,2.044306,69.4612254721162,139.955694,0.0,0.0,0.0,False,61.32918000000001,80.67081999999999,True,100.0,OVERSTOCK,MARKDOWN,0.0,92982.80054839999,92982.8,CRITICAL,Inventory exceeds the 30-day demand coverage target,81.0
2025-12-04,ST18,SKU03542,3,1.8020743,159.0,0.0,79.0,20.0,7.0,1566.44,885.81,Health & Wellness,OTC Medicine,DailyBest,1.8020743,159.0,1.8020743,88.2316561531342,157.1979257,0.0,0.0,0.0,False,54.062228999999995,104.937771,True,100.0,OVERSTOCK,MARKDOWN,0.0,92954.92692951,92954.93,CRITICAL,Inventory exceeds the 30-day demand coverage target,105.0
2025-12-03,ST18,SKU00350,2,1.8864677,309.0,0.0,85.0,31.0,7.0,492.43,368.24,Home Care,Laundry,BasicNeeds,1.8864677,309.0,1.8864677,163.79819278114329,307.1135323,0.0,0.0,0.0,False,56.594031,252.405969,True,100.0,OVERSTOCK,MARKDOWN,0.0,92945.97402456,92945.97,CRITICAL,Inventory exceeds the 30-day demand coverage target,252.0
2025-12-31,ST27,SKU04665,1,1.792833,154.0,0.0,27.0,11.0,7.0,1605.02,920.86,Electronics & Accessories,Batteries,TrueTaste,1.792833,154.0,1.792833,85.89757105095678,152.207167,0.0,0.0,0.0,False,53.78498999999999,100.21501,True,100.0,OVERSTOCK,MARKDOWN,0.0,92283.9941086,92283.99,CRITICAL,Inventory exceeds the 30-day demand coverage target,100.0
2025-12-10,ST27,SKU00107,1,2.0435333,113.0,0.0,91.0,43.0,7.0,2511.78,1778.82,Electronics & Accessories,Mobile Accessories,HealthFirst,2.0435333,113.0,2.0435333,55.29638298529317,110.9564667,0.0,0.0,0.0,False,61.305999,51.694001,True,84.3,OVERSTOCK,MARKDOWN,0.0,91954.32285882,91954.32,CRITICAL,Inventory exceeds the 30-day demand coverage target,52.0
2025-12-18,ST06,SKU00170,1,1.9339173,158.0,0.0,28.0,11.0,7.0,1241.29,909.39,Apparel & Footwear,Men's Wear,ZestyCo,1.9339173,158.0,1.9339173,81.69946046813894,156.0660827,0.0,0.0,0.0,False,58.017519,99.982481,True,100.0,OVERSTOCK,MARKDOWN,0.0,90923.06839659001,90923.07,CRITICAL,Inventory exceeds the 30-day demand coverage target,100.0
2025-12-20,ST01,SKU02871,4,1.9138604,434.0,0.0,74.0,27.0,7.0,377.93,239.42,Personal Care,Hair Care,TrueTaste,1.9138604,434.0,1.9138604,226.7668007551648,432.0861396,0.0,0.0,0.0,False,57.415811999999995,376.584188,True,100.0,OVERSTOCK,MARKDOWN,0.0,90161.78629096,90161.79,CRITICAL,Inventory exceeds the 30-day demand coverage target,377.0
2025-12-14,ST28,SKU01194,1,1.6525024,249.0,0.0,86.0,30.0,7.0,620.84,449.48,Frozen Foods,Ice Cream,FamilyChoice,1.6525024,249.0,1.6525024,150.68056784667908,247.3474976,0.0,0.0,0.0,False,49.575072,199.424928,True,100.0,OVERSTOCK,MARKDOWN,0.0,89637.51663744,89637.52,CRITICAL,Inventory exceeds the 30-day demand coverage target,199.0
2025-12-10,ST11,SKU00563,4,1.9325502,175.0,0.0,93.0,43.0,7.0,1115.59,760.18,Electronics & Accessories,Batteries,NutriPlus,1.9325502,175.0,1.9325502,90.55392196280334,173.0674498,0.0,0.0,0.0,False,57.976506,117.023494,True,100.0,OVERSTOCK,MARKDOWN,0.0,88958.91966891999,88958.92,CRITICAL,Inventory exceeds the 30-day demand coverage target,117.0
2025-12-09,ST22,SKU03893,3,1.9979198,131.0,0.0,72.0,33.0,7.0,1643.55,1251.23,Apparel & Footwear,Kids Wear,MetroBrand,1.9979198,131.0,1.9979198,65.56819748220124,129.0020802,0.0,0.0,0.0,False,59.937594000000004,71.062406,True,100.0,OVERSTOCK,MARKDOWN,0.0,88915.41425937999,88915.41,CRITICAL,Inventory exceeds the 30-day demand coverage target,71.0
2025-12-16,ST23,SKU01538,1,1.7341319,364.0,0.0,86.0,34.0,7.0,384.58,284.85,Personal Care,Skin Care,EliteHome,1.7341319,364.0,1.7341319,209.90329512997252,362.2658681,0.0,0.0,0.0,False,52.023956999999996,311.976043,True,100.0,OVERSTOCK,MARKDOWN,0.0,88866.37584855001,88866.38,CRITICAL,Inventory exceeds the 30-day demand coverage target,312.0
2025-12-04,ST16,SKU04334,3,2.0258498,459.0,0.0,89.0,41.0,7.0,287.82,222.77,Grocery,Pulses & Lentils,FreshFarm,2.0258498,459.0,2.0258498,226.5715849220411,456.9741502,0.0,0.0,0.0,False,60.775494,398.224506,True,100.0,OVERSTOCK,MARKDOWN,0.0,88712.47320162001,88712.47,CRITICAL,Inventory exceeds the 30-day demand coverage target,398.0
2025-12-04,ST06,SKU02217,1,1.9004797,354.0,0.0,99.0,43.0,7.0,457.34,298.38,Personal Care,Bath & Body,NutriPlus,1.9004797,354.0,1.9004797,186.26876151321164,352.0995203,0.0,0.0,0.0,False,57.014391,296.985609,True,100.0,OVERSTOCK,MARKDOWN,0.0,88614.56601342,88614.57,CRITICAL,Inventory exceeds the 30-day demand coverage target,297.0
2025-12-04,ST20,SKU04145,3,2.0693777,448.0,0.0,86.0,29.0,7.0,293.61,224.88,Stationery & Office,Notebooks,CleanWave,2.0693777,448.0,2.0693777,216.49020379411647,445.9306223,0.0,0.0,0.0,False,62.081331,385.918669,True,100.0,OVERSTOCK,MARKDOWN,0.0,86785.39028472001,86785.39,CRITICAL,Inventory exceeds the 30-day demand coverage target,386.0
2025-12-29,ST25,SKU03460,2,2.5997615,129.0,0.0,49.0,11.0,7.0,3034.93,1689.44,Electronics & Accessories,Mobile Accessories,FamilyChoice,2.5997615,129.0,2.5997615,49.61993629030971,126.4002385,0.0,0.0,0.0,False,77.992845,51.007155,True,65.4,OVERSTOCK,MARKDOWN,0.0,86173.5279432,86173.53,CRITICAL,Inventory exceeds the 30-day demand coverage target,51.0
2025-12-03,ST05,SKU03601,1,1.7469643,192.0,0.0,97.0,33.0,7.0,790.24,615.31,Frozen Foods,Frozen Vegetables,PrimeCare,1.7469643,192.0,1.7469643,109.90493623710572,190.2530357,0.0,0.0,0.0,False,52.408929,139.591071,True,100.0,OVERSTOCK,MARKDOWN,0.0,85891.78189700999,85891.78,CRITICAL,Inventory exceeds the 30-day demand coverage target,140.0
2025-12-27,ST09,SKU02753,1,1.9380597,245.0,0.0,83.0,19.0,7.0,796.75,459.27,Home & Kitchen,Storage & Containers,PurePlus,1.9380597,245.0,1.9380597,126.41509443697736,243.0619403,0.0,0.0,0.0,False,58.141791,186.858209,True,100.0,OVERSTOCK,MARKDOWN,0.0,85818.36964743,85818.37,CRITICAL,Inventory exceeds the 30-day demand coverage target,187.0
2025-12-10,ST29,SKU02971,2,1.7000988,223.0,0.0,88.0,27.0,7.0,867.83,498.41,Health & Wellness,First Aid,GreenValley,1.7000988,223.0,1.7000988,131.16884736345912,221.2999012,0.0,0.0,0.0,False,51.002964,171.997036,True,100.0,OVERSTOCK,MARKDOWN,0.0,85725.04271276001,85725.04,CRITICAL,Inventory exceeds the 30-day demand coverage target,172.0
2025-12-29,ST29,SKU01046,1,1.7376189,204.0,0.0,46.0,12.0,7.0,708.58,560.42,Health & Wellness,First Aid,PrimeCare,1.7376189,204.0,1.7376189,117.40203792672835,202.2623811,0.0,0.0,0.0,False,52.128567,151.871433,True,100.0,OVERSTOCK,MARKDOWN,0.0,85111.78848185999,85111.79,CRITICAL,Inventory exceeds the 30-day demand coverage target,152.0
2025-12-08,ST07,SKU04987,2,1.8666642,327.0,0.0,80.0,20.0,7.0,421.88,313.75,Home Care,Dishwashing,GreenValley,1.8666642,327.0,1.8666642,175.1788029148467,325.1333358,0.0,0.0,0.0,False,55.999926,271.000074,True,100.0,OVERSTOCK,MARKDOWN,0.0,85026.2732175,85026.27,CRITICAL,Inventory exceeds the 30-day demand coverage target,271.0
2025-12-02,ST30,SKU04073,1,1.8435962,272.0,0.0,60.0,18.0,7.0,514.74,392.24,Apparel & Footwear,Women's Wear,ValueChoice,1.8435962,272.0,1.8435962,147.53773087620814,270.1564038,0.0,0.0,0.0,False,55.307885999999996,216.692114,True,100.0,OVERSTOCK,MARKDOWN,0.0,84995.31479536,84995.31,CRITICAL,Inventory exceeds the 30-day demand coverage target,217.0
2025-12-18,ST20,SKU00013,1,1.5834854,258.0,0.0,100.0,37.0,7.0,521.95,402.76,Personal Care,Hair Care,PrimeCare,1.5834854,258.0,1.5834854,162.93172011563857,256.4165146,0.0,0.0,0.0,False,47.504562,210.495438,True,100.0,OVERSTOCK,MARKDOWN,0.0,84779.14260888,84779.14,CRITICAL,Inventory exceeds the 30-day demand coverage target,210.0
2025-12-06,ST26,SKU02164,4,1.9487411,377.0,0.0,76.0,20.0,7.0,341.73,262.97,Grocery,Rice & Grains,EverydayPlus,1.9487411,377.0,1.9487411,193.45822798113102,375.0512589,0.0,0.0,0.0,False,58.462233,318.53776700000003,True,100.0,OVERSTOCK,MARKDOWN,0.0,83765.87658799002,83765.88,CRITICAL,Inventory exceeds the 30-day demand coverage target,319.0
2025-12-23,ST06,SKU02871,2,1.7116349,399.0,0.0,98.0,25.0,7.0,377.93,239.42,Personal Care,Hair Care,TrueTaste,1.7116349,399.0,1.7116349,233.110460647887,397.2883651,0.0,0.0,0.0,False,51.349047,347.650953,True,100.0,OVERSTOCK,MARKDOWN,0.0,83234.59116726,83234.59,CRITICAL,Inventory exceeds the 30-day demand coverage target,348.0
2025-12-22,ST29,SKU03523,1,1.8180202,428.0,0.0,92.0,32.0,7.0,348.18,222.52,Health & Wellness,Vitamins & Supplements,GoldenHarvest,1.8180202,428.0,1.8180202,235.42092656616245,426.1819798,0.0,0.0,0.0,False,54.540606000000004,373.459394,True,100.0,OVERSTOCK,MARKDOWN,0.0,83102.18435288,83102.18,CRITICAL,Inventory exceeds the 30-day demand coverage target,373.0
2025-12-05,ST10,SKU01706,1,1.8607931,156.0,0.0,73.0,29.0,7.0,1068.65,824.51,Home & Kitchen,Home Decor,BasicNeeds,1.8607931,156.0,1.8607931,83.83522058416919,154.1392069,0.0,0.0,0.0,False,55.823793,100.176207,True,100.0,OVERSTOCK,MARKDOWN,0.0,82596.28443357,82596.28,CRITICAL,Inventory exceeds the 30-day demand coverage target,100.0
2025-12-06,ST06,SKU03346,3,1.9902827,231.0,0.0,96.0,48.0,7.0,612.84,482.14,Frozen Foods,Frozen Vegetables,MetroBrand,1.9902827,231.0,1.9902827,116.06391393544243,229.0097173,0.0,0.0,0.0,False,59.708481,171.291519,True,100.0,OVERSTOCK,MARKDOWN,0.0,82586.49297066,82586.49,CRITICAL,Inventory exceeds the 30-day demand coverage target,171.0
2025-12-10,ST11,SKU04062,2,2.1605985,95.0,0.0,23.0,11.0,7.0,3430.14,2728.94,Electronics & Accessories,Mobile Accessories,PurePlus,2.1605985,95.0,2.1605985,43.96929832173817,92.8394015,0.0,0.0,0.0,False,64.817955,30.182045000000002,True,46.6,OVERSTOCK,MARKDOWN,0.0,82364.98988230001,82364.99,CRITICAL,Inventory exceeds the 30-day demand coverage target,30.0
2025-12-04,ST22,SKU01264,4,1.825246,179.0,0.0,49.0,19.0,7.0,1108.95,659.92,Apparel & Footwear,Men's Wear,SmartBuy,1.825246,179.0,1.825246,98.06897262067689,177.174754,0.0,0.0,0.0,False,54.75738,124.24262,True,100.0,OVERSTOCK,MARKDOWN,0.0,81990.18979039999,81990.19,CRITICAL,Inventory exceeds the 30-day demand coverage target,124.0
2025-12-28,ST17,SKU00146,1,1.8171726,225.0,0.0,89.0,18.0,7.0,703.46,478.32,Frozen Foods,Ready Meals,SunriseFoods,1.8171726,225.0,1.8171726,123.81872806138504,223.1828274,0.0,0.0,0.0,False,54.515178,170.484822,True,100.0,OVERSTOCK,MARKDOWN,0.0,81546.30005904,81546.3,CRITICAL,Inventory exceeds the 30-day demand coverage target,170.0
2025-12-30,ST01,SKU02714,1,1.8152386,243.0,0.0,82.0,20.0,7.0,694.67,425.44,Health & Wellness,First Aid,EverydayPlus,1.8152386,243.0,1.8152386,133.86669939698285,241.1847614,0.0,0.0,0.0,False,54.457158,188.542842,True,100.0,OVERSTOCK,MARKDOWN,0.0,80213.66670048,80213.67,CRITICAL,Inventory exceeds the 30-day demand coverage target,189.0
2025-12-24,ST22,SKU04580,1,1.681715,215.0,0.0,52.0,22.0,7.0,696.36,487.35,Health & Wellness,First Aid,HomeStyle,1.681715,215.0,1.681715,127.84568134315266,213.318285,0.0,0.0,0.0,False,50.45145,164.54855,True,100.0,OVERSTOCK,MARKDOWN,0.0,80192.73584250001,80192.74,CRITICAL,Inventory exceeds the 30-day demand coverage target,165.0
2025-12-20,ST14,SKU02114,2,2.1757011,233.0,0.0,40.0,10.0,7.0,712.38,473.75,Frozen Foods,Ready Meals,QuickBite,2.1757011,233.0,2.1757011,107.09191625632768,230.8242989,0.0,0.0,0.0,False,65.271033,167.728967,True,100.0,OVERSTOCK,MARKDOWN,0.0,79461.59811625001,79461.6,CRITICAL,Inventory exceeds the 30-day demand coverage target,168.0
2025-12-20,ST27,SKU03979,2,1.9178855,223.0,0.0,83.0,23.0,7.0,823.95,479.94,Frozen Foods,Frozen Vegetables,SoftTouch,1.9178855,223.0,1.9178855,116.27388600622926,221.0821145,0.0,0.0,0.0,False,57.536564999999996,165.463435,True,100.0,OVERSTOCK,MARKDOWN,0.0,79412.5209939,79412.52,CRITICAL,Inventory exceeds the 30-day demand coverage target,165.0
2025-12-31,ST28,SKU02514,1,2.021219,355.0,0.0,99.0,22.0,7.0,452.69,265.79,Home Care,Air Fresheners,NatureBlend,2.021219,355.0,2.021219,175.63658366559983,352.978781,0.0,0.0,0.0,False,60.63657,294.36343,True,100.0,OVERSTOCK,MARKDOWN,0.0,78238.8560597,78238.86,CRITICAL,Inventory exceeds the 30-day demand coverage target,294.0
2025-12-04,ST11,SKU03458,4,1.8258066,145.0,0.0,61.0,26.0,7.0,1311.02,864.17,Electronics & Accessories,Batteries,SoftTouch,1.8258066,145.0,1.8258066,79.41695467636058,143.1741934,0.0,0.0,0.0,False,54.774198,90.225802,True,100.0,OVERSTOCK,MARKDOWN,0.0,77970.43131433999,77970.43,CRITICAL,Inventory exceeds the 30-day demand coverage target,90.0
2025-12-20,ST09,SKU01068,2,2.0819614,125.0,0.0,24.0,10.0,7.0,2201.06,1243.53,Electronics & Accessories,Mobile Accessories,PrimeCare,2.0819614,125.0,2.0819614,60.0395377166935,122.9180386,0.0,0.0,0.0,False,62.458842,62.541158,True,100.0,OVERSTOCK,MARKDOWN,0.0,77771.80620774,77771.81,CRITICAL,Inventory exceeds the 30-day demand coverage target,63.0
2025-12-07,ST29,SKU03893,1,1.8086758,116.0,0.0,45.0,13.0,7.0,1643.55,1251.23,Apparel & Footwear,Kids Wear,MetroBrand,1.8086758,116.0,1.8086758,64.13531933141363,114.1913242,0.0,0.0,0.0,False,54.260274,61.739726,True,100.0,OVERSTOCK,MARKDOWN,0.0,77250.59736298,77250.6,CRITICAL,Inventory exceeds the 30-day demand coverage target,62.0
2025-12-03,ST20,SKU03892,5,1.9792889,269.0,0.0,75.0,24.0,7.0,510.74,366.08,Health & Wellness,Vitamins & Supplements,CityFresh,1.9792889,269.0,1.9792889,135.90739583291756,267.0207111,0.0,0.0,0.0,False,59.378667,209.621333,True,100.0,OVERSTOCK,MARKDOWN,0.0,76738.17758464,76738.18,CRITICAL,Inventory exceeds the 30-day demand coverage target,210.0
2025-12-05,ST05,SKU02501,2,1.6758169,261.0,0.0,68.0,31.0,7.0,490.38,358.61,Home & Kitchen,Storage & Containers,SoftTouch,1.6758169,261.0,1.6758169,155.74493848343454,259.3241831,0.0,0.0,0.0,False,50.274507,210.725493,True,100.0,OVERSTOCK,MARKDOWN,0.0,75568.26904473,75568.27,CRITICAL,Inventory exceeds the 30-day demand coverage target,211.0
2025-12-29,ST10,SKU01031,2,2.014356,240.0,0.0,79.0,29.0,7.0,668.1,419.47,Health & Wellness,First Aid,PrimeCare,2.014356,240.0,2.014356,119.14477877793202,237.985644,0.0,0.0,0.0,False,60.430679999999995,179.56932,True,100.0,OVERSTOCK,MARKDOWN,0.0,75323.9426604,75323.94,CRITICAL,Inventory exceeds the 30-day demand coverage target,180.0
2025-12-29,ST03,SKU04065,4,2.1591144,97.0,0.0,45.0,21.0,7.0,3743.61,2335.8,Electronics & Accessories,Small Appliances,CityFresh,2.1591144,97.0,2.1591144,44.92582699647596,94.84088560000001,0.0,0.0,0.0,False,64.773432,32.226568,True,49.8,OVERSTOCK,MARKDOWN,0.0,75274.8175344,75274.82,CRITICAL,Inventory exceeds the 30-day demand coverage target,32.0
2025-12-05,ST27,SKU03484,3,1.7564619,140.0,0.0,28.0,7.0,7.0,1430.82,861.67,Apparel & Footwear,Footwear,QuickBite,1.7564619,140.0,1.7564619,79.70568561720582,138.2435381,0.0,0.0,0.0,False,52.693856999999994,87.306143,True,100.0,OVERSTOCK,MARKDOWN,0.0,75229.08423881,75229.08,CRITICAL,Inventory exceeds the 30-day demand coverage target,87.0
2025-12-27,ST21,SKU04468,4,1.9281172,263.0,0.0,62.0,19.0,7.0,570.35,364.44,Health & Wellness,First Aid,GreenValley,1.9281172,263.0,1.9281172,136.402496694703,261.0718828,0.0,0.0,0.0,False,57.843516,205.156484,True,100.0,OVERSTOCK,MARKDOWN,0.0,74767.22902896,74767.23,CRITICAL,Inventory exceeds the 30-day demand coverage target,205.0
2025-12-15,ST07,SKU03781,3,1.8086464,135.0,0.0,69.0,31.0,7.0,1471.19,916.91,Electronics & Accessories,Small Appliances,SmartBuy,1.8086464,135.0,1.8086464,74.64145562117615,133.1913536,0.0,0.0,0.0,False,54.259392,80.74060800000001,True,100.0,OVERSTOCK,MARKDOWN,0.0,74031.87088128,74031.87,CRITICAL,Inventory exceeds the 30-day demand coverage target,81.0
2025-12-13,ST28,SKU04795,1,1.9278063,509.0,0.0,87.0,19.0,7.0,281.26,163.89,Grocery,Pulses & Lentils,CleanWave,1.9278063,509.0,1.9278063,264.03067569599705,507.0721937,0.0,0.0,0.0,False,57.834189,451.165811,True,100.0,OVERSTOCK,MARKDOWN,0.0,73941.56476479,73941.56,CRITICAL,Inventory exceeds the 30-day demand coverage target,451.0
2025-12-25,ST05,SKU01643,1,1.8251536,212.0,0.0,53.0,26.0,7.0,672.44,470.13,Personal Care,Men's Grooming,FreshFarm,1.8251536,212.0,1.8251536,116.15460748070738,210.1748464,0.0,0.0,0.0,False,54.754608,157.245392,True,100.0,OVERSTOCK,MARKDOWN,0.0,73925.77614096,73925.78,CRITICAL,Inventory exceeds the 30-day demand coverage target,157.0
2025-12-09,ST07,SKU01433,2,1.9116806,217.0,0.0,67.0,20.0,7.0,794.12,461.8,Frozen Foods,Ice Cream,GreenValley,1.9116806,217.0,1.9116806,113.51268616734407,215.0883194,0.0,0.0,0.0,False,57.350418,159.649582,True,100.0,OVERSTOCK,MARKDOWN,0.0,73726.17696760001,73726.18,CRITICAL,Inventory exceeds the 30-day demand coverage target,160.0
2025-12-19,ST06,SKU03966,2,2.1316476,424.0,0.0,75.0,26.0,7.0,367.96,204.45,Home Care,Air Fresheners,UrbanBite,2.1316476,424.0,2.1316476,198.90717396252552,421.8683524,0.0,0.0,0.0,False,63.949428,360.050572,True,100.0,OVERSTOCK,MARKDOWN,0.0,73612.3394454,73612.34,CRITICAL,Inventory exceeds the 30-day demand coverage target,360.0
2025-12-05,ST21,SKU02533,2,1.8388638,305.0,0.0,79.0,17.0,7.0,508.42,293.76,Personal Care,Men's Grooming,CityFresh,1.8388638,305.0,1.8388638,165.8632901468831,303.1611362,0.0,0.0,0.0,False,55.165914,249.834086,True,100.0,OVERSTOCK,MARKDOWN,0.0,73391.26110336,73391.26,CRITICAL,Inventory exceeds the 30-day demand coverage target,250.0
2025-12-23,ST04,SKU03881,1,1.8413044,228.0,0.0,78.0,24.0,7.0,565.72,421.53,Frozen Foods,Frozen Vegetables,BasicNeeds,1.8413044,228.0,1.8413044,123.82526213482137,226.1586956,0.0,0.0,0.0,False,55.239132000000005,172.760868,True,100.0,OVERSTOCK,MARKDOWN,0.0,72823.88868804,72823.89,CRITICAL,Inventory exceeds the 30-day demand coverage target,173.0
2025-12-09,ST23,SKU00874,1,1.9818099,185.0,0.0,31.0,10.0,7.0,872.01,578.74,Home & Kitchen,Home Decor,ValueChoice,1.9818099,185.0,1.9818099,93.34901394931975,183.0181901,0.0,0.0,0.0,False,59.454297,125.545703,True,100.0,OVERSTOCK,MARKDOWN,0.0,72658.32015422,72658.32,CRITICAL,Inventory exceeds the 30-day demand coverage target,126.0
2025-12-15,ST14,SKU02476,1,1.6705092,170.0,0.0,70.0,33.0,7.0,756.24,602.99,Frozen Foods,Ice Cream,NatureBlend,1.6705092,170.0,1.6705092,101.76537788597633,168.3294908,0.0,0.0,0.0,False,50.115275999999994,119.884724,True,100.0,OVERSTOCK,MARKDOWN,0.0,72289.28972476,72289.29,CRITICAL,Inventory exceeds the 30-day demand coverage target,120.0
2025-12-15,ST09,SKU00501,1,1.8414799,309.0,0.0,56.0,17.0,7.0,399.18,284.76,Home Care,Pest Control,MetroBrand,1.8414799,309.0,1.8414799,167.79982230596164,307.1585201,0.0,0.0,0.0,False,55.244397,253.755603,True,100.0,OVERSTOCK,MARKDOWN,0.0,72259.44551028,72259.45,CRITICAL,Inventory exceeds the 30-day demand coverage target,254.0
2025-12-14,ST12,SKU04708,2,1.7135215,121.0,0.0,85.0,23.0,7.0,1333.42,1027.6,Health & Wellness,OTC Medicine,EliteHome,1.7135215,121.0,1.7135215,70.61481282843548,119.2864785,0.0,0.0,0.0,False,51.405645,69.59435500000001,True,100.0,OVERSTOCK,MARKDOWN,0.0,71515.159198,71515.16,CRITICAL,Inventory exceeds the 30-day demand coverage target,70.0
2025-12-22,ST15,SKU02351,1,1.6815444,118.0,0.0,34.0,9.0,7.0,1847.9,1044.31,Electronics & Accessories,Small Appliances,HomeStyle,1.6815444,118.0,1.6815444,70.17358566327479,116.3184556,0.0,0.0,0.0,False,50.446332,67.553668,True,100.0,OVERSTOCK,MARKDOWN,0.0,70546.97102908,70546.97,CRITICAL,Inventory exceeds the 30-day demand coverage target,68.0
2025-12-12,ST07,SKU03621,4,2.0029752,309.0,0.0,58.0,13.0,7.0,370.39,283.32,Home Care,Surface Cleaners,SparkleClean,2.0029752,309.0,2.0029752,154.27050719349896,306.9970248,0.0,0.0,0.0,False,60.08925599999999,248.91074400000002,True,100.0,OVERSTOCK,MARKDOWN,0.0,70521.39199008001,70521.39,CRITICAL,Inventory exceeds the 30-day demand coverage target,249.0
2025-12-02,ST07,SKU04409,1,1.9185708,93.0,0.0,20.0,5.0,7.0,2585.87,1975.87,Apparel & Footwear,Footwear,SunriseFoods,1.9185708,93.0,1.9185708,48.473582522990554,91.0814292,0.0,0.0,0.0,False,57.557123999999995,35.442876000000005,True,61.6,OVERSTOCK,MARKDOWN,0.0,70030.51540212,70030.52,CRITICAL,Inventory exceeds the 30-day demand coverage target,35.0
2025-12-07,ST08,SKU04856,2,1.6867371,421.0,0.0,95.0,29.0,7.0,245.47,188.93,Stationery & Office,Office Supplies,HomeStyle,1.6867371,421.0,1.6867371,249.59432030041907,419.3132629,0.0,0.0,0.0,False,50.602113,370.39788699999997,True,100.0,OVERSTOCK,MARKDOWN,0.0,69979.27279090999,69979.27,CRITICAL,Inventory exceeds the 30-day demand coverage target,370.0
2025-12-16,ST09,SKU01133,4,1.8535668,308.0,0.0,65.0,21.0,7.0,347.45,276.24,Personal Care,Oral Care,GreenValley,1.8535668,308.0,1.8535668,166.16611821057649,306.1464332,0.0,0.0,0.0,False,55.607004,252.39299599999998,True,100.0,OVERSTOCK,MARKDOWN,0.0,69721.04121504,69721.04,CRITICAL,Inventory exceeds the 30-day demand coverage target,252.0
2025-12-08,ST05,SKU04152,1,1.8152989,145.0,0.0,35.0,9.0,7.0,1148.97,769.38,Health & Wellness,OTC Medicine,ValueChoice,1.8152989,145.0,1.8152989,79.8766528200948,143.1847011,0.0,0.0,0.0,False,54.458967,90.541033,True,100.0,OVERSTOCK,MARKDOWN,0.0,69660.45996954,69660.46,CRITICAL,Inventory exceeds the 30-day demand coverage target,91.0
2025-12-17,ST21,SKU04220,2,1.8001368,188.0,0.0,77.0,28.0,7.0,689.69,516.35,Frozen Foods,Ready Meals,DailyBest,1.8001368,188.0,1.8001368,104.43650726989193,186.1998632,0.0,0.0,0.0,False,54.004104,133.99589600000002,True,100.0,OVERSTOCK,MARKDOWN,0.0,69188.78089960001,69188.78,CRITICAL,Inventory exceeds the 30-day demand coverage target,134.0
2025-12-08,ST27,SKU02567,1,1.7192072,346.0,0.0,66.0,29.0,7.0,372.0,234.63,Home Care,Air Fresheners,GreenValley,1.7192072,346.0,1.7192072,201.25555546765975,344.2807928,0.0,0.0,0.0,False,51.576216,294.423784,True,100.0,OVERSTOCK,MARKDOWN,0.0,69080.65243992,69080.65,CRITICAL,Inventory exceeds the 30-day demand coverage target,294.0
2025-12-04,ST06,SKU04902,3,1.8098534,385.0,0.0,74.0,34.0,7.0,275.17,208.86,Beverages,Tea,CrispKing,1.8098534,385.0,1.8098534,212.72441182252663,383.1901466,0.0,0.0,0.0,False,54.295601999999995,330.704398,True,100.0,OVERSTOCK,MARKDOWN,0.0,69070.92056628001,69070.92,CRITICAL,Inventory exceeds the 30-day demand coverage target,331.0
2025-12-12,ST30,SKU04019,1,1.6720953,300.0,0.0,71.0,35.0,7.0,496.8,275.89,Frozen Foods,Ice Cream,NatureBlend,1.6720953,300.0,1.6720953,179.4156110599677,298.3279047,0.0,0.0,0.0,False,50.162859000000005,249.837141,True,100.0,OVERSTOCK,MARKDOWN,0.0,68927.56883049,68927.57,CRITICAL,Inventory exceeds the 30-day demand coverage target,250.0
2025-12-24,ST25,SKU02837,3,1.667166,91.0,0.0,59.0,16.0,7.0,2677.22,1673.66,Electronics & Accessories,Small Appliances,EliteHome,1.667166,91.0,1.667166,54.583646739436865,89.332834,0.0,0.0,0.0,False,50.014979999999994,40.985020000000006,True,81.9,OVERSTOCK,MARKDOWN,0.0,68594.98857320001,68594.99,CRITICAL,Inventory exceeds the 30-day demand coverage target,41.0
2025-12-14,ST21,SKU01649,1,1.8468934,318.0,0.0,79.0,29.0,7.0,433.36,258.86,Home Care,Surface Cleaners,NatureBlend,1.8468934,318.0,1.8468934,172.18102571594008,316.1531066,0.0,0.0,0.0,False,55.406802,262.59319800000003,True,100.0,OVERSTOCK,MARKDOWN,0.0,67974.87523428001,67974.88,CRITICAL,Inventory exceeds the 30-day demand coverage target,263.0
2025-12-31,ST27,SKU04571,1,1.7519281,180.0,0.0,85.0,17.0,7.0,868.52,532.19,Frozen Foods,Ready Meals,EliteHome,1.7519281,180.0,1.7519281,102.74394251681905,178.2480719,0.0,0.0,0.0,False,52.557843,127.44215700000001,True,100.0,OVERSTOCK,MARKDOWN,0.0,67823.44153383002,67823.44,CRITICAL,Inventory exceeds the 30-day demand coverage target,127.0
2025-12-23,ST26,SKU01075,1,2.2098086,379.0,0.0,64.0,16.0,7.0,382.05,215.8,Home Care,Dishwashing,HealthFirst,2.2098086,379.0,2.2098086,171.50806635470602,376.7901914,0.0,0.0,0.0,False,66.294258,312.705742,True,100.0,OVERSTOCK,MARKDOWN,0.0,67481.8991236,67481.9,CRITICAL,Inventory exceeds the 30-day demand coverage target,313.0
2025-12-04,ST04,SKU03428,2,1.7392069,314.0,0.0,92.0,39.0,7.0,399.86,255.7,Home & Kitchen,Home Decor,TrueTaste,1.7392069,314.0,1.7392069,180.54206201688828,312.2607931,0.0,0.0,0.0,False,52.176207,261.823793,True,100.0,OVERSTOCK,MARKDOWN,0.0,66948.3438701,66948.34,CRITICAL,Inventory exceeds the 30-day demand coverage target,262.0
2025-12-16,ST17,SKU01337,1,1.8835207,513.0,0.0,92.0,43.0,7.0,226.99,146.63,Beverages,Coffee,ZestyCo,1.8835207,513.0,1.8835207,272.3622840991341,511.1164793,0.0,0.0,0.0,False,56.505621000000005,456.494379,True,100.0,OVERSTOCK,MARKDOWN,0.0,66935.77079277,66935.77,CRITICAL,Inventory exceeds the 30-day demand coverage target,456.0
2025-12-12,ST20,SKU00685,2,2.0117478,97.0,0.0,33.0,14.0,7.0,2583.23,1816.98,Home & Kitchen,Cookware,GreenValley,2.0117478,97.0,2.0117478,48.21677945913498,94.9882522,0.0,0.0,0.0,False,60.352434,36.647566,True,60.7,OVERSTOCK,MARKDOWN,0.0,66587.89447068,66587.89,CRITICAL,Inventory exceeds the 30-day demand coverage target,37.0
2025-12-22,ST29,SKU03320,2,1.8686401,241.0,0.0,47.0,13.0,7.0,626.69,359.85,Home & Kitchen,Cookware,DailyBest,1.8686401,241.0,1.8686401,128.97079539286352,239.1313599,0.0,0.0,0.0,False,56.059203,184.940797,True,100.0,OVERSTOCK,MARKDOWN,0.0,66550.94580045,66550.95,CRITICAL,Inventory exceeds the 30-day demand coverage target,185.0
2025-12-16,ST27,SKU04865,1,1.9681469,112.0,0.0,79.0,38.0,7.0,1576.52,1255.93,Health & Wellness,OTC Medicine,PureLife,1.9681469,112.0,1.9681469,56.9063213726577,110.0318531,0.0,0.0,0.0,False,59.044407,52.955593,True,89.7,OVERSTOCK,MARKDOWN,0.0,66508.51791649,66508.52,CRITICAL,Inventory exceeds the 30-day demand coverage target,53.0
2025-12-07,ST25,SKU02136,2,1.8095635,83.0,0.0,72.0,17.0,7.0,3212.47,2313.56,Apparel & Footwear,Footwear,DailyBest,1.8095635,83.0,1.8095635,45.86741498709495,81.1904365,0.0,0.0,0.0,False,54.286905000000004,28.713094999999996,True,52.9,OVERSTOCK,MARKDOWN,0.0,66429.46806819999,66429.47,CRITICAL,Inventory exceeds the 30-day demand coverage target,29.0
2025-12-22,ST20,SKU03627,1,1.7850214,143.0,0.0,38.0,8.0,7.0,1083.01,735.55,Frozen Foods,Ready Meals,HealthFirst,1.7850214,143.0,1.7850214,80.11108438251777,141.2149786,0.0,0.0,0.0,False,53.550641999999996,89.449358,True,100.0,OVERSTOCK,MARKDOWN,0.0,65794.4752769,65794.48,CRITICAL,Inventory exceeds the 30-day demand coverage target,89.0
2025-12-02,ST10,SKU01753,1,1.8574641,96.0,0.0,40.0,11.0,7.0,2122.2,1631.44,Electronics & Accessories,Small Appliances,GoldenHarvest,1.8574641,96.0,1.8574641,51.6833676623952,94.1425359,0.0,0.0,0.0,False,55.723923,40.276077,True,72.3,OVERSTOCK,MARKDOWN,0.0,65708.00306088,65708.0,CRITICAL,Inventory exceeds the 30-day demand coverage target,40.0
2025-12-21,ST24,SKU03833,2,1.7766739,109.0,0.0,27.0,6.0,7.0,2097.29,1179.22,Electronics & Accessories,Small Appliances,DailyBest,1.7766739,109.0,1.7766739,61.350594501331955,107.2233261,0.0,0.0,0.0,False,53.300217,55.699783,True,100.0,OVERSTOCK,MARKDOWN,0.0,65682.29810926,65682.3,CRITICAL,Inventory exceeds the 30-day demand coverage target,56.0
2025-12-10,ST05,SKU01046,4,1.8275375,172.0,0.0,32.0,12.0,7.0,708.58,560.42,Health & Wellness,First Aid,PrimeCare,1.8275375,172.0,1.8275375,94.11571581978482,170.1724625,0.0,0.0,0.0,False,54.826125000000005,117.173875,True,100.0,OVERSTOCK,MARKDOWN,0.0,65666.58302749999,65666.58,CRITICAL,Inventory exceeds the 30-day demand coverage target,117.0
2025-12-16,ST27,SKU01494,2,1.800676,155.0,0.0,84.0,38.0,7.0,1136.73,646.36,Health & Wellness,First Aid,PremiumSelect,1.800676,155.0,1.800676,86.07878374565996,153.199324,0.0,0.0,0.0,False,54.02028,100.97972,True,100.0,OVERSTOCK,MARKDOWN,0.0,65269.2518192,65269.25,CRITICAL,Inventory exceeds the 30-day demand coverage target,101.0
2025-12-13,ST30,SKU01318,1,1.5690609,342.0,0.0,61.0,29.0,7.0,348.04,221.19,Personal Care,Skin Care,FamilyChoice,1.5690609,342.0,1.5690609,217.964771157066,340.4309391,0.0,0.0,0.0,False,47.071827,294.928173,True,100.0,OVERSTOCK,MARKDOWN,0.0,65235.162585870006,65235.16,CRITICAL,Inventory exceeds the 30-day demand coverage target,295.0
2025-12-04,ST01,SKU04887,1,2.0605924,149.0,0.0,27.0,12.0,7.0,970.11,747.65,Home & Kitchen,Storage & Containers,SmartBuy,2.0605924,149.0,2.0605924,72.30930289755509,146.9394076,0.0,0.0,0.0,False,61.817772,87.18222800000001,True,100.0,OVERSTOCK,MARKDOWN,0.0,65181.79276420001,65181.79,CRITICAL,Inventory exceeds the 30-day demand coverage target,87.0
2025-12-16,ST24,SKU01075,1,1.8873789,358.0,0.0,84.0,37.0,7.0,382.05,215.8,Home Care,Dishwashing,HealthFirst,1.8873789,358.0,1.8873789,189.68104390697596,356.1126211,0.0,0.0,0.0,False,56.621367,301.378633,True,100.0,OVERSTOCK,MARKDOWN,0.0,65037.5090014,65037.51,CRITICAL,Inventory exceeds the 30-day demand coverage target,301.0
2025-12-18,ST07,SKU01770,1,1.6216915,395.0,0.0,92.0,19.0,7.0,318.52,186.95,Frozen Foods,Ready Meals,ZestyCo,1.6216915,395.0,1.6216915,243.57283737381616,393.3783085,0.0,0.0,0.0,False,48.650745,346.34925499999997,True,100.0,OVERSTOCK,MARKDOWN,0.0,64749.99322224999,64749.99,CRITICAL,Inventory exceeds the 30-day demand coverage target,346.0
2025-12-05,ST29,SKU01964,1,1.8193533,125.0,0.0,67.0,23.0,7.0,1160.91,917.65,Home & Kitchen,Storage & Containers,UrbanBite,1.8193533,125.0,1.8193533,68.70573186637252,123.1806467,0.0,0.0,0.0,False,54.580599,70.419401,True,100.0,OVERSTOCK,MARKDOWN,0.0,64620.36332764999,64620.36,CRITICAL,Inventory exceeds the 30-day demand coverage target,70.0
2025-12-25,ST01,SKU03277,1,1.7894044,415.0,0.0,73.0,22.0,7.0,224.28,177.38,Home Care,Dishwashing,DailyBest,1.7894044,415.0,1.7894044,231.92074413139926,413.2105956,0.0,0.0,0.0,False,53.682132,361.317868,True,100.0,OVERSTOCK,MARKDOWN,0.0,64090.563425839995,64090.56,CRITICAL,Inventory exceeds the 30-day demand coverage target,361.0
2025-12-17,ST12,SKU02861,1,1.782257,193.0,0.0,78.0,18.0,7.0,585.54,458.65,Personal Care,Oral Care,HomeStyle,1.782257,193.0,1.782257,108.2896574399764,191.217743,0.0,0.0,0.0,False,53.46771,139.53229,True,100.0,OVERSTOCK,MARKDOWN,0.0,63996.48480849999,63996.48,CRITICAL,Inventory exceeds the 30-day demand coverage target,140.0
2025-12-26,ST29,SKU04365,2,1.7840792,105.0,0.0,39.0,16.0,7.0,1774.69,1234.53,Home & Kitchen,Storage & Containers,SoftTouch,1.7840792,105.0,1.7840792,58.8538894461636,103.2159208,0.0,0.0,0.0,False,53.522376,51.477624,True,96.2,OVERSTOCK,MARKDOWN,0.0,63550.671156719996,63550.67,CRITICAL,Inventory exceeds the 30-day demand coverage target,51.0
2025-12-10,ST14,SKU04073,1,1.8380531,216.0,0.0,65.0,18.0,7.0,514.74,392.24,Apparel & Footwear,Women's Wear,ValueChoice,1.8380531,216.0,1.8380531,117.51564739887003,214.1619469,0.0,0.0,0.0,False,55.141593,160.858407,True,100.0,OVERSTOCK,MARKDOWN,0.0,63095.10156168,63095.1,CRITICAL,Inventory exceeds the 30-day demand coverage target,161.0
2025-12-25,ST24,SKU02709,3,2.0021532,177.0,0.0,89.0,24.0,7.0,890.88,538.12,Electronics & Accessories,Mobile Accessories,SmartBuy,2.0021532,177.0,2.0021532,88.40482336716292,174.9978468,0.0,0.0,0.0,False,60.064596,116.935404,True,100.0,OVERSTOCK,MARKDOWN,0.0,62925.279600480004,62925.28,CRITICAL,Inventory exceeds the 30-day demand coverage target,117.0
2025-12-31,ST03,SKU00090,2,2.0353394,197.0,0.0,49.0,20.0,7.0,618.63,462.73,Health & Wellness,OTC Medicine,MetroBrand,2.0353394,197.0,2.0353394,96.78975408229213,194.9646606,0.0,0.0,0.0,False,61.060182,135.939818,True,100.0,OVERSTOCK,MARKDOWN,0.0,62903.431983140006,62903.43,CRITICAL,Inventory exceeds the 30-day demand coverage target,136.0
2025-12-09,ST08,SKU04334,3,1.8055575,336.0,0.0,59.0,13.0,7.0,287.82,222.77,Grocery,Pulses & Lentils,FreshFarm,1.8055575,336.0,1.8055575,186.09210728542294,334.1944425,0.0,0.0,0.0,False,54.166725,281.833275,True,100.0,OVERSTOCK,MARKDOWN,0.0,62783.99867175001,62784.0,CRITICAL,Inventory exceeds the 30-day demand coverage target,282.0
2025-12-25,ST20,SKU00982,1,1.7384882,121.0,0.0,80.0,18.0,7.0,1475.54,907.97,Electronics & Accessories,Batteries,GoldenHarvest,1.7384882,121.0,1.7384882,69.60070249542102,119.2615118,0.0,0.0,0.0,False,52.154646,68.845354,True,100.0,OVERSTOCK,MARKDOWN,0.0,62509.51607138,62509.52,CRITICAL,Inventory exceeds the 30-day demand coverage target,69.0
2025-12-15,ST22,SKU01696,1,1.9347545,397.0,0.0,88.0,41.0,7.0,246.47,183.01,Health & Wellness,First Aid,TrueTaste,1.9347545,397.0,1.9347545,205.19399231271979,395.0652455,0.0,0.0,0.0,False,58.042635,338.957365,True,100.0,OVERSTOCK,MARKDOWN,0.0,62032.58736864999,62032.59,CRITICAL,Inventory exceeds the 30-day demand coverage target,339.0
2025-12-09,ST10,SKU03290,1,1.8781692,110.0,0.0,91.0,42.0,7.0,1672.77,1155.95,Apparel & Footwear,Kids Wear,EverydayPlus,1.8781692,110.0,1.8781692,58.567673242645014,108.1218308,0.0,0.0,0.0,False,56.345076000000006,53.654923999999994,True,95.2,OVERSTOCK,MARKDOWN,0.0,62022.409397799995,62022.41,CRITICAL,Inventory exceeds the 30-day demand coverage target,54.0
2025-12-23,ST29,SKU02533,1,1.7437812,263.0,0.0,68.0,27.0,7.0,508.42,293.76,Personal Care,Men's Grooming,CityFresh,1.7437812,263.0,1.7437812,150.8216741871056,261.2562188,0.0,0.0,0.0,False,52.313435999999996,210.686564,True,100.0,OVERSTOCK,MARKDOWN,0.0,61891.285040639996,61891.29,CRITICAL,Inventory exceeds the 30-day demand coverage target,211.0
2025-12-24,ST03,SKU01649,5,1.779174,292.0,0.0,92.0,34.0,7.0,433.36,258.86,Home Care,Surface Cleaners,NatureBlend,1.779174,292.0,1.779174,164.12110338842632,290.220826,0.0,0.0,0.0,False,53.37522,238.62478,True,100.0,OVERSTOCK,MARKDOWN,0.0,61770.4105508,61770.41,CRITICAL,Inventory exceeds the 30-day demand coverage target,239.0
2025-12-19,ST19,SKU00389,3,1.8362702,204.0,0.0,47.0,13.0,7.0,644.49,411.18,Frozen Foods,Ready Meals,UrbanBite,1.8362702,204.0,1.8362702,111.09476154435224,202.1637298,0.0,0.0,0.0,False,55.088105999999996,148.91189400000002,True,100.0,OVERSTOCK,MARKDOWN,0.0,61229.59257492001,61229.59,CRITICAL,Inventory exceeds the 30-day demand coverage target,149.0
2025-12-24,ST29,SKU00439,4,1.8481075,171.0,0.0,63.0,19.0,7.0,786.51,528.22,Home & Kitchen,Home Decor,NatureBlend,1.8481075,171.0,1.8481075,92.52708513979842,169.1518925,0.0,0.0,0.0,False,55.443225,115.556775,True,100.0,OVERSTOCK,MARKDOWN,0.0,61039.3996905,61039.4,CRITICAL,Inventory exceeds the 30-day demand coverage target,116.0
2025-12-02,ST22,SKU03873,1,1.8156122,170.0,0.0,96.0,27.0,7.0,855.7,528.33,Frozen Foods,Ready Meals,SmartBuy,1.8156122,170.0,1.8156122,93.63232963515007,168.1843878,0.0,0.0,0.0,False,54.468365999999996,115.531634,True,100.0,OVERSTOCK,MARKDOWN,0.0,61038.828191220004,61038.83,CRITICAL,Inventory exceeds the 30-day demand coverage target,116.0
2025-12-08,ST21,SKU00150,2,1.5820436,407.0,0.0,70.0,26.0,7.0,266.14,169.6,Grocery,Sugar & Salt,FreshFarm,1.5820436,407.0,1.5820436,257.26218923422846,405.4179564,0.0,0.0,0.0,False,47.461308,359.53869199999997,True,100.0,OVERSTOCK,MARKDOWN,0.0,60977.762163199994,60977.76,CRITICAL,Inventory exceeds the 30-day demand coverage target,360.0
2025-12-20,ST26,SKU04795,2,1.778604,425.0,0.0,94.0,47.0,7.0,281.26,163.89,Grocery,Pulses & Lentils,CleanWave,1.778604,425.0,1.778604,238.95144731486042,423.221396,0.0,0.0,0.0,False,53.35812,371.64188,True,100.0,OVERSTOCK,MARKDOWN,0.0,60908.3877132,60908.39,CRITICAL,Inventory exceeds the 30-day demand coverage target,372.0
2025-12-29,ST29,SKU04847,1,1.9748585,199.0,0.0,98.0,32.0,7.0,630.96,434.38,Electronics & Accessories,Small Appliances,ValueChoice,1.9748585,199.0,1.9748585,100.76671315944914,197.0251415,0.0,0.0,0.0,False,59.245755,139.754245,True,100.0,OVERSTOCK,MARKDOWN,0.0,60706.4489431,60706.45,CRITICAL,Inventory exceeds the 30-day demand coverage target,140.0
2025-12-17,ST01,SKU00186,4,1.8955779,108.0,0.0,27.0,11.0,7.0,1862.84,1185.19,Apparel & Footwear,Men's Wear,TrueTaste,1.8955779,108.0,1.8955779,56.97470940128601,106.1044221,0.0,0.0,0.0,False,56.867337,51.132663,True,89.9,OVERSTOCK,MARKDOWN,0.0,60601.92086097001,60601.92,CRITICAL,Inventory exceeds the 30-day demand coverage target,51.0
2025-12-21,ST03,SKU04388,3,1.792823,111.0,0.0,33.0,13.0,7.0,1796.48,1058.38,Electronics & Accessories,Mobile Accessories,SmartBuy,1.792823,111.0,1.792823,61.91352966801519,109.207177,0.0,0.0,0.0,False,53.784690000000005,57.215309999999995,True,100.0,OVERSTOCK,MARKDOWN,0.0,60555.539797800004,60555.54,CRITICAL,Inventory exceeds the 30-day demand coverage target,57.0
2025-12-09,ST08,SKU04945,1,1.7940681,476.0,0.0,82.0,25.0,7.0,204.86,142.24,Home Care,Pest Control,FreshFarm,1.7940681,476.0,1.7940681,265.31880255827525,474.2059319,0.0,0.0,0.0,False,53.822043,422.177957,True,100.0,OVERSTOCK,MARKDOWN,0.0,60050.59260368,60050.59,CRITICAL,Inventory exceeds the 30-day demand coverage target,422.0
2025-12-15,ST29,SKU04706,1,1.8451306,226.0,0.0,54.0,12.0,7.0,625.94,351.4,Electronics & Accessories,Batteries,UrbanBite,1.8451306,226.0,1.8451306,122.4845547518425,224.1548694,0.0,0.0,0.0,False,55.353918,170.646082,True,100.0,OVERSTOCK,MARKDOWN,0.0,59965.0332148,59965.03,CRITICAL,Inventory exceeds the 30-day demand coverage target,171.0
2025-12-06,ST23,SKU02389,1,1.8401785,173.0,0.0,72.0,35.0,7.0,830.82,505.99,Frozen Foods,Frozen Meat,HomeStyle,1.8401785,173.0,1.8401785,94.01261888452669,171.1598215,0.0,0.0,0.0,False,55.205355,117.794645,True,100.0,OVERSTOCK,MARKDOWN,0.0,59602.912423550006,59602.91,CRITICAL,Inventory exceeds the 30-day demand coverage target,118.0
2025-12-13,ST22,SKU02961,1,1.8506426,135.0,0.0,57.0,27.0,7.0,1130.98,748.45,Frozen Foods,Frozen Meat,UrbanBite,1.8506426,135.0,1.8506426,72.9476345135468,133.1493574,0.0,0.0,0.0,False,55.519278,79.480722,True,100.0,OVERSTOCK,MARKDOWN,0.0,59487.3463809,59487.35,CRITICAL,Inventory exceeds the 30-day demand coverage target,79.0
2025-12-11,ST15,SKU01939,4,1.962744,326.0,0.0,84.0,40.0,7.0,297.93,222.4,Dairy & Bakery,Milk,HealthFirst,1.962744,326.0,1.962744,166.09399901362582,324.037256,0.0,0.0,0.0,False,58.88232,267.11768,True,100.0,OVERSTOCK,MARKDOWN,0.0,59406.972032000005,59406.97,CRITICAL,Inventory exceeds the 30-day demand coverage target,267.0
2025-12-31,ST29,SKU03428,1,1.7579173,285.0,0.0,55.0,18.0,7.0,399.86,255.7,Home & Kitchen,Home Decor,TrueTaste,1.7579173,285.0,1.7579173,162.12366759232646,283.2420827,0.0,0.0,0.0,False,52.737519,232.262481,True,100.0,OVERSTOCK,MARKDOWN,0.0,59389.5163917,59389.52,CRITICAL,Inventory exceeds the 30-day demand coverage target,232.0
2025-12-13,ST20,SKU04591,1,1.7737116,549.0,0.0,93.0,44.0,7.0,186.58,119.57,Dairy & Bakery,Butter & Ghee,SunriseFoods,1.7737116,549.0,1.7737116,309.52044289500054,547.2262884,0.0,0.0,0.0,False,53.211348,495.788652,True,100.0,OVERSTOCK,MARKDOWN,0.0,59281.44911964,59281.45,CRITICAL,Inventory exceeds the 30-day demand coverage target,496.0
2025-12-27,ST28,SKU00389,1,1.9976163,204.0,0.0,38.0,18.0,7.0,644.49,411.18,Frozen Foods,Ready Meals,UrbanBite,1.9976163,204.0,1.9976163,102.12171376455028,202.0023837,0.0,0.0,0.0,False,59.928489,144.071511,True,100.0,OVERSTOCK,MARKDOWN,0.0,59239.32389298,59239.32,CRITICAL,Inventory exceeds the 30-day demand coverage target,144.0
2025-12-02,ST22,SKU01623,1,1.9102197,225.0,0.0,82.0,33.0,7.0,443.72,353.19,Personal Care,Men's Grooming,SoftTouch,1.9102197,225.0,1.9102197,117.78749847465188,223.0897803,0.0,0.0,0.0,False,57.306591000000004,167.693409,True,100.0,OVERSTOCK,MARKDOWN,0.0,59227.63512471,59227.64,CRITICAL,Inventory exceeds the 30-day demand coverage target,168.0
2025-12-04,ST21,SKU00834,1,1.9239327,164.0,0.0,55.0,21.0,7.0,754.91,555.06,Health & Wellness,OTC Medicine,QuickBite,1.9239327,164.0,1.9239327,85.24206693924377,162.0760673,0.0,0.0,0.0,False,57.717980999999995,106.282019,True,100.0,OVERSTOCK,MARKDOWN,0.0,58992.89746614,58992.9,CRITICAL,Inventory exceeds the 30-day demand coverage target,106.0
2025-12-20,ST25,SKU02209,4,1.8277556,148.0,0.0,30.0,15.0,7.0,980.37,632.41,Health & Wellness,OTC Medicine,CityFresh,1.8277556,148.0,1.8277556,80.97362688972203,146.1722444,0.0,0.0,0.0,False,54.832668,93.167332,True,100.0,OVERSTOCK,MARKDOWN,0.0,58919.95243012,58919.95,CRITICAL,Inventory exceeds the 30-day demand coverage target,93.0
2025-12-02,ST17,SKU00608,3,1.9450132,206.0,0.0,56.0,23.0,7.0,613.29,397.46,Personal Care,Oral Care,CrispKing,1.9450132,206.0,1.9450132,105.91187761604908,204.0549868,0.0,0.0,0.0,False,58.350396,147.649604,True,100.0,OVERSTOCK,MARKDOWN,0.0,58684.811605840005,58684.81,CRITICAL,Inventory exceeds the 30-day demand coverage target,148.0
2025-12-09,ST06,SKU03184,1,1.8674464,119.0,0.0,49.0,12.0,7.0,1264.26,929.43,Home & Kitchen,Cookware,BasicNeeds,1.8674464,119.0,1.8674464,63.7233818330743,117.1325536,0.0,0.0,0.0,False,56.023392,62.976608,True,100.0,OVERSTOCK,MARKDOWN,0.0,58532.34877344,58532.35,CRITICAL,Inventory exceeds the 30-day demand coverage target,63.0
2025-12-26,ST20,SKU04902,2,1.7884514,333.0,0.0,82.0,37.0,7.0,275.17,208.86,Beverages,Tea,CrispKing,1.7884514,333.0,1.7884514,186.19460389027066,331.2115486,0.0,0.0,0.0,False,53.653542,279.346458,True,100.0,OVERSTOCK,MARKDOWN,0.0,58344.30121788,58344.3,CRITICAL,Inventory exceeds the 30-day demand coverage target,279.0
2025-12-06,ST22,SKU04019,3,2.154136,276.0,0.0,63.0,14.0,7.0,496.8,275.89,Frozen Foods,Ice Cream,NatureBlend,2.154136,276.0,2.154136,128.12561509579712,273.845864,0.0,0.0,0.0,False,64.62407999999999,211.37592,True,100.0,OVERSTOCK,MARKDOWN,0.0,58316.5025688,58316.5,CRITICAL,Inventory exceeds the 30-day demand coverage target,211.0
2025-12-22,ST30,SKU02501,1,2.0908732,225.0,0.0,42.0,20.0,7.0,490.38,358.61,Home & Kitchen,Storage & Containers,SoftTouch,2.0908732,225.0,2.0908732,107.61054281053485,222.9091268,0.0,0.0,0.0,False,62.726195999999995,162.273804,True,100.0,OVERSTOCK,MARKDOWN,0.0,58193.008852440005,58193.01,CRITICAL,Inventory exceeds the 30-day demand coverage target,162.0
2025-12-27,ST11,SKU03917,2,2.1355836,120.0,0.0,50.0,24.0,7.0,1503.21,1032.86,Home & Kitchen,Home Decor,EverydayPlus,2.1355836,120.0,2.1355836,56.19072931633302,117.8644164,0.0,0.0,0.0,False,64.067508,55.932491999999996,True,87.3,OVERSTOCK,MARKDOWN,0.0,57770.43368711999,57770.43,CRITICAL,Inventory exceeds the 30-day demand coverage target,56.0
2025-12-17,ST15,SKU00699,4,1.8774463,221.0,0.0,57.0,18.0,7.0,562.89,349.89,Apparel & Footwear,Kids Wear,SmartBuy,1.8774463,221.0,1.8774463,117.71308718656827,219.1225537,0.0,0.0,0.0,False,56.323389,164.676611,True,100.0,OVERSTOCK,MARKDOWN,0.0,57618.69942279,57618.7,CRITICAL,Inventory exceeds the 30-day demand coverage target,165.0
2025-12-07,ST06,SKU03097,1,1.7808131,104.0,0.0,94.0,24.0,7.0,1659.8,1124.51,Apparel & Footwear,Women's Wear,NovaFresh,1.7808131,104.0,1.7808131,58.400289171278,102.2191869,0.0,0.0,0.0,False,53.424393,50.575607,True,94.7,OVERSTOCK,MARKDOWN,0.0,56872.775827569996,56872.78,CRITICAL,Inventory exceeds the 30-day demand coverage target,51.0
2025-12-24,ST16,SKU01491,2,1.6253474,137.0,0.0,81.0,18.0,7.0,848.79,642.5,Electronics & Accessories,Mobile Accessories,MetroBrand,1.6253474,137.0,1.6253474,84.28967247248188,135.3746526,0.0,0.0,0.0,False,48.760422000000005,88.239578,True,100.0,OVERSTOCK,MARKDOWN,0.0,56693.928864999994,56693.93,CRITICAL,Inventory exceeds the 30-day demand coverage target,88.0
2025-12-31,ST24,SKU01468,1,1.8994724,174.0,0.0,93.0,33.0,7.0,645.85,484.21,Frozen Foods,Ice Cream,PurePlus,1.8994724,174.0,1.8994724,91.60438445960047,172.1005276,0.0,0.0,0.0,False,56.984172,117.015828,True,100.0,OVERSTOCK,MARKDOWN,0.0,56660.23407588,56660.23,CRITICAL,Inventory exceeds the 30-day demand coverage target,117.0
2025-12-22,ST09,SKU04442,2,1.6629853,344.0,0.0,61.0,14.0,7.0,270.65,192.27,Grocery,Pulses & Lentils,CityFresh,1.6629853,344.0,1.6629853,206.85690967923767,342.3370147,0.0,0.0,0.0,False,49.889559000000006,294.110441,True,100.0,OVERSTOCK,MARKDOWN,0.0,56548.61449107,56548.61,CRITICAL,Inventory exceeds the 30-day demand coverage target,294.0
2025-12-30,ST22,SKU03250,4,1.9322698,146.0,0.0,76.0,23.0,7.0,972.67,635.2,Electronics & Accessories,Mobile Accessories,ValueChoice,1.9322698,146.0,1.9322698,75.55880653933524,144.0677302,0.0,0.0,0.0,False,57.968094,88.03190599999999,True,100.0,OVERSTOCK,MARKDOWN,0.0,55917.8666912,55917.87,CRITICAL,Inventory exceeds the 30-day demand coverage target,88.0
2025-12-18,ST11,SKU01458,2,1.8947755,212.0,0.0,85.0,39.0,7.0,551.81,358.71,Health & Wellness,OTC Medicine,ValueChoice,1.8947755,212.0,1.8947755,111.8866060913285,210.1052245,0.0,0.0,0.0,False,56.843264999999995,155.156735,True,100.0,OVERSTOCK,MARKDOWN,0.0,55656.27241185,55656.27,CRITICAL,Inventory exceeds the 30-day demand coverage target,155.0
2025-12-03,ST19,SKU00805,2,1.7905643,150.0,0.0,100.0,25.0,7.0,959.48,576.89,Apparel & Footwear,Kids Wear,DailyBest,1.7905643,150.0,1.7905643,83.77247329235817,148.2094357,0.0,0.0,0.0,False,53.716929,96.283071,True,100.0,OVERSTOCK,MARKDOWN,0.0,55544.74082919,55544.74,CRITICAL,Inventory exceeds the 30-day demand coverage target,96.0
2025-12-26,ST09,SKU02129,1,1.5618535,447.0,0.0,92.0,25.0,7.0,227.28,138.59,Personal Care,Oral Care,UrbanBite,1.5618535,447.0,1.5618535,286.1984174572071,445.4381465,0.0,0.0,0.0,False,46.855605,400.14439500000003,True,100.0,OVERSTOCK,MARKDOWN,0.0,55456.011703050004,55456.01,CRITICAL,Inventory exceeds the 30-day demand coverage target,400.0
2025-12-26,ST30,SKU01818,1,1.8177294,238.0,0.0,57.0,13.0,7.0,472.39,301.8,Home Care,Surface Cleaners,CleanWave,1.8177294,238.0,1.8177294,130.93257995386992,236.1822706,0.0,0.0,0.0,False,54.531881999999996,183.468118,True,100.0,OVERSTOCK,MARKDOWN,0.0,55370.6780124,55370.68,CRITICAL,Inventory exceeds the 30-day demand coverage target,183.0
2025-12-22,ST27,SKU03583,1,1.5881491,293.0,0.0,66.0,30.0,7.0,306.2,222.18,Personal Care,Hair Care,FreshFarm,1.5881491,293.0,1.5881491,184.49149390318578,291.4118509,0.0,0.0,0.0,False,47.644473000000005,245.355527,True,100.0,OVERSTOCK,MARKDOWN,0.0,54513.09098886,54513.09,CRITICAL,Inventory exceeds the 30-day demand coverage target,245.0
2025-12-07,ST14,SKU02780,3,1.7585291,148.0,0.0,91.0,30.0,7.0,791.92,569.66,Health & Wellness,First Aid,ValueChoice,1.7585291,148.0,1.7585291,84.1612458957887,146.2414709,0.0,0.0,0.0,False,52.755873,95.24412699999999,True,100.0,OVERSTOCK,MARKDOWN,0.0,54256.76938681999,54256.77,CRITICAL,Inventory exceeds the 30-day demand coverage target,95.0
2025-12-16,ST17,SKU03097,2,1.792536,102.0,0.0,100.0,46.0,7.0,1659.8,1124.51,Apparel & Footwear,Women's Wear,NovaFresh,1.792536,102.0,1.792536,56.902622876193284,100.207464,0.0,0.0,0.0,False,53.77608,48.22392,True,89.7,OVERSTOCK,MARKDOWN,0.0,54228.2802792,54228.28,CRITICAL,Inventory exceeds the 30-day demand coverage target,48.0
2025-12-02,ST01,SKU01075,1,1.8775861,306.0,0.0,83.0,22.0,7.0,382.05,215.8,Home Care,Dishwashing,HealthFirst,1.8775861,306.0,1.8775861,162.97521589023268,304.1224139,0.0,0.0,0.0,False,56.327583000000004,249.672417,True,100.0,OVERSTOCK,MARKDOWN,0.0,53879.3075886,53879.31,CRITICAL,Inventory exceeds the 30-day demand coverage target,250.0
2025-12-20,ST17,SKU04902,2,1.8347031,313.0,0.0,93.0,25.0,7.0,275.17,208.86,Beverages,Tea,CrispKing,1.8347031,313.0,1.8347031,170.5998098547934,311.1652969,0.0,0.0,0.0,False,55.041093000000004,257.958907,True,100.0,OVERSTOCK,MARKDOWN,0.0,53877.297316020005,53877.3,CRITICAL,Inventory exceeds the 30-day demand coverage target,258.0
2025-12-18,ST03,SKU03592,1,1.8589493,321.0,0.0,60.0,21.0,7.0,297.65,202.54,Dairy & Bakery,Cheese,PureLife,1.8589493,321.0,1.8589493,172.67818977096363,319.1410507,0.0,0.0,0.0,False,55.768479,265.231521,True,100.0,OVERSTOCK,MARKDOWN,0.0,53719.99226334,53719.99,CRITICAL,Inventory exceeds the 30-day demand coverage target,265.0
2025-12-05,ST10,SKU03950,2,1.6879224,322.0,0.0,78.0,29.0,7.0,318.71,197.95,Personal Care,Hair Care,FreshFarm,1.6879224,322.0,1.6879224,190.76706369913688,320.3120776,0.0,0.0,0.0,False,50.637671999999995,271.362328,True,100.0,OVERSTOCK,MARKDOWN,0.0,53716.17282759999,53716.17,CRITICAL,Inventory exceeds the 30-day demand coverage target,271.0
2025-12-11,ST08,SKU01266,2,1.7971145,148.0,0.0,100.0,42.0,7.0,875.0,569.19,Apparel & Footwear,Men's Wear,PremiumSelect,1.7971145,148.0,1.7971145,82.35424064521209,146.2028855,0.0,0.0,0.0,False,53.913435,94.08656500000001,True,100.0,OVERSTOCK,MARKDOWN,0.0,53553.13193235001,53553.13,CRITICAL,Inventory exceeds the 30-day demand coverage target,94.0
2025-12-16,ST30,SKU00874,2,1.8251451,147.0,0.0,37.0,16.0,7.0,872.01,578.74,Home & Kitchen,Home Decor,ValueChoice,1.8251451,147.0,1.8251451,80.54154160126775,145.1748549,0.0,0.0,0.0,False,54.754353,92.24564699999999,True,100.0,OVERSTOCK,MARKDOWN,0.0,53386.24574478,53386.25,CRITICAL,Inventory exceeds the 30-day demand coverage target,92.0
2025-12-23,ST04,SKU03958,2,1.9003861,163.0,0.0,93.0,26.0,7.0,707.73,503.09,Home & Kitchen,Home Decor,PrimeCare,1.9003861,163.0,1.9003861,85.77204390202601,161.0996139,0.0,0.0,0.0,False,57.011583,105.988417,True,100.0,OVERSTOCK,MARKDOWN,0.0,53321.712708529994,53321.71,CRITICAL,Inventory exceeds the 30-day demand coverage target,106.0
2025-12-19,ST03,SKU00044,1,1.8024454,226.0,0.0,81.0,32.0,7.0,525.77,309.26,Personal Care,Skin Care,PureLife,1.8024454,226.0,1.8024454,125.38521277815127,224.1975546,0.0,0.0,0.0,False,54.073362,171.926638,True,100.0,OVERSTOCK,MARKDOWN,0.0,53170.03206788,53170.03,CRITICAL,Inventory exceeds the 30-day demand coverage target,172.0
2025-12-17,ST20,SKU04526,1,2.118329,320.0,0.0,65.0,22.0,7.0,318.07,206.93,Personal Care,Skin Care,SunriseFoods,2.118329,320.0,2.118329,151.06246480126552,317.881671,0.0,0.0,0.0,False,63.549870000000006,256.45013,True,100.0,OVERSTOCK,MARKDOWN,0.0,53067.2254009,53067.23,CRITICAL,Inventory exceeds the 30-day demand coverage target,256.0
2025-12-18,ST29,SKU01456,3,1.7205421,117.0,0.0,62.0,16.0,7.0,1082.17,811.51,Home & Kitchen,Cookware,TrueTaste,1.7205421,117.0,1.7205421,68.00182337880601,115.2794579,0.0,0.0,0.0,False,51.616263000000004,65.383737,True,100.0,OVERSTOCK,MARKDOWN,0.0,53059.55641287,53059.56,CRITICAL,Inventory exceeds the 30-day demand coverage target,65.0
2025-12-12,ST07,SKU02700,3,1.8666656,304.0,0.0,75.0,24.0,7.0,340.42,212.44,Personal Care,Hair Care,DailyBest,1.8666656,304.0,1.8666656,162.85723591842054,302.1333344,0.0,0.0,0.0,False,55.999967999999996,248.000032,True,100.0,OVERSTOCK,MARKDOWN,0.0,52685.126798080004,52685.13,CRITICAL,Inventory exceeds the 30-day demand coverage target,248.0
2025-12-22,ST02,SKU03457,2,2.1044774,501.0,0.0,90.0,33.0,7.0,207.73,120.2,Dairy & Bakery,Cheese,PremiumSelect,2.1044774,501.0,2.1044774,238.06385376245905,498.8955226,0.0,0.0,0.0,False,63.134322,437.865678,True,100.0,OVERSTOCK,MARKDOWN,0.0,52631.4544956,52631.45,CRITICAL,Inventory exceeds the 30-day demand coverage target,438.0
2025-12-27,ST22,SKU01792,1,1.5949664,257.0,0.0,49.0,11.0,7.0,400.01,250.71,Dairy & Bakery,Butter & Ghee,SoftTouch,1.5949664,257.0,1.5949664,161.13192102354006,255.4050336,0.0,0.0,0.0,False,47.848991999999996,209.151008,True,100.0,OVERSTOCK,MARKDOWN,0.0,52436.24921568,52436.25,CRITICAL,Inventory exceeds the 30-day demand coverage target,209.0
2025-12-11,ST21,SKU03950,2,1.8388896,320.0,0.0,73.0,30.0,7.0,318.71,197.95,Personal Care,Hair Care,FreshFarm,1.8388896,320.0,1.8388896,174.0180595942247,318.1611104,0.0,0.0,0.0,False,55.16668799999999,264.833312,True,100.0,OVERSTOCK,MARKDOWN,0.0,52423.75411039999,52423.75,CRITICAL,Inventory exceeds the 30-day demand coverage target,265.0
2025-12-24,ST20,SKU03649,2,1.9114573,241.0,0.0,85.0,39.0,7.0,451.0,282.79,Grocery,Sugar & Salt,MetroBrand,1.9114573,241.0,1.9114573,126.08181202896868,239.0885427,0.0,0.0,0.0,False,57.343719,183.656281,True,100.0,OVERSTOCK,MARKDOWN,0.0,51936.15970399001,51936.16,CRITICAL,Inventory exceeds the 30-day demand coverage target,184.0
2025-12-06,ST17,SKU01485,3,1.8875774,208.0,0.0,92.0,36.0,7.0,476.18,342.91,Personal Care,Men's Grooming,PrimeCare,1.8875774,208.0,1.8875774,110.19415680649705,206.1124226,0.0,0.0,0.0,False,56.627322,151.372678,True,100.0,OVERSTOCK,MARKDOWN,0.0,51907.205012980005,51907.21,CRITICAL,Inventory exceeds the 30-day demand coverage target,151.0
2025-12-05,ST05,SKU03603,2,1.6925437,353.0,0.0,79.0,28.0,7.0,222.12,170.96,Stationery & Office,Writing Instruments,NatureBlend,1.6925437,353.0,1.6925437,208.56182324864048,351.3074563,0.0,0.0,0.0,False,50.776311,302.223689,True,100.0,OVERSTOCK,MARKDOWN,0.0,51668.161871439996,51668.16,CRITICAL,Inventory exceeds the 30-day demand coverage target,302.0
2025-12-23,ST08,SKU00919,2,2.084945,223.0,0.0,80.0,20.0,7.0,576.32,321.95,Personal Care,Skin Care,PrimeCare,2.084945,223.0,2.084945,106.9572578653154,220.915055,0.0,0.0,0.0,False,62.54834999999999,160.45165,True,100.0,OVERSTOCK,MARKDOWN,0.0,51657.408717499995,51657.41,CRITICAL,Inventory exceeds the 30-day demand coverage target,160.0
2025-12-27,ST14,SKU04578,2,1.6818844,136.0,0.0,97.0,29.0,7.0,802.76,601.87,Home & Kitchen,Home Decor,BasicNeeds,1.6818844,136.0,1.6818844,80.86168110008036,134.3181156,0.0,0.0,0.0,False,50.456531999999996,85.543468,True,100.0,OVERSTOCK,MARKDOWN,0.0,51486.047085160004,51486.05,CRITICAL,Inventory exceeds the 30-day demand coverage target,86.0
2025-12-13,ST06,SKU00915,1,1.8815397,146.0,0.0,95.0,20.0,7.0,771.32,572.02,Apparel & Footwear,Women's Wear,BasicNeeds,1.8815397,146.0,1.8815397,77.59602414979604,144.1184603,0.0,0.0,0.0,False,56.446191,89.553809,True,100.0,OVERSTOCK,MARKDOWN,0.0,51226.56982418,51226.57,CRITICAL,Inventory exceeds the 30-day demand coverage target,90.0
2025-12-12,ST08,SKU00167,2,1.93664,89.0,0.0,25.0,10.0,7.0,2596.95,1652.67,Electronics & Accessories,Batteries,ZestyCo,1.93664,89.0,1.93664,45.95588235294118,87.06336,0.0,0.0,0.0,False,58.099199999999996,30.900800000000004,True,53.2,OVERSTOCK,MARKDOWN,0.0,51068.82513600001,51068.83,CRITICAL,Inventory exceeds the 30-day demand coverage target,31.0
2025-12-26,ST26,SKU00954,1,1.8539734,405.0,0.0,70.0,29.0,7.0,209.16,145.35,Beverages,Soft Drinks,PurePlus,1.8539734,405.0,1.8539734,218.44973611811258,403.1460266,0.0,0.0,0.0,False,55.619202,349.380798,True,100.0,OVERSTOCK,MARKDOWN,0.0,50782.4989893,50782.5,CRITICAL,Inventory exceeds the 30-day demand coverage target,349.0
2025-12-11,ST24,SKU03603,1,1.7968391,348.0,0.0,81.0,33.0,7.0,222.12,170.96,Stationery & Office,Writing Instruments,NatureBlend,1.7968391,348.0,1.7968391,193.6734346442038,346.2031609,0.0,0.0,0.0,False,53.905173,294.094827,True,100.0,OVERSTOCK,MARKDOWN,0.0,50278.45162392,50278.45,CRITICAL,Inventory exceeds the 30-day demand coverage target,294.0
2025-12-22,ST08,SKU02659,2,1.9680759,171.0,0.0,89.0,42.0,7.0,601.35,448.17,Apparel & Footwear,Men's Wear,UrbanBite,1.9680759,171.0,1.9680759,86.88689292928184,169.0319241,0.0,0.0,0.0,False,59.042277000000006,111.95772299999999,True,100.0,OVERSTOCK,MARKDOWN,0.0,50176.092716909996,50176.09,CRITICAL,Inventory exceeds the 30-day demand coverage target,112.0
2025-12-22,ST13,SKU00908,4,1.7570003,94.0,0.0,63.0,20.0,7.0,2108.67,1210.94,Apparel & Footwear,Kids Wear,NatureBlend,1.7570003,94.0,1.7570003,53.50027544104574,92.2429997,0.0,0.0,0.0,False,52.710009,41.289991,True,78.3,OVERSTOCK,MARKDOWN,0.0,49999.701701540005,49999.7,CRITICAL,Inventory exceeds the 30-day demand coverage target,41.0
2025-12-02,ST14,SKU00674,1,1.783264,175.0,0.0,79.0,31.0,7.0,736.02,410.33,Health & Wellness,Vitamins & Supplements,HealthFirst,1.783264,175.0,1.783264,98.1346564501947,173.216736,0.0,0.0,0.0,False,53.49792,121.50208,True,100.0,OVERSTOCK,MARKDOWN,0.0,49855.948486400004,49855.95,CRITICAL,Inventory exceeds the 30-day demand coverage target,122.0
2025-12-03,ST25,SKU00062,1,1.9383994,228.0,0.0,97.0,36.0,7.0,499.45,291.09,Electronics & Accessories,Mobile Accessories,EverydayPlus,1.9383994,228.0,1.9383994,117.62281808382731,226.0616006,0.0,0.0,0.0,False,58.151982,169.848018,True,100.0,OVERSTOCK,MARKDOWN,0.0,49441.05955961999,49441.06,CRITICAL,Inventory exceeds the 30-day demand coverage target,170.0
2025-12-27,ST05,SKU01717,1,2.2518592,286.0,0.0,50.0,16.0,7.0,289.99,226.29,Beverages,Bottled Water,EliteHome,2.2518592,286.0,2.2518592,127.00616450620002,283.7481408,0.0,0.0,0.0,False,67.55577600000001,218.444224,True,100.0,OVERSTOCK,MARKDOWN,0.0,49431.74344896,49431.74,CRITICAL,Inventory exceeds the 30-day demand coverage target,218.0
2025-12-07,ST27,SKU03179,4,1.6393515,312.0,0.0,98.0,31.0,7.0,294.42,187.69,Personal Care,Skin Care,NatureBlend,1.6393515,312.0,1.6393515,190.31915974090973,310.3606485,0.0,0.0,0.0,False,49.180545,262.819455,True,100.0,OVERSTOCK,MARKDOWN,0.0,49328.58350895,49328.58,CRITICAL,Inventory exceeds the 30-day demand coverage target,263.0
2025-12-26,ST25,SKU00507,1,1.8097725,97.0,0.0,39.0,13.0,7.0,1588.92,1152.62,Apparel & Footwear,Footwear,HealthFirst,1.8097725,97.0,1.8097725,53.59789697323835,95.1902275,0.0,0.0,0.0,False,54.293175,42.706825,True,78.7,OVERSTOCK,MARKDOWN,0.0,49224.7406315,49224.74,CRITICAL,Inventory exceeds the 30-day demand coverage target,43.0
2025-12-07,ST15,SKU04145,3,2.3377767,289.0,0.0,49.0,21.0,7.0,293.61,224.88,Stationery & Office,Notebooks,CleanWave,2.3377767,289.0,2.3377767,123.62172999671012,286.6622233,0.0,0.0,0.0,False,70.133301,218.86669899999998,True,100.0,OVERSTOCK,MARKDOWN,0.0,49218.743271119994,49218.74,CRITICAL,Inventory exceeds the 30-day demand coverage target,219.0
2025-12-20,ST06,SKU01273,1,1.9167845,186.0,0.0,91.0,39.0,7.0,672.35,382.47,Health & Wellness,Vitamins & Supplements,FamilyChoice,1.9167845,186.0,1.9167845,97.03751256335806,184.0832155,0.0,0.0,0.0,False,57.503535,128.496465,True,100.0,OVERSTOCK,MARKDOWN,0.0,49146.042968550006,49146.04,CRITICAL,Inventory exceeds the 30-day demand coverage target,128.0
2025-12-12,ST22,SKU01643,2,1.8625234,159.0,0.0,41.0,13.0,7.0,672.44,470.13,Personal Care,Men's Grooming,FreshFarm,1.8625234,159.0,1.8625234,85.36805497316168,157.1374766,0.0,0.0,0.0,False,55.875702,103.12429800000001,True,100.0,OVERSTOCK,MARKDOWN,0.0,48481.82621874,48481.83,CRITICAL,Inventory exceeds the 30-day demand coverage target,103.0
2025-12-31,ST09,SKU00845,1,2.1752145,164.0,0.0,96.0,41.0,7.0,670.83,490.52,Frozen Foods,Frozen Vegetables,ZestyCo,2.1752145,164.0,2.1752145,75.39486335715397,161.8247855,0.0,0.0,0.0,False,65.256435,98.743565,True,100.0,OVERSTOCK,MARKDOWN,0.0,48435.6935038,48435.69,CRITICAL,Inventory exceeds the 30-day demand coverage target,99.0
2025-12-02,ST30,SKU04919,1,1.6930716,279.0,0.0,57.0,25.0,7.0,374.09,211.22,Grocery,Pulses & Lentils,GoldenHarvest,1.6930716,279.0,1.6930716,164.7892504959625,277.3069284,0.0,0.0,0.0,False,50.792148,228.207852,True,100.0,OVERSTOCK,MARKDOWN,0.0,48202.06249944,48202.06,CRITICAL,Inventory exceeds the 30-day demand coverage target,228.0
2025-12-19,ST11,SKU04840,1,1.8626946,156.0,0.0,81.0,20.0,7.0,639.65,479.5,Home & Kitchen,Storage & Containers,FamilyChoice,1.8626946,156.0,1.8626946,83.74963882968255,154.1373054,0.0,0.0,0.0,False,55.880838,100.119162,True,100.0,OVERSTOCK,MARKDOWN,0.0,48007.138179,48007.14,CRITICAL,Inventory exceeds the 30-day demand coverage target,100.0
2025-12-15,ST23,SKU04997,1,1.8020294,181.0,0.0,74.0,31.0,7.0,587.79,378.17,Home Care,Pest Control,CrispKing,1.8020294,181.0,1.8020294,100.44231242842099,179.1979706,0.0,0.0,0.0,False,54.060882,126.93911800000001,True,100.0,OVERSTOCK,MARKDOWN,0.0,48004.56625406,48004.57,CRITICAL,Inventory exceeds the 30-day demand coverage target,127.0
2025-12-31,ST09,SKU01805,1,1.6470107,554.0,0.0,99.0,41.0,7.0,158.18,94.75,Stationery & Office,Writing Instruments,CleanWave,1.6470107,554.0,1.6470107,336.36697077924265,552.3529893,0.0,0.0,0.0,False,49.410321,504.589679,True,100.0,OVERSTOCK,MARKDOWN,0.0,47809.87208525,47809.87,CRITICAL,Inventory exceeds the 30-day demand coverage target,505.0
2025-12-24,ST12,SKU00937,1,1.8918221,143.0,0.0,83.0,27.0,7.0,767.81,551.35,Apparel & Footwear,Women's Wear,EverydayPlus,1.8918221,143.0,1.8918221,75.58850274558057,141.1081779,0.0,0.0,0.0,False,56.754663,86.245337,True,100.0,OVERSTOCK,MARKDOWN,0.0,47551.36655495001,47551.37,CRITICAL,Inventory exceeds the 30-day demand coverage target,86.0
2025-12-30,ST11,SKU03737,2,1.6181982,361.0,0.0,65.0,15.0,7.0,235.68,150.1,Grocery,Spices & Seasoning,FreshFarm,1.6181982,361.0,1.6181982,223.0876291915292,359.3818018,0.0,0.0,0.0,False,48.545946,312.454054,True,100.0,OVERSTOCK,MARKDOWN,0.0,46899.353505399995,46899.35,CRITICAL,Inventory exceeds the 30-day demand coverage target,312.0
2025-12-12,ST03,SKU02211,2,2.0297973,121.0,0.0,23.0,11.0,7.0,1230.59,779.6,Health & Wellness,Vitamins & Supplements,NovaFresh,2.0297973,121.0,2.0297973,59.611863706784916,118.9702027,0.0,0.0,0.0,False,60.893919,60.106081,True,98.7,OVERSTOCK,MARKDOWN,0.0,46858.70074760001,46858.7,CRITICAL,Inventory exceeds the 30-day demand coverage target,60.0
2025-12-12,ST17,SKU04795,3,1.8087244,340.0,0.0,89.0,25.0,7.0,281.26,163.89,Grocery,Pulses & Lentils,CleanWave,1.8087244,340.0,1.8087244,187.97778146853108,338.1912756,0.0,0.0,0.0,False,54.261732,285.738268,True,100.0,OVERSTOCK,MARKDOWN,0.0,46829.644742519995,46829.64,CRITICAL,Inventory exceeds the 30-day demand coverage target,286.0
2025-12-19,ST29,SKU03621,4,1.6980735,216.0,0.0,52.0,25.0,7.0,370.39,283.32,Home Care,Surface Cleaners,SparkleClean,1.6980735,216.0,1.6980735,127.20297442955207,214.3019265,0.0,0.0,0.0,False,50.942205,165.057795,True,100.0,OVERSTOCK,MARKDOWN,0.0,46764.1744794,46764.17,CRITICAL,Inventory exceeds the 30-day demand coverage target,165.0
2025-12-15,ST05,SKU04996,1,1.8615493,131.0,0.0,23.0,6.0,7.0,1057.53,620.41,Apparel & Footwear,Women's Wear,DailyBest,1.8615493,131.0,1.8615493,70.37149110152495,129.1384507,0.0,0.0,0.0,False,55.846479,75.153521,True,100.0,OVERSTOCK,MARKDOWN,0.0,46625.995963609996,46626.0,CRITICAL,Inventory exceeds the 30-day demand coverage target,75.0
2025-12-20,ST22,SKU01836,3,2.0588884,111.0,0.0,43.0,20.0,7.0,1656.58,945.28,Apparel & Footwear,Footwear,NatureBlend,2.0588884,111.0,2.0588884,53.91258700568715,108.9411116,0.0,0.0,0.0,False,61.76665199999999,49.23334800000001,True,79.7,OVERSTOCK,MARKDOWN,0.0,46539.29919744001,46539.3,CRITICAL,Inventory exceeds the 30-day demand coverage target,49.0
2025-12-04,ST30,SKU00521,1,1.9027753,303.0,0.0,74.0,20.0,7.0,288.5,189.07,Stationery & Office,Writing Instruments,FreshFarm,1.9027753,303.0,1.9027753,159.24108327452012,301.0972247,0.0,0.0,0.0,False,57.083259,245.916741,True,100.0,OVERSTOCK,MARKDOWN,0.0,46495.47822087,46495.48,CRITICAL,Inventory exceeds the 30-day demand coverage target,246.0
2025-12-21,ST19,SKU03950,1,1.6843057,285.0,0.0,79.0,21.0,7.0,318.71,197.95,Personal Care,Hair Care,FreshFarm,1.6843057,285.0,1.6843057,169.20918809453653,283.3156943,0.0,0.0,0.0,False,50.529171,234.470829,True,100.0,OVERSTOCK,MARKDOWN,0.0,46413.500600549996,46413.5,CRITICAL,Inventory exceeds the 30-day demand coverage target,234.0
2025-12-10,ST06,SKU03286,1,1.8857707,163.0,0.0,32.0,10.0,7.0,731.23,434.11,Health & Wellness,Vitamins & Supplements,PremiumSelect,1.8857707,163.0,1.8857707,86.43680803822014,161.1142293,0.0,0.0,0.0,False,56.573121,106.426879,True,100.0,OVERSTOCK,MARKDOWN,0.0,46200.97244269,46200.97,CRITICAL,Inventory exceeds the 30-day demand coverage target,106.0
2025-12-05,ST11,SKU00462,1,2.5521429,422.0,0.0,72.0,18.0,7.0,241.55,133.73,Home Care,Dishwashing,NutriPlus,2.5521429,422.0,2.5521429,165.35124267532197,419.4478571,0.0,0.0,0.0,False,76.56428700000001,345.43571299999996,True,100.0,OVERSTOCK,MARKDOWN,0.0,46195.11789948999,46195.12,CRITICAL,Inventory exceeds the 30-day demand coverage target,345.0
2025-12-28,ST05,SKU00150,2,1.5994948,320.0,0.0,57.0,16.0,7.0,266.14,169.6,Grocery,Sugar & Salt,FreshFarm,1.5994948,320.0,1.5994948,200.06316994591043,318.4005052,0.0,0.0,0.0,False,47.984844,272.015156,True,100.0,OVERSTOCK,MARKDOWN,0.0,46133.770457599996,46133.77,CRITICAL,Inventory exceeds the 30-day demand coverage target,272.0
2025-12-22,ST27,SKU04612,1,1.777455,140.0,0.0,39.0,8.0,7.0,805.8,532.13,Home & Kitchen,Cookware,CleanWave,1.777455,140.0,1.777455,78.76430064333556,138.222545,0.0,0.0,0.0,False,53.32365,86.67635,True,100.0,OVERSTOCK,MARKDOWN,0.0,46123.0861255,46123.09,CRITICAL,Inventory exceeds the 30-day demand coverage target,87.0
2025-12-15,ST01,SKU04987,2,1.9729472,206.0,0.0,52.0,19.0,7.0,421.88,313.75,Home Care,Dishwashing,GreenValley,1.9729472,206.0,1.9729472,104.41232284371321,204.0270528,0.0,0.0,0.0,False,59.188416,146.811584,True,100.0,OVERSTOCK,MARKDOWN,0.0,46062.13448,46062.13,CRITICAL,Inventory exceeds the 30-day demand coverage target,147.0
2025-12-18,ST09,SKU04196,1,2.093912,223.0,0.0,86.0,35.0,7.0,452.19,286.01,Frozen Foods,Frozen Vegetables,TrueTaste,2.093912,223.0,2.093912,106.49922250791819,220.906088,0.0,0.0,0.0,False,62.81736,160.18264,True,100.0,OVERSTOCK,MARKDOWN,0.0,45813.83686639999,45813.84,CRITICAL,Inventory exceeds the 30-day demand coverage target,160.0
2025-12-08,ST25,SKU02056,3,1.7646147,105.0,0.0,41.0,13.0,7.0,1399.72,878.95,Apparel & Footwear,Kids Wear,PremiumSelect,1.7646147,105.0,1.7646147,59.50307452386065,103.2353853,0.0,0.0,0.0,False,52.938441000000005,52.061558999999995,True,98.3,OVERSTOCK,MARKDOWN,0.0,45759.50728305,45759.51,CRITICAL,Inventory exceeds the 30-day demand coverage target,52.0
2025-12-23,ST18,SKU03112,1,1.7878834,219.0,0.0,78.0,26.0,7.0,382.71,276.4,Home Care,Air Fresheners,PureLife,1.7878834,219.0,1.7878834,122.49120943793092,217.2121166,0.0,0.0,0.0,False,53.636502,165.363498,True,100.0,OVERSTOCK,MARKDOWN,0.0,45706.47084719999,45706.47,CRITICAL,Inventory exceeds the 30-day demand coverage target,165.0
2025-12-06,ST09,SKU03709,1,1.7705709,298.0,0.0,66.0,27.0,7.0,266.41,186.06,Dairy & Bakery,Cheese,PurePlus,1.7705709,298.0,1.7705709,168.30729568638003,296.2294291,0.0,0.0,0.0,False,53.117127,244.882873,True,100.0,OVERSTOCK,MARKDOWN,0.0,45562.907350379995,45562.91,CRITICAL,Inventory exceeds the 30-day demand coverage target,245.0
2025-12-29,ST13,SKU04572,1,1.7821752,111.0,0.0,81.0,29.0,7.0,1130.67,789.28,Apparel & Footwear,Kids Wear,SunriseFoods,1.7821752,111.0,1.7821752,62.28343879995637,109.2178248,0.0,0.0,0.0,False,53.465256,57.534744,True,100.0,OVERSTOCK,MARKDOWN,0.0,45411.02274432,45411.02,CRITICAL,Inventory exceeds the 30-day demand coverage target,58.0
2025-12-25,ST25,SKU01803,2,1.6942765,290.0,0.0,64.0,24.0,7.0,316.1,189.07,Grocery,Spices & Seasoning,PureLife,1.6942765,290.0,1.6942765,171.16450591152034,288.3057235,0.0,0.0,0.0,False,50.828295,239.171705,True,100.0,OVERSTOCK,MARKDOWN,0.0,45220.19426435,45220.19,CRITICAL,Inventory exceeds the 30-day demand coverage target,239.0
2025-12-18,ST24,SKU01602,1,1.8174323,159.0,0.0,61.0,14.0,7.0,614.85,432.23,Home & Kitchen,Storage & Containers,SunriseFoods,1.8174323,159.0,1.8174323,87.48606481793023,157.1825677,0.0,0.0,0.0,False,54.522968999999996,104.47703100000001,True,100.0,OVERSTOCK,MARKDOWN,0.0,45158.107109130004,45158.11,CRITICAL,Inventory exceeds the 30-day demand coverage target,104.0
2025-12-28,ST25,SKU02107,2,1.7304257,131.0,0.0,45.0,11.0,7.0,810.91,570.51,Apparel & Footwear,Footwear,NatureBlend,1.7304257,131.0,1.7304257,75.7039149383877,129.2695743,0.0,0.0,0.0,False,51.912771,79.08722900000001,True,100.0,OVERSTOCK,MARKDOWN,0.0,45120.05501679,45120.06,CRITICAL,Inventory exceeds the 30-day demand coverage target,79.0
2025-12-02,ST26,SKU00901,1,1.9449139,153.0,0.0,86.0,34.0,7.0,653.7,476.21,Frozen Foods,Frozen Meat,PremiumSelect,1.9449139,153.0,1.9449139,78.66672144201345,151.0550861,0.0,0.0,0.0,False,58.347417,94.65258299999999,True,100.0,OVERSTOCK,MARKDOWN,0.0,45074.50655042999,45074.51,CRITICAL,Inventory exceeds the 30-day demand coverage target,95.0
2025-12-13,ST11,SKU01046,1,1.9673388,139.0,0.0,37.0,12.0,7.0,708.58,560.42,Health & Wellness,First Aid,PrimeCare,1.9673388,139.0,1.9673388,70.65381926082075,137.0326612,0.0,0.0,0.0,False,59.020164,79.979836,True,100.0,OVERSTOCK,MARKDOWN,0.0,44822.29969112,44822.3,CRITICAL,Inventory exceeds the 30-day demand coverage target,80.0
2025-12-29,ST09,SKU01023,1,1.883563,173.0,0.0,37.0,12.0,7.0,526.16,382.68,Personal Care,Men's Grooming,CrispKing,1.883563,173.0,1.883563,91.84720659728397,171.116437,0.0,0.0,0.0,False,56.506890000000006,116.49311,True,100.0,OVERSTOCK,MARKDOWN,0.0,44579.5833348,44579.58,CRITICAL,Inventory exceeds the 30-day demand coverage target,116.0
2025-12-25,ST30,SKU03031,3,1.8894943,448.0,0.0,85.0,29.0,7.0,175.91,113.9,Snacks & Confectionery,Chocolates,PureLife,1.8894943,448.0,1.8894943,237.10047709590867,446.1105057,0.0,0.0,0.0,False,56.684829,391.315171,True,100.0,OVERSTOCK,MARKDOWN,0.0,44570.7979769,44570.8,CRITICAL,Inventory exceeds the 30-day demand coverage target,391.0
2025-12-19,ST12,SKU02057,2,1.823519,435.0,0.0,76.0,30.0,7.0,167.06,117.15,Beverages,Energy Drinks,FreshFarm,1.823519,435.0,1.823519,238.54974913889026,433.176481,0.0,0.0,0.0,False,54.705569999999994,380.29443000000003,True,100.0,OVERSTOCK,MARKDOWN,0.0,44551.4924745,44551.49,CRITICAL,Inventory exceeds the 30-day demand coverage target,380.0
2025-12-25,ST20,SKU04753,2,1.9129162,177.0,0.0,40.0,16.0,7.0,641.27,371.28,Health & Wellness,Vitamins & Supplements,QuickBite,1.9129162,177.0,1.9129162,92.52888338757339,175.0870838,0.0,0.0,0.0,False,57.387485999999996,119.612514,True,100.0,OVERSTOCK,MARKDOWN,0.0,44409.73419792,44409.73,CRITICAL,Inventory exceeds the 30-day demand coverage target,120.0
2025-12-13,ST15,SKU00605,4,1.9514587,217.0,0.0,82.0,31.0,7.0,420.44,278.06,Frozen Foods,Frozen Vegetables,TrueTaste,1.9514587,217.0,1.9514587,111.19886882566358,215.0485413,0.0,0.0,0.0,False,58.543761,158.45623899999998,True,100.0,OVERSTOCK,MARKDOWN,0.0,44060.34181634,44060.34,CRITICAL,Inventory exceeds the 30-day demand coverage target,158.0
2025-12-29,ST15,SKU03556,1,2.1639307,179.0,0.0,69.0,32.0,7.0,656.88,385.51,Frozen Foods,Ice Cream,SparkleClean,2.1639307,179.0,2.1639307,82.71983941075378,176.8360693,0.0,0.0,0.0,False,64.91792099999999,114.08207900000001,True,100.0,OVERSTOCK,MARKDOWN,0.0,43979.78227529,43979.78,CRITICAL,Inventory exceeds the 30-day demand coverage target,114.0
2025-12-16,ST30,SKU00608,2,1.9139798,168.0,0.0,37.0,18.0,7.0,613.29,397.46,Personal Care,Oral Care,CrispKing,1.9139798,168.0,1.9139798,87.77522103420318,166.0860202,0.0,0.0,0.0,False,57.419394,110.580606,True,100.0,OVERSTOCK,MARKDOWN,0.0,43951.36766076,43951.37,CRITICAL,Inventory exceeds the 30-day demand coverage target,111.0
2025-12-06,ST30,SKU03980,1,1.6397859,228.0,0.0,89.0,39.0,7.0,315.01,244.3,Home Care,Laundry,SoftTouch,1.6397859,228.0,1.6397859,139.04254207820668,226.3602141,0.0,0.0,0.0,False,49.193577,178.806423,True,100.0,OVERSTOCK,MARKDOWN,0.0,43682.4091389,43682.41,CRITICAL,Inventory exceeds the 30-day demand coverage target,179.0
2025-12-09,ST23,SKU04053,1,1.6850506,266.0,0.0,48.0,23.0,7.0,315.46,202.58,Personal Care,Hair Care,BasicNeeds,1.6850506,266.0,1.6850506,157.85876103661218,264.3149494,0.0,0.0,0.0,False,50.551518,215.448482,True,100.0,OVERSTOCK,MARKDOWN,0.0,43645.553483560005,43645.55,CRITICAL,Inventory exceeds the 30-day demand coverage target,215.0
2025-12-06,ST18,SKU02530,5,1.8808053,188.0,0.0,79.0,25.0,7.0,506.86,330.99,Personal Care,Hair Care,SparkleClean,1.8808053,188.0,1.8808053,99.95718323422419,186.1191947,0.0,0.0,0.0,False,56.424159,131.575841,True,100.0,OVERSTOCK,MARKDOWN,0.0,43550.28761259,43550.29,CRITICAL,Inventory exceeds the 30-day demand coverage target,132.0
2025-12-09,ST22,SKU01336,3,1.7817143,123.0,0.0,44.0,13.0,7.0,804.43,625.68,Home & Kitchen,Home Decor,HealthFirst,1.7817143,123.0,1.7817143,69.03463703468059,121.2182857,0.0,0.0,0.0,False,53.451429,69.54857100000001,True,100.0,OVERSTOCK,MARKDOWN,0.0,43515.149903280006,43515.15,CRITICAL,Inventory exceeds the 30-day demand coverage target,70.0
2025-12-16,ST17,SKU03474,2,1.8513957,182.0,0.0,95.0,27.0,7.0,521.03,343.15,Home Care,Air Fresheners,FreshFarm,1.8513957,182.0,1.8513957,98.30421449072178,180.1486043,0.0,0.0,0.0,False,55.541871,126.458129,True,100.0,OVERSTOCK,MARKDOWN,0.0,43394.106966349995,43394.11,CRITICAL,Inventory exceeds the 30-day demand coverage target,126.0
2025-12-19,ST06,SKU04155,1,1.6754701,74.0,0.0,64.0,19.0,7.0,2612.22,1814.8,Electronics & Accessories,Batteries,NovaFresh,1.6754701,74.0,1.6754701,44.166708794146786,72.3245299,0.0,0.0,0.0,False,50.264103000000006,23.735896999999994,True,47.2,OVERSTOCK,MARKDOWN,0.0,43075.90587559999,43075.91,CRITICAL,Inventory exceeds the 30-day demand coverage target,24.0
2025-12-04,ST16,SKU04292,5,2.0100048,388.0,0.0,73.0,34.0,7.0,175.78,130.29,Personal Care,Oral Care,CrispKing,2.0100048,388.0,2.0100048,193.03436489305898,385.9899952,0.0,0.0,0.0,False,60.300143999999996,327.699856,True,100.0,OVERSTOCK,MARKDOWN,0.0,42696.01423824,42696.01,CRITICAL,Inventory exceeds the 30-day demand coverage target,328.0
2025-12-24,ST12,SKU00778,2,1.854198,246.0,0.0,93.0,24.0,7.0,296.04,224.21,Dairy & Bakery,Bread,TrueTaste,1.854198,246.0,1.854198,132.67191529707182,244.145802,0.0,0.0,0.0,False,55.62594,190.37406,True,100.0,OVERSTOCK,MARKDOWN,0.0,42683.7679926,42683.77,CRITICAL,Inventory exceeds the 30-day demand coverage target,190.0
2025-12-06,ST29,SKU01803,3,1.7616519,278.0,0.0,86.0,26.0,7.0,316.1,189.07,Grocery,Spices & Seasoning,PureLife,1.7616519,278.0,1.7616519,157.8064315657367,276.2383481,0.0,0.0,0.0,False,52.849557,225.150443,True,100.0,OVERSTOCK,MARKDOWN,0.0,42569.19425801,42569.19,CRITICAL,Inventory exceeds the 30-day demand coverage target,225.0
2025-12-16,ST07,SKU00331,1,1.5759914,442.0,0.0,100.0,32.0,7.0,150.41,107.74,Dairy & Bakery,Yogurt,FreshFarm,1.5759914,442.0,1.5759914,280.4583832119896,440.4240086,0.0,0.0,0.0,False,47.279742,394.720258,True,100.0,OVERSTOCK,MARKDOWN,0.0,42527.160596919995,42527.16,CRITICAL,Inventory exceeds the 30-day demand coverage target,395.0
2025-12-06,ST16,SKU05000,3,1.9126871,214.0,0.0,63.0,25.0,7.0,437.06,269.56,Frozen Foods,Ready Meals,NovaFresh,1.9126871,214.0,1.9126871,111.88447917069132,212.0873129,0.0,0.0,0.0,False,57.380613000000004,156.619387,True,100.0,OVERSTOCK,MARKDOWN,0.0,42218.32195972,42218.32,CRITICAL,Inventory exceeds the 30-day demand coverage target,157.0
2025-12-02,ST26,SKU04609,1,1.8731378,160.0,0.0,92.0,27.0,7.0,575.8,406.08,Home Care,Pest Control,PrimeCare,1.8731378,160.0,1.8731378,85.41816838035088,158.1268622,0.0,0.0,0.0,False,56.194134000000005,103.805866,True,100.0,OVERSTOCK,MARKDOWN,0.0,42153.48606528,42153.49,CRITICAL,Inventory exceeds the 30-day demand coverage target,104.0
2025-12-06,ST19,SKU01519,1,2.008279,180.0,0.0,81.0,32.0,7.0,441.41,351.33,Frozen Foods,Frozen Meat,NutriPlus,2.008279,180.0,2.008279,89.62898083383833,177.991721,0.0,0.0,0.0,False,60.248369999999994,119.75163,True,100.0,OVERSTOCK,MARKDOWN,0.0,42072.3401679,42072.34,CRITICAL,Inventory exceeds the 30-day demand coverage target,120.0
2025-12-26,ST11,SKU02164,2,1.801585,214.0,0.0,52.0,13.0,7.0,341.73,262.97,Grocery,Rice & Grains,EverydayPlus,1.801585,214.0,1.801585,118.78429272002154,212.198415,0.0,0.0,0.0,False,54.04755,159.95245,True,100.0,OVERSTOCK,MARKDOWN,0.0,42062.695776500004,42062.7,CRITICAL,Inventory exceeds the 30-day demand coverage target,160.0
2025-12-24,ST03,SKU01854,1,1.9790702,319.0,0.0,60.0,21.0,7.0,225.3,161.28,Home Care,Surface Cleaners,GreenValley,1.9790702,319.0,1.9790702,161.18680378290776,317.0209298,0.0,0.0,0.0,False,59.372106,259.62789399999997,True,100.0,OVERSTOCK,MARKDOWN,0.0,41872.786744319994,41872.79,CRITICAL,Inventory exceeds the 30-day demand coverage target,260.0
2025-12-21,ST17,SKU03208,1,1.7898684,102.0,0.0,69.0,34.0,7.0,1141.07,863.59,Home & Kitchen,Storage & Containers,PurePlus,1.7898684,102.0,1.7898684,56.98742991384171,100.2101316,0.0,0.0,0.0,False,53.696052,48.303948,True,90.0,OVERSTOCK,MARKDOWN,0.0,41714.80645332,41714.81,CRITICAL,Inventory exceeds the 30-day demand coverage target,48.0
2025-12-08,ST09,SKU04643,3,2.05934,352.0,0.0,92.0,41.0,7.0,247.04,143.67,Stationery & Office,Notebooks,EverydayPlus,2.05934,352.0,2.05934,170.92854992376198,349.94066,0.0,0.0,0.0,False,61.78020000000001,290.21979999999996,True,100.0,OVERSTOCK,MARKDOWN,0.0,41695.87866599999,41695.88,CRITICAL,Inventory exceeds the 30-day demand coverage target,290.0
2025-12-19,ST09,SKU00497,1,1.7491591,239.0,0.0,94.0,25.0,7.0,399.27,223.06,Home Care,Pest Control,CleanWave,1.7491591,239.0,1.7491591,136.63708464255768,237.25084090000001,0.0,0.0,0.0,False,52.474773,186.525227,True,100.0,OVERSTOCK,MARKDOWN,0.0,41606.31713462,41606.32,CRITICAL,Inventory exceeds the 30-day demand coverage target,187.0
2025-12-09,ST27,SKU00608,2,1.878786,161.0,0.0,35.0,10.0,7.0,613.29,397.46,Personal Care,Oral Care,CrispKing,1.878786,161.0,1.878786,85.69363408073085,159.121214,0.0,0.0,0.0,False,56.36358,104.63642,True,100.0,OVERSTOCK,MARKDOWN,0.0,41588.7914932,41588.79,CRITICAL,Inventory exceeds the 30-day demand coverage target,105.0
2025-12-22,ST15,SKU01803,2,1.636355,269.0,0.0,59.0,21.0,7.0,316.1,189.07,Grocery,Spices & Seasoning,PureLife,1.636355,269.0,1.636355,164.38975650149266,267.363645,0.0,0.0,0.0,False,49.09065,219.90935000000002,True,100.0,OVERSTOCK,MARKDOWN,0.0,41578.2608045,41578.26,CRITICAL,Inventory exceeds the 30-day demand coverage target,220.0
2025-12-26,ST06,SKU01351,1,1.8537982,179.0,0.0,85.0,30.0,7.0,488.78,336.67,Frozen Foods,Frozen Vegetables,CrispKing,1.8537982,179.0,1.8537982,96.55851429783458,177.1462018,0.0,0.0,0.0,False,55.613946,123.386054,True,100.0,OVERSTOCK,MARKDOWN,0.0,41540.38280018,41540.38,CRITICAL,Inventory exceeds the 30-day demand coverage target,123.0
2025-12-16,ST27,SKU00524,2,2.2509394,227.0,0.0,40.0,14.0,7.0,353.73,259.64,Beverages,Tea,PureLife,2.2509394,227.0,2.2509394,100.84678423595055,224.7490606,0.0,0.0,0.0,False,67.528182,159.47181799999998,True,100.0,OVERSTOCK,MARKDOWN,0.0,41405.262825519996,41405.26,CRITICAL,Inventory exceeds the 30-day demand coverage target,159.0
2025-12-29,ST23,SKU02567,2,1.7800509,229.0,0.0,51.0,13.0,7.0,372.0,234.63,Home Care,Air Fresheners,GreenValley,1.7800509,229.0,1.7800509,128.64800663846185,227.2199491,0.0,0.0,0.0,False,53.401527,175.598473,True,100.0,OVERSTOCK,MARKDOWN,0.0,41200.66971999,41200.67,CRITICAL,Inventory exceeds the 30-day demand coverage target,176.0
2025-12-27,ST17,SKU04357,2,1.7082595,249.0,0.0,85.0,32.0,7.0,332.16,207.56,Dairy & Bakery,Cheese,CleanWave,1.7082595,249.0,1.7082595,145.76239734068506,247.2917405,0.0,0.0,0.0,False,51.247785,197.752215,True,100.0,OVERSTOCK,MARKDOWN,0.0,41045.4497454,41045.45,CRITICAL,Inventory exceeds the 30-day demand coverage target,198.0
2025-12-18,ST23,SKU02826,3,1.9018859,202.0,0.0,91.0,23.0,7.0,438.33,282.2,Home Care,Surface Cleaners,QuickBite,1.9018859,202.0,1.9018859,106.21036729911086,200.0981141,0.0,0.0,0.0,False,57.056577,144.943423,True,100.0,OVERSTOCK,MARKDOWN,0.0,40903.033970599994,40903.03,CRITICAL,Inventory exceeds the 30-day demand coverage target,145.0
2025-12-29,ST03,SKU03715,3,1.9460843,134.0,0.0,83.0,29.0,7.0,930.79,536.3,Health & Wellness,OTC Medicine,NatureBlend,1.9460843,134.0,1.9460843,68.85621552982057,132.0539157,0.0,0.0,0.0,False,58.382529000000005,75.617471,True,100.0,OVERSTOCK,MARKDOWN,0.0,40553.649697299996,40553.65,CRITICAL,Inventory exceeds the 30-day demand coverage target,76.0
2025-12-11,ST05,SKU03440,3,1.7675841,86.0,0.0,58.0,21.0,7.0,1688.83,1228.25,Home & Kitchen,Home Decor,NutriPlus,1.7675841,86.0,1.7675841,48.65397917983082,84.2324159,0.0,0.0,0.0,False,53.027523,32.972477,True,62.2,OVERSTOCK,MARKDOWN,0.0,40498.444875249996,40498.44,CRITICAL,Inventory exceeds the 30-day demand coverage target,33.0
2025-12-17,ST03,SKU04234,1,1.8077524,126.0,0.0,59.0,14.0,7.0,823.14,564.04,Frozen Foods,Frozen Vegetables,FreshFarm,1.8077524,126.0,1.8077524,69.69981065991117,124.1922476,0.0,0.0,0.0,False,54.232572000000005,71.767428,True,100.0,OVERSTOCK,MARKDOWN,0.0,40479.70008911999,40479.7,CRITICAL,Inventory exceeds the 30-day demand coverage target,72.0
2025-12-26,ST01,SKU04856,1,1.707833,265.0,0.0,83.0,27.0,7.0,245.47,188.93,Stationery & Office,Office Supplies,HomeStyle,1.707833,265.0,1.707833,155.16739634378771,263.292167,0.0,0.0,0.0,False,51.234989999999996,213.76501000000002,True,100.0,OVERSTOCK,MARKDOWN,0.0,40386.62333930001,40386.62,CRITICAL,Inventory exceeds the 30-day demand coverage target,214.0
2025-12-25,ST13,SKU03583,1,1.6118289,230.0,0.0,61.0,17.0,7.0,306.2,222.18,Personal Care,Hair Care,FreshFarm,1.6118289,230.0,1.6118289,142.69504660203077,228.3881711,0.0,0.0,0.0,False,48.354867,181.645133,True,100.0,OVERSTOCK,MARKDOWN,0.0,40357.91564994,40357.92,CRITICAL,Inventory exceeds the 30-day demand coverage target,182.0
2025-12-27,ST12,SKU03968,2,1.6931127,478.0,0.0,86.0,37.0,7.0,119.45,93.93,Beverages,Soft Drinks,EliteHome,1.6931127,478.0,1.6931127,282.3202495616506,476.3068873,0.0,0.0,0.0,False,50.793381,427.206619,True,100.0,OVERSTOCK,MARKDOWN,0.0,40127.51772267,40127.52,CRITICAL,Inventory exceeds the 30-day demand coverage target,427.0
2025-12-08,ST17,SKU04753,3,1.8400276,163.0,0.0,29.0,7.0,7.0,641.27,371.28,Health & Wellness,Vitamins & Supplements,QuickBite,1.8400276,163.0,1.8400276,88.58562773732307,161.1599724,0.0,0.0,0.0,False,55.200828,107.799172,True,100.0,OVERSTOCK,MARKDOWN,0.0,40023.67658016,40023.68,CRITICAL,Inventory exceeds the 30-day demand coverage target,108.0
2025-12-28,ST04,SKU00501,1,1.7955108,194.0,0.0,41.0,20.0,7.0,399.18,284.76,Home Care,Pest Control,MetroBrand,1.7955108,194.0,1.7955108,108.04724761332541,192.2044892,0.0,0.0,0.0,False,53.865324,140.134676,True,100.0,OVERSTOCK,MARKDOWN,0.0,39904.75033776,39904.75,CRITICAL,Inventory exceeds the 30-day demand coverage target,140.0
2025-12-18,ST04,SKU03010,4,1.9506155,135.0,0.0,67.0,23.0,7.0,768.67,520.54,Home & Kitchen,Storage & Containers,NatureBlend,1.9506155,135.0,1.9506155,69.208924054997,133.0493845,0.0,0.0,0.0,False,58.518465,76.48153500000001,True,100.0,OVERSTOCK,MARKDOWN,0.0,39811.6982289,39811.7,CRITICAL,Inventory exceeds the 30-day demand coverage target,76.0
2025-12-22,ST13,SKU00305,3,1.8872674,180.0,0.0,53.0,18.0,7.0,493.11,318.69,Health & Wellness,Vitamins & Supplements,PurePlus,1.8872674,180.0,1.8872674,95.37599176460103,178.1127326,0.0,0.0,0.0,False,56.618022,123.381978,True,100.0,OVERSTOCK,MARKDOWN,0.0,39320.60256882,39320.6,CRITICAL,Inventory exceeds the 30-day demand coverage target,123.0
2025-12-04,ST10,SKU04442,1,1.6899107,255.0,0.0,56.0,13.0,7.0,270.65,192.27,Grocery,Pulses & Lentils,CityFresh,1.6899107,255.0,1.6899107,150.8955473209324,253.3100893,0.0,0.0,0.0,False,50.697321,204.302679,True,100.0,OVERSTOCK,MARKDOWN,0.0,39281.27609133,39281.28,CRITICAL,Inventory exceeds the 30-day demand coverage target,204.0
2025-12-21,ST01,SKU00855,3,1.8182789,425.0,0.0,90.0,18.0,7.0,141.42,105.98,Beverages,Bottled Water,NutriPlus,1.8182789,425.0,1.8182789,233.73751958514177,423.1817211,0.0,0.0,0.0,False,54.548367,370.451633,True,100.0,OVERSTOCK,MARKDOWN,0.0,39260.464065340006,39260.46,CRITICAL,Inventory exceeds the 30-day demand coverage target,370.0
2025-12-27,ST04,SKU00958,4,1.6599529,253.0,0.0,48.0,18.0,7.0,313.45,193.2,Home & Kitchen,Home Decor,HomeStyle,1.6599529,253.0,1.6599529,152.4139630708799,251.3400471,0.0,0.0,0.0,False,49.798587,203.201413,True,100.0,OVERSTOCK,MARKDOWN,0.0,39258.5129916,39258.51,CRITICAL,Inventory exceeds the 30-day demand coverage target,203.0
2025-12-06,ST11,SKU00411,1,1.7546121,270.0,0.0,96.0,24.0,7.0,239.07,180.34,Frozen Foods,Frozen Meat,TrueTaste,1.7546121,270.0,1.7546121,153.88016530833227,268.2453879,0.0,0.0,0.0,False,52.638363,217.361637,True,100.0,OVERSTOCK,MARKDOWN,0.0,39198.99761658,39199.0,CRITICAL,Inventory exceeds the 30-day demand coverage target,217.0
2025-12-04,ST14,SKU03436,1,1.8810447,363.0,0.0,88.0,42.0,7.0,186.38,127.47,Snacks & Confectionery,Chips & Crisps,SparkleClean,1.8810447,363.0,1.8810447,192.97787022286073,361.1189553,0.0,0.0,0.0,False,56.431340999999996,306.568659,True,100.0,OVERSTOCK,MARKDOWN,0.0,39078.30696273001,39078.31,CRITICAL,Inventory exceeds the 30-day demand coverage target,307.0
2025-12-20,ST14,SKU03870,4,1.9048046,228.0,0.0,85.0,38.0,7.0,301.78,227.63,Electronics & Accessories,Mobile Accessories,MetroBrand,1.9048046,228.0,1.9048046,119.69731698463978,226.0951954,0.0,0.0,0.0,False,57.144138000000005,170.855862,True,100.0,OVERSTOCK,MARKDOWN,0.0,38891.91986706,38891.92,CRITICAL,Inventory exceeds the 30-day demand coverage target,171.0
2025-12-15,ST17,SKU00385,3,1.8569099,205.0,0.0,64.0,21.0,7.0,380.41,260.01,Frozen Foods,Frozen Vegetables,FamilyChoice,1.8569099,205.0,1.8569099,110.39846359804534,203.1430901,0.0,0.0,0.0,False,55.707297,149.29270300000002,True,100.0,OVERSTOCK,MARKDOWN,0.0,38817.59570703001,38817.6,CRITICAL,Inventory exceeds the 30-day demand coverage target,149.0
2025-12-06,ST23,SKU00041,1,1.9959542,82.0,0.0,56.0,27.0,7.0,2490.74,1754.57,Electronics & Accessories,Small Appliances,NovaFresh,1.9959542,82.0,1.9959542,41.083107017185064,80.0040458,0.0,0.0,0.0,False,59.878626,22.121374000000003,True,36.9,OVERSTOCK,MARKDOWN,0.0,38813.499179180006,38813.5,CRITICAL,Inventory exceeds the 30-day demand coverage target,22.0
2025-12-20,ST06,SKU03454,3,1.7513192,125.0,0.0,26.0,5.0,7.0,849.48,533.68,Health & Wellness,OTC Medicine,QuickBite,1.7513192,125.0,1.7513192,71.37476708986003,123.2486808,0.0,0.0,0.0,False,52.539576,72.460424,True,100.0,OVERSTOCK,MARKDOWN,0.0,38670.67908032,38670.68,CRITICAL,Inventory exceeds the 30-day demand coverage target,72.0
2025-12-26,ST03,SKU01568,4,1.7840816,220.0,0.0,65.0,16.0,7.0,363.73,231.36,Personal Care,Bath & Body,ValueChoice,1.7840816,220.0,1.7840816,123.31274533631198,218.2159184,0.0,0.0,0.0,False,53.522448,166.477552,True,100.0,OVERSTOCK,MARKDOWN,0.0,38516.246430720006,38516.25,CRITICAL,Inventory exceeds the 30-day demand coverage target,166.0
2025-12-09,ST05,SKU03890,2,2.05615,141.0,0.0,92.0,45.0,7.0,659.39,484.92,Personal Care,Hair Care,ValueChoice,2.05615,141.0,2.05615,68.57476351433503,138.94385,0.0,0.0,0.0,False,61.68450000000001,79.31549999999999,True,100.0,OVERSTOCK,MARKDOWN,0.0,38461.67225999999,38461.67,CRITICAL,Inventory exceeds the 30-day demand coverage target,79.0
2025-12-09,ST01,SKU02217,2,1.9227549,186.0,0.0,43.0,12.0,7.0,457.34,298.38,Personal Care,Bath & Body,NutriPlus,1.9227549,186.0,1.9227549,96.73619866993968,184.0772451,0.0,0.0,0.0,False,57.682646999999996,128.317353,True,100.0,OVERSTOCK,MARKDOWN,0.0,38287.33178814,38287.33,CRITICAL,Inventory exceeds the 30-day demand coverage target,128.0
2025-12-18,ST27,SKU04194,3,1.929835,343.0,0.0,77.0,33.0,7.0,201.25,133.83,Dairy & Bakery,Cheese,ValueChoice,1.929835,343.0,1.929835,177.7354022494151,341.070165,0.0,0.0,0.0,False,57.89505,285.10495000000003,True,100.0,OVERSTOCK,MARKDOWN,0.0,38155.59545850001,38155.6,CRITICAL,Inventory exceeds the 30-day demand coverage target,285.0
2025-12-26,ST04,SKU00305,1,1.8440212,175.0,0.0,50.0,13.0,7.0,493.11,318.69,Health & Wellness,Vitamins & Supplements,PurePlus,1.8440212,175.0,1.8440212,94.90129506103293,173.1559788,0.0,0.0,0.0,False,55.320636,119.67936399999999,True,100.0,OVERSTOCK,MARKDOWN,0.0,38140.61651316,38140.62,CRITICAL,Inventory exceeds the 30-day demand coverage target,120.0
2025-12-14,ST30,SKU01827,1,1.748779,279.0,0.0,69.0,28.0,7.0,270.58,167.65,Stationery & Office,Office Supplies,ValueChoice,1.748779,279.0,1.748779,159.53988468525753,277.251221,0.0,0.0,0.0,False,52.463370000000005,226.53663,True,100.0,OVERSTOCK,MARKDOWN,0.0,37978.866019500005,37978.87,CRITICAL,Inventory exceeds the 30-day demand coverage target,227.0
2025-12-13,ST26,SKU01854,2,1.8452159,288.0,0.0,78.0,31.0,7.0,225.3,161.28,Home Care,Surface Cleaners,GreenValley,1.8452159,288.0,1.8452159,156.07929673703765,286.1547841,0.0,0.0,0.0,False,55.356477,232.64352300000002,True,100.0,OVERSTOCK,MARKDOWN,0.0,37520.74738944,37520.75,CRITICAL,Inventory exceeds the 30-day demand coverage target,233.0
2025-12-11,ST16,SKU03828,2,1.8543552,203.0,0.0,39.0,10.0,7.0,327.11,253.39,Stationery & Office,Notebooks,NovaFresh,1.8543552,203.0,1.8543552,109.4720148545435,201.1456448,0.0,0.0,0.0,False,55.630656,147.369344,True,100.0,OVERSTOCK,MARKDOWN,0.0,37341.91807616,37341.92,CRITICAL,Inventory exceeds the 30-day demand coverage target,147.0
2025-12-09,ST27,SKU01746,1,1.9955214,119.0,0.0,45.0,10.0,7.0,1073.45,630.2,Home & Kitchen,Home Decor,PureLife,1.9955214,119.0,1.9955214,59.63353738025561,117.0044786,0.0,0.0,0.0,False,59.865641999999994,59.134358000000006,True,98.8,OVERSTOCK,MARKDOWN,0.0,37266.47241160001,37266.47,CRITICAL,Inventory exceeds the 30-day demand coverage target,59.0
2025-12-19,ST03,SKU03579,4,1.8646542,157.0,0.0,53.0,23.0,7.0,573.52,368.64,Personal Care,Men's Grooming,EverydayPlus,1.8646542,157.0,1.8646542,84.1979172331256,155.1353458,0.0,0.0,0.0,False,55.939626,101.060374,True,100.0,OVERSTOCK,MARKDOWN,0.0,37254.89627136,37254.9,CRITICAL,Inventory exceeds the 30-day demand coverage target,101.0
2025-12-16,ST30,SKU03805,3,1.7162658,90.0,0.0,21.0,5.0,7.0,1279.53,962.72,Health & Wellness,OTC Medicine,FamilyChoice,1.7162658,90.0,1.7162658,52.43942983656727,88.2837342,0.0,0.0,0.0,False,51.487974,38.512026,True,74.8,OVERSTOCK,MARKDOWN,0.0,37076.29767072,37076.3,CRITICAL,Inventory exceeds the 30-day demand coverage target,39.0
2025-12-16,ST04,SKU03493,1,1.9759879,367.0,0.0,69.0,21.0,7.0,216.47,120.23,Stationery & Office,Office Supplies,CityFresh,1.9759879,367.0,1.9759879,185.72988225282148,365.0240121,0.0,0.0,0.0,False,59.279637,307.720363,True,100.0,OVERSTOCK,MARKDOWN,0.0,36997.219243490006,36997.22,CRITICAL,Inventory exceeds the 30-day demand coverage target,308.0
2025-12-03,ST18,SKU03730,1,1.8415562,285.0,0.0,99.0,24.0,7.0,223.49,160.68,Grocery,Pulses & Lentils,FreshFarm,1.8415562,285.0,1.8415562,154.7604140454687,283.1584438,0.0,0.0,0.0,False,55.246686000000004,229.753314,True,100.0,OVERSTOCK,MARKDOWN,0.0,36916.76249352,36916.76,CRITICAL,Inventory exceeds the 30-day demand coverage target,230.0
2025-12-05,ST29,SKU03302,3,2.2545893,217.0,0.0,93.0,43.0,7.0,426.07,246.72,Grocery,Sugar & Salt,SoftTouch,2.2545893,217.0,2.2545893,96.24812820676475,214.7454107,0.0,0.0,0.0,False,67.637679,149.362321,True,100.0,OVERSTOCK,MARKDOWN,0.0,36850.671837120004,36850.67,CRITICAL,Inventory exceeds the 30-day demand coverage target,149.0
2025-12-26,ST17,SKU01939,1,2.1198945,227.0,0.0,55.0,24.0,7.0,297.93,222.4,Dairy & Bakery,Milk,HealthFirst,2.1198945,227.0,2.1198945,107.0808004832316,224.8801055,0.0,0.0,0.0,False,63.596835,163.403165,True,100.0,OVERSTOCK,MARKDOWN,0.0,36340.863896,36340.86,CRITICAL,Inventory exceeds the 30-day demand coverage target,163.0
2025-12-03,ST01,SKU03005,1,1.9178262,467.0,0.0,87.0,33.0,7.0,133.21,88.29,Grocery,Cooking Oil,NatureBlend,1.9178262,467.0,1.9178262,243.50485982514996,465.0821738,0.0,0.0,0.0,False,57.534786,409.465214,True,100.0,OVERSTOCK,MARKDOWN,0.0,36151.68374406,36151.68,CRITICAL,Inventory exceeds the 30-day demand coverage target,409.0
2025-12-29,ST05,SKU00493,3,1.9919845,225.0,0.0,92.0,37.0,7.0,391.9,217.64,Home & Kitchen,Home Decor,HealthFirst,1.9919845,225.0,1.9919845,112.9526861278288,223.0080155,0.0,0.0,0.0,False,59.759535,165.240465,True,100.0,OVERSTOCK,MARKDOWN,0.0,35962.9348026,35962.93,CRITICAL,Inventory exceeds the 30-day demand coverage target,165.0
2025-12-26,ST08,SKU00500,2,1.802989,100.0,0.0,79.0,20.0,7.0,1264.58,781.21,Home & Kitchen,Home Decor,UrbanBite,1.802989,100.0,1.802989,55.463455406549905,98.197011,0.0,0.0,0.0,False,54.08967,45.91033,True,84.9,OVERSTOCK,MARKDOWN,0.0,35865.6088993,35865.61,CRITICAL,Inventory exceeds the 30-day demand coverage target,46.0
2025-12-02,ST26,SKU02590,1,1.7660782,311.0,0.0,87.0,38.0,7.0,198.15,138.83,Personal Care,Oral Care,SparkleClean,1.7660782,311.0,1.7660782,176.09639256064654,309.2339218,0.0,0.0,0.0,False,52.982346,258.017654,True,100.0,OVERSTOCK,MARKDOWN,0.0,35820.590904820005,35820.59,CRITICAL,Inventory exceeds the 30-day demand coverage target,258.0
2025-12-14,ST21,SKU02472,3,1.6976388,237.0,0.0,67.0,18.0,7.0,300.88,192.49,Personal Care,Oral Care,UrbanBite,1.6976388,237.0,1.6976388,139.60566876770253,235.3023612,0.0,0.0,0.0,False,50.929164,186.07083599999999,True,100.0,OVERSTOCK,MARKDOWN,0.0,35816.77522164,35816.78,CRITICAL,Inventory exceeds the 30-day demand coverage target,186.0
2025-12-24,ST08,SKU03609,1,1.9227958,453.0,0.0,84.0,24.0,7.0,139.89,90.5,Grocery,Pulses & Lentils,CityFresh,1.9227958,453.0,1.9227958,235.59444013763706,451.0772042,0.0,0.0,0.0,False,57.683874,395.316126,True,100.0,OVERSTOCK,MARKDOWN,0.0,35776.109403,35776.11,CRITICAL,Inventory exceeds the 30-day demand coverage target,395.0
2025-12-25,ST14,SKU00645,2,1.7754618,239.0,0.0,70.0,31.0,7.0,292.66,191.28,Home Care,Surface Cleaners,FreshFarm,1.7754618,239.0,1.7754618,134.61286522751433,237.2245382,0.0,0.0,0.0,False,53.263854,185.736146,True,100.0,OVERSTOCK,MARKDOWN,0.0,35527.61000688,35527.61,CRITICAL,Inventory exceeds the 30-day demand coverage target,186.0
2025-12-22,ST26,SKU02808,2,1.9477798,171.0,0.0,60.0,18.0,7.0,471.71,315.51,Home Care,Surface Cleaners,GoldenHarvest,1.9477798,171.0,1.9477798,87.79226481350716,169.0522202,0.0,0.0,0.0,False,58.433394,112.56660600000001,True,100.0,OVERSTOCK,MARKDOWN,0.0,35515.88985906,35515.89,CRITICAL,Inventory exceeds the 30-day demand coverage target,113.0
2025-12-16,ST07,SKU01336,3,1.9202521,114.0,0.0,93.0,44.0,7.0,804.43,625.68,Home & Kitchen,Home Decor,HealthFirst,1.9202521,114.0,1.9202521,59.36720496230677,112.0797479,0.0,0.0,0.0,False,57.607563,56.392437,True,97.9,OVERSTOCK,MARKDOWN,0.0,35283.619982159995,35283.62,CRITICAL,Inventory exceeds the 30-day demand coverage target,56.0
2025-12-15,ST01,SKU00978,2,1.9119192,174.0,0.0,36.0,10.0,7.0,524.42,302.09,Health & Wellness,OTC Medicine,HomeStyle,1.9119192,174.0,1.9119192,91.00803004645803,172.0880808,0.0,0.0,0.0,False,57.357576,116.642424,True,100.0,OVERSTOCK,MARKDOWN,0.0,35236.50986616,35236.51,CRITICAL,Inventory exceeds the 30-day demand coverage target,117.0
2025-12-09,ST04,SKU01356,1,1.851214,349.0,0.0,75.0,25.0,7.0,188.2,119.86,Snacks & Confectionery,Biscuits & Cookies,TrueTaste,1.851214,349.0,1.851214,188.52493552879355,347.148786,0.0,0.0,0.0,False,55.53642,293.46358,True,100.0,OVERSTOCK,MARKDOWN,0.0,35174.5446988,35174.54,CRITICAL,Inventory exceeds the 30-day demand coverage target,293.0
2025-12-28,ST13,SKU00772,1,1.8786987,214.0,0.0,88.0,32.0,7.0,289.73,222.59,Frozen Foods,Ready Meals,PureLife,1.8786987,214.0,1.8786987,113.90863260830488,212.1213013,0.0,0.0,0.0,False,56.360960999999996,157.639039,True,100.0,OVERSTOCK,MARKDOWN,0.0,35088.87369101,35088.87,CRITICAL,Inventory exceeds the 30-day demand coverage target,158.0
2025-12-23,ST23,SKU00645,2,1.7651362,236.0,0.0,57.0,22.0,7.0,292.66,191.28,Home Care,Surface Cleaners,FreshFarm,1.7651362,236.0,1.7651362,133.70073085578326,234.2348638,0.0,0.0,0.0,False,52.954086,183.045914,True,100.0,OVERSTOCK,MARKDOWN,0.0,35013.022429920005,35013.02,CRITICAL,Inventory exceeds the 30-day demand coverage target,183.0
2025-12-05,ST05,SKU04292,2,1.7900163,322.0,0.0,93.0,37.0,7.0,175.78,130.29,Personal Care,Oral Care,CrispKing,1.7900163,322.0,1.7900163,179.88663008264226,320.2099837,0.0,0.0,0.0,False,53.700489,268.299511,True,100.0,OVERSTOCK,MARKDOWN,0.0,34956.743288189995,34956.74,CRITICAL,Inventory exceeds the 30-day demand coverage target,268.0
2025-12-23,ST07,SKU00758,1,1.8118714,479.0,0.0,93.0,31.0,7.0,109.39,82.31,Snacks & Confectionery,Candy,HomeStyle,1.8118714,479.0,1.8118714,264.36754838119305,477.1881286,0.0,0.0,0.0,False,54.356142,424.643858,True,100.0,OVERSTOCK,MARKDOWN,0.0,34952.435951980005,34952.44,CRITICAL,Inventory exceeds the 30-day demand coverage target,425.0
2025-12-06,ST05,SKU01696,2,1.9396709,249.0,0.0,80.0,24.0,7.0,246.47,183.01,Health & Wellness,First Aid,TrueTaste,1.9396709,249.0,1.9396709,128.37229243373193,247.0603291,0.0,0.0,0.0,False,58.190127000000004,190.80987299999998,True,100.0,OVERSTOCK,MARKDOWN,0.0,34920.11485773,34920.11,CRITICAL,Inventory exceeds the 30-day demand coverage target,191.0
2025-12-19,ST08,SKU03432,1,1.9287652,79.0,0.0,29.0,8.0,7.0,2629.94,1649.68,Apparel & Footwear,Men's Wear,SoftTouch,1.9287652,79.0,1.9287652,40.958847660669115,77.0712348,0.0,0.0,0.0,False,57.862956,21.137044000000003,True,36.5,OVERSTOCK,MARKDOWN,0.0,34869.358745920006,34869.36,CRITICAL,Inventory exceeds the 30-day demand coverage target,21.0
2025-12-11,ST26,SKU03787,1,1.9436573,140.0,0.0,54.0,18.0,7.0,694.67,425.76,Frozen Foods,Ready Meals,MetroBrand,1.9436573,140.0,1.9436573,72.02915863820232,138.0563427,0.0,0.0,0.0,False,58.309719,81.690281,True,100.0,OVERSTOCK,MARKDOWN,0.0,34780.45403856,34780.45,CRITICAL,Inventory exceeds the 30-day demand coverage target,82.0
2025-12-12,ST17,SKU04591,2,1.8078679,344.0,0.0,66.0,27.0,7.0,186.58,119.57,Dairy & Bakery,Butter & Ghee,SunriseFoods,1.8078679,344.0,1.8078679,190.27938932927566,342.1921321,0.0,0.0,0.0,False,54.236036999999996,289.763963,True,100.0,OVERSTOCK,MARKDOWN,0.0,34647.07705591,34647.08,CRITICAL,Inventory exceeds the 30-day demand coverage target,290.0
2025-12-27,ST24,SKU02412,2,1.9001334,141.0,0.0,65.0,23.0,7.0,722.57,411.86,Personal Care,Skin Care,HealthFirst,1.9001334,141.0,1.9001334,74.20531632147511,139.0998666,0.0,0.0,0.0,False,57.004002,83.995998,True,100.0,OVERSTOCK,MARKDOWN,0.0,34594.59173628,34594.59,CRITICAL,Inventory exceeds the 30-day demand coverage target,84.0
2025-12-04,ST01,SKU03966,2,2.2675176,237.0,0.0,44.0,19.0,7.0,367.96,204.45,Home Care,Air Fresheners,UrbanBite,2.2675176,237.0,2.2675176,104.51958564731757,234.7324824,0.0,0.0,0.0,False,68.02552800000001,168.974472,True,100.0,OVERSTOCK,MARKDOWN,0.0,34546.8308004,34546.83,CRITICAL,Inventory exceeds the 30-day demand coverage target,169.0
2025-12-23,ST09,SKU02048,1,1.9570425,167.0,0.0,83.0,36.0,7.0,520.27,318.62,Home & Kitchen,Home Decor,QuickBite,1.9570425,167.0,1.9570425,85.33284279723102,165.0429575,0.0,0.0,0.0,False,58.711275,108.288725,True,100.0,OVERSTOCK,MARKDOWN,0.0,34502.9535595,34502.95,CRITICAL,Inventory exceeds the 30-day demand coverage target,108.0
2025-12-24,ST28,SKU01639,1,1.8776485,181.0,0.0,62.0,16.0,7.0,367.95,276.6,Home Care,Dishwashing,MetroBrand,1.8776485,181.0,1.8776485,96.39716911871417,179.1223515,0.0,0.0,0.0,False,56.329455,124.670545,True,100.0,OVERSTOCK,MARKDOWN,0.0,34483.872747,34483.87,CRITICAL,Inventory exceeds the 30-day demand coverage target,125.0
2025-12-25,ST29,SKU02576,1,1.7458532,132.0,0.0,28.0,10.0,7.0,633.16,431.22,Health & Wellness,OTC Medicine,MetroBrand,1.7458532,132.0,1.7458532,75.60773150915553,130.2541468,0.0,0.0,0.0,False,52.375596,79.624404,True,100.0,OVERSTOCK,MARKDOWN,0.0,34335.63549288,34335.64,CRITICAL,Inventory exceeds the 30-day demand coverage target,80.0
2025-12-22,ST26,SKU02223,1,1.8184235,233.0,0.0,83.0,23.0,7.0,257.58,191.65,Grocery,Flour & Atta,NovaFresh,1.8184235,233.0,1.8184235,128.13296792523855,231.1815765,0.0,0.0,0.0,False,54.552704999999996,178.447295,True,100.0,OVERSTOCK,MARKDOWN,0.0,34199.42408675,34199.42,CRITICAL,Inventory exceeds the 30-day demand coverage target,178.0
2025-12-28,ST03,SKU03104,1,1.6918232,172.0,0.0,61.0,27.0,7.0,480.01,282.02,Personal Care,Oral Care,QuickBite,1.6918232,172.0,1.6918232,101.66546953606027,170.3081768,0.0,0.0,0.0,False,50.754695999999996,121.245304,True,100.0,OVERSTOCK,MARKDOWN,0.0,34193.60063408,34193.6,CRITICAL,Inventory exceeds the 30-day demand coverage target,121.0
2025-12-08,ST08,SKU04483,1,1.754175,209.0,0.0,84.0,29.0,7.0,337.04,216.05,Dairy & Bakery,Cheese,PremiumSelect,1.754175,209.0,1.754175,119.14432710533441,207.245825,0.0,0.0,0.0,False,52.62525,156.37475,True,100.0,OVERSTOCK,MARKDOWN,0.0,33784.7647375,33784.76,CRITICAL,Inventory exceeds the 30-day demand coverage target,156.0
2025-12-27,ST08,SKU03436,1,1.983003,324.0,0.0,73.0,23.0,7.0,186.38,127.47,Snacks & Confectionery,Chips & Crisps,SparkleClean,1.983003,324.0,1.983003,163.38855765725015,322.016997,0.0,0.0,0.0,False,59.49009,264.50991,True,100.0,OVERSTOCK,MARKDOWN,0.0,33717.078227699996,33717.08,CRITICAL,Inventory exceeds the 30-day demand coverage target,265.0
2025-12-05,ST28,SKU01015,3,1.9780647,193.0,0.0,71.0,35.0,7.0,427.87,252.01,Frozen Foods,Frozen Vegetables,EliteHome,1.9780647,193.0,1.9780647,97.57011487035788,191.0219353,0.0,0.0,0.0,False,59.341941,133.658059,True,100.0,OVERSTOCK,MARKDOWN,0.0,33683.16744859,33683.17,CRITICAL,Inventory exceeds the 30-day demand coverage target,134.0
2025-12-02,ST09,SKU00355,2,1.3903904,399.0,0.0,98.0,34.0,7.0,144.21,94.23,Dairy & Bakery,Bread,SoftTouch,1.3903904,399.0,1.3903904,286.9697604356302,397.6096096,0.0,0.0,0.0,False,41.711712,357.288288,True,100.0,OVERSTOCK,MARKDOWN,0.0,33667.27537824,33667.28,CRITICAL,Inventory exceeds the 30-day demand coverage target,357.0
2025-12-07,ST02,SKU02747,2,1.9740784,135.0,0.0,61.0,21.0,7.0,561.26,443.77,Health & Wellness,OTC Medicine,NovaFresh,1.9740784,135.0,1.9740784,68.3863416974726,133.0259216,0.0,0.0,0.0,False,59.222352,75.777648,True,100.0,OVERSTOCK,MARKDOWN,0.0,33627.84685296,33627.85,CRITICAL,Inventory exceeds the 30-day demand coverage target,76.0
2025-12-25,ST07,SKU04726,1,1.8542576,117.0,0.0,97.0,26.0,7.0,789.0,547.35,Health & Wellness,OTC Medicine,CleanWave,1.8542576,117.0,1.8542576,63.09802909800666,115.1457424,0.0,0.0,0.0,False,55.627728,61.372272,True,100.0,OVERSTOCK,MARKDOWN,0.0,33592.113079200004,33592.11,CRITICAL,Inventory exceeds the 30-day demand coverage target,61.0
2025-12-31,ST21,SKU04289,1,1.9731749,147.0,0.0,97.0,24.0,7.0,533.97,382.47,Personal Care,Hair Care,HomeStyle,1.9731749,147.0,1.9731749,74.49922457456762,145.0268251,0.0,0.0,0.0,False,59.195247,87.804753,True,100.0,OVERSTOCK,MARKDOWN,0.0,33582.68387991001,33582.68,CRITICAL,Inventory exceeds the 30-day demand coverage target,88.0
2025-12-20,ST25,SKU03493,1,1.9111798,336.0,0.0,88.0,33.0,7.0,216.47,120.23,Stationery & Office,Office Supplies,CityFresh,1.9111798,336.0,1.9111798,175.80763463489936,334.0888202,0.0,0.0,0.0,False,57.335394,278.664606,True,100.0,OVERSTOCK,MARKDOWN,0.0,33503.84557938,33503.85,CRITICAL,Inventory exceeds the 30-day demand coverage target,279.0
2025-12-25,ST26,SKU01213,3,1.9017657,170.0,0.0,87.0,20.0,7.0,423.96,296.36,Personal Care,Bath & Body,MetroBrand,1.9017657,170.0,1.9017657,89.39061210326804,168.0982343,0.0,0.0,0.0,False,57.052971,112.947029,True,100.0,OVERSTOCK,MARKDOWN,0.0,33472.98151444,33472.98,CRITICAL,Inventory exceeds the 30-day demand coverage target,113.0
2025-12-07,ST13,SKU02681,3,2.0769486,498.0,0.0,83.0,41.0,7.0,123.78,76.66,Stationery & Office,Notebooks,SmartBuy,2.0769486,498.0,2.0769486,239.77483121151866,495.9230514,0.0,0.0,0.0,False,62.308458,435.691542,True,100.0,OVERSTOCK,MARKDOWN,0.0,33400.11360972,33400.11,CRITICAL,Inventory exceeds the 30-day demand coverage target,436.0
2025-12-20,ST04,SKU03950,2,1.6983403,219.0,0.0,57.0,25.0,7.0,318.71,197.95,Personal Care,Hair Care,FreshFarm,1.6983403,219.0,1.6983403,128.94942197391183,217.3016597,0.0,0.0,0.0,False,50.950209,168.049791,True,100.0,OVERSTOCK,MARKDOWN,0.0,33265.45612845,33265.46,CRITICAL,Inventory exceeds the 30-day demand coverage target,168.0
2025-12-25,ST26,SKU04710,3,1.8525448,86.0,0.0,44.0,12.0,7.0,1632.84,1089.13,Apparel & Footwear,Women's Wear,SmartBuy,1.8525448,86.0,1.8525448,46.4226290236004,84.1474552,0.0,0.0,0.0,False,55.576344,30.423656,True,54.7,OVERSTOCK,MARKDOWN,0.0,33135.31645928,33135.32,CRITICAL,Inventory exceeds the 30-day demand coverage target,30.0
2025-12-21,ST01,SKU02956,1,1.8165671,229.0,0.0,84.0,28.0,7.0,261.17,188.75,Dairy & Bakery,Bread,PremiumSelect,1.8165671,229.0,1.8165671,126.06195499191854,227.1834329,0.0,0.0,0.0,False,54.497013,174.502987,True,100.0,OVERSTOCK,MARKDOWN,0.0,32937.43879625,32937.44,CRITICAL,Inventory exceeds the 30-day demand coverage target,175.0
2025-12-15,ST01,SKU04894,2,1.8185925,219.0,0.0,54.0,16.0,7.0,262.59,199.49,Frozen Foods,Ready Meals,CleanWave,1.8185925,219.0,1.8185925,120.4227995001629,217.1814075,0.0,0.0,0.0,False,54.557775,164.442225,True,100.0,OVERSTOCK,MARKDOWN,0.0,32804.579465250004,32804.58,CRITICAL,Inventory exceeds the 30-day demand coverage target,164.0
2025-12-30,ST07,SKU04591,3,1.7760261,327.0,0.0,99.0,43.0,7.0,186.58,119.57,Dairy & Bakery,Butter & Ghee,SunriseFoods,1.7760261,327.0,1.7760261,184.1189158199871,325.2239739,0.0,0.0,0.0,False,53.280783,273.719217,True,100.0,OVERSTOCK,MARKDOWN,0.0,32728.60677669,32728.61,CRITICAL,Inventory exceeds the 30-day demand coverage target,274.0
2025-12-11,ST09,SKU04901,1,1.848471,285.0,0.0,64.0,22.0,7.0,225.62,140.57,Home Care,Dishwashing,GreenValley,1.848471,285.0,1.848471,154.18148296619205,283.151529,0.0,0.0,0.0,False,55.45413,229.54587,True,100.0,OVERSTOCK,MARKDOWN,0.0,32267.262945899998,32267.26,CRITICAL,Inventory exceeds the 30-day demand coverage target,230.0
2025-12-29,ST11,SKU04107,1,1.8428495,311.0,0.0,68.0,18.0,7.0,193.61,126.03,Dairy & Bakery,Butter & Ghee,PremiumSelect,1.8428495,311.0,1.8428495,168.76038982022135,309.1571505,0.0,0.0,0.0,False,55.285485,255.714515,True,100.0,OVERSTOCK,MARKDOWN,0.0,32227.70032545,32227.7,CRITICAL,Inventory exceeds the 30-day demand coverage target,256.0
2025-12-31,ST15,SKU00850,2,1.743965,117.0,0.0,83.0,29.0,7.0,840.4,497.35,Frozen Foods,Frozen Vegetables,GoldenHarvest,1.743965,117.0,1.743965,67.0885023495311,115.256035,0.0,0.0,0.0,False,52.31895,64.68105,True,100.0,OVERSTOCK,MARKDOWN,0.0,32169.1202175,32169.12,CRITICAL,Inventory exceeds the 30-day demand coverage target,65.0
2025-12-31,ST13,SKU03069,3,1.8427606,205.0,0.0,69.0,21.0,7.0,296.3,214.74,Stationery & Office,Writing Instruments,ZestyCo,1.8427606,205.0,1.8427606,111.24613799535327,203.1572394,0.0,0.0,0.0,False,55.282818000000006,149.71718199999998,True,100.0,OVERSTOCK,MARKDOWN,0.0,32150.26766268,32150.27,CRITICAL,Inventory exceeds the 30-day demand coverage target,150.0
2025-12-03,ST14,SKU00256,1,1.787567,114.0,0.0,70.0,18.0,7.0,772.17,531.77,Frozen Foods,Frozen Meat,HomeStyle,1.787567,114.0,1.787567,63.77383337239947,112.212433,0.0,0.0,0.0,False,53.62701,60.37299,True,100.0,OVERSTOCK,MARKDOWN,0.0,32104.5448923,32104.54,CRITICAL,Inventory exceeds the 30-day demand coverage target,60.0
2025-12-25,ST03,SKU01023,1,1.840442,139.0,0.0,30.0,13.0,7.0,526.16,382.68,Personal Care,Men's Grooming,CrispKing,1.840442,139.0,1.840442,75.5253357617355,137.159558,0.0,0.0,0.0,False,55.21326,83.78674000000001,True,100.0,OVERSTOCK,MARKDOWN,0.0,32063.509663200002,32063.51,CRITICAL,Inventory exceeds the 30-day demand coverage target,84.0
2025-12-12,ST08,SKU01310,2,1.9308119,125.0,0.0,24.0,7.0,7.0,735.63,477.85,Frozen Foods,Frozen Meat,FreshFarm,1.9308119,125.0,1.9308119,64.73960513709285,123.0691881,0.0,0.0,0.0,False,57.924357,67.075643,True,100.0,OVERSTOCK,MARKDOWN,0.0,32052.09600755,32052.1,CRITICAL,Inventory exceeds the 30-day demand coverage target,67.0
2025-12-09,ST10,SKU04189,3,1.7870743,89.0,0.0,87.0,18.0,7.0,1301.46,901.63,Electronics & Accessories,Small Appliances,EverydayPlus,1.7870743,89.0,1.7870743,49.80207034480883,87.2129257,0.0,0.0,0.0,False,53.612229,35.387771,True,66.0,OVERSTOCK,MARKDOWN,0.0,31906.67596673,31906.68,CRITICAL,Inventory exceeds the 30-day demand coverage target,35.0
2025-12-13,ST22,SKU02267,1,1.7765516,130.0,0.0,28.0,9.0,7.0,595.15,415.23,Health & Wellness,OTC Medicine,SmartBuy,1.7765516,130.0,1.7765516,73.17547095170217,128.2234484,0.0,0.0,0.0,False,53.296547999999994,76.703452,True,100.0,OVERSTOCK,MARKDOWN,0.0,31849.57437396,31849.57,CRITICAL,Inventory exceeds the 30-day demand coverage target,77.0
2025-12-29,ST26,SKU04708,1,1.740049,83.0,0.0,33.0,8.0,7.0,1333.42,1027.6,Health & Wellness,OTC Medicine,EliteHome,1.740049,83.0,1.740049,47.69980615488414,81.259951,0.0,0.0,0.0,False,52.20147,30.79853,True,59.0,OVERSTOCK,MARKDOWN,0.0,31648.569427999995,31648.57,CRITICAL,Inventory exceeds the 30-day demand coverage target,31.0
2025-12-18,ST28,SKU03166,1,1.7771231,202.0,0.0,74.0,28.0,7.0,333.83,212.65,Home & Kitchen,Cookware,NatureBlend,1.7771231,202.0,1.7771231,113.66685853107192,200.2228769,0.0,0.0,0.0,False,53.313693,148.686307,True,100.0,OVERSTOCK,MARKDOWN,0.0,31618.14318355,31618.14,CRITICAL,Inventory exceeds the 30-day demand coverage target,149.0
2025-12-28,ST29,SKU00685,1,1.8869036,74.0,0.0,50.0,17.0,7.0,2583.23,1816.98,Home & Kitchen,Cookware,GreenValley,1.8869036,74.0,1.8869036,39.21768976433137,72.1130964,0.0,0.0,0.0,False,56.607108,17.392892000000003,True,30.7,OVERSTOCK,MARKDOWN,0.0,31602.536906160007,31602.54,CRITICAL,Inventory exceeds the 30-day demand coverage target,17.0
2025-12-22,ST28,SKU03647,3,1.745902,89.0,0.0,80.0,28.0,7.0,1456.54,862.25,Electronics & Accessories,Batteries,PremiumSelect,1.745902,89.0,1.745902,50.976515291236275,87.254098,0.0,0.0,0.0,False,52.37706,36.62294,True,69.9,OVERSTOCK,MARKDOWN,0.0,31578.130015,31578.13,CRITICAL,Inventory exceeds the 30-day demand coverage target,37.0
2025-12-21,ST07,SKU03773,1,2.0594344,335.0,0.0,63.0,29.0,7.0,152.43,115.06,Home Care,Air Fresheners,CleanWave,2.0594344,335.0,2.0594344,162.6660213114824,332.9405656,0.0,0.0,0.0,False,61.783032000000006,273.216968,True,100.0,OVERSTOCK,MARKDOWN,0.0,31436.34433808,31436.34,CRITICAL,Inventory exceeds the 30-day demand coverage target,273.0
2025-12-02,ST25,SKU03773,1,1.7942598,326.0,0.0,85.0,33.0,7.0,152.43,115.06,Home Care,Air Fresheners,CleanWave,1.7942598,326.0,1.7942598,181.6905221863634,324.2057402,0.0,0.0,0.0,False,53.827794000000004,272.172206,True,100.0,OVERSTOCK,MARKDOWN,0.0,31316.134022360002,31316.13,CRITICAL,Inventory exceeds the 30-day demand coverage target,272.0
2025-12-19,ST11,SKU04945,2,1.7769712,273.0,0.0,90.0,26.0,7.0,204.86,142.24,Home Care,Pest Control,FreshFarm,1.7769712,273.0,1.7769712,153.63220293046956,271.2230288,0.0,0.0,0.0,False,53.309136,219.690864,True,100.0,OVERSTOCK,MARKDOWN,0.0,31248.82849536,31248.83,CRITICAL,Inventory exceeds the 30-day demand coverage target,220.0
2025-12-22,ST07,SKU00067,3,1.6663895,164.0,0.0,96.0,40.0,7.0,492.46,273.09,Grocery,Spices & Seasoning,EliteHome,1.6663895,164.0,1.6663895,98.41636664177253,162.3336105,0.0,0.0,0.0,False,49.991685,114.00831500000001,True,100.0,OVERSTOCK,MARKDOWN,0.0,31134.53074335,31134.53,CRITICAL,Inventory exceeds the 30-day demand coverage target,114.0
2025-12-24,ST27,SKU01396,2,1.5684892,346.0,0.0,91.0,36.0,7.0,131.89,104.01,Health & Wellness,First Aid,GoldenHarvest,1.5684892,346.0,1.5684892,220.59444209115372,344.4315108,0.0,0.0,0.0,False,47.054676,298.945324,True,100.0,OVERSTOCK,MARKDOWN,0.0,31093.303149240004,31093.3,CRITICAL,Inventory exceeds the 30-day demand coverage target,299.0
2025-12-30,ST03,SKU02332,1,2.1769404,91.0,0.0,57.0,26.0,7.0,2063.24,1207.11,Home & Kitchen,Cookware,QuickBite,2.1769404,91.0,2.1769404,41.80178749955672,88.8230596,0.0,0.0,0.0,False,65.308212,25.691788000000003,True,39.3,OVERSTOCK,MARKDOWN,0.0,31012.81421268,31012.81,CRITICAL,Inventory exceeds the 30-day demand coverage target,26.0
2025-12-19,ST22,SKU04334,1,1.7010648,190.0,0.0,33.0,9.0,7.0,287.82,222.77,Grocery,Pulses & Lentils,FreshFarm,1.7010648,190.0,1.7010648,111.69474554996377,188.2989352,0.0,0.0,0.0,False,51.031943999999996,138.968056,True,100.0,OVERSTOCK,MARKDOWN,0.0,30957.913835119998,30957.91,CRITICAL,Inventory exceeds the 30-day demand coverage target,139.0
2025-12-22,ST27,SKU00104,1,1.9643072,195.0,0.0,87.0,42.0,7.0,389.89,227.32,Dairy & Bakery,Bread,EverydayPlus,1.9643072,195.0,1.9643072,99.27164142146403,193.0356928,0.0,0.0,0.0,False,58.929216,136.070784,True,100.0,OVERSTOCK,MARKDOWN,0.0,30931.61061888,30931.61,CRITICAL,Inventory exceeds the 30-day demand coverage target,136.0
2025-12-31,ST05,SKU03268,3,1.8258289,109.0,0.0,56.0,23.0,7.0,734.99,569.13,Home & Kitchen,Storage & Containers,NutriPlus,1.8258289,109.0,1.8258289,59.69891264181435,107.1741711,0.0,0.0,0.0,False,54.774867,54.225133,True,99.0,OVERSTOCK,MARKDOWN,0.0,30861.14994429,30861.15,CRITICAL,Inventory exceeds the 30-day demand coverage target,54.0
2025-12-27,ST22,SKU04853,1,1.8436303,133.0,0.0,79.0,25.0,7.0,541.65,395.46,Health & Wellness,First Aid,EliteHome,1.8436303,133.0,1.8436303,72.14027671382922,131.1563697,0.0,0.0,0.0,False,55.308909,77.691091,True,100.0,OVERSTOCK,MARKDOWN,0.0,30723.71884686,30723.72,CRITICAL,Inventory exceeds the 30-day demand coverage target,78.0
2025-12-27,ST17,SKU01682,1,1.7860448,226.0,0.0,90.0,20.0,7.0,254.03,178.16,Stationery & Office,Notebooks,EliteHome,1.7860448,226.0,1.7860448,126.53657959755544,224.2139552,0.0,0.0,0.0,False,53.581344,172.418656,True,100.0,OVERSTOCK,MARKDOWN,0.0,30718.10775296,30718.11,CRITICAL,Inventory exceeds the 30-day demand coverage target,172.0
2025-12-28,ST30,SKU04856,2,1.7616168,215.0,0.0,57.0,27.0,7.0,245.47,188.93,Stationery & Office,Office Supplies,HomeStyle,1.7616168,215.0,1.7616168,122.04697412059194,213.2383832,0.0,0.0,0.0,False,52.848504000000005,162.151496,True,100.0,OVERSTOCK,MARKDOWN,0.0,30635.282139280003,30635.28,CRITICAL,Inventory exceeds the 30-day demand coverage target,162.0
2025-12-13,ST15,SKU03254,1,1.8846831,282.0,0.0,82.0,27.0,7.0,196.07,134.91,Stationery & Office,Office Supplies,NutriPlus,1.8846831,282.0,1.8846831,149.62727686155833,280.1153169,0.0,0.0,0.0,False,56.540493,225.459507,True,100.0,OVERSTOCK,MARKDOWN,0.0,30416.74208937,30416.74,CRITICAL,Inventory exceeds the 30-day demand coverage target,225.0
2025-12-09,ST07,SKU01827,3,1.7947166,235.0,0.0,49.0,13.0,7.0,270.58,167.65,Stationery & Office,Office Supplies,ValueChoice,1.7947166,235.0,1.7947166,130.9398932399689,233.2052834,0.0,0.0,0.0,False,53.841498,181.158502,True,100.0,OVERSTOCK,MARKDOWN,0.0,30371.2228603,30371.22,CRITICAL,Inventory exceeds the 30-day demand coverage target,181.0
2025-12-30,ST08,SKU04940,1,1.8966314,120.0,0.0,53.0,12.0,7.0,617.3,481.1,Frozen Foods,Frozen Vegetables,ValueChoice,1.8966314,120.0,1.8966314,63.270069239600275,118.1033686,0.0,0.0,0.0,False,56.898942,63.101058,True,100.0,OVERSTOCK,MARKDOWN,0.0,30357.9190038,30357.92,CRITICAL,Inventory exceeds the 30-day demand coverage target,63.0
2025-12-05,ST21,SKU02639,1,1.8576286,359.0,0.0,72.0,26.0,7.0,166.16,99.59,Grocery,Sugar & Salt,SoftTouch,1.8576286,359.0,1.8576286,193.2571451580795,357.1423714,0.0,0.0,0.0,False,55.728858,303.271142,True,100.0,OVERSTOCK,MARKDOWN,0.0,30202.77303178,30202.77,CRITICAL,Inventory exceeds the 30-day demand coverage target,303.0
2025-12-15,ST16,SKU02832,1,1.8555411,167.0,0.0,66.0,25.0,7.0,389.88,270.91,Grocery,Sugar & Salt,GoldenHarvest,1.8555411,167.0,1.8555411,90.00070114318676,165.1444589,0.0,0.0,0.0,False,55.666233,111.333767,True,100.0,OVERSTOCK,MARKDOWN,0.0,30161.430817970002,30161.43,CRITICAL,Inventory exceeds the 30-day demand coverage target,111.0
2025-12-16,ST07,SKU04768,3,1.761406,420.0,0.0,88.0,27.0,7.0,104.95,81.98,Dairy & Bakery,Butter & Ghee,GreenValley,1.761406,420.0,1.761406,238.4458778952723,418.238594,0.0,0.0,0.0,False,52.84218,367.15782,True,100.0,OVERSTOCK,MARKDOWN,0.0,30099.5980836,30099.6,CRITICAL,Inventory exceeds the 30-day demand coverage target,367.0
2025-12-11,ST05,SKU03520,5,2.021878,474.0,0.0,81.0,22.0,7.0,101.31,72.21,Snacks & Confectionery,Candy,PrimeCare,2.021878,474.0,2.021878,234.43550995658492,471.978122,0.0,0.0,0.0,False,60.65634,413.34366,True,100.0,OVERSTOCK,MARKDOWN,0.0,29847.545688599996,29847.55,CRITICAL,Inventory exceeds the 30-day demand coverage target,413.0
2025-12-18,ST20,SKU03466,2,1.7908854,184.0,0.0,66.0,15.0,7.0,352.05,229.0,Home Care,Dishwashing,NatureBlend,1.7908854,184.0,1.7908854,102.74247587254885,182.2091146,0.0,0.0,0.0,False,53.726562,130.273438,True,100.0,OVERSTOCK,MARKDOWN,0.0,29832.617302,29832.62,CRITICAL,Inventory exceeds the 30-day demand coverage target,130.0
2025-12-25,ST27,SKU03857,1,1.677678,259.0,0.0,100.0,44.0,7.0,233.07,142.78,Dairy & Bakery,Eggs,HomeStyle,1.677678,259.0,1.677678,154.38004193891797,257.322322,0.0,0.0,0.0,False,50.33034,208.66966,True,100.0,OVERSTOCK,MARKDOWN,0.0,29793.8540548,29793.85,CRITICAL,Inventory exceeds the 30-day demand coverage target,209.0
2025-12-12,ST20,SKU02311,4,1.9366064,122.0,0.0,69.0,30.0,7.0,650.22,464.68,Personal Care,Oral Care,EverydayPlus,1.9366064,122.0,1.9366064,62.9967968710627,120.0633936,0.0,0.0,0.0,False,58.098192000000004,63.901807999999996,True,100.0,OVERSTOCK,MARKDOWN,0.0,29693.89214144,29693.89,CRITICAL,Inventory exceeds the 30-day demand coverage target,64.0
2025-12-19,ST09,SKU04985,3,1.8045069,90.0,0.0,67.0,30.0,7.0,1179.22,825.46,Electronics & Accessories,Mobile Accessories,QuickBite,1.8045069,90.0,1.8045069,49.87512100951235,88.1954931,0.0,0.0,0.0,False,54.135207,35.864793,True,66.3,OVERSTOCK,MARKDOWN,0.0,29604.95202978,29604.95,CRITICAL,Inventory exceeds the 30-day demand coverage target,36.0
2025-12-22,ST15,SKU04888,1,1.917674,195.0,0.0,42.0,11.0,7.0,362.75,213.99,Frozen Foods,Ice Cream,CleanWave,1.917674,195.0,1.917674,101.68568797407693,193.082326,0.0,0.0,0.0,False,57.53022,137.46978000000001,True,100.0,OVERSTOCK,MARKDOWN,0.0,29417.158222200003,29417.16,CRITICAL,Inventory exceeds the 30-day demand coverage target,137.0
2025-12-03,ST19,SKU01818,5,1.9563618,156.0,0.0,26.0,10.0,7.0,472.39,301.8,Home Care,Surface Cleaners,CleanWave,1.9563618,156.0,1.9563618,79.7398518004185,154.0436382,0.0,0.0,0.0,False,58.690854,97.309146,True,100.0,OVERSTOCK,MARKDOWN,0.0,29367.9002628,29367.9,CRITICAL,Inventory exceeds the 30-day demand coverage target,97.0
2025-12-10,ST11,SKU03057,1,1.78843,247.0,0.0,83.0,17.0,7.0,206.34,151.61,Stationery & Office,Writing Instruments,SoftTouch,1.78843,247.0,1.78843,138.10996236922887,245.21157,0.0,0.0,0.0,False,53.6529,193.3471,True,100.0,OVERSTOCK,MARKDOWN,0.0,29313.353831000004,29313.35,CRITICAL,Inventory exceeds the 30-day demand coverage target,193.0
2025-12-28,ST25,SKU00354,3,1.7311261,95.0,0.0,28.0,10.0,7.0,1108.74,680.1,Home & Kitchen,Home Decor,PurePlus,1.7311261,95.0,1.7311261,54.87757362100889,93.2688739,0.0,0.0,0.0,False,51.933783,43.066217,True,82.9,OVERSTOCK,MARKDOWN,0.0,29289.334181700004,29289.33,CRITICAL,Inventory exceeds the 30-day demand coverage target,43.0
2025-12-30,ST18,SKU01270,1,2.4536595,232.0,0.0,100.0,45.0,7.0,282.8,184.48,Home Care,Laundry,NutriPlus,2.4536595,232.0,2.4536595,94.55264677107806,229.5463405,0.0,0.0,0.0,False,73.609785,158.390215,True,100.0,OVERSTOCK,MARKDOWN,0.0,29219.8268632,29219.83,CRITICAL,Inventory exceeds the 30-day demand coverage target,158.0
2025-12-16,ST30,SKU03807,3,1.9045006,167.0,0.0,31.0,11.0,7.0,347.25,265.41,Frozen Foods,Ice Cream,TrueTaste,1.9045006,167.0,1.9045006,87.6870293451207,165.0954994,0.0,0.0,0.0,False,57.135018,109.864982,True,100.0,OVERSTOCK,MARKDOWN,0.0,29159.264872620002,29159.26,CRITICAL,Inventory exceeds the 30-day demand coverage target,110.0
2025-12-18,ST29,SKU00990,1,1.8346262,131.0,0.0,68.0,33.0,7.0,485.43,383.25,Frozen Foods,Frozen Meat,FamilyChoice,1.8346262,131.0,1.8346262,71.40419121889789,129.1653738,0.0,0.0,0.0,False,55.038786,75.961214,True,100.0,OVERSTOCK,MARKDOWN,0.0,29112.1352655,29112.14,CRITICAL,Inventory exceeds the 30-day demand coverage target,76.0
2025-12-11,ST30,SKU03014,3,2.1629376,413.0,0.0,77.0,34.0,7.0,150.16,83.4,Dairy & Bakery,Cheese,NutriPlus,2.1629376,413.0,2.1629376,190.94401983672577,410.8370624,0.0,0.0,0.0,False,64.888128,348.111872,True,100.0,OVERSTOCK,MARKDOWN,0.0,29032.530124800003,29032.53,CRITICAL,Inventory exceeds the 30-day demand coverage target,348.0
2025-12-22,ST12,SKU00574,3,1.9621099,361.0,0.0,86.0,27.0,7.0,120.48,95.99,Beverages,Tea,DailyBest,1.9621099,361.0,1.9621099,183.9856167078103,359.0378901,0.0,0.0,0.0,False,58.863296999999996,302.136703,True,100.0,OVERSTOCK,MARKDOWN,0.0,29002.10212097,29002.1,CRITICAL,Inventory exceeds the 30-day demand coverage target,302.0
2025-12-16,ST29,SKU00691,1,1.7682028,183.0,0.0,40.0,12.0,7.0,368.73,222.67,Dairy & Bakery,Eggs,CityFresh,1.7682028,183.0,1.7682028,103.49491585467459,181.2317972,0.0,0.0,0.0,False,53.046084,129.953916,True,100.0,OVERSTOCK,MARKDOWN,0.0,28936.838475719996,28936.84,CRITICAL,Inventory exceeds the 30-day demand coverage target,130.0
2025-12-30,ST20,SKU02943,1,1.897388,113.0,0.0,71.0,23.0,7.0,909.95,514.91,Electronics & Accessories,Batteries,NatureBlend,1.897388,113.0,1.897388,59.55555742947673,111.102612,0.0,0.0,0.0,False,56.921640000000004,56.078359999999996,True,98.5,OVERSTOCK,MARKDOWN,0.0,28875.308347599996,28875.31,CRITICAL,Inventory exceeds the 30-day demand coverage target,56.0
2025-12-30,ST04,SKU03563,1,2.0291765,121.0,0.0,57.0,26.0,7.0,793.38,478.46,Apparel & Footwear,Footwear,HealthFirst,2.0291765,121.0,2.0291765,59.63010117651175,118.9708235,0.0,0.0,0.0,False,60.87529500000001,60.12470499999999,True,98.8,OVERSTOCK,MARKDOWN,0.0,28767.266354299994,28767.27,CRITICAL,Inventory exceeds the 30-day demand coverage target,60.0
2025-12-28,ST29,SKU03254,1,1.7592939,266.0,0.0,71.0,18.0,7.0,196.07,134.91,Stationery & Office,Office Supplies,NutriPlus,1.7592939,266.0,1.7592939,151.19702285104268,264.2407061,0.0,0.0,0.0,False,52.778817000000004,213.221183,True,100.0,OVERSTOCK,MARKDOWN,0.0,28765.669798529998,28765.67,CRITICAL,Inventory exceeds the 30-day demand coverage target,213.0
2025-12-15,ST22,SKU03240,1,2.1905005,113.0,0.0,91.0,45.0,7.0,1042.33,604.07,Electronics & Accessories,Mobile Accessories,EverydayPlus,2.1905005,113.0,2.1905005,51.58638402502076,110.8094995,0.0,0.0,0.0,False,65.71501500000001,47.28498499999999,True,72.0,OVERSTOCK,MARKDOWN,0.0,28563.440888949997,28563.44,CRITICAL,Inventory exceeds the 30-day demand coverage target,47.0
2025-12-24,ST26,SKU00835,2,1.7835491,105.0,0.0,36.0,8.0,7.0,837.84,550.61,Health & Wellness,Vitamins & Supplements,FamilyChoice,1.7835491,105.0,1.7835491,58.87138178590093,103.2164509,0.0,0.0,0.0,False,53.506473,51.493527,True,96.2,OVERSTOCK,MARKDOWN,0.0,28352.85090147,28352.85,CRITICAL,Inventory exceeds the 30-day demand coverage target,51.0
2025-12-31,ST26,SKU03643,1,1.7849497,235.0,0.0,97.0,29.0,7.0,259.02,155.74,Dairy & Bakery,Bread,BasicNeeds,1.7849497,235.0,1.7849497,131.65637104507763,233.2150503,0.0,0.0,0.0,False,53.548491000000006,181.451509,True,100.0,OVERSTOCK,MARKDOWN,0.0,28259.25801166,28259.26,CRITICAL,Inventory exceeds the 30-day demand coverage target,181.0
2025-12-04,ST16,SKU00240,2,2.2531238,424.0,0.0,94.0,21.0,7.0,143.08,79.06,Beverages,Energy Drinks,FamilyChoice,2.2531238,424.0,2.2531238,188.18317928202615,421.7468762,0.0,0.0,0.0,False,67.593714,356.406286,True,100.0,OVERSTOCK,MARKDOWN,0.0,28177.480971160003,28177.48,CRITICAL,Inventory exceeds the 30-day demand coverage target,356.0
2025-12-09,ST04,SKU02522,1,1.9189123,77.0,0.0,28.0,6.0,7.0,1963.68,1446.1,Home & Kitchen,Storage & Containers,SoftTouch,1.9189123,77.0,1.9189123,40.126898972923364,75.0810877,0.0,0.0,0.0,False,57.567369,19.432631,True,33.8,OVERSTOCK,MARKDOWN,0.0,28101.5276891,28101.53,CRITICAL,Inventory exceeds the 30-day demand coverage target,19.0
2025-12-21,ST18,SKU01580,4,1.8209575,425.0,0.0,96.0,37.0,7.0,132.1,75.58,Beverages,Juices,PureLife,1.8209575,425.0,1.8209575,233.39369534983655,423.1790425,0.0,0.0,0.0,False,54.628725,370.37127499999997,True,100.0,OVERSTOCK,MARKDOWN,0.0,27992.660964499995,27992.66,CRITICAL,Inventory exceeds the 30-day demand coverage target,370.0
2025-12-24,ST25,SKU04145,5,1.8217173,179.0,0.0,48.0,21.0,7.0,293.61,224.88,Stationery & Office,Notebooks,CleanWave,1.8217173,179.0,1.8217173,98.2589340288968,177.1782827,0.0,0.0,0.0,False,54.651519,124.34848099999999,True,100.0,OVERSTOCK,MARKDOWN,0.0,27963.486407279997,27963.49,CRITICAL,Inventory exceeds the 30-day demand coverage target,124.0
2025-12-23,ST22,SKU04102,1,1.7155482,185.0,0.0,47.0,10.0,7.0,358.12,208.7,Personal Care,Bath & Body,CityFresh,1.7155482,185.0,1.7155482,107.83724992396017,183.2844518,0.0,0.0,0.0,False,51.466446,133.533554,True,100.0,OVERSTOCK,MARKDOWN,0.0,27868.4527198,27868.45,CRITICAL,Inventory exceeds the 30-day demand coverage target,134.0
2025-12-29,ST13,SKU04475,1,1.8074516,362.0,0.0,63.0,28.0,7.0,146.88,89.89,Personal Care,Men's Grooming,GreenValley,1.8074516,362.0,1.8074516,200.28198818712488,360.1925484,0.0,0.0,0.0,False,54.223548,307.776452,True,100.0,OVERSTOCK,MARKDOWN,0.0,27666.02527028,27666.03,CRITICAL,Inventory exceeds the 30-day demand coverage target,308.0
2025-12-13,ST27,SKU00476,1,1.8182168,249.0,0.0,87.0,32.0,7.0,206.08,140.58,Snacks & Confectionery,Namkeen,CleanWave,1.8182168,249.0,1.8182168,136.94736513269484,247.1817832,0.0,0.0,0.0,False,54.546504,194.453496,True,100.0,OVERSTOCK,MARKDOWN,0.0,27336.272467680003,27336.27,CRITICAL,Inventory exceeds the 30-day demand coverage target,194.0
2025-12-12,ST28,SKU04653,5,1.8946134,321.0,0.0,84.0,18.0,7.0,179.35,103.45,Snacks & Confectionery,Namkeen,CleanWave,1.8946134,321.0,1.8946134,169.42770488163973,319.1053866,0.0,0.0,0.0,False,56.838401999999995,264.161598,True,100.0,OVERSTOCK,MARKDOWN,0.0,27327.517313100005,27327.52,CRITICAL,Inventory exceeds the 30-day demand coverage target,264.0
2025-12-14,ST22,SKU03493,2,2.1121225,289.0,0.0,54.0,17.0,7.0,216.47,120.23,Stationery & Office,Office Supplies,CityFresh,2.1121225,289.0,2.1121225,136.82918486025315,286.8878775,0.0,0.0,0.0,False,63.363675,225.636325,True,100.0,OVERSTOCK,MARKDOWN,0.0,27128.25535475,27128.26,CRITICAL,Inventory exceeds the 30-day demand coverage target,226.0
2025-12-04,ST20,SKU03500,1,1.9260348,78.0,0.0,34.0,7.0,7.0,1732.5,1341.11,Electronics & Accessories,Mobile Accessories,EliteHome,1.9260348,78.0,1.9260348,40.49771063326582,76.0739652,0.0,0.0,0.0,False,57.781044,20.218956,True,35.0,OVERSTOCK,MARKDOWN,0.0,27115.844081159998,27115.84,CRITICAL,Inventory exceeds the 30-day demand coverage target,20.0
2025-12-06,ST13,SKU04203,4,1.8161552,115.0,0.0,89.0,44.0,7.0,709.74,446.72,Frozen Foods,Frozen Vegetables,CleanWave,1.8161552,115.0,1.8161552,63.320579650902076,113.1838448,0.0,0.0,0.0,False,54.484656,60.515344,True,100.0,OVERSTOCK,MARKDOWN,0.0,27033.41447168,27033.41,CRITICAL,Inventory exceeds the 30-day demand coverage target,61.0
2025-12-29,ST20,SKU01713,1,1.9169997,110.0,0.0,46.0,10.0,7.0,744.29,514.82,Home & Kitchen,Cookware,QuickBite,1.9169997,110.0,1.9169997,57.381333966823256,108.0830003,0.0,0.0,0.0,False,57.509991,52.490009,True,91.3,OVERSTOCK,MARKDOWN,0.0,27022.90643338,27022.91,CRITICAL,Inventory exceeds the 30-day demand coverage target,52.0
2025-12-28,ST30,SKU04571,2,1.7105681,102.0,0.0,72.0,35.0,7.0,868.52,532.19,Frozen Foods,Ready Meals,EliteHome,1.7105681,102.0,1.7105681,59.62931262426793,100.2894319,0.0,0.0,0.0,False,51.317043,50.682957,True,98.8,OVERSTOCK,MARKDOWN,0.0,26972.962885830002,26972.96,CRITICAL,Inventory exceeds the 30-day demand coverage target,51.0
2025-12-02,ST07,SKU03031,2,2.082555,299.0,0.0,71.0,26.0,7.0,175.91,113.9,Snacks & Confectionery,Chocolates,PureLife,2.082555,299.0,2.082555,143.57363911157208,296.917445,0.0,0.0,0.0,False,62.47665000000001,236.52335,True,100.0,OVERSTOCK,MARKDOWN,0.0,26940.009565,26940.01,CRITICAL,Inventory exceeds the 30-day demand coverage target,237.0
2025-12-09,ST17,SKU00645,1,1.7524953,193.0,0.0,49.0,20.0,7.0,292.66,191.28,Home Care,Surface Cleaners,FreshFarm,1.7524953,193.0,1.7524953,110.12868336936481,191.2475047,0.0,0.0,0.0,False,52.574859000000004,140.425141,True,100.0,OVERSTOCK,MARKDOWN,0.0,26860.52097048,26860.52,CRITICAL,Inventory exceeds the 30-day demand coverage target,140.0
2025-12-08,ST27,SKU02500,3,2.1868446,304.0,0.0,100.0,35.0,7.0,204.09,112.45,Dairy & Bakery,Eggs,EliteHome,2.1868446,304.0,2.1868446,139.0130784784616,301.8131554,0.0,0.0,0.0,False,65.605338,238.39466199999998,True,100.0,OVERSTOCK,MARKDOWN,0.0,26807.4797419,26807.48,CRITICAL,Inventory exceeds the 30-day demand coverage target,238.0
2025-12-22,ST22,SKU01854,1,1.8103211,220.0,0.0,37.0,10.0,7.0,225.3,161.28,Home Care,Surface Cleaners,GreenValley,1.8103211,220.0,1.8103211,121.52540231674922,218.1896789,0.0,0.0,0.0,False,54.309633,165.690367,True,100.0,OVERSTOCK,MARKDOWN,0.0,26722.54238976,26722.54,CRITICAL,Inventory exceeds the 30-day demand coverage target,166.0
2025-12-30,ST26,SKU04475,1,1.4742947,341.0,0.0,86.0,29.0,7.0,146.88,89.89,Personal Care,Men's Grooming,GreenValley,1.4742947,341.0,1.4742947,231.29703986591014,339.5257053,0.0,0.0,0.0,False,44.228840999999996,296.771159,True,100.0,OVERSTOCK,MARKDOWN,0.0,26676.759482510002,26676.76,CRITICAL,Inventory exceeds the 30-day demand coverage target,297.0
2025-12-24,ST01,SKU04605,2,1.6942993,256.0,0.0,64.0,27.0,7.0,182.32,129.91,Snacks & Confectionery,Chocolates,NatureBlend,1.6942993,256.0,1.6942993,151.09490985447493,254.3057007,0.0,0.0,0.0,False,50.828979,205.171021,True,100.0,OVERSTOCK,MARKDOWN,0.0,26653.76733811,26653.77,CRITICAL,Inventory exceeds the 30-day demand coverage target,205.0
2025-12-16,ST08,SKU00669,1,1.7545767,115.0,0.0,69.0,17.0,7.0,631.77,427.05,Health & Wellness,First Aid,MetroBrand,1.7545767,115.0,1.7545767,65.54287424425503,113.2454233,0.0,0.0,0.0,False,52.637301,62.362699,True,100.0,OVERSTOCK,MARKDOWN,0.0,26631.99060795,26631.99,CRITICAL,Inventory exceeds the 30-day demand coverage target,62.0
2025-12-09,ST08,SKU03574,1,1.6913352,346.0,0.0,60.0,29.0,7.0,130.96,90.05,Stationery & Office,Writing Instruments,SmartBuy,1.6913352,346.0,1.6913352,204.57210374383504,344.3086648,0.0,0.0,0.0,False,50.740055999999996,295.259944,True,100.0,OVERSTOCK,MARKDOWN,0.0,26588.1579572,26588.16,CRITICAL,Inventory exceeds the 30-day demand coverage target,295.0
2025-12-28,ST07,SKU02317,1,1.8549181,183.0,0.0,83.0,25.0,7.0,287.3,208.56,Dairy & Bakery,Bread,BasicNeeds,1.8549181,183.0,1.8549181,98.65664688915376,181.1450819,0.0,0.0,0.0,False,55.647543,127.352457,True,100.0,OVERSTOCK,MARKDOWN,0.0,26560.628431920002,26560.63,CRITICAL,Inventory exceeds the 30-day demand coverage target,127.0
2025-12-26,ST03,SKU04942,3,1.8443412,213.0,0.0,86.0,24.0,7.0,281.75,168.33,Personal Care,Men's Grooming,ZestyCo,1.8443412,213.0,1.8443412,115.48839227795811,211.1556588,0.0,0.0,0.0,False,55.330236,157.669764,True,100.0,OVERSTOCK,MARKDOWN,0.0,26540.55137412,26540.55,CRITICAL,Inventory exceeds the 30-day demand coverage target,158.0
2025-12-07,ST28,SKU03609,1,1.7023909,342.0,0.0,90.0,21.0,7.0,139.89,90.5,Grocery,Pulses & Lentils,CityFresh,1.7023909,342.0,1.7023909,200.89393100021857,340.2976091,0.0,0.0,0.0,False,51.071726999999996,290.928273,True,100.0,OVERSTOCK,MARKDOWN,0.0,26329.0087065,26329.01,CRITICAL,Inventory exceeds the 30-day demand coverage target,291.0
2025-12-30,ST29,SKU04991,3,2.3862388,253.0,0.0,100.0,45.0,7.0,206.19,145.05,Personal Care,Hair Care,GreenValley,2.3862388,253.0,2.3862388,106.0245940180002,250.6137612,0.0,0.0,0.0,False,71.587164,181.412836,True,100.0,OVERSTOCK,MARKDOWN,0.0,26313.931861800003,26313.93,CRITICAL,Inventory exceeds the 30-day demand coverage target,181.0
2025-12-18,ST25,SKU00264,2,1.7721417,223.0,0.0,75.0,30.0,7.0,242.74,153.51,Beverages,Energy Drinks,PurePlus,1.7721417,223.0,1.7721417,125.8364384744177,221.2278583,0.0,0.0,0.0,False,53.164251,169.835749,True,100.0,OVERSTOCK,MARKDOWN,0.0,26071.485828989997,26071.49,CRITICAL,Inventory exceeds the 30-day demand coverage target,170.0
2025-12-15,ST19,SKU02376,1,1.758364,375.0,0.0,69.0,33.0,7.0,132.8,80.84,Dairy & Bakery,Milk,PurePlus,1.758364,375.0,1.758364,213.26642265196512,373.241636,0.0,0.0,0.0,False,52.75092,322.24908,True,100.0,OVERSTOCK,MARKDOWN,0.0,26050.6156272,26050.62,CRITICAL,Inventory exceeds the 30-day demand coverage target,322.0
2025-12-11,ST06,SKU03005,3,1.7261786,345.0,0.0,85.0,33.0,7.0,133.21,88.29,Grocery,Cooking Oil,NatureBlend,1.7261786,345.0,1.7261786,199.86344402601216,343.2738214,0.0,0.0,0.0,False,51.785357999999995,293.214642,True,100.0,OVERSTOCK,MARKDOWN,0.0,25887.920742180006,25887.92,CRITICAL,Inventory exceeds the 30-day demand coverage target,293.0
2025-12-18,ST14,SKU04643,1,1.9397281,238.0,0.0,48.0,21.0,7.0,247.04,143.67,Stationery & Office,Notebooks,EverydayPlus,1.9397281,238.0,1.9397281,122.69760901025252,236.0602719,0.0,0.0,0.0,False,58.191843,179.808157,True,100.0,OVERSTOCK,MARKDOWN,0.0,25833.03791619,25833.04,CRITICAL,Inventory exceeds the 30-day demand coverage target,180.0
2025-12-08,ST30,SKU04980,1,1.7784748,86.0,0.0,39.0,13.0,7.0,1147.16,785.92,Health & Wellness,OTC Medicine,FreshFarm,1.7784748,86.0,1.7784748,48.35604080530126,84.2215252,0.0,0.0,0.0,False,53.354243999999994,32.645756000000006,True,61.2,OVERSTOCK,MARKDOWN,0.0,25656.95255552,25656.95,CRITICAL,Inventory exceeds the 30-day demand coverage target,33.0
2025-12-24,ST19,SKU03295,2,1.6975405,462.0,0.0,91.0,21.0,7.0,106.45,62.34,Stationery & Office,Office Supplies,SoftTouch,1.6975405,462.0,1.6975405,272.158455129642,460.3024595,0.0,0.0,0.0,False,50.926215,411.073785,True,100.0,OVERSTOCK,MARKDOWN,0.0,25626.3397569,25626.34,CRITICAL,Inventory exceeds the 30-day demand coverage target,411.0
2025-12-02,ST16,SKU03905,2,1.9142452,165.0,0.0,38.0,15.0,7.0,404.11,237.85,Grocery,Sugar & Salt,DailyBest,1.9142452,165.0,1.9142452,86.19585411524082,163.0857548,0.0,0.0,0.0,False,57.427356,107.572644,True,100.0,OVERSTOCK,MARKDOWN,0.0,25586.153375399997,25586.15,CRITICAL,Inventory exceeds the 30-day demand coverage target,108.0
2025-12-13,ST14,SKU01818,3,1.7901149,138.0,0.0,35.0,13.0,7.0,472.39,301.8,Home Care,Surface Cleaners,CleanWave,1.7901149,138.0,1.7901149,77.09002366272689,136.2098851,0.0,0.0,0.0,False,53.703447000000004,84.29655299999999,True,100.0,OVERSTOCK,MARKDOWN,0.0,25440.6996954,25440.7,CRITICAL,Inventory exceeds the 30-day demand coverage target,84.0
2025-12-26,ST05,SKU01309,5,1.8204411,138.0,0.0,69.0,16.0,7.0,474.17,304.95,Dairy & Bakery,Butter & Ghee,ZestyCo,1.8204411,138.0,1.8204411,75.80580332975343,136.1795589,0.0,0.0,0.0,False,54.613233,83.38676699999999,True,100.0,OVERSTOCK,MARKDOWN,0.0,25428.794596649997,25428.79,CRITICAL,Inventory exceeds the 30-day demand coverage target,83.0
2025-12-23,ST07,SKU00638,1,2.2304397,106.0,0.0,26.0,6.0,7.0,995.83,649.64,Electronics & Accessories,Batteries,EverydayPlus,2.2304397,106.0,2.2304397,47.52426169602344,103.7695603,0.0,0.0,0.0,False,66.913191,39.086809,True,58.4,OVERSTOCK,MARKDOWN,0.0,25392.35459876,25392.35,CRITICAL,Inventory exceeds the 30-day demand coverage target,39.0
2025-12-08,ST01,SKU00749,2,1.8755016,335.0,0.0,90.0,28.0,7.0,148.59,91.03,Grocery,Flour & Atta,QuickBite,1.8755016,335.0,1.8755016,178.6188825432087,333.1244984,0.0,0.0,0.0,False,56.265048,278.734952,True,100.0,OVERSTOCK,MARKDOWN,0.0,25373.24268056,25373.24,CRITICAL,Inventory exceeds the 30-day demand coverage target,279.0
2025-12-02,ST17,SKU02558,1,2.1140764,440.0,0.0,81.0,31.0,7.0,87.7,67.29,Dairy & Bakery,Butter & Ghee,PrimeCare,2.1140764,440.0,2.1140764,208.12871285068033,437.8859236,0.0,0.0,0.0,False,63.422292,376.57770800000003,True,100.0,OVERSTOCK,MARKDOWN,0.0,25339.913971320006,25339.91,CRITICAL,Inventory exceeds the 30-day demand coverage target,377.0
2025-12-19,ST03,SKU02821,1,1.9151335,99.0,0.0,85.0,26.0,7.0,965.81,608.89,Health & Wellness,Vitamins & Supplements,TrueTaste,1.9151335,99.0,1.9151335,51.69352423734429,97.0848665,0.0,0.0,0.0,False,57.454005,41.545995,True,72.3,OVERSTOCK,MARKDOWN,0.0,25296.940895549997,25296.94,CRITICAL,Inventory exceeds the 30-day demand coverage target,42.0
2025-12-11,ST04,SKU03036,2,1.8914937,228.0,0.0,63.0,18.0,7.0,219.56,147.42,Stationery & Office,Office Supplies,EverydayPlus,1.8914937,228.0,1.8914937,120.53965604009149,226.1085063,0.0,0.0,0.0,False,56.744811,171.255189,True,100.0,OVERSTOCK,MARKDOWN,0.0,25246.439962379998,25246.44,CRITICAL,Inventory exceeds the 30-day demand coverage target,171.0
2025-12-20,ST07,SKU00991,1,1.710089,248.0,0.0,50.0,13.0,7.0,226.46,127.96,Home & Kitchen,Cookware,PurePlus,1.710089,248.0,1.710089,145.02169185346494,246.289911,0.0,0.0,0.0,False,51.30267,196.69733,True,100.0,OVERSTOCK,MARKDOWN,0.0,25169.3903468,25169.39,CRITICAL,Inventory exceeds the 30-day demand coverage target,197.0
2025-12-30,ST29,SKU02128,2,1.7396098,226.0,0.0,50.0,12.0,7.0,184.2,144.28,Grocery,Spices & Seasoning,HomeStyle,1.7396098,226.0,1.7396098,129.91419110193561,224.2603902,0.0,0.0,0.0,False,52.188294,173.81170600000002,True,100.0,OVERSTOCK,MARKDOWN,0.0,25077.552941680002,25077.55,CRITICAL,Inventory exceeds the 30-day demand coverage target,174.0
2025-12-23,ST15,SKU04147,1,2.0418463,243.0,0.0,58.0,17.0,7.0,173.16,137.71,Home Care,Air Fresheners,CleanWave,2.0418463,243.0,2.0418463,119.0099372318083,240.9581537,0.0,0.0,0.0,False,61.255389,181.744611,True,100.0,OVERSTOCK,MARKDOWN,0.0,25028.05038081,25028.05,CRITICAL,Inventory exceeds the 30-day demand coverage target,182.0
2025-12-28,ST30,SKU00721,2,1.5359881,257.0,0.0,52.0,22.0,7.0,182.86,117.84,Home Care,Air Fresheners,GoldenHarvest,1.5359881,257.0,1.5359881,167.31900461989255,255.4640119,0.0,0.0,0.0,False,46.079643,210.920357,True,100.0,OVERSTOCK,MARKDOWN,0.0,24854.85486888,24854.85,CRITICAL,Inventory exceeds the 30-day demand coverage target,211.0
2025-12-12,ST10,SKU03968,1,1.9184265,322.0,0.0,80.0,17.0,7.0,119.45,93.93,Beverages,Soft Drinks,EliteHome,1.9184265,322.0,1.9184265,167.84588828396605,320.0815735,0.0,0.0,0.0,False,57.552795,264.447205,True,100.0,OVERSTOCK,MARKDOWN,0.0,24839.525965650002,24839.53,CRITICAL,Inventory exceeds the 30-day demand coverage target,264.0
2025-12-26,ST15,SKU00178,2,1.8688941,127.0,0.0,60.0,23.0,7.0,527.32,350.05,Grocery,Pulses & Lentils,PrimeCare,1.8688941,127.0,1.8688941,67.95462621450837,125.1311059,0.0,0.0,0.0,False,56.066823,70.933177,True,100.0,OVERSTOCK,MARKDOWN,0.0,24830.15860885,24830.16,CRITICAL,Inventory exceeds the 30-day demand coverage target,71.0
2025-12-12,ST03,SKU02284,1,1.8556695,212.0,0.0,73.0,27.0,7.0,238.86,158.75,Dairy & Bakery,Eggs,ValueChoice,1.8556695,212.0,1.8556695,114.24448157390096,210.1443305,0.0,0.0,0.0,False,55.670085,156.329915,True,100.0,OVERSTOCK,MARKDOWN,0.0,24817.37400625,24817.37,CRITICAL,Inventory exceeds the 30-day demand coverage target,156.0
2025-12-30,ST01,SKU04125,1,1.8578846,260.0,0.0,90.0,43.0,7.0,219.82,121.44,Grocery,Rice & Grains,SunriseFoods,1.8578846,260.0,1.8578846,139.94410632393422,258.1421154,0.0,0.0,0.0,False,55.736538,204.263462,True,100.0,OVERSTOCK,MARKDOWN,0.0,24805.75482528,24805.75,CRITICAL,Inventory exceeds the 30-day demand coverage target,204.0
2025-12-17,ST09,SKU03266,1,1.8716758,135.0,0.0,31.0,14.0,7.0,419.02,312.71,Personal Care,Skin Care,MetroBrand,1.8716758,135.0,1.8716758,72.12787599219908,133.1283242,0.0,0.0,0.0,False,56.150274,78.849726,True,100.0,OVERSTOCK,MARKDOWN,0.0,24657.09781746,24657.1,CRITICAL,Inventory exceeds the 30-day demand coverage target,79.0
2025-12-11,ST25,SKU03696,2,1.6768734,235.0,0.0,100.0,27.0,7.0,211.56,133.14,Home Care,Air Fresheners,PrimeCare,1.6768734,235.0,1.6768734,140.14176621801025,233.3231266,0.0,0.0,0.0,False,50.306202,184.69379800000002,True,100.0,OVERSTOCK,MARKDOWN,0.0,24590.13226572,24590.13,CRITICAL,Inventory exceeds the 30-day demand coverage target,185.0
2025-12-31,ST04,SKU00035,1,2.2221448,254.0,0.0,92.0,33.0,7.0,215.32,130.18,Home Care,Air Fresheners,PremiumSelect,2.2221448,254.0,2.2221448,114.30398235074509,251.7778552,0.0,0.0,0.0,False,66.664344,187.335656,True,100.0,OVERSTOCK,MARKDOWN,0.0,24387.355698080002,24387.36,CRITICAL,Inventory exceeds the 30-day demand coverage target,187.0
2025-12-22,ST01,SKU02047,5,1.803262,165.0,0.0,99.0,34.0,7.0,319.7,218.63,Dairy & Bakery,Cheese,NovaFresh,1.803262,165.0,1.803262,91.50084679874583,163.196738,0.0,0.0,0.0,False,54.09786,110.90214,True,100.0,OVERSTOCK,MARKDOWN,0.0,24246.5348682,24246.53,CRITICAL,Inventory exceeds the 30-day demand coverage target,111.0
2025-12-05,ST28,SKU03457,1,1.7276864,253.0,0.0,55.0,24.0,7.0,207.73,120.2,Dairy & Bakery,Cheese,PremiumSelect,1.7276864,253.0,1.7276864,146.4386129334583,251.2723136,0.0,0.0,0.0,False,51.830592,201.169408,True,100.0,OVERSTOCK,MARKDOWN,0.0,24180.5628416,24180.56,CRITICAL,Inventory exceeds the 30-day demand coverage target,201.0
2025-12-18,ST06,SKU03535,1,2.0519774,267.0,0.0,96.0,38.0,7.0,178.62,117.63,Stationery & Office,Office Supplies,DailyBest,2.0519774,267.0,2.0519774,130.11839214213566,264.9480226,0.0,0.0,0.0,False,61.55932200000001,205.440678,True,100.0,OVERSTOCK,MARKDOWN,0.0,24165.986953139996,24165.99,CRITICAL,Inventory exceeds the 30-day demand coverage target,205.0
2025-12-24,ST11,SKU00302,2,1.8135344,163.0,0.0,89.0,27.0,7.0,299.91,222.49,Stationery & Office,Office Supplies,EverydayPlus,1.8135344,163.0,1.8135344,89.87973980532159,161.1864656,0.0,0.0,0.0,False,54.406031999999996,108.593968,True,100.0,OVERSTOCK,MARKDOWN,0.0,24161.071940320002,24161.07,CRITICAL,Inventory exceeds the 30-day demand coverage target,109.0
2025-12-29,ST10,SKU00159,1,1.8439654,201.0,0.0,83.0,21.0,7.0,230.93,165.75,Dairy & Bakery,Milk,GreenValley,1.8439654,201.0,1.8439654,109.00421450424177,199.1560346,0.0,0.0,0.0,False,55.318962,145.681038,True,100.0,OVERSTOCK,MARKDOWN,0.0,24146.6320485,24146.63,CRITICAL,Inventory exceeds the 30-day demand coverage target,146.0
2025-12-15,ST30,SKU00151,1,1.7248516,261.0,0.0,89.0,22.0,7.0,201.86,115.36,Personal Care,Skin Care,PurePlus,1.7248516,261.0,1.7248516,151.31736550553103,259.2751484,0.0,0.0,0.0,False,51.745548,209.25445200000001,True,100.0,OVERSTOCK,MARKDOWN,0.0,24139.59358272,24139.59,CRITICAL,Inventory exceeds the 30-day demand coverage target,209.0
2025-12-12,ST07,SKU04641,1,1.8767593,366.0,0.0,91.0,28.0,7.0,113.8,77.34,Snacks & Confectionery,Biscuits & Cookies,NatureBlend,1.8767593,366.0,1.8767593,195.01701683321883,364.1232407,0.0,0.0,0.0,False,56.302779,309.697221,True,100.0,OVERSTOCK,MARKDOWN,0.0,23951.983072140003,23951.98,CRITICAL,Inventory exceeds the 30-day demand coverage target,310.0
2025-12-19,ST12,SKU03520,2,1.7600228,383.0,0.0,90.0,25.0,7.0,101.31,72.21,Snacks & Confectionery,Candy,PrimeCare,1.7600228,383.0,1.7600228,217.61081731441206,381.2399772,0.0,0.0,0.0,False,52.800684,330.199316,True,100.0,OVERSTOCK,MARKDOWN,0.0,23843.692608359997,23843.69,CRITICAL,Inventory exceeds the 30-day demand coverage target,330.0
2025-12-23,ST20,SKU02386,2,1.76462,235.0,0.0,65.0,21.0,7.0,176.47,130.72,Stationery & Office,Writing Instruments,BasicNeeds,1.76462,235.0,1.76462,133.17314775985764,233.23538,0.0,0.0,0.0,False,52.9386,182.0614,True,100.0,OVERSTOCK,MARKDOWN,0.0,23799.066208,23799.07,CRITICAL,Inventory exceeds the 30-day demand coverage target,182.0
2025-12-20,ST22,SKU00532,1,1.8632427,442.0,0.0,74.0,28.0,7.0,94.81,61.5,Beverages,Coffee,CleanWave,1.8632427,442.0,1.8632427,237.22084084912825,440.1367573,0.0,0.0,0.0,False,55.897281,386.102719,True,100.0,OVERSTOCK,MARKDOWN,0.0,23745.3172185,23745.32,CRITICAL,Inventory exceeds the 30-day demand coverage target,386.0
2025-12-11,ST27,SKU01824,3,1.8007162,164.0,0.0,59.0,12.0,7.0,324.93,215.83,Personal Care,Bath & Body,PurePlus,1.8007162,164.0,1.8007162,91.07487343091599,162.1992838,0.0,0.0,0.0,False,54.021486,109.97851399999999,True,100.0,OVERSTOCK,MARKDOWN,0.0,23736.66267662,23736.66,CRITICAL,Inventory exceeds the 30-day demand coverage target,110.0
2025-12-03,ST21,SKU00837,3,1.5859377,288.0,0.0,58.0,12.0,7.0,141.0,98.63,Health & Wellness,OTC Medicine,PremiumSelect,1.5859377,288.0,1.5859377,181.59603621251958,286.4140623,0.0,0.0,0.0,False,47.578131,240.42186900000002,True,100.0,OVERSTOCK,MARKDOWN,0.0,23712.80893947,23712.81,CRITICAL,Inventory exceeds the 30-day demand coverage target,240.0
2025-12-27,ST22,SKU00317,1,1.9092144,396.0,0.0,93.0,26.0,7.0,110.59,69.99,Beverages,Soft Drinks,ZestyCo,1.9092144,396.0,1.9092144,207.41515463114044,394.0907856,0.0,0.0,0.0,False,57.276432,338.723568,True,100.0,OVERSTOCK,MARKDOWN,0.0,23707.26252432,23707.26,CRITICAL,Inventory exceeds the 30-day demand coverage target,339.0
2025-12-05,ST10,SKU02662,3,1.8543605,309.0,0.0,53.0,11.0,7.0,128.91,93.48,Dairy & Bakery,Eggs,SparkleClean,1.8543605,309.0,1.8543605,166.63426555947453,307.1456395,0.0,0.0,0.0,False,55.630815000000005,253.369185,True,100.0,OVERSTOCK,MARKDOWN,0.0,23684.9514138,23684.95,CRITICAL,Inventory exceeds the 30-day demand coverage target,253.0
2025-12-13,ST28,SKU02722,2,1.8483855,200.0,0.0,40.0,13.0,7.0,225.42,163.76,Stationery & Office,Notebooks,SoftTouch,1.8483855,200.0,1.8483855,108.20253675437294,198.1516145,0.0,0.0,0.0,False,55.451565,144.54843499999998,True,100.0,OVERSTOCK,MARKDOWN,0.0,23671.251715599996,23671.25,CRITICAL,Inventory exceeds the 30-day demand coverage target,145.0
2025-12-03,ST09,SKU04475,1,1.8695312,319.0,0.0,63.0,13.0,7.0,146.88,89.89,Personal Care,Men's Grooming,GreenValley,1.8695312,319.0,1.8695312,170.63101166752392,317.1304688,0.0,0.0,0.0,False,56.085936,262.914064,True,100.0,OVERSTOCK,MARKDOWN,0.0,23633.34521296,23633.35,CRITICAL,Inventory exceeds the 30-day demand coverage target,263.0
2025-12-04,ST27,SKU01031,3,1.9911869,116.0,0.0,23.0,10.0,7.0,668.1,419.47,Health & Wellness,First Aid,PrimeCare,1.9911869,116.0,1.9911869,58.25671111034328,114.0088131,0.0,0.0,0.0,False,59.735607,56.264393,True,94.2,OVERSTOCK,MARKDOWN,0.0,23601.22493171,23601.22,CRITICAL,Inventory exceeds the 30-day demand coverage target,56.0
2025-12-19,ST12,SKU00426,1,1.8465323,115.0,0.0,71.0,18.0,7.0,605.61,395.71,Personal Care,Oral Care,ValueChoice,1.8465323,115.0,1.8465323,62.27889975171298,113.1534677,0.0,0.0,0.0,False,55.395969,59.604031,True,100.0,OVERSTOCK,MARKDOWN,0.0,23585.911107009997,23585.91,CRITICAL,Inventory exceeds the 30-day demand coverage target,60.0
2025-12-28,ST29,SKU03083,1,1.7971674,110.0,0.0,56.0,17.0,7.0,763.32,419.85,Electronics & Accessories,Small Appliances,ZestyCo,1.7971674,110.0,1.7971674,61.20743120535127,108.2028326,0.0,0.0,0.0,False,53.915022,56.084978,True,100.0,OVERSTOCK,MARKDOWN,0.0,23547.2780133,23547.28,CRITICAL,Inventory exceeds the 30-day demand coverage target,56.0
2025-12-25,ST30,SKU00317,2,1.7932018,390.0,0.0,93.0,33.0,7.0,110.59,69.99,Beverages,Soft Drinks,ZestyCo,1.7932018,390.0,1.7932018,217.48807077931775,388.2067982,0.0,0.0,0.0,False,53.796054000000005,336.203946,True,100.0,OVERSTOCK,MARKDOWN,0.0,23530.914180539996,23530.91,CRITICAL,Inventory exceeds the 30-day demand coverage target,336.0
2025-12-27,ST04,SKU00342,1,1.9521167,232.0,0.0,69.0,31.0,7.0,229.07,135.24,Home & Kitchen,Home Decor,QuickBite,1.9521167,232.0,1.9521167,118.84535386639539,230.0478833,0.0,0.0,0.0,False,58.563500999999995,173.436499,True,100.0,OVERSTOCK,MARKDOWN,0.0,23455.55212476,23455.55,CRITICAL,Inventory exceeds the 30-day demand coverage target,173.0
2025-12-03,ST22,SKU02500,1,2.2641594,276.0,0.0,83.0,35.0,7.0,204.09,112.45,Dairy & Bakery,Eggs,EliteHome,2.2641594,276.0,2.2641594,121.89954470520053,273.7358406,0.0,0.0,0.0,False,67.92478200000001,208.075218,True,100.0,OVERSTOCK,MARKDOWN,0.0,23398.0582641,23398.06,CRITICAL,Inventory exceeds the 30-day demand coverage target,208.0
2025-12-15,ST21,SKU03271,1,1.7905159,111.0,0.0,99.0,49.0,7.0,587.02,407.06,Frozen Foods,Ready Meals,UrbanBite,1.7905159,111.0,1.7905159,61.993305951653376,109.2094841,0.0,0.0,0.0,False,53.715477,57.284523,True,100.0,OVERSTOCK,MARKDOWN,0.0,23318.23793238,23318.24,CRITICAL,Inventory exceeds the 30-day demand coverage target,57.0
2025-12-08,ST07,SKU01748,2,1.8410627,111.0,0.0,44.0,20.0,7.0,750.21,417.73,Home & Kitchen,Cookware,SoftTouch,1.8410627,111.0,1.8410627,60.29126547401129,109.1589373,0.0,0.0,0.0,False,55.231881,55.768119,True,100.0,OVERSTOCK,MARKDOWN,0.0,23296.016349870002,23296.02,CRITICAL,Inventory exceeds the 30-day demand coverage target,56.0
2025-12-09,ST13,SKU04222,2,1.595171,294.0,0.0,80.0,17.0,7.0,118.3,94.61,Snacks & Confectionery,Biscuits & Cookies,PrimeCare,1.595171,294.0,1.595171,184.30625932893716,292.404829,0.0,0.0,0.0,False,47.855129999999996,246.14487,True,100.0,OVERSTOCK,MARKDOWN,0.0,23287.7661507,23287.77,CRITICAL,Inventory exceeds the 30-day demand coverage target,246.0
2025-12-06,ST08,SKU03314,2,2.019206,219.0,0.0,93.0,44.0,7.0,199.25,146.27,Grocery,Rice & Grains,ValueChoice,2.019206,219.0,2.019206,108.45847328108177,216.980794,0.0,0.0,0.0,False,60.57618,158.42382,True,100.0,OVERSTOCK,MARKDOWN,0.0,23172.6521514,23172.65,CRITICAL,Inventory exceeds the 30-day demand coverage target,158.0
2025-12-06,ST03,SKU04711,5,1.8566325,166.0,0.0,75.0,35.0,7.0,291.42,209.59,Grocery,Flour & Atta,SmartBuy,1.8566325,166.0,1.8566325,89.40918571661328,164.1433675,0.0,0.0,0.0,False,55.698975,110.30102500000001,True,100.0,OVERSTOCK,MARKDOWN,0.0,23117.99182975,23117.99,CRITICAL,Inventory exceeds the 30-day demand coverage target,110.0
2025-12-29,ST14,SKU02100,1,1.9826237,150.0,0.0,67.0,15.0,7.0,358.76,254.73,Home Care,Air Fresheners,PurePlus,1.9826237,150.0,1.9826237,75.65732216355529,148.0173763,0.0,0.0,0.0,False,59.478711,90.521289,True,100.0,OVERSTOCK,MARKDOWN,0.0,23058.48794697,23058.49,CRITICAL,Inventory exceeds the 30-day demand coverage target,91.0
2025-12-27,ST14,SKU04370,1,1.7977992,145.0,0.0,76.0,35.0,7.0,396.28,252.77,Home Care,Pest Control,PurePlus,1.7977992,145.0,1.7977992,80.6541687191762,143.2022008,0.0,0.0,0.0,False,53.933976,91.066024,True,100.0,OVERSTOCK,MARKDOWN,0.0,23018.758886480002,23018.76,CRITICAL,Inventory exceeds the 30-day demand coverage target,91.0
2025-12-22,ST21,SKU04292,4,1.8087405,230.0,0.0,66.0,31.0,7.0,175.78,130.29,Personal Care,Oral Care,CrispKing,1.8087405,230.0,1.8087405,127.16030851302328,228.1912595,0.0,0.0,0.0,False,54.262215000000005,175.737785,True,100.0,OVERSTOCK,MARKDOWN,0.0,22896.87600765,22896.88,CRITICAL,Inventory exceeds the 30-day demand coverage target,176.0
2025-12-30,ST11,SKU00330,1,1.6663133,484.0,0.0,100.0,29.0,7.0,87.32,52.73,Beverages,Tea,ValueChoice,1.6663133,484.0,1.6663133,290.4615836649686,482.3336867,0.0,0.0,0.0,False,49.989399000000006,434.010601,True,100.0,OVERSTOCK,MARKDOWN,0.0,22885.378990729998,22885.38,CRITICAL,Inventory exceeds the 30-day demand coverage target,434.0
2025-12-03,ST11,SKU02718,1,1.9193298,284.0,0.0,51.0,21.0,7.0,136.71,101.03,Beverages,Soft Drinks,SmartBuy,1.9193298,284.0,1.9193298,147.96831685726966,282.0806702,0.0,0.0,0.0,False,57.579894,226.420106,True,100.0,OVERSTOCK,MARKDOWN,0.0,22875.22330918,22875.22,CRITICAL,Inventory exceeds the 30-day demand coverage target,226.0
2025-12-02,ST19,SKU04060,3,1.8294325,94.0,0.0,54.0,15.0,7.0,983.88,584.6,Health & Wellness,OTC Medicine,FreshFarm,1.8294325,94.0,1.8294325,51.38205427092828,92.1705675,0.0,0.0,0.0,False,54.882975,39.117025,True,71.3,OVERSTOCK,MARKDOWN,0.0,22867.812815,22867.81,CRITICAL,Inventory exceeds the 30-day demand coverage target,39.0
2025-12-17,ST29,SKU04041,1,1.8747346,120.0,0.0,98.0,37.0,7.0,575.93,357.52,Home Care,Laundry,PurePlus,1.8747346,120.0,1.8747346,64.00906026911755,118.1252654,0.0,0.0,0.0,False,56.242038,63.757962,True,100.0,OVERSTOCK,MARKDOWN,0.0,22794.746574239998,22794.75,CRITICAL,Inventory exceeds the 30-day demand coverage target,64.0
2025-12-24,ST10,SKU03488,1,1.8818414,272.0,0.0,98.0,41.0,7.0,136.44,105.73,Home Care,Pest Control,GreenValley,1.8818414,272.0,1.8818414,144.53927945256171,270.1181586,0.0,0.0,0.0,False,56.455242000000005,215.544758,True,100.0,OVERSTOCK,MARKDOWN,0.0,22789.547263340002,22789.55,CRITICAL,Inventory exceeds the 30-day demand coverage target,216.0
2025-12-06,ST04,SKU03105,1,2.0667791,257.0,0.0,43.0,10.0,7.0,160.13,115.79,Snacks & Confectionery,Candy,MetroBrand,2.0667791,257.0,2.0667791,124.34807377334131,254.9332209,0.0,0.0,0.0,False,62.003373,194.996627,True,100.0,OVERSTOCK,MARKDOWN,0.0,22578.65944033,22578.66,CRITICAL,Inventory exceeds the 30-day demand coverage target,195.0
2025-12-24,ST21,SKU01431,2,1.785059,171.0,0.0,81.0,32.0,7.0,305.88,191.99,Dairy & Bakery,Butter & Ghee,TrueTaste,1.785059,171.0,1.785059,95.79515298934098,169.214941,0.0,0.0,0.0,False,53.55177,117.44823,True,100.0,OVERSTOCK,MARKDOWN,0.0,22548.8856777,22548.89,CRITICAL,Inventory exceeds the 30-day demand coverage target,117.0
2025-12-13,ST05,SKU04690,1,1.9432701,370.0,0.0,93.0,43.0,7.0,120.94,71.18,Stationery & Office,Writing Instruments,DailyBest,1.9432701,370.0,1.9432701,190.4007065204163,368.0567299,0.0,0.0,0.0,False,58.298103,311.70189700000003,True,100.0,OVERSTOCK,MARKDOWN,0.0,22186.941028460005,22186.94,CRITICAL,Inventory exceeds the 30-day demand coverage target,312.0
2025-12-27,ST08,SKU00428,3,1.8295116,95.0,0.0,38.0,11.0,7.0,754.79,551.24,Frozen Foods,Ready Meals,ZestyCo,1.8295116,95.0,1.8295116,51.9264267031704,93.1704884,0.0,0.0,0.0,False,54.885348,40.114652,True,73.1,OVERSTOCK,MARKDOWN,0.0,22112.80076848,22112.8,CRITICAL,Inventory exceeds the 30-day demand coverage target,40.0
2025-12-07,ST08,SKU04652,3,1.8056079,84.0,0.0,25.0,9.0,7.0,1268.21,739.21,Health & Wellness,First Aid,ValueChoice,1.8056079,84.0,1.8056079,46.52172822238981,82.1943921,0.0,0.0,0.0,False,54.168237000000005,29.831762999999995,True,55.1,OVERSTOCK,MARKDOWN,0.0,22051.93752723,22051.94,CRITICAL,Inventory exceeds the 30-day demand coverage target,30.0
2025-12-29,ST03,SKU00925,1,2.221848,211.0,0.0,86.0,42.0,7.0,196.68,152.4,Home Care,Pest Control,CrispKing,2.221848,211.0,2.221848,94.96599227309879,208.778152,0.0,0.0,0.0,False,66.65544,144.34456,True,100.0,OVERSTOCK,MARKDOWN,0.0,21998.110944,21998.11,CRITICAL,Inventory exceeds the 30-day demand coverage target,144.0
2025-12-18,ST27,SKU01988,1,1.960305,177.0,0.0,64.0,23.0,7.0,331.12,186.02,Grocery,Sugar & Salt,FreshFarm,1.960305,177.0,1.960305,90.29207189697522,175.039695,0.0,0.0,0.0,False,58.80915,118.19085,True,100.0,OVERSTOCK,MARKDOWN,0.0,21985.861917000002,21985.86,CRITICAL,Inventory exceeds the 30-day demand coverage target,118.0
2025-12-26,ST20,SKU02788,3,2.0027332,87.0,0.0,65.0,20.0,7.0,1455.54,815.13,Electronics & Accessories,Batteries,NatureBlend,2.0027332,87.0,2.0027332,43.44063402953523,84.9972668,0.0,0.0,0.0,False,60.081996000000004,26.918003999999996,True,44.8,OVERSTOCK,MARKDOWN,0.0,21941.672600519996,21941.67,CRITICAL,Inventory exceeds the 30-day demand coverage target,27.0
2025-12-26,ST01,SKU02142,1,1.8155518,260.0,0.0,56.0,20.0,7.0,150.6,106.61,Dairy & Bakery,Eggs,QuickBite,1.8155518,260.0,1.8155518,143.2071505753788,258.1844482,0.0,0.0,0.0,False,54.466553999999995,205.533446,True,100.0,OVERSTOCK,MARKDOWN,0.0,21911.92067806,21911.92,CRITICAL,Inventory exceeds the 30-day demand coverage target,206.0
2025-12-26,ST09,SKU04286,1,1.8561505,180.0,0.0,72.0,23.0,7.0,222.23,176.02,Stationery & Office,Writing Instruments,SparkleClean,1.8561505,180.0,1.8561505,96.97489508528538,178.1438495,0.0,0.0,0.0,False,55.684515000000005,124.315485,True,100.0,OVERSTOCK,MARKDOWN,0.0,21882.0116697,21882.01,CRITICAL,Inventory exceeds the 30-day demand coverage target,124.0
2025-12-26,ST08,SKU03105,4,1.7346053,241.0,0.0,75.0,35.0,7.0,160.13,115.79,Snacks & Confectionery,Candy,MetroBrand,1.7346053,241.0,1.7346053,138.93650618962135,239.2653947,0.0,0.0,0.0,False,52.038159,188.961841,True,100.0,OVERSTOCK,MARKDOWN,0.0,21879.89156939,21879.89,CRITICAL,Inventory exceeds the 30-day demand coverage target,189.0
2025-12-05,ST28,SKU04073,4,1.7844573,109.0,0.0,26.0,7.0,7.0,514.74,392.24,Apparel & Footwear,Women's Wear,ValueChoice,1.7844573,109.0,1.7844573,61.082997054622716,107.2155427,0.0,0.0,0.0,False,53.533719,55.466281,True,100.0,OVERSTOCK,MARKDOWN,0.0,21756.09405944,21756.09,CRITICAL,Inventory exceeds the 30-day demand coverage target,55.0
2025-12-22,ST04,SKU04107,1,1.7877623,226.0,0.0,65.0,14.0,7.0,193.61,126.03,Dairy & Bakery,Butter & Ghee,PremiumSelect,1.7877623,226.0,1.7877623,126.41501613497499,224.2122377,0.0,0.0,0.0,False,53.632869,172.367131,True,100.0,OVERSTOCK,MARKDOWN,0.0,21723.42951993,21723.43,CRITICAL,Inventory exceeds the 30-day demand coverage target,172.0
2025-12-15,ST29,SKU00890,1,1.8657485,122.0,0.0,32.0,11.0,7.0,539.8,327.59,Apparel & Footwear,Men's Wear,EliteHome,1.8657485,122.0,1.8657485,65.38930622214087,120.1342515,0.0,0.0,0.0,False,55.972455000000004,66.027545,True,100.0,OVERSTOCK,MARKDOWN,0.0,21629.963466549998,21629.96,CRITICAL,Inventory exceeds the 30-day demand coverage target,66.0
2025-12-18,ST11,SKU04653,2,1.8130571,263.0,0.0,63.0,21.0,7.0,179.35,103.45,Snacks & Confectionery,Namkeen,CleanWave,1.8130571,263.0,1.8130571,145.05886218365654,261.1869429,0.0,0.0,0.0,False,54.391712999999996,208.60828700000002,True,100.0,OVERSTOCK,MARKDOWN,0.0,21580.527290150003,21580.53,CRITICAL,Inventory exceeds the 30-day demand coverage target,209.0
2025-12-27,ST09,SKU04244,2,1.8611671,208.0,0.0,69.0,27.0,7.0,193.64,141.66,Grocery,Cooking Oil,GreenValley,1.8611671,208.0,1.8611671,111.757831953939,206.1388329,0.0,0.0,0.0,False,55.835013000000004,152.164987,True,100.0,OVERSTOCK,MARKDOWN,0.0,21555.692058419998,21555.69,CRITICAL,Inventory exceeds the 30-day demand coverage target,152.0
2025-12-22,ST09,SKU00527,1,1.921857,96.0,0.0,51.0,14.0,7.0,763.4,560.46,Frozen Foods,Ice Cream,FreshFarm,1.921857,96.0,1.921857,49.951687352388866,94.078143,0.0,0.0,0.0,False,57.65571,38.34429,True,66.5,OVERSTOCK,MARKDOWN,0.0,21490.4407734,21490.44,CRITICAL,Inventory exceeds the 30-day demand coverage target,38.0
2025-12-22,ST11,SKU01251,2,1.7600687,65.0,0.0,65.0,32.0,7.0,2613.85,1754.99,Home & Kitchen,Storage & Containers,CleanWave,1.7600687,65.0,1.7600687,36.93037663813919,63.2399313,0.0,0.0,0.0,False,52.802060999999995,12.197939000000005,True,23.1,OVERSTOCK,MARKDOWN,0.0,21407.26096561001,21407.26,CRITICAL,Inventory exceeds the 30-day demand coverage target,12.0
2025-12-14,ST14,SKU02207,1,1.8241345,166.0,0.0,83.0,37.0,7.0,318.58,190.97,Personal Care,Hair Care,CityFresh,1.8241345,166.0,1.8241345,91.00206152561667,164.1758655,0.0,0.0,0.0,False,54.724035,111.275965,True,100.0,OVERSTOCK,MARKDOWN,0.0,21250.37103605,21250.37,CRITICAL,Inventory exceeds the 30-day demand coverage target,111.0
2025-12-14,ST06,SKU01262,1,1.7872304,113.0,0.0,52.0,26.0,7.0,592.69,354.22,Frozen Foods,Frozen Meat,PrimeCare,1.7872304,113.0,1.7872304,63.22631933745084,111.2127696,0.0,0.0,0.0,False,53.616912000000006,59.383087999999994,True,100.0,OVERSTOCK,MARKDOWN,0.0,21034.67743136,21034.68,CRITICAL,Inventory exceeds the 30-day demand coverage target,59.0
2025-12-15,ST22,SKU02999,4,1.7564193,144.0,0.0,34.0,13.0,7.0,307.71,230.02,Stationery & Office,Notebooks,CleanWave,1.7564193,144.0,1.7564193,81.98497932697506,142.2435807,0.0,0.0,0.0,False,52.692578999999995,91.307421,True,100.0,OVERSTOCK,MARKDOWN,0.0,21002.53297842,21002.53,CRITICAL,Inventory exceeds the 30-day demand coverage target,91.0
2025-12-26,ST17,SKU02376,3,1.8393222,313.0,0.0,71.0,22.0,7.0,132.8,80.84,Dairy & Bakery,Milk,PurePlus,1.8393222,313.0,1.8393222,170.17138161003004,311.1606778,0.0,0.0,0.0,False,55.179666,257.820334,True,100.0,OVERSTOCK,MARKDOWN,0.0,20842.195800560003,20842.2,CRITICAL,Inventory exceeds the 30-day demand coverage target,258.0
2025-12-11,ST04,SKU01832,4,1.9426016,232.0,0.0,79.0,25.0,7.0,193.39,119.36,Health & Wellness,First Aid,GreenValley,1.9426016,232.0,1.9426016,119.42747293114553,230.0573984,0.0,0.0,0.0,False,58.278048,173.721952,True,100.0,OVERSTOCK,MARKDOWN,0.0,20735.45219072,20735.45,CRITICAL,Inventory exceeds the 30-day demand coverage target,174.0
2025-12-05,ST05,SKU00251,3,1.7116809,266.0,0.0,100.0,25.0,7.0,143.83,96.59,Stationery & Office,Office Supplies,CityFresh,1.7116809,266.0,1.7116809,155.40279733214294,264.2883191,0.0,0.0,0.0,False,51.350426999999996,214.649573,True,100.0,OVERSTOCK,MARKDOWN,0.0,20733.00225607,20733.0,CRITICAL,Inventory exceeds the 30-day demand coverage target,215.0
2025-12-21,ST22,SKU04762,1,1.9039782,136.0,0.0,65.0,22.0,7.0,437.45,261.84,Frozen Foods,Frozen Vegetables,ValueChoice,1.9039782,136.0,1.9039782,71.42938926506616,134.0960218,0.0,0.0,0.0,False,57.119346,78.88065399999999,True,100.0,OVERSTOCK,MARKDOWN,0.0,20654.110443359998,20654.11,CRITICAL,Inventory exceeds the 30-day demand coverage target,79.0
2025-12-23,ST09,SKU03823,1,1.7084489,588.0,0.0,99.0,41.0,7.0,54.63,38.22,Beverages,Juices,HomeStyle,1.7084489,588.0,1.7084489,344.17183914602305,586.2915511,0.0,0.0,0.0,False,51.253467,536.746533,True,100.0,OVERSTOCK,MARKDOWN,0.0,20514.45249126,20514.45,CRITICAL,Inventory exceeds the 30-day demand coverage target,537.0
2025-12-26,ST25,SKU02257,4,1.7912872,95.0,0.0,76.0,16.0,7.0,809.38,496.23,Personal Care,Men's Grooming,SunriseFoods,1.7912872,95.0,1.7912872,53.03448827189744,93.2087128,0.0,0.0,0.0,False,53.738616,41.261384,True,76.8,OVERSTOCK,MARKDOWN,0.0,20475.13658232,20475.14,CRITICAL,Inventory exceeds the 30-day demand coverage target,41.0
2025-12-18,ST07,SKU03629,2,1.8525475,190.0,0.0,78.0,26.0,7.0,190.67,151.72,Stationery & Office,Notebooks,EverydayPlus,1.8525475,190.0,1.8525475,102.56147278274916,188.14745249999999,0.0,0.0,0.0,False,55.576425,134.423575,True,100.0,OVERSTOCK,MARKDOWN,0.0,20394.744799,20394.74,CRITICAL,Inventory exceeds the 30-day demand coverage target,134.0
2025-12-24,ST11,SKU02645,1,1.7233809,158.0,0.0,91.0,19.0,7.0,272.08,190.08,Grocery,Rice & Grains,EverydayPlus,1.7233809,158.0,1.7233809,91.68025478290957,156.2766191,0.0,0.0,0.0,False,51.701427,106.298573,True,100.0,OVERSTOCK,MARKDOWN,0.0,20205.232755840003,20205.23,CRITICAL,Inventory exceeds the 30-day demand coverage target,106.0
2025-12-03,ST19,SKU00120,1,1.9293032,131.0,0.0,94.0,25.0,7.0,492.32,275.41,Health & Wellness,First Aid,FamilyChoice,1.9293032,131.0,1.9293032,67.9001620896083,129.0706968,0.0,0.0,0.0,False,57.879096000000004,73.120904,True,100.0,OVERSTOCK,MARKDOWN,0.0,20138.22817064,20138.23,CRITICAL,Inventory exceeds the 30-day demand coverage target,73.0
2025-12-14,ST28,SKU01396,4,1.621554,242.0,0.0,52.0,17.0,7.0,131.89,104.01,Health & Wellness,First Aid,GoldenHarvest,1.621554,242.0,1.621554,149.2395566228445,240.378446,0.0,0.0,0.0,False,48.64662,193.35338000000002,True,100.0,OVERSTOCK,MARKDOWN,0.0,20110.685053800004,20110.69,CRITICAL,Inventory exceeds the 30-day demand coverage target,193.0
2025-12-13,ST07,SKU01938,1,2.0125709,93.0,0.0,64.0,28.0,7.0,1070.48,614.78,Health & Wellness,Vitamins & Supplements,CityFresh,2.0125709,93.0,2.0125709,46.20955217031112,90.9874291,0.0,0.0,0.0,False,60.377127,32.622873,True,54.0,OVERSTOCK,MARKDOWN,0.0,20055.88986294,20055.89,CRITICAL,Inventory exceeds the 30-day demand coverage target,33.0
2025-12-23,ST21,SKU04474,3,1.7456334,202.0,0.0,95.0,22.0,7.0,168.07,133.8,Grocery,Spices & Seasoning,FreshFarm,1.7456334,202.0,1.7456334,115.71730925863358,200.2543666,0.0,0.0,0.0,False,52.369002,149.630998,True,100.0,OVERSTOCK,MARKDOWN,0.0,20020.6275324,20020.63,CRITICAL,Inventory exceeds the 30-day demand coverage target,150.0
2025-12-28,ST22,SKU00546,1,1.5924536,261.0,0.0,82.0,27.0,7.0,130.86,93.76,Dairy & Bakery,Milk,TrueTaste,1.5924536,261.0,1.5924536,163.89802503507795,259.4075464,0.0,0.0,0.0,False,47.773608,213.226392,True,100.0,OVERSTOCK,MARKDOWN,0.0,19992.10651392,19992.11,CRITICAL,Inventory exceeds the 30-day demand coverage target,213.0
2025-12-15,ST14,SKU00155,1,1.7770479,97.0,0.0,25.0,7.0,7.0,585.78,457.03,Frozen Foods,Frozen Vegetables,CityFresh,1.7770479,97.0,1.7770479,54.58491017602846,95.2229521,0.0,0.0,0.0,False,53.311437,43.688563,True,81.9,OVERSTOCK,MARKDOWN,0.0,19966.98394789,19966.98,CRITICAL,Inventory exceeds the 30-day demand coverage target,44.0
2025-12-17,ST23,SKU00986,2,1.6769578,391.0,0.0,68.0,21.0,7.0,101.6,58.38,Grocery,Pulses & Lentils,UrbanBite,1.6769578,391.0,1.6769578,233.16030969890835,389.3230422,0.0,0.0,0.0,False,50.308734,340.691266,True,100.0,OVERSTOCK,MARKDOWN,0.0,19889.55610908,19889.56,CRITICAL,Inventory exceeds the 30-day demand coverage target,341.0
2025-12-05,ST27,SKU01032,1,1.7994449,190.0,0.0,50.0,20.0,7.0,242.61,144.67,Stationery & Office,Office Supplies,PrimeCare,1.7994449,190.0,1.7994449,105.58811775787078,188.2005551,0.0,0.0,0.0,False,53.983346999999995,136.01665300000002,True,100.0,OVERSTOCK,MARKDOWN,0.0,19677.52918951,19677.53,CRITICAL,Inventory exceeds the 30-day demand coverage target,136.0
2025-12-27,ST29,SKU04902,2,1.8052546,148.0,0.0,32.0,11.0,7.0,275.17,208.86,Beverages,Tea,CrispKing,1.8052546,148.0,1.8052546,81.98289593057955,146.1947454,0.0,0.0,0.0,False,54.157638,93.84236200000001,True,100.0,OVERSTOCK,MARKDOWN,0.0,19599.915727320003,19599.92,CRITICAL,Inventory exceeds the 30-day demand coverage target,94.0
2025-12-03,ST12,SKU04733,1,2.0772243,132.0,0.0,55.0,22.0,7.0,486.39,280.07,Home Care,Dishwashing,TrueTaste,2.0772243,132.0,2.0772243,63.54633921815761,129.9227757,0.0,0.0,0.0,False,62.316729,69.68327099999999,True,100.0,OVERSTOCK,MARKDOWN,0.0,19516.193708969997,19516.19,CRITICAL,Inventory exceeds the 30-day demand coverage target,70.0
2025-12-25,ST26,SKU04373,2,1.7821661,78.0,0.0,44.0,13.0,7.0,1033.69,790.7,Frozen Foods,Ready Meals,SunriseFoods,1.7821661,78.0,1.7821661,43.766964257708636,76.2178339,0.0,0.0,0.0,False,53.464983,24.535017000000003,True,45.9,OVERSTOCK,MARKDOWN,0.0,19399.837941900005,19399.84,CRITICAL,Inventory exceeds the 30-day demand coverage target,25.0
2025-12-08,ST22,SKU04153,3,2.0529,318.0,0.0,83.0,23.0,7.0,136.77,75.38,Beverages,Tea,DailyBest,2.0529,318.0,2.0529,154.90282040040915,315.9471,0.0,0.0,0.0,False,61.587,256.413,True,100.0,OVERSTOCK,MARKDOWN,0.0,19328.411939999998,19328.41,CRITICAL,Inventory exceeds the 30-day demand coverage target,256.0
2025-12-13,ST16,SKU01229,1,1.8676603,115.0,0.0,35.0,11.0,7.0,492.86,327.48,Frozen Foods,Ice Cream,GreenValley,1.8676603,115.0,1.8676603,61.574366601892216,113.1323397,0.0,0.0,0.0,False,56.029809,58.970191,True,100.0,OVERSTOCK,MARKDOWN,0.0,19311.55814868,19311.56,CRITICAL,Inventory exceeds the 30-day demand coverage target,59.0
2025-12-16,ST18,SKU04016,1,1.9256613,79.0,0.0,37.0,15.0,7.0,1492.65,908.98,Electronics & Accessories,Small Appliances,HealthFirst,1.9256613,79.0,1.9256613,41.02486766494191,77.0743387,0.0,0.0,0.0,False,57.769839,21.230161000000003,True,36.7,OVERSTOCK,MARKDOWN,0.0,19297.791745780003,19297.79,CRITICAL,Inventory exceeds the 30-day demand coverage target,21.0
2025-12-10,ST02,SKU04770,1,1.8183295,138.0,0.0,72.0,17.0,7.0,343.82,230.72,Frozen Foods,Ice Cream,QuickBite,1.8183295,138.0,1.8183295,75.89383552320963,136.1816705,0.0,0.0,0.0,False,54.549884999999996,83.45011500000001,True,100.0,OVERSTOCK,MARKDOWN,0.0,19253.6105328,19253.61,CRITICAL,Inventory exceeds the 30-day demand coverage target,83.0
2025-12-23,ST25,SKU01640,1,1.8706062,81.0,0.0,31.0,10.0,7.0,1332.63,773.61,Apparel & Footwear,Kids Wear,NovaFresh,1.8706062,81.0,1.8706062,43.30147093493007,79.1293938,0.0,0.0,0.0,False,56.118186,24.881814,True,44.3,OVERSTOCK,MARKDOWN,0.0,19248.82012854,19248.82,CRITICAL,Inventory exceeds the 30-day demand coverage target,25.0
2025-12-25,ST29,SKU01651,5,1.7346486,304.0,0.0,83.0,31.0,7.0,107.72,76.21,Grocery,Sugar & Salt,CrispKing,1.7346486,304.0,1.7346486,175.25163309733162,302.2653514,0.0,0.0,0.0,False,52.039458,251.960542,True,100.0,OVERSTOCK,MARKDOWN,0.0,19201.912905819998,19201.91,CRITICAL,Inventory exceeds the 30-day demand coverage target,252.0
2025-12-27,ST07,SKU04292,2,1.9259663,204.0,0.0,39.0,12.0,7.0,175.78,130.29,Personal Care,Oral Care,CrispKing,1.9259663,204.0,1.9259663,105.9208564552765,202.0740337,0.0,0.0,0.0,False,57.778989,146.221011,True,100.0,OVERSTOCK,MARKDOWN,0.0,19051.135523189998,19051.14,CRITICAL,Inventory exceeds the 30-day demand coverage target,146.0
2025-12-13,ST04,SKU00721,1,1.7006927,212.0,0.0,40.0,9.0,7.0,182.86,117.84,Home Care,Air Fresheners,GoldenHarvest,1.7006927,212.0,1.7006927,124.6550890704711,210.2993073,0.0,0.0,0.0,False,51.020781,160.979219,True,100.0,OVERSTOCK,MARKDOWN,0.0,18969.79116696,18969.79,CRITICAL,Inventory exceeds the 30-day demand coverage target,161.0
2025-12-25,ST23,SKU04905,1,1.9722896,314.0,0.0,55.0,17.0,7.0,117.04,74.42,Grocery,Cooking Oil,PureLife,1.9722896,314.0,1.9722896,159.2058285963684,312.0277104,0.0,0.0,0.0,False,59.168688,254.831312,True,100.0,OVERSTOCK,MARKDOWN,0.0,18964.54623904,18964.55,CRITICAL,Inventory exceeds the 30-day demand coverage target,255.0
2025-12-06,ST21,SKU03766,3,1.8026896,162.0,0.0,76.0,27.0,7.0,268.44,175.66,Grocery,Flour & Atta,ValueChoice,1.8026896,162.0,1.8026896,89.86572064319893,160.1973104,0.0,0.0,0.0,False,54.080687999999995,107.919312,True,100.0,OVERSTOCK,MARKDOWN,0.0,18957.10634592,18957.11,CRITICAL,Inventory exceeds the 30-day demand coverage target,108.0
2025-12-05,ST22,SKU00841,2,1.8886682,100.0,0.0,71.0,32.0,7.0,604.4,435.83,Personal Care,Skin Care,CleanWave,1.8886682,100.0,1.8886682,52.94736259126934,98.1113318,0.0,0.0,0.0,False,56.660045999999994,43.339954000000006,True,76.5,OVERSTOCK,MARKDOWN,0.0,18888.852151820003,18888.85,CRITICAL,Inventory exceeds the 30-day demand coverage target,43.0
2025-12-04,ST29,SKU01136,4,1.7945118,138.0,0.0,69.0,20.0,7.0,306.5,223.79,Grocery,Sugar & Salt,HealthFirst,1.7945118,138.0,1.7945118,76.90113823715174,136.2054882,0.0,0.0,0.0,False,53.835354,84.164646,True,100.0,OVERSTOCK,MARKDOWN,0.0,18835.20612834,18835.21,CRITICAL,Inventory exceeds the 30-day demand coverage target,84.0
2025-12-10,ST20,SKU01623,2,1.8900235,110.0,0.0,40.0,11.0,7.0,443.72,353.19,Personal Care,Men's Grooming,SoftTouch,1.8900235,110.0,1.8900235,58.20033454610485,108.1099765,0.0,0.0,0.0,False,56.700705,53.299295,True,94.0,OVERSTOCK,MARKDOWN,0.0,18824.77800105,18824.78,CRITICAL,Inventory exceeds the 30-day demand coverage target,53.0
2025-12-02,ST21,SKU03441,2,1.8173836,169.0,0.0,44.0,19.0,7.0,275.82,164.13,Beverages,Bottled Water,HomeStyle,1.8173836,169.0,1.8173836,92.9908248319177,167.1826164,0.0,0.0,0.0,False,54.521508000000004,114.47849199999999,True,100.0,OVERSTOCK,MARKDOWN,0.0,18789.354891959996,18789.35,CRITICAL,Inventory exceeds the 30-day demand coverage target,114.0
2025-12-13,ST10,SKU03520,2,1.7633299,313.0,0.0,82.0,24.0,7.0,101.31,72.21,Snacks & Confectionery,Candy,PrimeCare,1.7633299,313.0,1.7633299,177.50507151271012,311.2366701,0.0,0.0,0.0,False,52.899897,260.100103,True,100.0,OVERSTOCK,MARKDOWN,0.0,18781.828437629996,18781.83,CRITICAL,Inventory exceeds the 30-day demand coverage target,260.0
2025-12-21,ST30,SKU03021,4,1.8764625,80.0,0.0,53.0,17.0,7.0,1165.36,788.52,Health & Wellness,OTC Medicine,TrueTaste,1.8764625,80.0,1.8764625,42.633412604834895,78.1235375,0.0,0.0,0.0,False,56.293875,23.706125,True,42.1,OVERSTOCK,MARKDOWN,0.0,18692.753685,18692.75,CRITICAL,Inventory exceeds the 30-day demand coverage target,24.0
2025-12-19,ST04,SKU00259,2,1.742092,158.0,0.0,61.0,13.0,7.0,249.48,176.24,Stationery & Office,Writing Instruments,SoftTouch,1.742092,158.0,1.742092,90.69555454017355,156.257908,0.0,0.0,0.0,False,52.26276,105.73724,True,100.0,OVERSTOCK,MARKDOWN,0.0,18635.1311776,18635.13,CRITICAL,Inventory exceeds the 30-day demand coverage target,106.0
2025-12-26,ST05,SKU03568,1,1.9705801,183.0,0.0,94.0,22.0,7.0,252.26,150.27,Dairy & Bakery,Butter & Ghee,CrispKing,1.9705801,183.0,1.9705801,92.86605502613165,181.0294199,0.0,0.0,0.0,False,59.117403,123.882597,True,100.0,OVERSTOCK,MARKDOWN,0.0,18615.83785119,18615.84,CRITICAL,Inventory exceeds the 30-day demand coverage target,124.0
2025-12-15,ST27,SKU04955,1,1.8125886,183.0,0.0,44.0,9.0,7.0,186.3,144.34,Beverages,Bottled Water,PureLife,1.8125886,183.0,1.8125886,100.96058200961873,181.1874114,0.0,0.0,0.0,False,54.377658,128.622342,True,100.0,OVERSTOCK,MARKDOWN,0.0,18565.34884428,18565.35,CRITICAL,Inventory exceeds the 30-day demand coverage target,129.0
2025-12-10,ST22,SKU04215,3,2.1063583,111.0,0.0,27.0,10.0,7.0,508.26,384.81,Frozen Foods,Frozen Meat,SoftTouch,2.1063583,111.0,2.1063583,52.69758711041706,108.8936417,0.0,0.0,0.0,False,63.190749000000004,47.809250999999996,True,75.7,OVERSTOCK,MARKDOWN,0.0,18397.477877309997,18397.48,CRITICAL,Inventory exceeds the 30-day demand coverage target,48.0
2025-12-02,ST09,SKU04153,1,2.507711,319.0,0.0,57.0,24.0,7.0,136.77,75.38,Beverages,Tea,DailyBest,2.507711,319.0,2.507711,127.20764075286188,316.492289,0.0,0.0,0.0,False,75.23133,243.76867,True,100.0,OVERSTOCK,MARKDOWN,0.0,18375.282344599997,18375.28,CRITICAL,Inventory exceeds the 30-day demand coverage target,244.0
2025-12-29,ST23,SKU02272,2,2.0378602,71.0,0.0,27.0,10.0,7.0,2530.84,1860.94,Apparel & Footwear,Footwear,NovaFresh,2.0378602,71.0,2.0378602,34.840466485385015,68.9621398,0.0,0.0,0.0,False,61.135805999999995,9.864194000000005,True,16.1,OVERSTOCK,MARKDOWN,0.0,18356.67318236001,18356.67,CRITICAL,Inventory exceeds the 30-day demand coverage target,10.0
2025-12-10,ST25,SKU04381,1,1.8579288,208.0,0.0,78.0,26.0,7.0,192.07,120.17,Grocery,Spices & Seasoning,UrbanBite,1.8579288,208.0,1.8579288,111.9526216505175,206.1420712,0.0,0.0,0.0,False,55.737864,152.262136,True,100.0,OVERSTOCK,MARKDOWN,0.0,18297.34088312,18297.34,CRITICAL,Inventory exceeds the 30-day demand coverage target,152.0
2025-12-18,ST06,SKU04387,1,1.8493313,204.0,0.0,73.0,16.0,7.0,177.78,122.27,Grocery,Spices & Seasoning,CleanWave,1.8493313,204.0,1.8493313,110.31014291490119,202.1506687,0.0,0.0,0.0,False,55.479939,148.520061,True,100.0,OVERSTOCK,MARKDOWN,0.0,18159.54785847,18159.55,CRITICAL,Inventory exceeds the 30-day demand coverage target,149.0
2025-12-10,ST13,SKU03279,3,1.8646837,71.0,0.0,32.0,8.0,7.0,1970.77,1205.23,Apparel & Footwear,Kids Wear,PurePlus,1.8646837,71.0,1.8646837,38.07616272936799,69.1353163,0.0,0.0,0.0,False,55.940511,15.059489,True,26.9,OVERSTOCK,MARKDOWN,0.0,18150.14792747,18150.15,CRITICAL,Inventory exceeds the 30-day demand coverage target,15.0
2025-12-15,ST01,SKU03550,1,1.8981739,93.0,0.0,49.0,21.0,7.0,865.57,503.31,Apparel & Footwear,Footwear,NatureBlend,1.8981739,93.0,1.8981739,48.99445725178288,91.1018261,0.0,0.0,0.0,False,56.945217,36.054783,True,63.3,OVERSTOCK,MARKDOWN,0.0,18146.73283173,18146.73,CRITICAL,Inventory exceeds the 30-day demand coverage target,36.0
2025-12-16,ST28,SKU01241,1,1.9167806,187.0,0.0,70.0,27.0,7.0,192.42,139.57,Dairy & Bakery,Eggs,NovaFresh,1.9167806,187.0,1.9167806,97.55941812015418,185.0832194,0.0,0.0,0.0,False,57.503418,129.496582,True,100.0,OVERSTOCK,MARKDOWN,0.0,18073.83794974,18073.84,CRITICAL,Inventory exceeds the 30-day demand coverage target,129.0
2025-12-30,ST28,SKU02201,3,1.9106095,85.0,0.0,65.0,15.0,7.0,1064.05,649.94,Frozen Foods,Ready Meals,CrispKing,1.9106095,85.0,1.9106095,44.488421103318075,83.0893905,0.0,0.0,0.0,False,57.318285,27.681714999999997,True,48.3,OVERSTOCK,MARKDOWN,0.0,17991.453847099998,17991.45,CRITICAL,Inventory exceeds the 30-day demand coverage target,28.0
2025-12-02,ST06,SKU02357,1,1.8811178,206.0,0.0,80.0,31.0,7.0,170.99,119.29,Home Care,Laundry,ZestyCo,1.8811178,206.0,1.8811178,109.50935661764511,204.1188822,0.0,0.0,0.0,False,56.433534,149.566466,True,100.0,OVERSTOCK,MARKDOWN,0.0,17841.78372914,17841.78,CRITICAL,Inventory exceeds the 30-day demand coverage target,150.0
2025-12-25,ST11,SKU02057,1,1.8184632,206.0,0.0,67.0,22.0,7.0,167.06,117.15,Beverages,Energy Drinks,FreshFarm,1.8184632,206.0,1.8184632,113.2824684051896,204.1815368,0.0,0.0,0.0,False,54.553896,151.446104,True,100.0,OVERSTOCK,MARKDOWN,0.0,17741.9110836,17741.91,CRITICAL,Inventory exceeds the 30-day demand coverage target,151.0
2025-12-03,ST07,SKU03906,1,1.8371341,252.0,0.0,97.0,43.0,7.0,125.53,90.03,Personal Care,Bath & Body,GoldenHarvest,1.8371341,252.0,1.8371341,137.17017173651067,250.16286589999999,0.0,0.0,0.0,False,55.114023,196.885977,True,100.0,OVERSTOCK,MARKDOWN,0.0,17725.64450931,17725.64,CRITICAL,Inventory exceeds the 30-day demand coverage target,197.0
2025-12-02,ST20,SKU03492,2,2.1354306,473.0,0.0,86.0,38.0,7.0,71.49,42.9,Stationery & Office,Office Supplies,QuickBite,2.1354306,473.0,2.1354306,221.5009937574183,470.8645694,0.0,0.0,0.0,False,64.062918,408.93708200000003,True,100.0,OVERSTOCK,MARKDOWN,0.0,17543.4008178,17543.4,CRITICAL,Inventory exceeds the 30-day demand coverage target,409.0
2025-12-13,ST02,SKU02619,1,1.9743184,134.0,0.0,91.0,36.0,7.0,381.92,231.99,Home Care,Dishwashing,NutriPlus,1.9743184,134.0,1.9743184,67.87152467403433,132.0256816,0.0,0.0,0.0,False,59.229552,74.770448,True,100.0,OVERSTOCK,MARKDOWN,0.0,17345.996231520003,17346.0,CRITICAL,Inventory exceeds the 30-day demand coverage target,75.0
2025-12-31,ST03,SKU01684,4,1.8619742,185.0,0.0,34.0,11.0,7.0,170.29,133.93,Grocery,Flour & Atta,HealthFirst,1.8619742,185.0,1.8619742,99.35690838251142,183.1380258,0.0,0.0,0.0,False,55.859226,129.140774,True,100.0,OVERSTOCK,MARKDOWN,0.0,17295.82386182,17295.82,CRITICAL,Inventory exceeds the 30-day demand coverage target,129.0
2025-12-05,ST13,SKU00935,4,2.1915572,287.0,0.0,91.0,45.0,7.0,108.32,77.98,Snacks & Confectionery,Namkeen,NovaFresh,2.1915572,287.0,2.1915572,130.95711122666566,284.8084428,0.0,0.0,0.0,False,65.746716,221.253284,True,100.0,OVERSTOCK,MARKDOWN,0.0,17253.331086320002,17253.33,CRITICAL,Inventory exceeds the 30-day demand coverage target,221.0
2025-12-05,ST23,SKU03613,2,2.085714,115.0,0.0,41.0,18.0,7.0,434.98,328.69,Frozen Foods,Ready Meals,FamilyChoice,2.085714,115.0,2.085714,55.13699385438272,112.914286,0.0,0.0,0.0,False,62.571419999999996,52.428580000000004,True,83.8,OVERSTOCK,MARKDOWN,0.0,17232.749960200003,17232.75,CRITICAL,Inventory exceeds the 30-day demand coverage target,52.0
2025-12-05,ST27,SKU01086,3,1.7588011,241.0,0.0,96.0,26.0,7.0,123.82,91.34,Personal Care,Bath & Body,PremiumSelect,1.7588011,241.0,1.7588011,137.02515878572058,239.2411989,0.0,0.0,0.0,False,52.764033,188.23596700000002,True,100.0,OVERSTOCK,MARKDOWN,0.0,17193.473225780002,17193.47,CRITICAL,Inventory exceeds the 30-day demand coverage target,188.0
2025-12-09,ST23,SKU02090,1,1.8849512,106.0,0.0,62.0,24.0,7.0,588.59,345.26,Home & Kitchen,Home Decor,NovaFresh,1.8849512,106.0,1.8849512,56.23487759258701,104.1150488,0.0,0.0,0.0,False,56.548536,49.451464,True,87.4,OVERSTOCK,MARKDOWN,0.0,17073.61246064,17073.61,CRITICAL,Inventory exceeds the 30-day demand coverage target,49.0
2025-12-16,ST20,SKU04505,1,2.1003547,274.0,0.0,46.0,14.0,7.0,120.68,80.84,Beverages,Energy Drinks,SoftTouch,2.1003547,274.0,2.1003547,130.4541561480068,271.8996453,0.0,0.0,0.0,False,63.010641,210.989359,True,100.0,OVERSTOCK,MARKDOWN,0.0,17056.37978156,17056.38,CRITICAL,Inventory exceeds the 30-day demand coverage target,211.0
2025-12-04,ST04,SKU03793,1,1.941649,163.0,0.0,76.0,36.0,7.0,232.87,161.93,Stationery & Office,Office Supplies,FamilyChoice,1.941649,163.0,1.941649,83.9492616842694,161.058351,0.0,0.0,0.0,False,58.24947,104.75053,True,100.0,OVERSTOCK,MARKDOWN,0.0,16962.2533229,16962.25,CRITICAL,Inventory exceeds the 30-day demand coverage target,105.0
2025-12-07,ST04,SKU01947,3,1.9830383,230.0,0.0,81.0,26.0,7.0,132.92,99.47,Stationery & Office,Notebooks,ZestyCo,1.9830383,230.0,1.9830383,115.98363985203916,228.0169617,0.0,0.0,0.0,False,59.491149,170.508851,True,100.0,OVERSTOCK,MARKDOWN,0.0,16960.51540897,16960.52,CRITICAL,Inventory exceeds the 30-day demand coverage target,171.0
2025-12-03,ST29,SKU03100,1,1.9143991,132.0,0.0,62.0,27.0,7.0,403.04,227.16,Personal Care,Men's Grooming,NovaFresh,1.9143991,132.0,1.9143991,68.95113981196502,130.0856009,0.0,0.0,0.0,False,57.431973,74.568027,True,100.0,OVERSTOCK,MARKDOWN,0.0,16938.87301332,16938.87,CRITICAL,Inventory exceeds the 30-day demand coverage target,75.0
2025-12-11,ST17,SKU02205,1,1.8344487,415.0,0.0,92.0,39.0,7.0,65.71,47.02,Dairy & Bakery,Yogurt,EliteHome,1.8344487,415.0,1.8344487,226.2260045756526,413.1655513,0.0,0.0,0.0,False,55.033461,359.966539,True,100.0,OVERSTOCK,MARKDOWN,0.0,16925.62666378,16925.63,CRITICAL,Inventory exceeds the 30-day demand coverage target,360.0
2025-12-08,ST13,SKU03621,1,1.831884,114.0,0.0,29.0,10.0,7.0,370.39,283.32,Home Care,Surface Cleaners,SparkleClean,1.831884,114.0,1.831884,62.23101462756375,112.168116,0.0,0.0,0.0,False,54.956520000000005,59.043479999999995,True,100.0,OVERSTOCK,MARKDOWN,0.0,16728.198753599998,16728.2,CRITICAL,Inventory exceeds the 30-day demand coverage target,59.0
2025-12-06,ST24,SKU01280,3,1.7989185,94.0,0.0,90.0,20.0,7.0,593.19,417.54,Apparel & Footwear,Men's Wear,GreenValley,1.7989185,94.0,1.7989185,52.253617937666434,92.2010815,0.0,0.0,0.0,False,53.967555000000004,40.032444999999996,True,74.2,OVERSTOCK,MARKDOWN,0.0,16715.1470853,16715.15,CRITICAL,Inventory exceeds the 30-day demand coverage target,40.0
2025-12-23,ST01,SKU01243,1,1.9022585,202.0,0.0,85.0,39.0,7.0,208.57,115.3,Stationery & Office,Notebooks,HomeStyle,1.9022585,202.0,1.9022585,106.18956361609108,200.0977415,0.0,0.0,0.0,False,57.067755000000005,144.932245,True,100.0,OVERSTOCK,MARKDOWN,0.0,16710.687848499998,16710.69,CRITICAL,Inventory exceeds the 30-day demand coverage target,145.0
2025-12-12,ST13,SKU03422,1,1.806417,74.0,0.0,52.0,11.0,7.0,1121.44,843.56,Home & Kitchen,Cookware,MetroBrand,1.806417,74.0,1.806417,40.965070634299835,72.193583,0.0,0.0,0.0,False,54.19251,19.80749,True,36.6,OVERSTOCK,MARKDOWN,0.0,16708.8062644,16708.81,CRITICAL,Inventory exceeds the 30-day demand coverage target,20.0
2025-12-22,ST22,SKU00719,1,1.7719834,142.0,0.0,79.0,39.0,7.0,238.41,187.57,Home Care,Pest Control,SoftTouch,1.7719834,142.0,1.7719834,80.13619089208171,140.2280166,0.0,0.0,0.0,False,53.159502,88.840498,True,100.0,OVERSTOCK,MARKDOWN,0.0,16663.81220986,16663.81,CRITICAL,Inventory exceeds the 30-day demand coverage target,89.0
2025-12-05,ST27,SKU04147,1,1.9550945,179.0,0.0,34.0,12.0,7.0,173.16,137.71,Home Care,Air Fresheners,CleanWave,1.9550945,179.0,1.9550945,91.55567672048589,177.0449055,0.0,0.0,0.0,False,58.652834999999996,120.347165,True,100.0,OVERSTOCK,MARKDOWN,0.0,16573.00809215,16573.01,CRITICAL,Inventory exceeds the 30-day demand coverage target,120.0
2025-12-12,ST11,SKU01817,1,1.8070164,137.0,0.0,56.0,13.0,7.0,321.17,199.48,Personal Care,Men's Grooming,NutriPlus,1.8070164,137.0,1.8070164,75.81558197258198,135.1929836,0.0,0.0,0.0,False,54.210492,82.789508,True,100.0,OVERSTOCK,MARKDOWN,0.0,16514.851055839998,16514.85,CRITICAL,Inventory exceeds the 30-day demand coverage target,83.0
2025-12-05,ST02,SKU01444,4,1.8557367,116.0,0.0,45.0,11.0,7.0,346.92,272.69,Grocery,Spices & Seasoning,MetroBrand,1.8557367,116.0,1.8557367,62.50886777202822,114.1442633,0.0,0.0,0.0,False,55.672101,60.327899,True,100.0,OVERSTOCK,MARKDOWN,0.0,16450.81477831,16450.81,CRITICAL,Inventory exceeds the 30-day demand coverage target,60.0
2025-12-03,ST18,SKU00855,3,1.975711,214.0,0.0,64.0,15.0,7.0,141.42,105.98,Beverages,Bottled Water,NutriPlus,1.975711,214.0,1.975711,108.31543682249074,212.024289,0.0,0.0,0.0,False,59.27133,154.72867,True,100.0,OVERSTOCK,MARKDOWN,0.0,16398.1444466,16398.14,CRITICAL,Inventory exceeds the 30-day demand coverage target,155.0
2025-12-25,ST06,SKU03295,1,1.6998687,314.0,0.0,87.0,38.0,7.0,106.45,62.34,Stationery & Office,Office Supplies,SoftTouch,1.6998687,314.0,1.6998687,184.72014926799935,312.3001313,0.0,0.0,0.0,False,50.996061,263.003939,True,100.0,OVERSTOCK,MARKDOWN,0.0,16395.66555726,16395.67,CRITICAL,Inventory exceeds the 30-day demand coverage target,263.0
2025-12-31,ST26,SKU01783,4,1.8866246,115.0,0.0,94.0,43.0,7.0,396.76,280.02,Home & Kitchen,Cookware,DailyBest,1.8866246,115.0,1.8866246,60.95542271631569,113.1133754,0.0,0.0,0.0,False,56.598738,58.401262,True,100.0,OVERSTOCK,MARKDOWN,0.0,16353.52138524,16353.52,CRITICAL,Inventory exceeds the 30-day demand coverage target,58.0
2025-12-12,ST12,SKU03603,3,1.8373163,150.0,0.0,37.0,17.0,7.0,222.12,170.96,Stationery & Office,Writing Instruments,NatureBlend,1.8373163,150.0,1.8373163,81.64081492119784,148.1626837,0.0,0.0,0.0,False,55.119488999999994,94.88051100000001,True,100.0,OVERSTOCK,MARKDOWN,0.0,16220.772160560004,16220.77,CRITICAL,Inventory exceeds the 30-day demand coverage target,95.0
2025-12-08,ST08,SKU02345,1,1.9335216,122.0,0.0,81.0,36.0,7.0,335.5,251.12,Home Care,Pest Control,NutriPlus,1.9335216,122.0,1.9335216,63.09730390392329,120.0664784,0.0,0.0,0.0,False,58.005648,63.994352,True,100.0,OVERSTOCK,MARKDOWN,0.0,16070.26167424,16070.26,CRITICAL,Inventory exceeds the 30-day demand coverage target,64.0
2025-12-24,ST05,SKU01568,3,1.7607225,122.0,0.0,21.0,5.0,7.0,363.73,231.36,Personal Care,Bath & Body,ValueChoice,1.7607225,122.0,1.7607225,69.28973759351629,120.2392775,0.0,0.0,0.0,False,52.821675,69.178325,True,100.0,OVERSTOCK,MARKDOWN,0.0,16005.097272,16005.1,CRITICAL,Inventory exceeds the 30-day demand coverage target,69.0
2025-12-20,ST15,SKU00719,1,1.7597303,138.0,0.0,54.0,24.0,7.0,238.41,187.57,Home Care,Pest Control,SoftTouch,1.7597303,138.0,1.7597303,78.42110805275104,136.2402697,0.0,0.0,0.0,False,52.791909,85.208091,True,100.0,OVERSTOCK,MARKDOWN,0.0,15982.481628869999,15982.48,CRITICAL,Inventory exceeds the 30-day demand coverage target,85.0
2025-12-19,ST18,SKU01278,1,1.9778043,77.0,0.0,32.0,13.0,7.0,1156.55,900.78,Home & Kitchen,Storage & Containers,PureLife,1.9778043,77.0,1.9778043,38.93206218633461,75.0221957,0.0,0.0,0.0,False,59.334129000000004,17.665870999999996,True,29.8,OVERSTOCK,MARKDOWN,0.0,15913.063279379996,15913.06,CRITICAL,Inventory exceeds the 30-day demand coverage target,18.0
2025-12-23,ST11,SKU04690,2,1.7182047,275.0,0.0,52.0,25.0,7.0,120.94,71.18,Stationery & Office,Writing Instruments,DailyBest,1.7182047,275.0,1.7182047,160.0507785830175,273.2817953,0.0,0.0,0.0,False,51.546141,223.453859,True,100.0,OVERSTOCK,MARKDOWN,0.0,15905.44568362,15905.45,CRITICAL,Inventory exceeds the 30-day demand coverage target,223.0
2025-12-26,ST01,SKU04604,1,1.954211,148.0,0.0,64.0,16.0,7.0,318.32,177.86,Home & Kitchen,Cookware,DailyBest,1.954211,148.0,1.954211,75.73388953393467,146.045789,0.0,0.0,0.0,False,58.626329999999996,89.37367,True,100.0,OVERSTOCK,MARKDOWN,0.0,15896.000946200002,15896.0,CRITICAL,Inventory exceeds the 30-day demand coverage target,89.0
2025-12-28,ST27,SKU01919,3,1.8223416,281.0,0.0,81.0,20.0,7.0,88.6,70.01,Dairy & Bakery,Bread,SmartBuy,1.8223416,281.0,1.8223416,154.19721527511638,279.1776584,0.0,0.0,0.0,False,54.670247999999994,226.329752,True,100.0,OVERSTOCK,MARKDOWN,0.0,15845.345937520002,15845.35,CRITICAL,Inventory exceeds the 30-day demand coverage target,226.0
2025-12-13,ST22,SKU03496,1,2.1710289,141.0,0.0,66.0,26.0,7.0,377.16,208.59,Frozen Foods,Ice Cream,SunriseFoods,2.1710289,141.0,2.1710289,64.94616446607412,138.8289711,0.0,0.0,0.0,False,65.130867,75.869133,True,100.0,OVERSTOCK,MARKDOWN,0.0,15825.542452470001,15825.54,CRITICAL,Inventory exceeds the 30-day demand coverage target,76.0
2025-12-09,ST06,SKU00819,4,1.9533136,177.0,0.0,65.0,31.0,7.0,187.97,133.66,Stationery & Office,Notebooks,NovaFresh,1.9533136,177.0,1.9533136,90.61524990150072,175.0466864,0.0,0.0,0.0,False,58.599408,118.400592,True,100.0,OVERSTOCK,MARKDOWN,0.0,15825.42312672,15825.42,CRITICAL,Inventory exceeds the 30-day demand coverage target,118.0
2025-12-29,ST05,SKU02407,2,1.9670955,113.0,0.0,60.0,14.0,7.0,496.3,292.45,Apparel & Footwear,Footwear,HomeStyle,1.9670955,113.0,1.9670955,57.4451011656526,111.0329045,0.0,0.0,0.0,False,59.012865000000005,53.987134999999995,True,91.5,OVERSTOCK,MARKDOWN,0.0,15788.537630749997,15788.54,CRITICAL,Inventory exceeds the 30-day demand coverage target,54.0
2025-12-24,ST26,SKU02204,1,1.9371697,97.0,0.0,36.0,16.0,7.0,616.79,405.71,Home Care,Dishwashing,SparkleClean,1.9371697,97.0,1.9371697,50.0730524537938,95.0628303,0.0,0.0,0.0,False,58.11509100000001,38.88490899999999,True,66.9,OVERSTOCK,MARKDOWN,0.0,15775.996430389996,15776.0,CRITICAL,Inventory exceeds the 30-day demand coverage target,39.0
2025-12-03,ST06,SKU03803,4,1.8299515,82.0,0.0,24.0,5.0,7.0,989.21,581.19,Electronics & Accessories,Batteries,SparkleClean,1.8299515,82.0,1.8299515,44.80993075499542,80.17004850000001,0.0,0.0,0.0,False,54.898545,27.101455,True,49.4,OVERSTOCK,MARKDOWN,0.0,15751.094631450002,15751.09,CRITICAL,Inventory exceeds the 30-day demand coverage target,27.0
2025-12-10,ST03,SKU04757,3,1.7857293,129.0,0.0,88.0,30.0,7.0,318.55,207.11,Dairy & Bakery,Yogurt,GreenValley,1.7857293,129.0,1.7857293,72.23939261118693,127.2142707,0.0,0.0,0.0,False,53.571879,75.428121,True,100.0,OVERSTOCK,MARKDOWN,0.0,15621.918140310001,15621.92,CRITICAL,Inventory exceeds the 30-day demand coverage target,75.0
2025-12-07,ST05,SKU04031,5,1.8205506,87.0,0.0,38.0,15.0,7.0,763.98,481.26,Health & Wellness,OTC Medicine,SoftTouch,1.8205506,87.0,1.8205506,47.7877406977867,85.1794494,0.0,0.0,0.0,False,54.616518,32.383482,True,59.3,OVERSTOCK,MARKDOWN,0.0,15584.87454732,15584.87,CRITICAL,Inventory exceeds the 30-day demand coverage target,32.0
2025-12-28,ST24,SKU04527,2,1.8007191,76.0,0.0,58.0,28.0,7.0,956.58,708.53,Frozen Foods,Ready Meals,NovaFresh,1.8007191,76.0,1.8007191,42.20536118043064,74.1992809,0.0,0.0,0.0,False,54.021573000000004,21.978426999999996,True,40.7,OVERSTOCK,MARKDOWN,0.0,15572.374882309998,15572.37,CRITICAL,Inventory exceeds the 30-day demand coverage target,22.0
2025-12-19,ST04,SKU04192,2,1.7803386,200.0,0.0,97.0,20.0,7.0,155.38,106.23,Home Care,Laundry,MetroBrand,1.7803386,200.0,1.7803386,112.33818106286073,198.2196614,0.0,0.0,0.0,False,53.410158,146.589842,True,100.0,OVERSTOCK,MARKDOWN,0.0,15572.23891566,15572.24,CRITICAL,Inventory exceeds the 30-day demand coverage target,147.0
2025-12-26,ST08,SKU02516,2,1.8715307,111.0,0.0,91.0,36.0,7.0,474.12,279.81,Frozen Foods,Frozen Meat,MetroBrand,1.8715307,111.0,1.8715307,59.30974041729585,109.1284693,0.0,0.0,0.0,False,56.145921,54.854079,True,97.7,OVERSTOCK,MARKDOWN,0.0,15348.71984499,15348.72,CRITICAL,Inventory exceeds the 30-day demand coverage target,55.0
2025-12-27,ST09,SKU04955,1,1.8307287,161.0,0.0,48.0,17.0,7.0,186.3,144.34,Beverages,Bottled Water,PureLife,1.8307287,161.0,1.8307287,87.94312341309774,159.1692713,0.0,0.0,0.0,False,54.921861,106.078139,True,100.0,OVERSTOCK,MARKDOWN,0.0,15311.31858326,15311.32,CRITICAL,Inventory exceeds the 30-day demand coverage target,106.0
2025-12-19,ST18,SKU00823,2,1.8136493,160.0,0.0,86.0,43.0,7.0,183.03,143.9,Home Care,Surface Cleaners,HealthFirst,1.8136493,160.0,1.8136493,88.2199221205555,158.1863507,0.0,0.0,0.0,False,54.409479,105.590521,True,100.0,OVERSTOCK,MARKDOWN,0.0,15194.4759719,15194.48,CRITICAL,Inventory exceeds the 30-day demand coverage target,106.0
2025-12-06,ST10,SKU03711,2,1.889514,106.0,0.0,79.0,19.0,7.0,521.8,307.8,Frozen Foods,Ready Meals,SparkleClean,1.889514,106.0,1.889514,56.09908156277223,104.110486,0.0,0.0,0.0,False,56.68542,49.31458,True,87.0,OVERSTOCK,MARKDOWN,0.0,15179.027724,15179.03,CRITICAL,Inventory exceeds the 30-day demand coverage target,49.0
2025-12-27,ST23,SKU03049,4,1.7688712,136.0,0.0,55.0,23.0,7.0,267.4,182.7,Stationery & Office,Writing Instruments,DailyBest,1.7688712,136.0,1.7688712,76.88519096246239,134.2311288,0.0,0.0,0.0,False,53.066136,82.933864,True,100.0,OVERSTOCK,MARKDOWN,0.0,15152.016952799999,15152.02,CRITICAL,Inventory exceeds the 30-day demand coverage target,83.0
2025-12-10,ST30,SKU03223,2,1.8526785,176.0,0.0,75.0,36.0,7.0,207.4,125.7,Dairy & Bakery,Bread,NovaFresh,1.8526785,176.0,1.8526785,94.99759402400363,174.1473215,0.0,0.0,0.0,False,55.580355,120.419645,True,100.0,OVERSTOCK,MARKDOWN,0.0,15136.7493765,15136.75,CRITICAL,Inventory exceeds the 30-day demand coverage target,120.0
2025-12-18,ST08,SKU01316,2,1.971088,171.0,0.0,71.0,26.0,7.0,190.6,135.15,Beverages,Tea,PureLife,1.971088,171.0,1.971088,86.7541175229112,169.028912,0.0,0.0,0.0,False,59.132639999999995,111.86736,True,100.0,OVERSTOCK,MARKDOWN,0.0,15118.873704000001,15118.87,CRITICAL,Inventory exceeds the 30-day demand coverage target,112.0
2025-12-31,ST29,SKU01779,2,1.8570588,216.0,0.0,73.0,18.0,7.0,130.19,94.26,Snacks & Confectionery,Namkeen,CityFresh,1.8570588,216.0,1.8570588,116.31295681106059,214.1429412,0.0,0.0,0.0,False,55.711763999999995,160.288236,True,100.0,OVERSTOCK,MARKDOWN,0.0,15108.769125360002,15108.77,CRITICAL,Inventory exceeds the 30-day demand coverage target,160.0
2025-12-31,ST18,SKU01701,1,2.179442,114.0,0.0,89.0,44.0,7.0,420.92,307.94,Grocery,Cooking Oil,SunriseFoods,2.179442,114.0,2.179442,52.30696664559094,111.820558,0.0,0.0,0.0,False,65.38325999999999,48.61674000000001,True,74.4,OVERSTOCK,MARKDOWN,0.0,14971.038915600002,14971.04,CRITICAL,Inventory exceeds the 30-day demand coverage target,49.0
2025-12-19,ST24,SKU00100,2,1.9618726,110.0,0.0,91.0,44.0,7.0,465.53,291.49,Grocery,Flour & Atta,ValueChoice,1.9618726,110.0,1.9618726,56.06888031363505,108.0381274,0.0,0.0,0.0,False,58.856178,51.143822,True,86.9,OVERSTOCK,MARKDOWN,0.0,14907.91267478,14907.91,CRITICAL,Inventory exceeds the 30-day demand coverage target,51.0
2025-12-20,ST05,SKU01822,2,1.8311898,196.0,0.0,36.0,8.0,7.0,191.35,105.39,Stationery & Office,Office Supplies,CleanWave,1.8311898,196.0,1.8311898,107.03423533704698,194.1688102,0.0,0.0,0.0,False,54.935694,141.064306,True,100.0,OVERSTOCK,MARKDOWN,0.0,14866.76720934,14866.77,CRITICAL,Inventory exceeds the 30-day demand coverage target,141.0
2025-12-20,ST03,SKU02662,4,1.806954,213.0,0.0,41.0,10.0,7.0,128.91,93.48,Dairy & Bakery,Eggs,SparkleClean,1.806954,213.0,1.806954,117.87793159095362,211.193046,0.0,0.0,0.0,False,54.208619999999996,158.79138,True,100.0,OVERSTOCK,MARKDOWN,0.0,14843.818202400002,14843.82,CRITICAL,Inventory exceeds the 30-day demand coverage target,159.0
2025-12-16,ST11,SKU02038,1,1.5062623,306.0,0.0,96.0,38.0,7.0,83.56,56.9,Dairy & Bakery,Milk,NutriPlus,1.5062623,306.0,1.5062623,203.1518680378577,304.4937377,0.0,0.0,0.0,False,45.187869,260.812131,True,100.0,OVERSTOCK,MARKDOWN,0.0,14840.2102539,14840.21,CRITICAL,Inventory exceeds the 30-day demand coverage target,261.0
2025-12-12,ST24,SKU03327,2,1.9172899,77.0,0.0,47.0,12.0,7.0,1118.06,760.88,Frozen Foods,Frozen Meat,CrispKing,1.9172899,77.0,1.9172899,40.160854130614254,75.0827101,0.0,0.0,0.0,False,57.518697,19.481302999999997,True,33.9,OVERSTOCK,MARKDOWN,0.0,14822.933826639997,14822.93,CRITICAL,Inventory exceeds the 30-day demand coverage target,19.0
2025-12-28,ST22,SKU01088,1,1.9445447,173.0,0.0,93.0,24.0,7.0,183.33,129.11,Beverages,Juices,NutriPlus,1.9445447,173.0,1.9445447,88.96684144108387,171.0554553,0.0,0.0,0.0,False,58.336341,114.663659,True,100.0,OVERSTOCK,MARKDOWN,0.0,14804.22501349,14804.23,CRITICAL,Inventory exceeds the 30-day demand coverage target,115.0
2025-12-02,ST21,SKU00953,3,2.0023406,143.0,0.0,92.0,22.0,7.0,273.99,178.24,Stationery & Office,Writing Instruments,CityFresh,2.0023406,143.0,2.0023406,71.41642136207996,140.9976594,0.0,0.0,0.0,False,60.070218000000004,82.92978199999999,True,100.0,OVERSTOCK,MARKDOWN,0.0,14781.404343679998,14781.4,CRITICAL,Inventory exceeds the 30-day demand coverage target,83.0
2025-12-13,ST08,SKU00150,2,1.9018438,144.0,0.0,35.0,12.0,7.0,266.14,169.6,Grocery,Sugar & Salt,FreshFarm,1.9018438,144.0,1.9018438,75.71599728642279,142.0981562,0.0,0.0,0.0,False,57.055313999999996,86.944686,True,100.0,OVERSTOCK,MARKDOWN,0.0,14745.8187456,14745.82,CRITICAL,Inventory exceeds the 30-day demand coverage target,87.0
2025-12-30,ST29,SKU04776,2,1.9226556,156.0,0.0,66.0,15.0,7.0,218.83,149.43,Beverages,Bottled Water,PurePlus,1.9226556,156.0,1.9226556,81.1377763131369,154.0773444,0.0,0.0,0.0,False,57.679668,98.32033200000001,True,100.0,OVERSTOCK,MARKDOWN,0.0,14692.007210760003,14692.01,CRITICAL,Inventory exceeds the 30-day demand coverage target,98.0
2025-12-05,ST30,SKU02938,3,2.346323,376.0,0.0,94.0,43.0,7.0,83.54,47.72,Snacks & Confectionery,Candy,MetroBrand,2.346323,376.0,2.346323,160.25074126622806,373.653677,0.0,0.0,0.0,False,70.38969,305.61031,True,100.0,OVERSTOCK,MARKDOWN,0.0,14583.723993200001,14583.72,CRITICAL,Inventory exceeds the 30-day demand coverage target,306.0
2025-12-08,ST14,SKU02778,1,1.8498696,174.0,0.0,63.0,21.0,7.0,171.19,122.48,Dairy & Bakery,Cheese,GoldenHarvest,1.8498696,174.0,1.8498696,94.06068406119005,172.1501304,0.0,0.0,0.0,False,55.496088,118.503912,True,100.0,OVERSTOCK,MARKDOWN,0.0,14514.35914176,14514.36,CRITICAL,Inventory exceeds the 30-day demand coverage target,119.0
2025-12-14,ST06,SKU03233,4,3.406772,164.0,0.0,82.0,18.0,7.0,334.11,232.11,Stationery & Office,Writing Instruments,HealthFirst,3.406772,164.0,3.406772,48.13941173638858,160.593228,0.0,0.0,0.0,False,102.20316,61.79684,True,60.5,OVERSTOCK,MARKDOWN,0.0,14343.664532400002,14343.66,CRITICAL,Inventory exceeds the 30-day demand coverage target,62.0
2025-12-12,ST12,SKU04643,2,1.9086809,157.0,0.0,51.0,23.0,7.0,247.04,143.67,Stationery & Office,Notebooks,EverydayPlus,1.9086809,157.0,1.9086809,82.25576103370658,155.0913191,0.0,0.0,0.0,False,57.260427,99.73957300000001,True,100.0,OVERSTOCK,MARKDOWN,0.0,14329.58445291,14329.58,CRITICAL,Inventory exceeds the 30-day demand coverage target,100.0
2025-12-23,ST12,SKU03152,1,2.5462792,371.0,0.0,93.0,38.0,7.0,87.77,48.46,Dairy & Bakery,Cheese,QuickBite,2.5462792,371.0,2.5462792,145.702796456885,368.4537208,0.0,0.0,0.0,False,76.388376,294.611624,True,100.0,OVERSTOCK,MARKDOWN,0.0,14276.87929904,14276.88,CRITICAL,Inventory exceeds the 30-day demand coverage target,295.0
2025-12-07,ST09,SKU00401,1,1.8084981,75.0,0.0,23.0,5.0,7.0,1129.62,684.96,Apparel & Footwear,Kids Wear,CityFresh,1.8084981,75.0,1.8084981,41.470875750436235,73.1915019,0.0,0.0,0.0,False,54.254943,20.745057000000003,True,38.2,OVERSTOCK,MARKDOWN,0.0,14209.534242720003,14209.53,CRITICAL,Inventory exceeds the 30-day demand coverage target,21.0
2025-12-03,ST29,SKU03424,1,1.8919188,189.0,0.0,82.0,38.0,7.0,150.83,106.87,Dairy & Bakery,Yogurt,EverydayPlus,1.8919188,189.0,1.8919188,99.89857915677987,187.1080812,0.0,0.0,0.0,False,56.757564,132.242436,True,100.0,OVERSTOCK,MARKDOWN,0.0,14132.74913532,14132.75,CRITICAL,Inventory exceeds the 30-day demand coverage target,132.0
2025-12-16,ST17,SKU00845,4,2.0080924,89.0,0.0,30.0,10.0,7.0,670.83,490.52,Frozen Foods,Frozen Vegetables,ZestyCo,2.0080924,89.0,2.0080924,44.320669706234625,86.9919076,0.0,0.0,0.0,False,60.24277200000001,28.75722799999999,True,47.7,OVERSTOCK,MARKDOWN,0.0,14105.995478559995,14106.0,CRITICAL,Inventory exceeds the 30-day demand coverage target,29.0
2025-12-23,ST04,SKU02293,1,1.8255796,184.0,0.0,68.0,30.0,7.0,171.48,108.24,Grocery,Flour & Atta,SmartBuy,1.8255796,184.0,1.8255796,100.78990803797326,182.1744204,0.0,0.0,0.0,False,54.767388,129.23261200000002,True,100.0,OVERSTOCK,MARKDOWN,0.0,13988.137922880001,13988.14,CRITICAL,Inventory exceeds the 30-day demand coverage target,129.0
2025-12-15,ST21,SKU02794,1,1.8563458,278.0,0.0,62.0,27.0,7.0,91.58,62.72,Snacks & Confectionery,Chips & Crisps,NutriPlus,1.8563458,278.0,1.8563458,149.7565809128881,276.1436542,0.0,0.0,0.0,False,55.690374,222.309626,True,100.0,OVERSTOCK,MARKDOWN,0.0,13943.25974272,13943.26,CRITICAL,Inventory exceeds the 30-day demand coverage target,222.0
2025-12-29,ST20,SKU04768,1,1.4891199,214.0,0.0,52.0,21.0,7.0,104.95,81.98,Dairy & Bakery,Butter & Ghee,GreenValley,1.4891199,214.0,1.4891199,143.70904585990692,212.5108801,0.0,0.0,0.0,False,44.673597,169.326403,True,100.0,OVERSTOCK,MARKDOWN,0.0,13881.37851794,13881.38,CRITICAL,Inventory exceeds the 30-day demand coverage target,169.0
2025-12-23,ST09,SKU04775,3,1.7605855,244.0,0.0,87.0,38.0,7.0,121.08,72.38,Dairy & Bakery,Milk,TrueTaste,1.7605855,244.0,1.7605855,138.59025875198904,242.2394145,0.0,0.0,0.0,False,52.817564999999995,191.182435,True,100.0,OVERSTOCK,MARKDOWN,0.0,13837.784645299998,13837.78,CRITICAL,Inventory exceeds the 30-day demand coverage target,191.0
2025-12-04,ST08,SKU04244,1,1.7798657,151.0,0.0,35.0,15.0,7.0,193.64,141.66,Grocery,Cooking Oil,GreenValley,1.7798657,151.0,1.7798657,84.83786164315656,149.2201343,0.0,0.0,0.0,False,53.395971,97.604029,True,100.0,OVERSTOCK,MARKDOWN,0.0,13826.58674814,13826.59,CRITICAL,Inventory exceeds the 30-day demand coverage target,98.0
2025-12-24,ST21,SKU01600,2,2.0317974,118.0,0.0,56.0,20.0,7.0,419.03,241.87,Electronics & Accessories,Batteries,UrbanBite,2.0317974,118.0,2.0317974,58.07665665877907,115.9682026,0.0,0.0,0.0,False,60.953922,57.046078,True,93.6,OVERSTOCK,MARKDOWN,0.0,13797.73488586,13797.73,CRITICAL,Inventory exceeds the 30-day demand coverage target,57.0
2025-12-17,ST12,SKU01545,2,2.1252935,190.0,0.0,67.0,32.0,7.0,186.61,108.48,Beverages,Soft Drinks,FamilyChoice,2.1252935,190.0,2.1252935,89.39941706874838,187.8747065,0.0,0.0,0.0,False,63.758805,126.241195,True,100.0,OVERSTOCK,MARKDOWN,0.0,13694.644833600001,13694.64,CRITICAL,Inventory exceeds the 30-day demand coverage target,126.0
2025-12-20,ST11,SKU02728,3,1.71574,138.0,0.0,27.0,8.0,7.0,247.37,156.97,Stationery & Office,Writing Instruments,PremiumSelect,1.71574,138.0,1.71574,80.43176705095178,136.28426,0.0,0.0,0.0,False,51.4722,86.5278,True,100.0,OVERSTOCK,MARKDOWN,0.0,13582.268766,13582.27,CRITICAL,Inventory exceeds the 30-day demand coverage target,87.0
2025-12-22,ST29,SKU02375,2,1.875725,291.0,0.0,70.0,28.0,7.0,85.06,57.7,Grocery,Cooking Oil,QuickBite,1.875725,291.0,1.875725,155.14001252848897,289.124275,0.0,0.0,0.0,False,56.271750000000004,234.72825,True,100.0,OVERSTOCK,MARKDOWN,0.0,13543.820025,13543.82,CRITICAL,Inventory exceeds the 30-day demand coverage target,235.0
2025-12-11,ST16,SKU01775,3,1.8719555,148.0,0.0,74.0,17.0,7.0,204.15,146.54,Personal Care,Hair Care,CityFresh,1.8719555,148.0,1.8719555,79.06170846475784,146.1280445,0.0,0.0,0.0,False,56.158665000000006,91.84133499999999,True,100.0,OVERSTOCK,MARKDOWN,0.0,13458.429230899997,13458.43,CRITICAL,Inventory exceeds the 30-day demand coverage target,92.0
2025-12-03,ST29,SKU04778,1,1.8326964,91.0,0.0,51.0,15.0,7.0,485.82,373.42,Health & Wellness,Vitamins & Supplements,SmartBuy,1.8326964,91.0,1.8326964,49.65361420473135,89.1673036,0.0,0.0,0.0,False,54.980892,36.019108,True,65.5,OVERSTOCK,MARKDOWN,0.0,13450.255309360002,13450.26,CRITICAL,Inventory exceeds the 30-day demand coverage target,36.0
2025-12-09,ST26,SKU00237,1,1.9990287,238.0,0.0,43.0,17.0,7.0,95.24,75.42,Grocery,Pulses & Lentils,UrbanBite,1.9990287,238.0,1.9990287,119.05782043049207,236.0009713,0.0,0.0,0.0,False,59.970861,178.029139,True,100.0,OVERSTOCK,MARKDOWN,0.0,13426.957663379999,13426.96,CRITICAL,Inventory exceeds the 30-day demand coverage target,178.0
2025-12-26,ST03,SKU04987,1,1.8095238,97.0,0.0,23.0,8.0,7.0,421.88,313.75,Home Care,Dishwashing,GreenValley,1.8095238,97.0,1.8095238,53.6052634400277,95.1904762,0.0,0.0,0.0,False,54.285714,42.714286,True,78.7,OVERSTOCK,MARKDOWN,0.0,13401.6072325,13401.61,CRITICAL,Inventory exceeds the 30-day demand coverage target,43.0
2025-12-18,ST08,SKU02387,2,1.9760084,151.0,0.0,34.0,7.0,7.0,187.76,146.07,Dairy & Bakery,Cheese,SunriseFoods,1.9760084,151.0,1.9760084,76.41667920035158,149.0239916,0.0,0.0,0.0,False,59.280252,91.71974800000001,True,100.0,OVERSTOCK,MARKDOWN,0.0,13397.50359036,13397.5,CRITICAL,Inventory exceeds the 30-day demand coverage target,92.0
2025-12-15,ST25,SKU03537,2,1.6210557,170.0,0.0,79.0,33.0,7.0,150.25,109.89,Beverages,Soft Drinks,UrbanBite,1.6210557,170.0,1.6210557,104.8699313663312,168.3789443,0.0,0.0,0.0,False,48.631671000000004,121.36832899999999,True,100.0,OVERSTOCK,MARKDOWN,0.0,13337.16567381,13337.17,CRITICAL,Inventory exceeds the 30-day demand coverage target,121.0
2025-12-12,ST23,SKU02812,4,1.8787122,125.0,0.0,61.0,24.0,7.0,300.07,194.1,Home Care,Laundry,TrueTaste,1.8787122,125.0,1.8787122,66.53493813474996,123.1212878,0.0,0.0,0.0,False,56.361366000000004,68.638634,True,100.0,OVERSTOCK,MARKDOWN,0.0,13322.758859399999,13322.76,CRITICAL,Inventory exceeds the 30-day demand coverage target,69.0
2025-12-28,ST03,SKU03625,1,1.8147409,180.0,0.0,62.0,23.0,7.0,135.59,105.96,Home Care,Surface Cleaners,SparkleClean,1.8147409,180.0,1.8147409,99.18771324325141,178.1852591,0.0,0.0,0.0,False,54.442227,125.557773,True,100.0,OVERSTOCK,MARKDOWN,0.0,13304.10162708,13304.1,CRITICAL,Inventory exceeds the 30-day demand coverage target,126.0
2025-12-26,ST03,SKU00298,2,1.8593919,110.0,0.0,64.0,25.0,7.0,383.06,244.57,Stationery & Office,Writing Instruments,GreenValley,1.8593919,110.0,1.8593919,59.159126163774296,108.1406081,0.0,0.0,0.0,False,55.781757000000006,54.218242999999994,True,97.2,OVERSTOCK,MARKDOWN,0.0,13260.155690509999,13260.16,CRITICAL,Inventory exceeds the 30-day demand coverage target,54.0
2025-12-27,ST10,SKU01335,3,1.8984609,132.0,0.0,52.0,18.0,7.0,236.44,176.69,Personal Care,Bath & Body,PremiumSelect,1.8984609,132.0,1.8984609,69.53000717581278,130.1015391,0.0,0.0,0.0,False,56.953827,75.04617300000001,True,100.0,OVERSTOCK,MARKDOWN,0.0,13259.908307370002,13259.91,CRITICAL,Inventory exceeds the 30-day demand coverage target,75.0
2025-12-12,ST24,SKU01754,1,2.0512242,318.0,0.0,66.0,19.0,7.0,85.71,51.7,Snacks & Confectionery,Chocolates,EverydayPlus,2.0512242,318.0,2.0512242,155.02937221586993,315.9487758,0.0,0.0,0.0,False,61.536726,256.463274,True,100.0,OVERSTOCK,MARKDOWN,0.0,13259.151265800001,13259.15,CRITICAL,Inventory exceeds the 30-day demand coverage target,256.0
2025-12-08,ST19,SKU01032,2,1.9315823,149.0,0.0,28.0,12.0,7.0,242.61,144.67,Stationery & Office,Office Supplies,PrimeCare,1.9315823,149.0,1.9315823,77.1388306881876,147.0684177,0.0,0.0,0.0,False,57.947469000000005,91.05253099999999,True,100.0,OVERSTOCK,MARKDOWN,0.0,13172.569659769997,13172.57,CRITICAL,Inventory exceeds the 30-day demand coverage target,91.0
2025-12-30,ST08,SKU04310,1,1.9308729,111.0,0.0,80.0,19.0,7.0,403.96,247.17,Health & Wellness,First Aid,CityFresh,1.9308729,111.0,1.9308729,57.48695318060552,109.0691271,0.0,0.0,0.0,False,57.926187,53.073813,True,91.6,OVERSTOCK,MARKDOWN,0.0,13118.25435921,13118.25,CRITICAL,Inventory exceeds the 30-day demand coverage target,53.0
2025-12-08,ST06,SKU03090,1,1.9840965,221.0,0.0,71.0,23.0,7.0,140.89,80.53,Grocery,Cooking Oil,FreshFarm,1.9840965,221.0,1.9840965,111.38571133006887,219.0159035,0.0,0.0,0.0,False,59.522895,161.477105,True,100.0,OVERSTOCK,MARKDOWN,0.0,13003.75126565,13003.75,CRITICAL,Inventory exceeds the 30-day demand coverage target,161.0
2025-12-18,ST07,SKU01164,1,1.7875993,138.0,0.0,97.0,22.0,7.0,241.81,152.68,Home & Kitchen,Cookware,SmartBuy,1.7875993,138.0,1.7875993,77.19850863669504,136.2124007,0.0,0.0,0.0,False,53.627978999999996,84.372021,True,100.0,OVERSTOCK,MARKDOWN,0.0,12881.92016628,12881.92,CRITICAL,Inventory exceeds the 30-day demand coverage target,84.0
2025-12-24,ST28,SKU00031,1,1.755242,159.0,0.0,58.0,19.0,7.0,151.46,121.13,Stationery & Office,Office Supplies,BasicNeeds,1.755242,159.0,1.755242,90.58579956496027,157.244758,0.0,0.0,0.0,False,52.65726,106.34273999999999,True,100.0,OVERSTOCK,MARKDOWN,0.0,12881.296096199998,12881.3,CRITICAL,Inventory exceeds the 30-day demand coverage target,106.0
2025-12-02,ST06,SKU01904,1,1.8812808,119.0,0.0,54.0,26.0,7.0,280.72,205.69,Stationery & Office,Notebooks,UrbanBite,1.8812808,119.0,1.8812808,63.254778340373214,117.1187192,0.0,0.0,0.0,False,56.438424000000005,62.561575999999995,True,100.0,OVERSTOCK,MARKDOWN,0.0,12868.290567439999,12868.29,CRITICAL,Inventory exceeds the 30-day demand coverage target,63.0
2025-12-31,ST03,SKU01754,2,1.8724511,304.0,0.0,62.0,18.0,7.0,85.71,51.7,Snacks & Confectionery,Chocolates,EverydayPlus,1.8724511,304.0,1.8724511,162.35403957945817,302.1275489,0.0,0.0,0.0,False,56.173533,247.826467,True,100.0,OVERSTOCK,MARKDOWN,0.0,12812.628343900002,12812.63,CRITICAL,Inventory exceeds the 30-day demand coverage target,248.0
2025-12-08,ST22,SKU00103,3,2.0845852,156.0,0.0,68.0,16.0,7.0,179.7,136.39,Snacks & Confectionery,Namkeen,QuickBite,2.0845852,156.0,2.0845852,74.8350319286542,153.9154148,0.0,0.0,0.0,False,62.537555999999995,93.462444,True,100.0,OVERSTOCK,MARKDOWN,0.0,12747.34273716,12747.34,CRITICAL,Inventory exceeds the 30-day demand coverage target,93.0
2025-12-24,ST27,SKU02584,1,1.8057035,172.0,0.0,45.0,9.0,7.0,159.3,107.23,Snacks & Confectionery,Chocolates,PrimeCare,1.8057035,172.0,1.8057035,95.25373351715828,170.1942965,0.0,0.0,0.0,False,54.171105,117.828895,True,100.0,OVERSTOCK,MARKDOWN,0.0,12634.792410850001,12634.79,CRITICAL,Inventory exceeds the 30-day demand coverage target,118.0
2025-12-03,ST13,SKU03254,3,2.02032,154.0,0.0,28.0,11.0,7.0,196.07,134.91,Stationery & Office,Office Supplies,NutriPlus,2.02032,154.0,2.02032,76.22554842797182,151.97968,0.0,0.0,0.0,False,60.6096,93.3904,True,100.0,OVERSTOCK,MARKDOWN,0.0,12599.298864,12599.3,CRITICAL,Inventory exceeds the 30-day demand coverage target,93.0
2025-12-05,ST21,SKU01543,1,1.891779,72.0,0.0,52.0,15.0,7.0,1328.2,821.42,Health & Wellness,OTC Medicine,SparkleClean,1.891779,72.0,1.891779,38.05941391674186,70.108221,0.0,0.0,0.0,False,56.753370000000004,15.246629999999996,True,26.9,OVERSTOCK,MARKDOWN,0.0,12523.886814599997,12523.89,CRITICAL,Inventory exceeds the 30-day demand coverage target,15.0
2025-12-08,ST10,SKU02700,2,1.781404,112.0,0.0,21.0,7.0,7.0,340.42,212.44,Personal Care,Hair Care,DailyBest,1.781404,112.0,1.781404,62.87175733298005,110.218596,0.0,0.0,0.0,False,53.44212,58.55788,True,100.0,OVERSTOCK,MARKDOWN,0.0,12440.0360272,12440.04,CRITICAL,Inventory exceeds the 30-day demand coverage target,59.0
2025-12-17,ST20,SKU03348,2,2.141385,142.0,0.0,49.0,24.0,7.0,285.9,159.63,Home Care,Laundry,EverydayPlus,2.141385,142.0,2.141385,66.31222316398032,139.858615,0.0,0.0,0.0,False,64.24155,77.75845,True,100.0,OVERSTOCK,MARKDOWN,0.0,12412.5813735,12412.58,CRITICAL,Inventory exceeds the 30-day demand coverage target,78.0
2025-12-17,ST01,SKU01451,3,1.957065,205.0,0.0,70.0,25.0,7.0,119.56,84.67,Dairy & Bakery,Milk,FamilyChoice,1.957065,205.0,1.957065,104.74869255747765,203.042935,0.0,0.0,0.0,False,58.71195,146.28805,True,100.0,OVERSTOCK,MARKDOWN,0.0,12386.2091935,12386.21,CRITICAL,Inventory exceeds the 30-day demand coverage target,146.0
2025-12-18,ST30,SKU01492,1,1.8358607,208.0,0.0,84.0,18.0,7.0,117.46,80.82,Grocery,Rice & Grains,PureLife,1.8358607,208.0,1.8358607,113.29835646026956,206.1641393,0.0,0.0,0.0,False,55.075821,152.924179,True,100.0,OVERSTOCK,MARKDOWN,0.0,12359.33214678,12359.33,CRITICAL,Inventory exceeds the 30-day demand coverage target,153.0
2025-12-25,ST02,SKU01070,1,1.818083,147.0,0.0,41.0,10.0,7.0,202.07,133.29,Home Care,Pest Control,SparkleClean,1.818083,147.0,1.818083,80.85439443633761,145.181917,0.0,0.0,0.0,False,54.542489999999994,92.45751000000001,True,100.0,OVERSTOCK,MARKDOWN,0.0,12323.6615079,12323.66,CRITICAL,Inventory exceeds the 30-day demand coverage target,92.0
2025-12-24,ST24,SKU00330,2,1.8999714,290.0,0.0,77.0,29.0,7.0,87.32,52.73,Beverages,Tea,ValueChoice,1.8999714,290.0,1.8999714,152.63387648887766,288.1000286,0.0,0.0,0.0,False,56.999142000000006,233.000858,True,100.0,OVERSTOCK,MARKDOWN,0.0,12286.135242339999,12286.14,CRITICAL,Inventory exceeds the 30-day demand coverage target,233.0
2025-12-09,ST20,SKU04151,1,1.9135507,96.0,0.0,42.0,8.0,7.0,426.73,316.37,Dairy & Bakery,Cheese,CrispKing,1.9135507,96.0,1.9135507,50.168516569746494,94.0864493,0.0,0.0,0.0,False,57.406521,38.593479,True,67.2,OVERSTOCK,MARKDOWN,0.0,12209.818951230001,12209.82,CRITICAL,Inventory exceeds the 30-day demand coverage target,39.0
2025-12-19,ST27,SKU00856,1,1.734111,206.0,0.0,97.0,43.0,7.0,127.62,79.19,Stationery & Office,Notebooks,GreenValley,1.734111,206.0,1.734111,118.79285697397687,204.265889,0.0,0.0,0.0,False,52.02333,153.97667,True,100.0,OVERSTOCK,MARKDOWN,0.0,12193.4124973,12193.41,CRITICAL,Inventory exceeds the 30-day demand coverage target,154.0
2025-12-29,ST26,SKU03284,1,2.0002089,143.0,0.0,41.0,10.0,7.0,248.67,146.77,Personal Care,Bath & Body,TrueTaste,2.0002089,143.0,2.0002089,71.49253260496941,140.9997911,0.0,0.0,0.0,False,60.006267,82.99373299999999,True,100.0,OVERSTOCK,MARKDOWN,0.0,12180.99019241,12180.99,CRITICAL,Inventory exceeds the 30-day demand coverage target,83.0
2025-12-30,ST04,SKU00397,1,1.9390688,193.0,0.0,67.0,23.0,7.0,120.96,90.13,Home Care,Laundry,PremiumSelect,1.9390688,193.0,1.9390688,99.5323115920384,191.0609312,0.0,0.0,0.0,False,58.172064,134.827936,True,100.0,OVERSTOCK,MARKDOWN,0.0,12152.04187168,12152.04,CRITICAL,Inventory exceeds the 30-day demand coverage target,135.0
2025-12-10,ST07,SKU00317,1,1.9228008,230.0,0.0,43.0,17.0,7.0,110.59,69.99,Beverages,Soft Drinks,ZestyCo,1.9228008,230.0,1.9228008,119.61717511247134,228.0771992,0.0,0.0,0.0,False,57.684024,172.315976,True,100.0,OVERSTOCK,MARKDOWN,0.0,12060.39516024,12060.4,CRITICAL,Inventory exceeds the 30-day demand coverage target,172.0
2025-12-26,ST07,SKU00778,2,1.9769951,113.0,0.0,41.0,20.0,7.0,296.04,224.21,Dairy & Bakery,Bread,TrueTaste,1.9769951,113.0,1.9769951,57.15745071902303,111.0230049,0.0,0.0,0.0,False,59.309853,53.690147,True,90.5,OVERSTOCK,MARKDOWN,0.0,12037.86785887,12037.87,CRITICAL,Inventory exceeds the 30-day demand coverage target,54.0
2025-12-07,ST28,SKU03520,3,1.8105716,221.0,0.0,63.0,29.0,7.0,101.31,72.21,Snacks & Confectionery,Candy,PrimeCare,1.8105716,221.0,1.8105716,122.06090054654562,219.1894284,0.0,0.0,0.0,False,54.317148,166.682852,True,100.0,OVERSTOCK,MARKDOWN,0.0,12036.16874292,12036.17,CRITICAL,Inventory exceeds the 30-day demand coverage target,167.0
2025-12-22,ST30,SKU01754,2,1.8633513,287.0,0.0,59.0,18.0,7.0,85.71,51.7,Snacks & Confectionery,Chocolates,EverydayPlus,1.8633513,287.0,1.8633513,154.0235595939424,285.1366487,0.0,0.0,0.0,False,55.900538999999995,231.09946100000002,True,100.0,OVERSTOCK,MARKDOWN,0.0,11947.842133700002,11947.84,CRITICAL,Inventory exceeds the 30-day demand coverage target,231.0
2025-12-26,ST03,SKU01846,4,1.8537866,160.0,0.0,58.0,18.0,7.0,189.44,114.3,Grocery,Spices & Seasoning,BasicNeeds,1.8537866,160.0,1.8537866,86.30982660032174,158.1462134,0.0,0.0,0.0,False,55.613598,104.386402,True,100.0,OVERSTOCK,MARKDOWN,0.0,11931.3657486,11931.37,CRITICAL,Inventory exceeds the 30-day demand coverage target,104.0
2025-12-10,ST20,SKU04414,1,1.8940737,158.0,0.0,44.0,17.0,7.0,167.57,117.64,Snacks & Confectionery,Candy,DailyBest,1.8940737,158.0,1.8940737,83.41808452332134,156.1059263,0.0,0.0,0.0,False,56.822211,101.17778899999999,True,100.0,OVERSTOCK,MARKDOWN,0.0,11902.55509796,11902.56,CRITICAL,Inventory exceeds the 30-day demand coverage target,101.0
2025-12-09,ST13,SKU03309,2,2.1777692,87.0,0.0,30.0,11.0,7.0,983.01,548.67,Home & Kitchen,Storage & Containers,DailyBest,2.1777692,87.0,2.1777692,39.949136942518976,84.8222308,0.0,0.0,0.0,False,65.333076,21.666923999999995,True,33.2,OVERSTOCK,MARKDOWN,0.0,11887.991191079996,11887.99,CRITICAL,Inventory exceeds the 30-day demand coverage target,22.0
2025-12-29,ST16,SKU04510,1,1.8517227,95.0,0.0,36.0,18.0,7.0,381.82,301.13,Home Care,Pest Control,PrimeCare,1.8517227,95.0,1.8517227,51.30357801413786,93.1482773,0.0,0.0,0.0,False,55.551681,39.448319,True,71.0,OVERSTOCK,MARKDOWN,0.0,11879.07230047,11879.07,CRITICAL,Inventory exceeds the 30-day demand coverage target,39.0
2025-12-07,ST30,SKU01323,3,1.8546377,105.0,0.0,38.0,12.0,7.0,300.51,238.57,Home Care,Surface Cleaners,SmartBuy,1.8546377,105.0,1.8546377,56.614831026027346,103.1453623,0.0,0.0,0.0,False,55.639131,49.360869,True,88.7,OVERSTOCK,MARKDOWN,0.0,11776.02251733,11776.02,CRITICAL,Inventory exceeds the 30-day demand coverage target,49.0
2025-12-04,ST04,SKU04142,2,1.8512504,173.0,0.0,42.0,9.0,7.0,143.76,100.08,Stationery & Office,Office Supplies,SparkleClean,1.8512504,173.0,1.8512504,93.45035117885728,171.1487496,0.0,0.0,0.0,False,55.537512,117.46248800000001,True,100.0,OVERSTOCK,MARKDOWN,0.0,11755.645799040001,11755.65,CRITICAL,Inventory exceeds the 30-day demand coverage target,117.0
2025-12-13,ST26,SKU04746,4,1.9649365,101.0,0.0,81.0,37.0,7.0,364.33,279.55,Personal Care,Bath & Body,SoftTouch,1.9649365,101.0,1.9649365,51.40115214919159,99.0350635,0.0,0.0,0.0,False,58.948095,42.051905,True,71.3,OVERSTOCK,MARKDOWN,0.0,11755.61004275,11755.61,CRITICAL,Inventory exceeds the 30-day demand coverage target,42.0
2025-12-07,ST22,SKU03062,2,2.0458183,125.0,0.0,90.0,40.0,7.0,250.47,184.41,Dairy & Bakery,Milk,GreenValley,2.0458183,125.0,2.0458183,61.10024531504093,122.9541817,0.0,0.0,0.0,False,61.374549,63.625451,True,100.0,OVERSTOCK,MARKDOWN,0.0,11733.16941891,11733.17,CRITICAL,Inventory exceeds the 30-day demand coverage target,64.0
2025-12-13,ST11,SKU03087,3,1.8475575,110.0,0.0,53.0,17.0,7.0,330.63,214.82,Personal Care,Men's Grooming,NatureBlend,1.8475575,110.0,1.8475575,59.53806579768153,108.1524425,0.0,0.0,0.0,False,55.426725,54.573275,True,98.5,OVERSTOCK,MARKDOWN,0.0,11723.4309355,11723.43,CRITICAL,Inventory exceeds the 30-day demand coverage target,55.0
2025-12-22,ST09,SKU00331,1,1.7668685,161.0,0.0,41.0,17.0,7.0,150.41,107.74,Dairy & Bakery,Yogurt,FreshFarm,1.7668685,161.0,1.7668685,91.12166525126233,159.2331315,0.0,0.0,0.0,False,53.006054999999996,107.993945,True,100.0,OVERSTOCK,MARKDOWN,0.0,11635.267634299998,11635.27,CRITICAL,Inventory exceeds the 30-day demand coverage target,108.0
2025-12-25,ST27,SKU03274,4,2.0425634,164.0,0.0,84.0,21.0,7.0,156.95,113.1,Personal Care,Hair Care,PremiumSelect,2.0425634,164.0,2.0425634,80.29126537761324,161.9574366,0.0,0.0,0.0,False,61.27690200000001,102.723098,True,100.0,OVERSTOCK,MARKDOWN,0.0,11617.9823838,11617.98,CRITICAL,Inventory exceeds the 30-day demand coverage target,103.0
2025-12-06,ST27,SKU03347,1,2.0547113,279.0,0.0,84.0,39.0,7.0,90.7,53.1,Beverages,Energy Drinks,HealthFirst,2.0547113,279.0,2.0547113,135.7854994032495,276.9452887,0.0,0.0,0.0,False,61.641339,217.35866099999998,True,100.0,OVERSTOCK,MARKDOWN,0.0,11541.7448991,11541.74,CRITICAL,Inventory exceeds the 30-day demand coverage target,217.0
2025-12-16,ST11,SKU04071,2,1.8407022,157.0,0.0,64.0,20.0,7.0,174.5,113.07,Beverages,Soft Drinks,SmartBuy,1.8407022,157.0,1.8407022,85.29353634716142,155.1592978,0.0,0.0,0.0,False,55.221066,101.77893399999999,True,100.0,OVERSTOCK,MARKDOWN,0.0,11508.144067379999,11508.14,CRITICAL,Inventory exceeds the 30-day demand coverage target,102.0
2025-12-31,ST18,SKU00958,1,1.7490429,112.0,0.0,35.0,10.0,7.0,313.45,193.2,Home & Kitchen,Home Decor,HomeStyle,1.7490429,112.0,1.7490429,64.03502166813632,110.2509571,0.0,0.0,0.0,False,52.471287000000004,59.528712999999996,True,100.0,OVERSTOCK,MARKDOWN,0.0,11500.947351599998,11500.95,CRITICAL,Inventory exceeds the 30-day demand coverage target,60.0
2025-12-29,ST29,SKU04481,2,2.214991,168.0,0.0,62.0,25.0,7.0,144.61,112.26,Beverages,Soft Drinks,EliteHome,2.214991,168.0,2.214991,75.84680930983467,165.785009,0.0,0.0,0.0,False,66.44973,101.55027,True,100.0,OVERSTOCK,MARKDOWN,0.0,11400.0333102,11400.03,CRITICAL,Inventory exceeds the 30-day demand coverage target,102.0
2025-12-26,ST21,SKU02731,1,2.0457544,176.0,0.0,80.0,24.0,7.0,130.96,99.45,Grocery,Cooking Oil,TrueTaste,2.0457544,176.0,2.0457544,86.03183256015483,173.9542456,0.0,0.0,0.0,False,61.372631999999996,114.627368,True,100.0,OVERSTOCK,MARKDOWN,0.0,11399.6917476,11399.69,CRITICAL,Inventory exceeds the 30-day demand coverage target,115.0
2025-12-21,ST28,SKU04197,1,2.0638344,102.0,0.0,73.0,36.0,7.0,358.95,281.31,Grocery,Sugar & Salt,HomeStyle,2.0638344,102.0,2.0638344,49.42256995037974,99.9361656,0.0,0.0,0.0,False,61.915032000000004,40.084967999999996,True,64.7,OVERSTOCK,MARKDOWN,0.0,11276.302348079998,11276.3,CRITICAL,Inventory exceeds the 30-day demand coverage target,40.0
2025-12-18,ST13,SKU04428,3,1.76246,285.0,0.0,99.0,45.0,7.0,64.16,48.34,Snacks & Confectionery,Chips & Crisps,EliteHome,1.76246,285.0,1.76246,161.70579757838476,283.23754,0.0,0.0,0.0,False,52.873799999999996,232.1262,True,100.0,OVERSTOCK,MARKDOWN,0.0,11220.980508,11220.98,CRITICAL,Inventory exceeds the 30-day demand coverage target,232.0
2025-12-23,ST16,SKU03719,3,1.9408605,163.0,0.0,90.0,39.0,7.0,134.23,107.07,Snacks & Confectionery,Namkeen,PureLife,1.9408605,163.0,1.9408605,83.983367171417,161.0591395,0.0,0.0,0.0,False,58.225815000000004,104.77418499999999,True,100.0,OVERSTOCK,MARKDOWN,0.0,11218.171987949998,11218.17,CRITICAL,Inventory exceeds the 30-day demand coverage target,105.0
2025-12-04,ST18,SKU01649,1,1.7598068,96.0,0.0,23.0,8.0,7.0,433.36,258.86,Home Care,Surface Cleaners,NatureBlend,1.7598068,96.0,1.7598068,54.551442806108035,94.2401932,0.0,0.0,0.0,False,52.794204,43.205796,True,81.8,OVERSTOCK,MARKDOWN,0.0,11184.25235256,11184.25,CRITICAL,Inventory exceeds the 30-day demand coverage target,43.0
2025-12-07,ST14,SKU00251,1,1.8001179,169.0,0.0,33.0,10.0,7.0,143.83,96.59,Stationery & Office,Office Supplies,CityFresh,1.8001179,169.0,1.8001179,93.88273956944708,167.1998821,0.0,0.0,0.0,False,54.003537,114.996463,True,100.0,OVERSTOCK,MARKDOWN,0.0,11107.508361170001,11107.51,CRITICAL,Inventory exceeds the 30-day demand coverage target,115.0
2025-12-21,ST01,SKU01691,1,1.8654373,119.0,0.0,73.0,24.0,7.0,242.67,175.47,Home Care,Dishwashing,MetroBrand,1.8654373,119.0,1.8654373,63.792012736102144,117.1345627,0.0,0.0,0.0,False,55.963119,63.036881,True,100.0,OVERSTOCK,MARKDOWN,0.0,11061.08150907,11061.08,CRITICAL,Inventory exceeds the 30-day demand coverage target,63.0
2025-12-30,ST24,SKU00331,1,1.8486274,158.0,0.0,41.0,14.0,7.0,150.41,107.74,Dairy & Bakery,Yogurt,FreshFarm,1.8486274,158.0,1.8486274,85.46881864890675,156.1513726,0.0,0.0,0.0,False,55.458822,102.541178,True,100.0,OVERSTOCK,MARKDOWN,0.0,11047.78651772,11047.79,CRITICAL,Inventory exceeds the 30-day demand coverage target,103.0
2025-12-21,ST22,SKU04235,1,1.8222181,146.0,0.0,51.0,21.0,7.0,205.43,120.77,Personal Care,Oral Care,PureLife,1.8222181,146.0,1.8222181,80.12213247140943,144.1777819,0.0,0.0,0.0,False,54.666543,91.33345700000001,True,100.0,OVERSTOCK,MARKDOWN,0.0,11030.34160189,11030.34,CRITICAL,Inventory exceeds the 30-day demand coverage target,91.0
2025-12-31,ST19,SKU01854,4,1.8279215,123.0,0.0,39.0,16.0,7.0,225.3,161.28,Home Care,Surface Cleaners,GreenValley,1.8279215,123.0,1.8279215,67.28954170077873,121.1720785,0.0,0.0,0.0,False,54.837645,68.16235499999999,True,100.0,OVERSTOCK,MARKDOWN,0.0,10993.224614399998,10993.22,CRITICAL,Inventory exceeds the 30-day demand coverage target,68.0
2025-12-20,ST21,SKU01856,1,1.9432268,144.0,0.0,73.0,15.0,7.0,195.51,128.08,Beverages,Soft Drinks,EliteHome,1.9432268,144.0,1.9432268,74.1035477691024,142.0567732,0.0,0.0,0.0,False,58.296803999999995,85.703196,True,100.0,OVERSTOCK,MARKDOWN,0.0,10976.865343680001,10976.87,CRITICAL,Inventory exceeds the 30-day demand coverage target,86.0
2025-12-14,ST17,SKU01202,1,1.8784729,100.0,0.0,78.0,36.0,7.0,330.45,250.32,Personal Care,Skin Care,SmartBuy,1.8784729,100.0,1.8784729,53.23473125430769,98.1215271,0.0,0.0,0.0,False,56.354187,43.645813,True,77.4,OVERSTOCK,MARKDOWN,0.0,10925.419910159999,10925.42,CRITICAL,Inventory exceeds the 30-day demand coverage target,44.0
2025-12-13,ST03,SKU00127,1,1.9532318,145.0,0.0,40.0,14.0,7.0,223.69,126.42,Home Care,Dishwashing,PremiumSelect,1.9532318,145.0,1.9532318,74.23594065998721,143.0467682,0.0,0.0,0.0,False,58.596954,86.403046,True,100.0,OVERSTOCK,MARKDOWN,0.0,10923.07307532,10923.07,CRITICAL,Inventory exceeds the 30-day demand coverage target,86.0
2025-12-12,ST04,SKU03961,2,1.7992495,181.0,0.0,82.0,34.0,7.0,132.37,85.96,Grocery,Rice & Grains,DailyBest,1.7992495,181.0,1.7992495,100.5974991239403,179.2007505,0.0,0.0,0.0,False,53.977485,127.022515,True,100.0,OVERSTOCK,MARKDOWN,0.0,10918.8553894,10918.86,CRITICAL,Inventory exceeds the 30-day demand coverage target,127.0
2025-12-24,ST09,SKU02662,2,1.7066861,168.0,0.0,48.0,12.0,7.0,128.91,93.48,Dairy & Bakery,Eggs,SparkleClean,1.7066861,168.0,1.7066861,98.43637913263605,166.2933139,0.0,0.0,0.0,False,51.200583,116.799417,True,100.0,OVERSTOCK,MARKDOWN,0.0,10918.40950116,10918.41,CRITICAL,Inventory exceeds the 30-day demand coverage target,117.0
2025-12-06,ST19,SKU02614,2,1.9557849,193.0,0.0,70.0,21.0,7.0,118.14,80.99,Grocery,Sugar & Salt,FamilyChoice,1.9557849,193.0,1.9557849,98.68160859611913,191.0442151,0.0,0.0,0.0,False,58.673547,134.32645300000001,True,100.0,OVERSTOCK,MARKDOWN,0.0,10879.099428470001,10879.1,CRITICAL,Inventory exceeds the 30-day demand coverage target,134.0
2025-12-16,ST21,SKU02057,1,1.7712458,146.0,0.0,32.0,14.0,7.0,167.06,117.15,Beverages,Energy Drinks,FreshFarm,1.7712458,146.0,1.7712458,82.42785953253919,144.2287542,0.0,0.0,0.0,False,53.137374,92.862626,True,100.0,OVERSTOCK,MARKDOWN,0.0,10878.856635900001,10878.86,CRITICAL,Inventory exceeds the 30-day demand coverage target,93.0
2025-12-26,ST12,SKU03031,2,2.042559,156.0,0.0,34.0,12.0,7.0,175.91,113.9,Snacks & Confectionery,Chocolates,PureLife,2.042559,156.0,2.042559,76.3747828092114,153.957441,0.0,0.0,0.0,False,61.27676999999999,94.72323,True,100.0,OVERSTOCK,MARKDOWN,0.0,10788.975897,10788.98,CRITICAL,Inventory exceeds the 30-day demand coverage target,95.0
2025-12-03,ST18,SKU04338,2,1.8805019,149.0,0.0,62.0,14.0,7.0,163.32,116.52,Dairy & Bakery,Cheese,BasicNeeds,1.8805019,149.0,1.8805019,79.23416615532268,147.1194981,0.0,0.0,0.0,False,56.415057000000004,92.584943,True,100.0,OVERSTOCK,MARKDOWN,0.0,10787.997558359999,10788.0,CRITICAL,Inventory exceeds the 30-day demand coverage target,93.0
2025-12-16,ST06,SKU01361,1,1.8892406,76.0,0.0,62.0,13.0,7.0,728.62,556.59,Personal Care,Hair Care,ZestyCo,1.8892406,76.0,1.8892406,40.22780370059801,74.1107594,0.0,0.0,0.0,False,56.677217999999996,19.322782000000004,True,34.1,OVERSTOCK,MARKDOWN,0.0,10754.867233380002,10754.87,CRITICAL,Inventory exceeds the 30-day demand coverage target,19.0
2025-12-21,ST13,SKU01034,1,1.6688776,104.0,0.0,21.0,8.0,7.0,313.23,198.33,Home Care,Pest Control,HealthFirst,1.6688776,104.0,1.6688776,62.317332319638055,102.3311224,0.0,0.0,0.0,False,50.066328,53.933672,True,100.0,OVERSTOCK,MARKDOWN,0.0,10696.66516776,10696.67,CRITICAL,Inventory exceeds the 30-day demand coverage target,54.0
2025-12-07,ST09,SKU02038,1,1.9192467,245.0,0.0,93.0,44.0,7.0,83.56,56.9,Dairy & Bakery,Milk,NutriPlus,1.9192467,245.0,1.9192467,127.65425101421303,243.0807533,0.0,0.0,0.0,False,57.577401,187.422599,True,100.0,OVERSTOCK,MARKDOWN,0.0,10664.345883099999,10664.35,CRITICAL,Inventory exceeds the 30-day demand coverage target,187.0
2025-12-16,ST25,SKU01483,3,1.8175929,159.0,0.0,88.0,32.0,7.0,152.56,102.07,Beverages,Juices,GoldenHarvest,1.8175929,159.0,1.8175929,87.47833466999128,157.1824071,0.0,0.0,0.0,False,54.527787,104.47221300000001,True,100.0,OVERSTOCK,MARKDOWN,0.0,10663.47878091,10663.48,CRITICAL,Inventory exceeds the 30-day demand coverage target,104.0
2025-12-15,ST29,SKU00723,2,1.8232058,124.0,0.0,92.0,25.0,7.0,220.06,153.84,Beverages,Coffee,MetroBrand,1.8232058,124.0,1.8232058,68.0120697290454,122.1767942,0.0,0.0,0.0,False,54.696174,69.303826,True,100.0,OVERSTOCK,MARKDOWN,0.0,10661.700591840001,10661.7,CRITICAL,Inventory exceeds the 30-day demand coverage target,69.0
2025-12-24,ST29,SKU01112,2,1.7586079,165.0,0.0,43.0,13.0,7.0,148.59,94.42,Stationery & Office,Writing Instruments,PrimeCare,1.7586079,165.0,1.7586079,93.82421175294391,163.2413921,0.0,0.0,0.0,False,52.758236999999994,112.241763,True,100.0,OVERSTOCK,MARKDOWN,0.0,10597.86726246,10597.87,CRITICAL,Inventory exceeds the 30-day demand coverage target,112.0
2025-12-15,ST30,SKU03229,1,1.7766304,68.0,0.0,62.0,28.0,7.0,1284.76,720.81,Home & Kitchen,Home Decor,EverydayPlus,1.7766304,68.0,1.7766304,38.27470249298898,66.2233696,0.0,0.0,0.0,False,53.298912,14.701087999999999,True,27.6,OVERSTOCK,MARKDOWN,0.0,10596.691241279997,10596.69,CRITICAL,Inventory exceeds the 30-day demand coverage target,15.0
2025-12-02,ST20,SKU02718,1,1.9058667,162.0,0.0,38.0,13.0,7.0,136.71,101.03,Beverages,Soft Drinks,SmartBuy,1.9058667,162.0,1.9058667,85.00069810758538,160.0941333,0.0,0.0,0.0,False,57.176001,104.823999,True,100.0,OVERSTOCK,MARKDOWN,0.0,10590.36861897,10590.37,CRITICAL,Inventory exceeds the 30-day demand coverage target,105.0
2025-12-26,ST01,SKU03139,1,1.6902182,406.0,0.0,98.0,34.0,7.0,39.88,29.62,Snacks & Confectionery,Chocolates,TrueTaste,1.6902182,406.0,1.6902182,240.20567285336298,404.3097818,0.0,0.0,0.0,False,50.706545999999996,355.293454,True,100.0,OVERSTOCK,MARKDOWN,0.0,10523.79210748,10523.79,CRITICAL,Inventory exceeds the 30-day demand coverage target,355.0
2025-12-20,ST05,SKU01580,2,1.8375033,194.0,0.0,35.0,10.0,7.0,132.1,75.58,Beverages,Juices,PureLife,1.8375033,194.0,1.8375033,105.57804168297275,192.1624967,0.0,0.0,0.0,False,55.125099,138.874901,True,100.0,OVERSTOCK,MARKDOWN,0.0,10496.165017579999,10496.17,CRITICAL,Inventory exceeds the 30-day demand coverage target,139.0
2025-12-29,ST30,SKU04466,1,1.8440752,116.0,0.0,61.0,17.0,7.0,224.59,172.39,Home Care,Surface Cleaners,HealthFirst,1.8440752,116.0,1.8440752,62.904159223007824,114.1559248,0.0,0.0,0.0,False,55.322256,60.677744,True,100.0,OVERSTOCK,MARKDOWN,0.0,10460.236288159998,10460.24,CRITICAL,Inventory exceeds the 30-day demand coverage target,61.0
2025-12-17,ST30,SKU00758,3,1.8677827,183.0,0.0,54.0,16.0,7.0,109.39,82.31,Snacks & Confectionery,Candy,HomeStyle,1.8677827,183.0,1.8677827,97.97713620540547,181.1322173,0.0,0.0,0.0,False,56.033481,126.966519,True,100.0,OVERSTOCK,MARKDOWN,0.0,10450.61417889,10450.61,CRITICAL,Inventory exceeds the 30-day demand coverage target,127.0
2025-12-06,ST21,SKU01568,1,1.7223992,96.0,0.0,21.0,8.0,7.0,363.73,231.36,Personal Care,Bath & Body,ValueChoice,1.7223992,96.0,1.7223992,55.73620795922339,94.2776008,0.0,0.0,0.0,False,51.671976,44.328024,True,85.8,OVERSTOCK,MARKDOWN,0.0,10255.73163264,10255.73,CRITICAL,Inventory exceeds the 30-day demand coverage target,44.0
2025-12-16,ST20,SKU01114,2,1.8455821,79.0,0.0,33.0,8.0,7.0,554.93,428.39,Apparel & Footwear,Footwear,HomeStyle,1.8455821,79.0,1.8455821,42.8049231730195,77.1544179,0.0,0.0,0.0,False,55.367462999999994,23.632537000000006,True,42.7,OVERSTOCK,MARKDOWN,0.0,10123.942525430002,10123.94,CRITICAL,Inventory exceeds the 30-day demand coverage target,24.0
2025-12-05,ST30,SKU00954,2,1.7784739,123.0,0.0,26.0,7.0,7.0,209.16,145.35,Beverages,Soft Drinks,PurePlus,1.7784739,123.0,1.7784739,69.16041894120572,121.2215261,0.0,0.0,0.0,False,53.354217,69.645783,True,100.0,OVERSTOCK,MARKDOWN,0.0,10123.01455905,10123.01,CRITICAL,Inventory exceeds the 30-day demand coverage target,70.0
2025-12-30,ST26,SKU03210,4,1.8516071,68.0,0.0,22.0,7.0,7.0,1127.93,810.37,Frozen Foods,Ready Meals,EverydayPlus,1.8516071,68.0,1.8516071,36.72485377702429,66.1483929,0.0,0.0,0.0,False,55.548213000000004,12.451786999999996,True,22.4,OVERSTOCK,MARKDOWN,0.0,10090.554631189996,10090.55,CRITICAL,Inventory exceeds the 30-day demand coverage target,12.0
2025-12-22,ST27,SKU01863,1,1.7828268,341.0,0.0,59.0,16.0,7.0,56.57,35.08,Beverages,Coffee,NutriPlus,1.7828268,341.0,1.7828268,191.2692808970563,339.2171732,0.0,0.0,0.0,False,53.484804000000004,287.515196,True,100.0,OVERSTOCK,MARKDOWN,0.0,10086.03307568,10086.03,CRITICAL,Inventory exceeds the 30-day demand coverage target,288.0
2025-12-26,ST06,SKU02555,3,1.7988832,85.0,0.0,69.0,29.0,7.0,473.51,323.44,Grocery,Sugar & Salt,GreenValley,1.7988832,85.0,1.7988832,47.251539177196165,83.2011168,0.0,0.0,0.0,False,53.966496,31.033504,True,57.5,OVERSTOCK,MARKDOWN,0.0,10037.47653376,10037.48,CRITICAL,Inventory exceeds the 30-day demand coverage target,31.0
2025-12-27,ST30,SKU04144,3,1.913942,261.0,0.0,63.0,23.0,7.0,66.69,49.29,Beverages,Energy Drinks,CleanWave,1.913942,261.0,1.913942,136.36776872026425,259.086058,0.0,0.0,0.0,False,57.418260000000004,203.58174,True,100.0,OVERSTOCK,MARKDOWN,0.0,10034.5439646,10034.54,CRITICAL,Inventory exceeds the 30-day demand coverage target,204.0
2025-12-13,ST11,SKU03792,2,1.9232183,118.0,0.0,63.0,27.0,7.0,235.81,165.88,Dairy & Bakery,Yogurt,HealthFirst,1.9232183,118.0,1.9232183,61.35548938984201,116.0767817,0.0,0.0,0.0,False,57.696549000000005,60.303450999999995,True,100.0,OVERSTOCK,MARKDOWN,0.0,10003.136451879998,10003.14,CRITICAL,Inventory exceeds the 30-day demand coverage target,60.0
2025-12-21,ST13,SKU01620,4,1.7136153,132.0,0.0,70.0,16.0,7.0,197.37,123.3,Snacks & Confectionery,Biscuits & Cookies,SunriseFoods,1.7136153,132.0,1.7136153,77.03012455596073,130.2863847,0.0,0.0,0.0,False,51.408459,80.591541,True,100.0,OVERSTOCK,MARKDOWN,0.0,9936.9370053,9936.94,CRITICAL,Inventory exceeds the 30-day demand coverage target,81.0
2025-12-19,ST29,SKU03487,1,1.973538,153.0,0.0,80.0,24.0,7.0,190.24,105.55,Frozen Foods,Frozen Vegetables,GreenValley,1.973538,153.0,1.973538,77.52574310704937,151.026462,0.0,0.0,0.0,False,59.20614,93.79386,True,100.0,OVERSTOCK,MARKDOWN,0.0,9899.941922999998,9899.94,CRITICAL,Inventory exceeds the 30-day demand coverage target,94.0
2025-12-19,ST16,SKU04889,1,1.8344305,127.0,0.0,54.0,22.0,7.0,175.19,137.18,Stationery & Office,Office Supplies,NutriPlus,1.8344305,127.0,1.8344305,69.23129548925402,125.1655695,0.0,0.0,0.0,False,55.032915,71.967085,True,100.0,OVERSTOCK,MARKDOWN,0.0,9872.4447203,9872.44,CRITICAL,Inventory exceeds the 30-day demand coverage target,72.0
2025-12-29,ST09,SKU00294,1,1.983535,130.0,0.0,76.0,37.0,7.0,235.02,139.92,Home Care,Pest Control,ValueChoice,1.983535,130.0,1.983535,65.53955438144524,128.016465,0.0,0.0,0.0,False,59.50605,70.49395,True,100.0,OVERSTOCK,MARKDOWN,0.0,9863.513484,9863.51,CRITICAL,Inventory exceeds the 30-day demand coverage target,70.0
2025-12-14,ST13,SKU03488,2,1.8957543,149.0,0.0,86.0,24.0,7.0,136.44,105.73,Home Care,Pest Control,GreenValley,1.8957543,149.0,1.8957543,78.59668312502312,147.1042457,0.0,0.0,0.0,False,56.872628999999996,92.12737100000001,True,100.0,OVERSTOCK,MARKDOWN,0.0,9740.626935830001,9740.63,CRITICAL,Inventory exceeds the 30-day demand coverage target,92.0
2025-12-06,ST03,SKU02072,1,1.8833199,236.0,0.0,94.0,31.0,7.0,91.41,54.25,Beverages,Tea,DailyBest,1.8833199,236.0,1.8833199,125.31062832182678,234.1166801,0.0,0.0,0.0,False,56.499597,179.500403,True,100.0,OVERSTOCK,MARKDOWN,0.0,9737.89686275,9737.9,CRITICAL,Inventory exceeds the 30-day demand coverage target,180.0
2025-12-07,ST22,SKU02197,3,1.7199101,158.0,0.0,73.0,35.0,7.0,133.98,87.59,Dairy & Bakery,Milk,HealthFirst,1.7199101,158.0,1.7199101,91.86526667876419,156.2800899,0.0,0.0,0.0,False,51.597303000000004,106.40269699999999,True,100.0,OVERSTOCK,MARKDOWN,0.0,9319.81223023,9319.81,CRITICAL,Inventory exceeds the 30-day demand coverage target,106.0
2025-12-31,ST25,SKU03138,2,1.8956422,203.0,0.0,83.0,23.0,7.0,99.25,63.21,Snacks & Confectionery,Biscuits & Cookies,CleanWave,1.8956422,203.0,1.8956422,107.08771940189979,201.1043578,0.0,0.0,0.0,False,56.869265999999996,146.13073400000002,True,100.0,OVERSTOCK,MARKDOWN,0.0,9236.923696140002,9236.92,CRITICAL,Inventory exceeds the 30-day demand coverage target,146.0
2025-12-28,ST03,SKU03666,1,1.7498082,174.0,0.0,86.0,37.0,7.0,125.46,75.82,Grocery,Cooking Oil,BasicNeeds,1.7498082,174.0,1.7498082,99.43946999448283,172.2501918,0.0,0.0,0.0,False,52.494246,121.505754,True,100.0,OVERSTOCK,MARKDOWN,0.0,9212.56626828,9212.57,CRITICAL,Inventory exceeds the 30-day demand coverage target,122.0
2025-12-04,ST17,SKU02718,1,1.9039669,147.0,0.0,40.0,19.0,7.0,136.71,101.03,Beverages,Soft Drinks,SmartBuy,1.9039669,147.0,1.9039669,77.20722455836811,145.0960331,0.0,0.0,0.0,False,57.119006999999996,89.880993,True,100.0,OVERSTOCK,MARKDOWN,0.0,9080.67672279,9080.68,CRITICAL,Inventory exceeds the 30-day demand coverage target,90.0
2025-12-19,ST12,SKU02964,4,1.8027376,115.0,0.0,26.0,9.0,7.0,215.02,148.88,Stationery & Office,Notebooks,PremiumSelect,1.8027376,115.0,1.8027376,63.79186854481762,113.1972624,0.0,0.0,0.0,False,54.082128,60.917872,True,100.0,OVERSTOCK,MARKDOWN,0.0,9069.45278336,9069.45,CRITICAL,Inventory exceeds the 30-day demand coverage target,61.0
2025-12-20,ST13,SKU02038,1,1.5972552,206.0,0.0,54.0,12.0,7.0,83.56,56.9,Dairy & Bakery,Milk,NutriPlus,1.5972552,206.0,1.5972552,128.97125017968324,204.4027448,0.0,0.0,0.0,False,47.917656,158.082344,True,100.0,OVERSTOCK,MARKDOWN,0.0,8994.8853736,8994.89,CRITICAL,Inventory exceeds the 30-day demand coverage target,158.0
2025-12-25,ST11,SKU03385,2,1.7605573,141.0,0.0,100.0,24.0,7.0,153.8,101.95,Beverages,Bottled Water,CleanWave,1.7605573,141.0,1.7605573,80.08827659287203,139.2394427,0.0,0.0,0.0,False,52.816719000000006,88.183281,True,100.0,OVERSTOCK,MARKDOWN,0.0,8990.285497949999,8990.29,CRITICAL,Inventory exceeds the 30-day demand coverage target,88.0
2025-12-13,ST24,SKU00240,3,1.8136872,168.0,0.0,37.0,15.0,7.0,143.08,79.06,Beverages,Energy Drinks,FamilyChoice,1.8136872,168.0,1.8136872,92.62898255002297,166.1863128,0.0,0.0,0.0,False,54.410616,113.589384,True,100.0,OVERSTOCK,MARKDOWN,0.0,8980.37669904,8980.38,CRITICAL,Inventory exceeds the 30-day demand coverage target,114.0
2025-12-31,ST30,SKU02283,4,1.84208,221.0,0.0,78.0,24.0,7.0,87.82,54.11,Beverages,Bottled Water,QuickBite,1.84208,221.0,1.84208,119.97307391644229,219.15792,0.0,0.0,0.0,False,55.2624,165.7376,True,100.0,OVERSTOCK,MARKDOWN,0.0,8968.061536,8968.06,CRITICAL,Inventory exceeds the 30-day demand coverage target,166.0
2025-12-31,ST29,SKU01840,2,1.8847497,175.0,0.0,74.0,20.0,7.0,117.69,75.55,Stationery & Office,Notebooks,EliteHome,1.8847497,175.0,1.8847497,92.8505254570408,173.1152503,0.0,0.0,0.0,False,56.542491,118.457509,True,100.0,OVERSTOCK,MARKDOWN,0.0,8949.46480495,8949.46,CRITICAL,Inventory exceeds the 30-day demand coverage target,118.0
2025-12-04,ST15,SKU02449,1,1.9276792,147.0,0.0,52.0,17.0,7.0,137.83,99.61,Stationery & Office,Notebooks,EverydayPlus,1.9276792,147.0,1.9276792,76.25750176689151,145.0723208,0.0,0.0,0.0,False,57.830376,89.169624,True,100.0,OVERSTOCK,MARKDOWN,0.0,8882.18624664,8882.19,CRITICAL,Inventory exceeds the 30-day demand coverage target,89.0
2025-12-02,ST08,SKU00251,4,1.8765322,147.0,0.0,49.0,13.0,7.0,143.83,96.59,Stationery & Office,Office Supplies,CityFresh,1.8765322,147.0,1.8765322,78.33598592126476,145.1234678,0.0,0.0,0.0,False,56.295966,90.70403400000001,True,100.0,OVERSTOCK,MARKDOWN,0.0,8761.102644060002,8761.1,CRITICAL,Inventory exceeds the 30-day demand coverage target,91.0
2025-12-03,ST13,SKU01754,3,1.8400321,223.0,0.0,46.0,20.0,7.0,85.71,51.7,Snacks & Confectionery,Chocolates,EverydayPlus,1.8400321,223.0,1.8400321,121.19353787360558,221.1599679,0.0,0.0,0.0,False,55.200963,167.799037,True,100.0,OVERSTOCK,MARKDOWN,0.0,8675.2102129,8675.21,CRITICAL,Inventory exceeds the 30-day demand coverage target,168.0
2025-12-23,ST03,SKU01316,4,1.8697819,120.0,0.0,79.0,26.0,7.0,190.6,135.15,Beverages,Tea,PureLife,1.8697819,120.0,1.8697819,64.17860821093626,118.1302181,0.0,0.0,0.0,False,56.093457,63.906543,True,100.0,OVERSTOCK,MARKDOWN,0.0,8636.969286450001,8636.97,CRITICAL,Inventory exceeds the 30-day demand coverage target,64.0
2025-12-17,ST22,SKU01966,1,1.9706614,158.0,0.0,88.0,25.0,7.0,110.6,87.1,Snacks & Confectionery,Candy,EliteHome,1.9706614,158.0,1.9706614,80.17612766962401,156.0293386,0.0,0.0,0.0,False,59.119842,98.880158,True,100.0,OVERSTOCK,MARKDOWN,0.0,8612.4617618,8612.46,CRITICAL,Inventory exceeds the 30-day demand coverage target,99.0
2025-12-23,ST19,SKU04050,5,1.8152343,180.0,0.0,95.0,31.0,7.0,118.91,68.53,Snacks & Confectionery,Biscuits & Cookies,NovaFresh,1.8152343,180.0,1.8152343,99.16075296726159,178.1847657,0.0,0.0,0.0,False,54.457029,125.542971,True,100.0,OVERSTOCK,MARKDOWN,0.0,8603.45980263,8603.46,CRITICAL,Inventory exceeds the 30-day demand coverage target,126.0
2025-12-16,ST26,SKU00697,1,1.8344706,135.0,0.0,79.0,38.0,7.0,178.49,107.49,Beverages,Soft Drinks,NovaFresh,1.8344706,135.0,1.8344706,73.59071330987807,133.1655294,0.0,0.0,0.0,False,55.034118,79.965882,True,100.0,OVERSTOCK,MARKDOWN,0.0,8595.53265618,8595.53,CRITICAL,Inventory exceeds the 30-day demand coverage target,80.0
2025-12-18,ST27,SKU01302,4,1.8333865,113.0,0.0,63.0,30.0,7.0,251.67,147.39,Grocery,Spices & Seasoning,FamilyChoice,1.8333865,113.0,1.8333865,61.63457623365286,111.1666135,0.0,0.0,0.0,False,55.001595,57.998405,True,100.0,OVERSTOCK,MARKDOWN,0.0,8548.38491295,8548.38,CRITICAL,Inventory exceeds the 30-day demand coverage target,58.0
2025-12-05,ST20,SKU01595,1,1.7837067,127.0,0.0,49.0,21.0,7.0,170.68,115.77,Snacks & Confectionery,Candy,EliteHome,1.7837067,127.0,1.7837067,71.20004650988865,125.2162933,0.0,0.0,0.0,False,53.511201,73.488799,True,100.0,OVERSTOCK,MARKDOWN,0.0,8507.79826023,8507.8,CRITICAL,Inventory exceeds the 30-day demand coverage target,73.0
2025-12-24,ST26,SKU02538,2,1.955171,128.0,0.0,50.0,12.0,7.0,216.58,121.13,Frozen Foods,Ice Cream,EverydayPlus,1.955171,128.0,1.955171,65.46741947379539,126.044829,0.0,0.0,0.0,False,58.65513,69.34487,True,100.0,OVERSTOCK,MARKDOWN,0.0,8399.7441031,8399.74,CRITICAL,Inventory exceeds the 30-day demand coverage target,69.0
2025-12-11,ST05,SKU01950,2,1.960707,166.0,0.0,60.0,15.0,7.0,104.93,77.86,Snacks & Confectionery,Candy,MetroBrand,1.960707,166.0,1.960707,84.6633382754282,164.039293,0.0,0.0,0.0,False,58.82121,107.17878999999999,True,100.0,OVERSTOCK,MARKDOWN,0.0,8344.9405894,8344.94,CRITICAL,Inventory exceeds the 30-day demand coverage target,107.0
2025-12-18,ST17,SKU02224,2,1.7460842,129.0,0.0,28.0,6.0,7.0,160.25,108.81,Personal Care,Hair Care,SparkleClean,1.7460842,129.0,1.7460842,73.87959870434656,127.2539158,0.0,0.0,0.0,False,52.382526000000006,76.61747399999999,True,100.0,OVERSTOCK,MARKDOWN,0.0,8336.747345939999,8336.75,CRITICAL,Inventory exceeds the 30-day demand coverage target,77.0
2025-12-13,ST10,SKU02657,2,1.97611,174.0,0.0,83.0,24.0,7.0,128.75,72.43,Dairy & Bakery,Cheese,DailyBest,1.97611,174.0,1.97611,88.05177849411217,172.02389,0.0,0.0,0.0,False,59.283300000000004,114.7167,True,100.0,OVERSTOCK,MARKDOWN,0.0,8308.930581,8308.93,CRITICAL,Inventory exceeds the 30-day demand coverage target,115.0
2025-12-03,ST28,SKU03220,2,1.840631,197.0,0.0,34.0,11.0,7.0,83.11,57.62,Beverages,Energy Drinks,CrispKing,1.840631,197.0,1.840631,107.028513591263,195.159369,0.0,0.0,0.0,False,55.21893,141.78107,True,100.0,OVERSTOCK,MARKDOWN,0.0,8169.4252534,8169.43,CRITICAL,Inventory exceeds the 30-day demand coverage target,142.0
2025-12-13,ST17,SKU01804,1,1.9341339,113.0,0.0,47.0,20.0,7.0,220.92,148.59,Home Care,Pest Control,TrueTaste,1.9341339,113.0,1.9341339,58.424083255042476,111.0658661,0.0,0.0,0.0,False,58.024017,54.975983,True,94.7,OVERSTOCK,MARKDOWN,0.0,8168.8813139700005,8168.88,CRITICAL,Inventory exceeds the 30-day demand coverage target,55.0
2025-12-18,ST07,SKU02156,2,1.9979844,133.0,0.0,57.0,25.0,7.0,184.79,111.66,Beverages,Juices,CleanWave,1.9979844,133.0,1.9979844,66.56708630958279,131.0020156,0.0,0.0,0.0,False,59.939532,73.060468,True,100.0,OVERSTOCK,MARKDOWN,0.0,8157.93185688,8157.93,CRITICAL,Inventory exceeds the 30-day demand coverage target,73.0
2025-12-20,ST26,SKU04779,1,2.0181253,135.0,0.0,55.0,21.0,7.0,192.22,109.29,Snacks & Confectionery,Biscuits & Cookies,EliteHome,2.0181253,135.0,2.0181253,66.89376521864128,132.9818747,0.0,0.0,0.0,False,60.543758999999994,74.456241,True,100.0,OVERSTOCK,MARKDOWN,0.0,8137.322578890001,8137.32,CRITICAL,Inventory exceeds the 30-day demand coverage target,74.0
2025-12-26,ST26,SKU02681,2,1.7980887,160.0,0.0,35.0,13.0,7.0,123.78,76.66,Stationery & Office,Notebooks,SmartBuy,1.7980887,160.0,1.7980887,88.98337440194135,158.2019113,0.0,0.0,0.0,False,53.942661,106.057339,True,100.0,OVERSTOCK,MARKDOWN,0.0,8130.35560774,8130.36,CRITICAL,Inventory exceeds the 30-day demand coverage target,106.0
2025-12-10,ST07,SKU00405,3,1.93597,149.0,0.0,75.0,34.0,7.0,125.94,88.45,Stationery & Office,Writing Instruments,SmartBuy,1.93597,149.0,1.93597,76.9640025413617,147.06403,0.0,0.0,0.0,False,58.0791,90.9209,True,100.0,OVERSTOCK,MARKDOWN,0.0,8041.953605000001,8041.95,CRITICAL,Inventory exceeds the 30-day demand coverage target,91.0
2025-12-23,ST26,SKU00126,5,1.7449979,100.0,0.0,74.0,20.0,7.0,253.44,168.71,Home Care,Dishwashing,PurePlus,1.7449979,100.0,1.7449979,57.30665922291368,98.2550021,0.0,0.0,0.0,False,52.349937,47.650063,True,91.0,OVERSTOCK,MARKDOWN,0.0,8039.0421287300005,8039.04,CRITICAL,Inventory exceeds the 30-day demand coverage target,48.0
2025-12-07,ST27,SKU04217,3,1.8171029,117.0,0.0,38.0,16.0,7.0,187.16,127.07,Beverages,Bottled Water,SoftTouch,1.8171029,117.0,1.8171029,64.3882082847372,115.1828971,0.0,0.0,0.0,False,54.513087,62.486913,True,100.0,OVERSTOCK,MARKDOWN,0.0,7940.21203491,7940.21,CRITICAL,Inventory exceeds the 30-day demand coverage target,62.0
2025-12-30,ST30,SKU03295,3,1.9654442,186.0,0.0,53.0,20.0,7.0,106.45,62.34,Stationery & Office,Office Supplies,SoftTouch,1.9654442,186.0,1.9654442,94.63509572034657,184.0345558,0.0,0.0,0.0,False,58.963326,127.036674,True,100.0,OVERSTOCK,MARKDOWN,0.0,7919.466257160001,7919.47,CRITICAL,Inventory exceeds the 30-day demand coverage target,127.0
2025-12-21,ST27,SKU03038,2,1.812967,108.0,0.0,53.0,12.0,7.0,204.05,147.66,Personal Care,Skin Care,BasicNeeds,1.812967,108.0,1.812967,59.57085815682249,106.187033,0.0,0.0,0.0,False,54.38901,53.61099,True,98.6,OVERSTOCK,MARKDOWN,0.0,7916.1987834,7916.2,CRITICAL,Inventory exceeds the 30-day demand coverage target,54.0
2025-12-19,ST04,SKU04829,1,1.8316565,120.0,0.0,67.0,31.0,7.0,159.42,120.95,Stationery & Office,Notebooks,GreenValley,1.8316565,120.0,1.8316565,65.51446736874517,118.1683435,0.0,0.0,0.0,False,54.949695,65.05030500000001,True,100.0,OVERSTOCK,MARKDOWN,0.0,7867.834389750001,7867.83,CRITICAL,Inventory exceeds the 30-day demand coverage target,65.0
2025-12-10,ST20,SKU01677,1,1.8158184,160.0,0.0,55.0,26.0,7.0,127.3,74.18,Beverages,Tea,ValueChoice,1.8158184,160.0,1.8158184,88.11453832607931,158.1841816,0.0,0.0,0.0,False,54.474551999999996,105.52544800000001,True,100.0,OVERSTOCK,MARKDOWN,0.0,7827.877732640001,7827.88,CRITICAL,Inventory exceeds the 30-day demand coverage target,106.0
2025-12-13,ST26,SKU00533,1,1.9100891,164.0,0.0,64.0,22.0,7.0,114.47,73.03,Stationery & Office,Writing Instruments,PureLife,1.9100891,164.0,1.9100891,85.85986905008777,162.0899109,0.0,0.0,0.0,False,57.302673,106.697327,True,100.0,OVERSTOCK,MARKDOWN,0.0,7792.10579081,7792.11,CRITICAL,Inventory exceeds the 30-day demand coverage target,107.0
2025-12-30,ST02,SKU00801,4,2.1583235,180.0,0.0,80.0,38.0,7.0,83.92,66.91,Beverages,Bottled Water,PurePlus,2.1583235,180.0,2.1583235,83.39806335797206,177.8416765,0.0,0.0,0.0,False,64.74970499999999,115.25029500000001,True,100.0,OVERSTOCK,MARKDOWN,0.0,7711.39723845,7711.4,CRITICAL,Inventory exceeds the 30-day demand coverage target,115.0
2025-12-11,ST29,SKU00519,2,2.1064785,252.0,0.0,86.0,24.0,7.0,71.95,40.83,Stationery & Office,Office Supplies,PrimeCare,2.1064785,252.0,2.1064785,119.63093855455918,249.8935215,0.0,0.0,0.0,False,63.194355,188.805645,True,100.0,OVERSTOCK,MARKDOWN,0.0,7708.93448535,7708.93,CRITICAL,Inventory exceeds the 30-day demand coverage target,189.0
2025-12-12,ST27,SKU02210,2,1.8177835,187.0,0.0,80.0,30.0,7.0,101.42,57.71,Snacks & Confectionery,Chips & Crisps,PrimeCare,1.8177835,187.0,1.8177835,102.87253680099968,185.1822165,0.0,0.0,0.0,False,54.533505,132.466495,True,100.0,OVERSTOCK,MARKDOWN,0.0,7644.641426450001,7644.64,CRITICAL,Inventory exceeds the 30-day demand coverage target,132.0
2025-12-10,ST03,SKU02365,2,1.9827852,134.0,0.0,93.0,25.0,7.0,138.08,102.33,Beverages,Juices,BasicNeeds,1.9827852,134.0,1.9827852,67.58170274823516,132.0172148,0.0,0.0,0.0,False,59.483556,74.516444,True,100.0,OVERSTOCK,MARKDOWN,0.0,7625.2677145200005,7625.27,CRITICAL,Inventory exceeds the 30-day demand coverage target,75.0
2025-12-07,ST24,SKU02830,1,2.1908855,153.0,0.0,98.0,48.0,7.0,150.61,87.37,Home Care,Pest Control,CityFresh,2.1908855,153.0,2.1908855,69.83477685164287,150.8091145,0.0,0.0,0.0,False,65.726565,87.273435,True,100.0,OVERSTOCK,MARKDOWN,0.0,7625.080015950001,7625.08,CRITICAL,Inventory exceeds the 30-day demand coverage target,87.0
2025-12-24,ST18,SKU01107,1,1.6439058,252.0,0.0,94.0,26.0,7.0,67.08,37.18,Snacks & Confectionery,Namkeen,DailyBest,1.6439058,252.0,1.6439058,153.293455135933,250.3560942,0.0,0.0,0.0,False,49.317174,202.682826,True,100.0,OVERSTOCK,MARKDOWN,0.0,7535.74747068,7535.75,CRITICAL,Inventory exceeds the 30-day demand coverage target,203.0
2025-12-10,ST26,SKU03492,1,2.1102262,238.0,0.0,56.0,19.0,7.0,71.49,42.9,Stationery & Office,Office Supplies,QuickBite,2.1102262,238.0,2.1102262,112.78411764577655,235.8897738,0.0,0.0,0.0,False,63.306786,174.693214,True,100.0,OVERSTOCK,MARKDOWN,0.0,7494.3388806,7494.34,CRITICAL,Inventory exceeds the 30-day demand coverage target,175.0
2025-12-14,ST09,SKU00532,2,1.7780104,175.0,0.0,53.0,17.0,7.0,94.81,61.5,Beverages,Coffee,CleanWave,1.7780104,175.0,1.7780104,98.42462113832404,173.2219896,0.0,0.0,0.0,False,53.340312000000004,121.65968799999999,True,100.0,OVERSTOCK,MARKDOWN,0.0,7482.070811999999,7482.07,CRITICAL,Inventory exceeds the 30-day demand coverage target,122.0
2025-12-18,ST15,SKU01863,1,1.7798591,261.0,0.0,50.0,15.0,7.0,56.57,35.08,Beverages,Coffee,NutriPlus,1.7798591,261.0,1.7798591,146.64082117511438,259.2201409,0.0,0.0,0.0,False,53.395773,207.604227,True,100.0,OVERSTOCK,MARKDOWN,0.0,7282.75628316,7282.76,CRITICAL,Inventory exceeds the 30-day demand coverage target,208.0
2025-12-25,ST07,SKU00682,2,1.6943947,129.0,0.0,29.0,13.0,7.0,138.95,92.49,Snacks & Confectionery,Chips & Crisps,SunriseFoods,1.6943947,129.0,1.6943947,76.13338261740314,127.3056053,0.0,0.0,0.0,False,50.831841,78.168159,True,100.0,OVERSTOCK,MARKDOWN,0.0,7229.77302591,7229.77,CRITICAL,Inventory exceeds the 30-day demand coverage target,78.0
2025-12-24,ST14,SKU00935,2,1.8338846,147.0,0.0,42.0,19.0,7.0,108.32,77.98,Snacks & Confectionery,Namkeen,NovaFresh,1.8338846,147.0,1.8338846,80.1577154854782,145.1661154,0.0,0.0,0.0,False,55.016538,91.983462,True,100.0,OVERSTOCK,MARKDOWN,0.0,7172.87036676,7172.87,CRITICAL,Inventory exceeds the 30-day demand coverage target,92.0
2025-12-27,ST06,SKU00131,1,2.072504,156.0,0.0,54.0,23.0,7.0,119.24,75.8,Dairy & Bakery,Eggs,SparkleClean,2.072504,156.0,2.072504,75.27126606269518,153.927496,0.0,0.0,0.0,False,62.17512,93.82488000000001,True,100.0,OVERSTOCK,MARKDOWN,0.0,7111.925904000001,7111.93,CRITICAL,Inventory exceeds the 30-day demand coverage target,94.0
2025-12-26,ST05,SKU03501,3,1.8884939,131.0,0.0,57.0,22.0,7.0,168.06,95.27,Beverages,Energy Drinks,SoftTouch,1.8884939,131.0,1.8884939,69.36744672566853,129.1115061,0.0,0.0,0.0,False,56.654817,74.34518299999999,True,100.0,OVERSTOCK,MARKDOWN,0.0,7082.8655844099985,7082.87,CRITICAL,Inventory exceeds the 30-day demand coverage target,74.0
2025-12-03,ST20,SKU03883,1,2.1446445,132.0,0.0,99.0,45.0,7.0,181.52,103.59,Dairy & Bakery,Bread,MetroBrand,2.1446445,132.0,2.1446445,61.54866226080826,129.8553555,0.0,0.0,0.0,False,64.339335,67.660665,True,100.0,OVERSTOCK,MARKDOWN,0.0,7008.96828735,7008.97,CRITICAL,Inventory exceeds the 30-day demand coverage target,68.0
2025-12-23,ST03,SKU04433,2,1.8171852,164.0,0.0,63.0,30.0,7.0,90.88,63.32,Beverages,Coffee,CrispKing,1.8171852,164.0,1.8171852,90.2494693441263,162.1828148,0.0,0.0,0.0,False,54.515556,109.484444,True,100.0,OVERSTOCK,MARKDOWN,0.0,6932.55499408,6932.55,CRITICAL,Inventory exceeds the 30-day demand coverage target,109.0
2025-12-08,ST20,SKU00333,1,1.9222747,201.0,0.0,98.0,39.0,7.0,61.52,47.93,Dairy & Bakery,Cheese,CityFresh,1.9222747,201.0,1.9222747,104.56361934118989,199.0777253,0.0,0.0,0.0,False,57.668241,143.331759,True,100.0,OVERSTOCK,MARKDOWN,0.0,6869.89120887,6869.89,CRITICAL,Inventory exceeds the 30-day demand coverage target,143.0
2025-12-20,ST28,SKU04009,2,1.7576298,200.0,0.0,96.0,44.0,7.0,63.37,46.15,Snacks & Confectionery,Chocolates,FreshFarm,1.7576298,200.0,1.7576298,113.78960461412295,198.2423702,0.0,0.0,0.0,False,52.728894,147.271106,True,100.0,OVERSTOCK,MARKDOWN,0.0,6796.5615419,6796.56,CRITICAL,Inventory exceeds the 30-day demand coverage target,147.0
2025-12-22,ST09,SKU00734,1,1.8412713,248.0,0.0,43.0,15.0,7.0,55.41,34.7,Beverages,Juices,BasicNeeds,1.8412713,248.0,1.8412713,134.68954846578012,246.1587287,0.0,0.0,0.0,False,55.238139000000004,192.761861,True,100.0,OVERSTOCK,MARKDOWN,0.0,6688.8365767000005,6688.84,CRITICAL,Inventory exceeds the 30-day demand coverage target,193.0
2025-12-09,ST29,SKU01162,2,1.7932938,132.0,0.0,73.0,28.0,7.0,154.8,85.18,Personal Care,Hair Care,CrispKing,1.7932938,132.0,1.7932938,73.60757060555275,130.2067062,0.0,0.0,0.0,False,53.798814,78.201186,True,100.0,OVERSTOCK,MARKDOWN,0.0,6661.1770234800015,6661.18,CRITICAL,Inventory exceeds the 30-day demand coverage target,78.0
2025-12-13,ST06,SKU04428,5,1.9409676,195.0,0.0,77.0,17.0,7.0,64.16,48.34,Snacks & Confectionery,Chips & Crisps,EliteHome,1.9409676,195.0,1.9409676,100.46535552680014,193.0590324,0.0,0.0,0.0,False,58.229028,136.770972,True,100.0,OVERSTOCK,MARKDOWN,0.0,6611.508786480001,6611.51,CRITICAL,Inventory exceeds the 30-day demand coverage target,137.0
2025-12-06,ST09,SKU00855,1,1.7957869,116.0,0.0,31.0,13.0,7.0,141.42,105.98,Beverages,Bottled Water,NutriPlus,1.7957869,116.0,1.7957869,64.595637711802,114.2042131,0.0,0.0,0.0,False,53.873607,62.126393,True,100.0,OVERSTOCK,MARKDOWN,0.0,6584.15513014,6584.16,CRITICAL,Inventory exceeds the 30-day demand coverage target,62.0
2025-12-08,ST24,SKU01112,1,1.8204782,124.0,0.0,35.0,13.0,7.0,148.59,94.42,Stationery & Office,Writing Instruments,PrimeCare,1.8204782,124.0,1.8204782,68.11397137301617,122.1795218,0.0,0.0,0.0,False,54.614346,69.385654,True,100.0,OVERSTOCK,MARKDOWN,0.0,6551.393450680001,6551.39,CRITICAL,Inventory exceeds the 30-day demand coverage target,69.0
2025-12-15,ST05,SKU00106,3,1.6136132,106.0,0.0,84.0,30.0,7.0,200.8,112.38,Beverages,Bottled Water,CrispKing,1.6136132,106.0,1.6136132,65.69108383595275,104.3863868,0.0,0.0,0.0,False,48.408396,57.591604,True,100.0,OVERSTOCK,MARKDOWN,0.0,6472.144457519999,6472.14,CRITICAL,Inventory exceeds the 30-day demand coverage target,58.0
2025-12-30,ST11,SKU03168,5,2.0142694,119.0,0.0,56.0,19.0,7.0,171.75,110.41,Personal Care,Oral Care,HealthFirst,2.0142694,119.0,2.0142694,59.07849267828822,116.9857306,0.0,0.0,0.0,False,60.428081999999996,58.571918000000004,True,96.9,OVERSTOCK,MARKDOWN,0.0,6466.92546638,6466.93,CRITICAL,Inventory exceeds the 30-day demand coverage target,59.0
2025-12-16,ST30,SKU02888,1,1.8115325,113.0,0.0,80.0,28.0,7.0,138.67,109.69,Beverages,Soft Drinks,CrispKing,1.8115325,113.0,1.8115325,62.37812459892384,111.1884675,0.0,0.0,0.0,False,54.345975,58.654025,True,100.0,OVERSTOCK,MARKDOWN,0.0,6433.760002249999,6433.76,CRITICAL,Inventory exceeds the 30-day demand coverage target,59.0
2025-12-08,ST02,SKU03810,3,1.8586998,108.0,0.0,40.0,18.0,7.0,174.05,123.08,Snacks & Confectionery,Candy,SparkleClean,1.8586998,108.0,1.8586998,58.105133491702105,106.1413002,0.0,0.0,0.0,False,55.760994,52.239006,True,93.7,OVERSTOCK,MARKDOWN,0.0,6429.576858480001,6429.58,CRITICAL,Inventory exceeds the 30-day demand coverage target,52.0
2025-12-25,ST07,SKU02167,1,1.6269462,103.0,0.0,64.0,17.0,7.0,189.86,118.27,Beverages,Coffee,FreshFarm,1.6269462,103.0,1.6269462,63.30879287833857,101.3730538,0.0,0.0,0.0,False,48.808386,54.191614,True,100.0,OVERSTOCK,MARKDOWN,0.0,6409.24218778,6409.24,CRITICAL,Inventory exceeds the 30-day demand coverage target,54.0
2025-12-16,ST22,SKU01651,3,1.8038793,138.0,0.0,25.0,8.0,7.0,107.72,76.21,Grocery,Sugar & Salt,CrispKing,1.8038793,138.0,1.8038793,76.5017925534153,136.1961207,0.0,0.0,0.0,False,54.116379,83.883621,True,100.0,OVERSTOCK,MARKDOWN,0.0,6392.77075641,6392.77,CRITICAL,Inventory exceeds the 30-day demand coverage target,84.0
2025-12-02,ST09,SKU02064,3,1.8056207,271.0,0.0,76.0,16.0,7.0,45.95,29.12,Beverages,Soft Drinks,CityFresh,1.8056207,271.0,1.8056207,150.08689255722422,269.1943793,0.0,0.0,0.0,False,54.168621,216.831379,True,100.0,OVERSTOCK,MARKDOWN,0.0,6314.12975648,6314.13,CRITICAL,Inventory exceeds the 30-day demand coverage target,217.0
2025-12-25,ST22,SKU04675,1,1.8819628,125.0,0.0,48.0,11.0,7.0,116.52,90.53,Home Care,Laundry,SparkleClean,1.8819628,125.0,1.8819628,66.42001637864468,123.1180372,0.0,0.0,0.0,False,56.458884,68.541116,True,100.0,OVERSTOCK,MARKDOWN,0.0,6205.02723148,6205.03,CRITICAL,Inventory exceeds the 30-day demand coverage target,69.0
2025-12-23,ST20,SKU01275,1,1.7568486,134.0,0.0,61.0,24.0,7.0,96.57,76.04,Dairy & Bakery,Yogurt,ZestyCo,1.7568486,134.0,1.7568486,76.27293552785368,132.2431514,0.0,0.0,0.0,False,52.705458,81.294542,True,100.0,OVERSTOCK,MARKDOWN,0.0,6181.636973680001,6181.64,CRITICAL,Inventory exceeds the 30-day demand coverage target,81.0
2025-12-29,ST17,SKU02858,3,1.8805847,165.0,0.0,87.0,41.0,7.0,90.7,56.34,Home Care,Dishwashing,FamilyChoice,1.8805847,165.0,1.8805847,87.73866978711462,163.11941530000001,0.0,0.0,0.0,False,56.417541,108.582459,True,100.0,OVERSTOCK,MARKDOWN,0.0,6117.5357400600005,6117.54,CRITICAL,Inventory exceeds the 30-day demand coverage target,109.0
2025-12-11,ST08,SKU00945,2,1.968408,134.0,0.0,52.0,19.0,7.0,131.35,80.84,Dairy & Bakery,Cheese,SparkleClean,1.968408,134.0,1.968408,68.07531771868435,132.031592,0.0,0.0,0.0,False,59.05224,74.94776,True,100.0,OVERSTOCK,MARKDOWN,0.0,6058.776918400001,6058.78,CRITICAL,Inventory exceeds the 30-day demand coverage target,75.0
2025-12-31,ST21,SKU02949,1,1.808434,111.0,0.0,47.0,16.0,7.0,157.02,105.41,Snacks & Confectionery,Chips & Crisps,NatureBlend,1.808434,111.0,1.808434,61.379071616658386,109.191566,0.0,0.0,0.0,False,54.25302000000001,56.74697999999999,True,100.0,OVERSTOCK,MARKDOWN,0.0,5981.699161799999,5981.7,CRITICAL,Inventory exceeds the 30-day demand coverage target,57.0
2025-12-16,ST05,SKU03518,1,1.8009508,123.0,0.0,62.0,29.0,7.0,126.26,85.54,Snacks & Confectionery,Chocolates,CityFresh,1.8009508,123.0,1.8009508,68.29725720436116,121.1990492,0.0,0.0,0.0,False,54.028524000000004,68.971476,True,100.0,OVERSTOCK,MARKDOWN,0.0,5899.82005704,5899.82,CRITICAL,Inventory exceeds the 30-day demand coverage target,69.0
2025-12-24,ST19,SKU04298,1,1.8001118,130.0,0.0,70.0,32.0,7.0,120.34,77.51,Snacks & Confectionery,Namkeen,UrbanBite,1.8001118,130.0,1.8001118,72.21773669835396,128.1998882,0.0,0.0,0.0,False,54.003354,75.996646,True,100.0,OVERSTOCK,MARKDOWN,0.0,5890.50003146,5890.5,CRITICAL,Inventory exceeds the 30-day demand coverage target,76.0
2025-12-27,ST08,SKU04446,1,1.8121754,121.0,0.0,90.0,26.0,7.0,142.26,88.25,Grocery,Cooking Oil,DailyBest,1.8121754,121.0,1.8121754,66.77057860955402,119.1878246,0.0,0.0,0.0,False,54.365262,66.634738,True,100.0,OVERSTOCK,MARKDOWN,0.0,5880.5156285,5880.52,CRITICAL,Inventory exceeds the 30-day demand coverage target,67.0
2025-12-13,ST14,SKU00226,1,1.9992648,202.0,0.0,82.0,26.0,7.0,74.28,41.25,Beverages,Coffee,MetroBrand,1.9992648,202.0,1.9992648,101.03714125312464,200.0007352,0.0,0.0,0.0,False,59.977944,142.022056,True,100.0,OVERSTOCK,MARKDOWN,0.0,5858.40981,5858.41,CRITICAL,Inventory exceeds the 30-day demand coverage target,142.0
2025-12-26,ST14,SKU02167,1,1.6761518,99.0,0.0,34.0,14.0,7.0,189.86,118.27,Beverages,Coffee,FreshFarm,1.6761518,99.0,1.6761518,59.063862831516815,97.3238482,0.0,0.0,0.0,False,50.284554,48.715446,True,96.9,OVERSTOCK,MARKDOWN,0.0,5761.57579842,5761.58,CRITICAL,Inventory exceeds the 30-day demand coverage target,49.0
2025-12-26,ST21,SKU04771,1,1.7106638,176.0,0.0,54.0,14.0,7.0,76.55,44.47,Stationery & Office,Notebooks,ValueChoice,1.7106638,176.0,1.7106638,102.88403834815468,174.2893362,0.0,0.0,0.0,False,51.319914000000004,124.68008599999999,True,100.0,OVERSTOCK,MARKDOWN,0.0,5544.523424419999,5544.52,CRITICAL,Inventory exceeds the 30-day demand coverage target,125.0
2025-12-16,ST30,SKU03375,1,2.079141,143.0,0.0,28.0,10.0,7.0,103.36,66.76,Dairy & Bakery,Butter & Ghee,EliteHome,2.079141,143.0,2.079141,68.77840415825574,140.920859,0.0,0.0,0.0,False,62.37423,80.62577,True,100.0,OVERSTOCK,MARKDOWN,0.0,5382.5764052,5382.58,CRITICAL,Inventory exceeds the 30-day demand coverage target,81.0
2025-12-05,ST04,SKU00005,3,1.8402859,119.0,0.0,40.0,15.0,7.0,138.5,83.46,Home Care,Pest Control,SunriseFoods,1.8402859,119.0,1.8402859,64.66386554393532,117.1597141,0.0,0.0,0.0,False,55.208577,63.791423,True,100.0,OVERSTOCK,MARKDOWN,0.0,5324.03216358,5324.03,CRITICAL,Inventory exceeds the 30-day demand coverage target,64.0
2025-12-22,ST03,SKU02790,1,2.0371668,164.0,0.0,69.0,23.0,7.0,70.96,51.58,Snacks & Confectionery,Chips & Crisps,PremiumSelect,2.0371668,164.0,2.0371668,80.5039626602986,161.9628332,0.0,0.0,0.0,False,61.115004,102.884996,True,100.0,OVERSTOCK,MARKDOWN,0.0,5306.80809368,5306.81,CRITICAL,Inventory exceeds the 30-day demand coverage target,103.0
2025-12-24,ST28,SKU04222,1,1.6969414,106.0,0.0,30.0,13.0,7.0,118.3,94.61,Snacks & Confectionery,Biscuits & Cookies,PrimeCare,1.6969414,106.0,1.6969414,62.46532732361884,104.3030586,0.0,0.0,0.0,False,50.908242,55.091758,True,100.0,OVERSTOCK,MARKDOWN,0.0,5212.23122438,5212.23,CRITICAL,Inventory exceeds the 30-day demand coverage target,55.0
2025-12-30,ST19,SKU00445,1,1.9187479,142.0,0.0,84.0,33.0,7.0,87.15,60.84,Dairy & Bakery,Yogurt,QuickBite,1.9187479,142.0,1.9187479,74.00659565542716,140.0812521,0.0,0.0,0.0,False,57.562437,84.437563,True,100.0,OVERSTOCK,MARKDOWN,0.0,5137.18133292,5137.18,CRITICAL,Inventory exceeds the 30-day demand coverage target,84.0
2025-12-02,ST19,SKU00405,3,1.993889,117.0,0.0,43.0,16.0,7.0,125.94,88.45,Stationery & Office,Writing Instruments,SmartBuy,1.993889,117.0,1.993889,58.679294584603255,115.006111,0.0,0.0,0.0,False,59.81667,57.18333,True,95.6,OVERSTOCK,MARKDOWN,0.0,5057.8655385,5057.87,CRITICAL,Inventory exceeds the 30-day demand coverage target,57.0
2025-12-26,ST25,SKU01007,3,1.8978815,127.0,0.0,88.0,43.0,7.0,107.05,72.15,Beverages,Soft Drinks,CrispKing,1.8978815,127.0,1.8978815,66.91671740306231,125.1021185,0.0,0.0,0.0,False,56.936445,70.06355500000001,True,100.0,OVERSTOCK,MARKDOWN,0.0,5055.085493250001,5055.09,CRITICAL,Inventory exceeds the 30-day demand coverage target,70.0
2025-12-26,ST29,SKU04541,5,1.8380529,133.0,0.0,80.0,24.0,7.0,91.46,63.57,Grocery,Rice & Grains,SparkleClean,1.8380529,133.0,1.8380529,72.35917965146704,131.1619471,0.0,0.0,0.0,False,55.141587,77.858413,True,100.0,OVERSTOCK,MARKDOWN,0.0,4949.45931441,4949.46,CRITICAL,Inventory exceeds the 30-day demand coverage target,78.0
2025-12-08,ST11,SKU02849,3,1.9153836,168.0,0.0,91.0,25.0,7.0,73.3,44.71,Home Care,Laundry,GoldenHarvest,1.9153836,168.0,1.9153836,87.71088987083319,166.0846164,0.0,0.0,0.0,False,57.461508,110.53849199999999,True,100.0,OVERSTOCK,MARKDOWN,0.0,4942.17597732,4942.18,CRITICAL,Inventory exceeds the 30-day demand coverage target,111.0
2025-12-28,ST05,SKU00788,1,1.7685614,133.0,0.0,32.0,16.0,7.0,88.38,61.04,Beverages,Tea,MetroBrand,1.7685614,133.0,1.7685614,75.20236504087447,131.2314386,0.0,0.0,0.0,False,53.056842,79.943158,True,100.0,OVERSTOCK,MARKDOWN,0.0,4879.730364319999,4879.73,CRITICAL,Inventory exceeds the 30-day demand coverage target,80.0
2025-12-04,ST20,SKU00670,1,2.0641708,134.0,0.0,69.0,23.0,7.0,108.81,66.86,Stationery & Office,Writing Instruments,BasicNeeds,2.0641708,134.0,2.0641708,64.91710860360975,131.9358292,0.0,0.0,0.0,False,61.925124,72.074876,True,100.0,OVERSTOCK,MARKDOWN,0.0,4818.92620936,4818.93,CRITICAL,Inventory exceeds the 30-day demand coverage target,72.0
2025-12-18,ST14,SKU03823,5,1.7640549,178.0,0.0,43.0,16.0,7.0,54.63,38.22,Beverages,Juices,HomeStyle,1.7640549,178.0,1.7640549,100.90388910231762,176.2359451,0.0,0.0,0.0,False,52.921647,125.07835299999999,True,100.0,OVERSTOCK,MARKDOWN,0.0,4780.494651659999,4780.49,CRITICAL,Inventory exceeds the 30-day demand coverage target,125.0
2025-12-03,ST15,SKU01455,1,1.7609403,136.0,0.0,69.0,23.0,7.0,98.09,57.25,Beverages,Bottled Water,PureLife,1.7609403,136.0,1.7609403,77.23146548466181,134.2390597,0.0,0.0,0.0,False,52.828208999999994,83.17179100000001,True,100.0,OVERSTOCK,MARKDOWN,0.0,4761.585034750001,4761.59,CRITICAL,Inventory exceeds the 30-day demand coverage target,83.0
2025-12-21,ST04,SKU03520,1,1.7795621,118.0,0.0,39.0,19.0,7.0,101.31,72.21,Snacks & Confectionery,Candy,PrimeCare,1.7795621,118.0,1.7795621,66.30844745457324,116.2204379,0.0,0.0,0.0,False,53.386863,64.613137,True,100.0,OVERSTOCK,MARKDOWN,0.0,4665.71462277,4665.71,CRITICAL,Inventory exceeds the 30-day demand coverage target,65.0
2025-12-10,ST29,SKU03108,1,1.7953777,115.0,0.0,24.0,10.0,7.0,124.21,76.09,Snacks & Confectionery,Namkeen,CrispKing,1.7953777,115.0,1.7953777,64.05337439581655,113.2046223,0.0,0.0,0.0,False,53.861331,61.138669,True,100.0,OVERSTOCK,MARKDOWN,0.0,4652.04132421,4652.04,CRITICAL,Inventory exceeds the 30-day demand coverage target,61.0
2025-12-13,ST29,SKU00102,2,1.7523301,107.0,0.0,37.0,18.0,7.0,111.77,84.9,Home Care,Surface Cleaners,PurePlus,1.7523301,107.0,1.7523301,61.06155455527472,105.2476699,0.0,0.0,0.0,False,52.569903,54.430097,True,100.0,OVERSTOCK,MARKDOWN,0.0,4621.115235300001,4621.12,CRITICAL,Inventory exceeds the 30-day demand coverage target,54.0
2025-12-17,ST15,SKU04127,2,1.8784821,137.0,0.0,81.0,24.0,7.0,97.29,57.04,Grocery,Pulses & Lentils,FreshFarm,1.8784821,137.0,1.8784821,72.93122463078035,135.1215179,0.0,0.0,0.0,False,56.354463,80.64553699999999,True,100.0,OVERSTOCK,MARKDOWN,0.0,4600.021430479999,4600.02,CRITICAL,Inventory exceeds the 30-day demand coverage target,81.0
2025-12-15,ST16,SKU02199,1,1.814971,119.0,0.0,68.0,28.0,7.0,106.6,71.21,Snacks & Confectionery,Candy,HealthFirst,1.814971,119.0,1.814971,65.56578589960942,117.185029,0.0,0.0,0.0,False,54.44913,64.55087,True,100.0,OVERSTOCK,MARKDOWN,0.0,4596.6674527,4596.67,CRITICAL,Inventory exceeds the 30-day demand coverage target,65.0
2025-12-23,ST27,SKU02458,2,1.6513613,113.0,0.0,89.0,36.0,7.0,107.76,70.42,Dairy & Bakery,Cheese,UrbanBite,1.6513613,113.0,1.6513613,68.42839298704651,111.3486387,0.0,0.0,0.0,False,49.540839,63.459161,True,100.0,OVERSTOCK,MARKDOWN,0.0,4468.79411762,4468.79,CRITICAL,Inventory exceeds the 30-day demand coverage target,63.0
2025-12-22,ST28,SKU04265,1,1.9420983,154.0,0.0,70.0,30.0,7.0,83.19,46.39,Home Care,Surface Cleaners,PurePlus,1.9420983,154.0,1.9420983,79.29567725794313,152.0579017,0.0,0.0,0.0,False,58.262949,95.73705100000001,True,100.0,OVERSTOCK,MARKDOWN,0.0,4441.2417958900005,4441.24,CRITICAL,Inventory exceeds the 30-day demand coverage target,96.0
2025-12-23,ST11,SKU01754,3,1.9389468,144.0,0.0,35.0,17.0,7.0,85.71,51.7,Snacks & Confectionery,Chocolates,EverydayPlus,1.9389468,144.0,1.9389468,74.26712274931937,142.0610532,0.0,0.0,0.0,False,58.168404,85.83159599999999,True,100.0,OVERSTOCK,MARKDOWN,0.0,4437.4935132,4437.49,CRITICAL,Inventory exceeds the 30-day demand coverage target,86.0
2025-12-29,ST21,SKU02333,1,2.1461363,193.0,0.0,82.0,35.0,7.0,53.1,34.47,Snacks & Confectionery,Chocolates,NovaFresh,2.1461363,193.0,2.1461363,89.92905063858245,190.8538637,0.0,0.0,0.0,False,64.384089,128.61591099999998,True,100.0,OVERSTOCK,MARKDOWN,0.0,4433.39045217,4433.39,CRITICAL,Inventory exceeds the 30-day demand coverage target,129.0
2025-12-12,ST04,SKU03285,1,2.0283005,188.0,0.0,81.0,22.0,7.0,61.67,34.0,Snacks & Confectionery,Biscuits & Cookies,PrimeCare,2.0283005,188.0,2.0283005,92.68843546604658,185.9716995,0.0,0.0,0.0,False,60.849014999999994,127.150985,True,100.0,OVERSTOCK,MARKDOWN,0.0,4323.13349,4323.13,CRITICAL,Inventory exceeds the 30-day demand coverage target,127.0
2025-12-06,ST21,SKU00965,1,1.8144426,123.0,0.0,35.0,16.0,7.0,92.42,62.98,Snacks & Confectionery,Chips & Crisps,ValueChoice,1.8144426,123.0,1.8144426,67.78941367448053,121.1855574,0.0,0.0,0.0,False,54.433278,68.566722,True,100.0,OVERSTOCK,MARKDOWN,0.0,4318.33215156,4318.33,CRITICAL,Inventory exceeds the 30-day demand coverage target,69.0
2025-12-02,ST10,SKU02703,2,1.8737096,161.0,0.0,80.0,37.0,7.0,55.42,40.96,Beverages,Juices,FreshFarm,1.8737096,161.0,1.8737096,85.9258019492455,159.1262904,0.0,0.0,0.0,False,56.211287999999996,104.788712,True,100.0,OVERSTOCK,MARKDOWN,0.0,4292.14564352,4292.15,CRITICAL,Inventory exceeds the 30-day demand coverage target,105.0
2025-12-28,ST20,SKU00681,1,1.7668173,125.0,0.0,54.0,14.0,7.0,80.86,54.56,Snacks & Confectionery,Biscuits & Cookies,FreshFarm,1.7668173,125.0,1.7668173,70.74868465460463,123.2331827,0.0,0.0,0.0,False,53.004519,71.995481,True,100.0,OVERSTOCK,MARKDOWN,0.0,3928.07344336,3928.07,CRITICAL,Inventory exceeds the 30-day demand coverage target,72.0
2025-12-28,ST07,SKU03222,4,1.8420664,156.0,0.0,73.0,29.0,7.0,61.79,37.84,Snacks & Confectionery,Candy,CleanWave,1.8420664,156.0,1.8420664,84.68750095002004,154.1579336,0.0,0.0,0.0,False,55.261992,100.73800800000001,True,100.0,OVERSTOCK,MARKDOWN,0.0,3811.9262227200006,3811.93,CRITICAL,Inventory exceeds the 30-day demand coverage target,101.0
2025-12-11,ST16,SKU02038,3,1.6723326,117.0,0.0,34.0,7.0,7.0,83.56,56.9,Dairy & Bakery,Milk,NutriPlus,1.6723326,117.0,1.6723326,69.9621594412499,115.3276674,0.0,0.0,0.0,False,50.169978,66.830022,True,100.0,OVERSTOCK,MARKDOWN,0.0,3802.6282518,3802.63,CRITICAL,Inventory exceeds the 30-day demand coverage target,67.0
2025-12-14,ST29,SKU01730,2,1.7740155,109.0,0.0,65.0,19.0,7.0,100.9,65.19,Beverages,Tea,PremiumSelect,1.7740155,109.0,1.7740155,61.4425296735006,107.2259845,0.0,0.0,0.0,False,53.220465,55.779535,True,100.0,OVERSTOCK,MARKDOWN,0.0,3636.26788665,3636.27,CRITICAL,Inventory exceeds the 30-day demand coverage target,56.0
2025-12-14,ST04,SKU04144,1,1.8766737,130.0,0.0,42.0,17.0,7.0,66.69,49.29,Beverages,Energy Drinks,CleanWave,1.8766737,130.0,1.8766737,69.27149882262431,128.1233263,0.0,0.0,0.0,False,56.300211,73.69978900000001,True,100.0,OVERSTOCK,MARKDOWN,0.0,3632.6625998100003,3632.66,CRITICAL,Inventory exceeds the 30-day demand coverage target,74.0
2025-12-11,ST06,SKU01902,1,2.0298684,140.0,0.0,61.0,17.0,7.0,65.43,44.77,Dairy & Bakery,Butter & Ghee,FamilyChoice,2.0298684,140.0,2.0298684,68.96998839924795,137.9701316,0.0,0.0,0.0,False,60.896052,79.103948,True,100.0,OVERSTOCK,MARKDOWN,0.0,3541.4837519600005,3541.48,CRITICAL,Inventory exceeds the 30-day demand coverage target,79.0
2025-12-22,ST28,SKU00545,2,1.8335809,118.0,0.0,91.0,29.0,7.0,88.18,55.82,Beverages,Tea,TrueTaste,1.8335809,118.0,1.8335809,64.35494610573222,116.1664191,0.0,0.0,0.0,False,55.007427,62.992573,True,100.0,OVERSTOCK,MARKDOWN,0.0,3516.24542486,3516.25,CRITICAL,Inventory exceeds the 30-day demand coverage target,63.0
2025-12-27,ST03,SKU02038,1,1.6174469,109.0,0.0,28.0,6.0,7.0,83.56,56.9,Dairy & Bakery,Milk,NutriPlus,1.6174469,109.0,1.6174469,67.39015667222213,107.3825531,0.0,0.0,0.0,False,48.523407,60.476593,True,100.0,OVERSTOCK,MARKDOWN,0.0,3441.1181417,3441.12,CRITICAL,Inventory exceeds the 30-day demand coverage target,60.0
2025-12-27,ST06,SKU02064,3,1.9946885,178.0,0.0,42.0,14.0,7.0,45.95,29.12,Beverages,Soft Drinks,CityFresh,1.9946885,178.0,1.9946885,89.23699113921798,176.0053115,0.0,0.0,0.0,False,59.840655000000005,118.159345,True,100.0,OVERSTOCK,MARKDOWN,0.0,3440.8001264,3440.8,CRITICAL,Inventory exceeds the 30-day demand coverage target,118.0
2025-12-20,ST14,SKU03222,1,1.8526695,145.0,0.0,64.0,19.0,7.0,61.79,37.84,Snacks & Confectionery,Candy,CleanWave,1.8526695,145.0,1.8526695,78.26544345874966,143.1473305,0.0,0.0,0.0,False,55.580085,89.419915,True,100.0,OVERSTOCK,MARKDOWN,0.0,3383.6495836000004,3383.65,CRITICAL,Inventory exceeds the 30-day demand coverage target,89.0
2025-12-13,ST05,SKU02283,1,1.8296567,117.0,0.0,87.0,23.0,7.0,87.82,54.11,Beverages,Bottled Water,QuickBite,1.8296567,117.0,1.8296567,63.94642229878425,115.1703433,0.0,0.0,0.0,False,54.889700999999995,62.110299000000005,True,100.0,OVERSTOCK,MARKDOWN,0.0,3360.78827889,3360.79,CRITICAL,Inventory exceeds the 30-day demand coverage target,62.0
2025-12-15,ST16,SKU03139,2,1.6700124,149.0,0.0,29.0,10.0,7.0,39.88,29.62,Snacks & Confectionery,Chocolates,TrueTaste,1.6700124,149.0,1.6700124,89.22089440773014,147.3299876,0.0,0.0,0.0,False,50.100372,98.899628,True,100.0,OVERSTOCK,MARKDOWN,0.0,2929.4069813600004,2929.41,CRITICAL,Inventory exceeds the 30-day demand coverage target,99.0
2025-12-05,ST26,SKU03823,3,1.8822134,132.0,0.0,24.0,7.0,7.0,54.63,38.22,Beverages,Juices,HomeStyle,1.8822134,132.0,1.8822134,70.13019883930271,130.1177866,0.0,0.0,0.0,False,56.466401999999995,75.53359800000001,True,100.0,OVERSTOCK,MARKDOWN,0.0,2886.8941155600005,2886.89,CRITICAL,Inventory exceeds the 30-day demand coverage target,76.0
2025-12-13,ST15,SKU00775,1,1.829286,129.0,0.0,89.0,24.0,7.0,52.62,38.68,Snacks & Confectionery,Candy,PurePlus,1.829286,129.0,1.829286,70.51931737300784,127.170714,0.0,0.0,0.0,False,54.87858,74.12142,True,100.0,OVERSTOCK,MARKDOWN,0.0,2867.0165256,2867.02,CRITICAL,Inventory exceeds the 30-day demand coverage target,74.0
2025-12-07,ST06,SKU02724,3,1.8223436,135.0,0.0,49.0,10.0,7.0,44.98,34.93,Snacks & Confectionery,Biscuits & Cookies,MetroBrand,1.8223436,135.0,1.8223436,74.0804313741931,133.1776564,0.0,0.0,0.0,False,54.670308,80.329692,True,100.0,OVERSTOCK,MARKDOWN,0.0,2805.9161415599997,2805.92,CRITICAL,Inventory exceeds the 30-day demand coverage target,80.0
2025-12-10,ST04,SKU03380,3,2.2633185,178.0,0.0,66.0,30.0,7.0,41.15,23.12,Beverages,Coffee,ZestyCo,2.2633185,178.0,2.2633185,78.64558169784765,175.7366815,0.0,0.0,0.0,False,67.899555,110.100445,True,100.0,OVERSTOCK,MARKDOWN,0.0,2545.5222884,2545.52,CRITICAL,Inventory exceeds the 30-day demand coverage target,110.0
2025-12-06,ST27,SKU00530,3,1.7888004,119.0,0.0,85.0,28.0,7.0,66.34,38.38,Stationery & Office,Notebooks,FreshFarm,1.7888004,119.0,1.7888004,66.52502984681801,117.2111996,0.0,0.0,0.0,False,53.664012,65.335988,True,100.0,OVERSTOCK,MARKDOWN,0.0,2507.59521944,2507.6,CRITICAL,Inventory exceeds the 30-day demand coverage target,65.0
2025-12-10,ST23,SKU01283,2,1.7194782,105.0,0.0,45.0,21.0,7.0,70.13,44.03,Snacks & Confectionery,Biscuits & Cookies,MetroBrand,1.7194782,105.0,1.7194782,61.0650370560092,103.2805218,0.0,0.0,0.0,False,51.584346,53.415654,True,100.0,OVERSTOCK,MARKDOWN,0.0,2351.89124562,2351.89,CRITICAL,Inventory exceeds the 30-day demand coverage target,53.0
2025-12-20,ST20,SKU01944,4,1.7294526,159.0,0.0,61.0,26.0,7.0,36.52,21.13,Snacks & Confectionery,Chocolates,SoftTouch,1.7294526,159.0,1.7294526,91.93660468057928,157.2705474,0.0,0.0,0.0,False,51.883578,107.116422,True,100.0,OVERSTOCK,MARKDOWN,0.0,2263.36999686,2263.37,CRITICAL,Inventory exceeds the 30-day demand coverage target,107.0
2025-12-30,ST29,SKU03119,1,2.0808356,160.0,0.0,57.0,14.0,7.0,37.56,21.37,Beverages,Soft Drinks,CrispKing,2.0808356,160.0,2.0808356,76.89218696565938,157.9191644,0.0,0.0,0.0,False,62.425067999999996,97.574932,True,100.0,OVERSTOCK,MARKDOWN,0.0,2085.1762968400003,2085.18,CRITICAL,Inventory exceeds the 30-day demand coverage target,98.0
2025-12-02,ST20,SKU03562,1,1.7020802,113.0,0.0,37.0,10.0,7.0,51.41,31.22,Stationery & Office,Office Supplies,CleanWave,1.7020802,113.0,1.7020802,66.38935110108208,111.2979198,0.0,0.0,0.0,False,51.062405999999996,61.937594000000004,True,100.0,OVERSTOCK,MARKDOWN,0.0,1933.69168468,1933.69,CRITICAL,Inventory exceeds the 30-day demand coverage target,62.0
2025-12-30,ST07,SKU04054,1,1.9839817,147.0,0.0,38.0,8.0,7.0,34.95,20.95,Beverages,Energy Drinks,GoldenHarvest,1.9839817,147.0,1.9839817,74.09342535770365,145.0160183,0.0,0.0,0.0,False,59.519451,87.480549,True,100.0,OVERSTOCK,MARKDOWN,0.0,1832.71750155,1832.72,CRITICAL,Inventory exceeds the 30-day demand coverage target,87.0
2025-12-11,ST03,SKU02064,3,1.7811563,115.0,0.0,20.0,6.0,7.0,45.95,29.12,Beverages,Soft Drinks,CityFresh,1.7811563,115.0,1.7811563,64.56479984378687,113.2188437,0.0,0.0,0.0,False,53.434689,61.565311,True,100.0,OVERSTOCK,MARKDOWN,0.0,1792.78185632,1792.78,CRITICAL,Inventory exceeds the 30-day demand coverage target,62.0
2025-12-23,ST28,SKU01944,1,1.8161545,123.0,0.0,58.0,19.0,7.0,36.52,21.13,Snacks & Confectionery,Chocolates,SoftTouch,1.8161545,123.0,1.8161545,67.72551564307993,121.1838455,0.0,0.0,0.0,False,54.484635,68.515365,True,100.0,OVERSTOCK,MARKDOWN,0.0,1447.72966245,1447.73,CRITICAL,Inventory exceeds the 30-day demand coverage target,69.0
2025-12-06,ST26,SKU02404,2,1.9345822,120.0,0.0,49.0,12.0,7.0,28.16,17.56,Snacks & Confectionery,Namkeen,CrispKing,1.9345822,120.0,1.9345822,62.02889698871415,118.0654178,0.0,0.0,0.0,False,58.037465999999995,61.962534000000005,True,100.0,OVERSTOCK,MARKDOWN,0.0,1088.06209704,1088.06,CRITICAL,Inventory exceeds the 30-day demand coverage target,62.0
2025-12-18,ST10,SKU04483,4,1.7706349,99.0,0.0,77.0,37.0,7.0,337.04,216.05,Dairy & Bakery,Cheese,PremiumSelect,1.7706349,99.0,1.7706349,55.91214767087219,97.2293651,0.0,0.0,0.0,False,53.119046999999995,45.880953000000005,True,86.4,OVERSTOCK,MARKDOWN,0.0,9912.579895650002,9912.58,HIGH,Inventory exceeds the 30-day demand coverage target,46.0
2025-12-29,ST15,SKU04297,1,1.9253355,107.0,0.0,98.0,47.0,7.0,327.55,188.29,Dairy & Bakery,Yogurt,HealthFirst,1.9253355,107.0,1.9253355,55.574729702953064,105.0746645,0.0,0.0,0.0,False,57.760065000000004,49.239934999999996,True,85.2,OVERSTOCK,MARKDOWN,0.0,9271.387361149998,9271.39,HIGH,Inventory exceeds the 30-day demand coverage target,49.0
2025-12-24,ST14,SKU04903,2,2.013677,111.0,0.0,95.0,34.0,7.0,237.98,156.16,Stationery & Office,Office Supplies,EliteHome,2.013677,111.0,2.013677,55.12304108355014,108.986323,0.0,0.0,0.0,False,60.410309999999996,50.589690000000004,True,83.7,OVERSTOCK,MARKDOWN,0.0,7900.085990400001,7900.09,HIGH,Inventory exceeds the 30-day demand coverage target,51.0
2025-12-07,ST23,SKU03603,2,1.9405549,102.0,0.0,20.0,10.0,7.0,222.12,170.96,Stationery & Office,Writing Instruments,NatureBlend,1.9405549,102.0,1.9405549,52.562285148438725,100.0594451,0.0,0.0,0.0,False,58.216647,43.783353,True,75.2,OVERSTOCK,MARKDOWN,0.0,7485.20202888,7485.2,HIGH,Inventory exceeds the 30-day demand coverage target,44.0
2025-12-13,ST20,SKU00614,1,1.8876443,104.0,0.0,68.0,21.0,7.0,255.31,152.15,Stationery & Office,Notebooks,PureLife,1.8876443,104.0,1.8876443,55.09512570774059,102.1123557,0.0,0.0,0.0,False,56.629329,47.370671,True,83.7,OVERSTOCK,MARKDOWN,0.0,7207.447592650001,7207.45,HIGH,Inventory exceeds the 30-day demand coverage target,47.0
2025-12-05,ST06,SKU02112,1,2.3208418,125.0,0.0,23.0,9.0,7.0,164.09,123.35,Stationery & Office,Notebooks,FreshFarm,2.3208418,125.0,2.3208418,53.85976760673648,122.6791582,0.0,0.0,0.0,False,69.62525400000001,55.37474599999999,True,79.5,OVERSTOCK,MARKDOWN,0.0,6830.474919099998,6830.47,HIGH,Inventory exceeds the 30-day demand coverage target,55.0
2025-12-24,ST21,SKU01731,1,1.8105434,102.0,0.0,50.0,24.0,7.0,224.15,139.96,Personal Care,Hair Care,CrispKing,1.8105434,102.0,1.8105434,56.33667770681443,100.1894566,0.0,0.0,0.0,False,54.316302,47.683698,True,87.8,OVERSTOCK,MARKDOWN,0.0,6673.81037208,6673.81,HIGH,Inventory exceeds the 30-day demand coverage target,48.0
2025-12-13,ST29,SKU01146,1,2.0021641,111.0,0.0,81.0,24.0,7.0,212.51,126.85,Frozen Foods,Ice Cream,DailyBest,2.0021641,111.0,2.0021641,55.44001113595035,108.9978359,0.0,0.0,0.0,False,60.06492299999999,50.93507700000001,True,84.8,OVERSTOCK,MARKDOWN,0.0,6461.114517450001,6461.11,HIGH,Inventory exceeds the 30-day demand coverage target,51.0
2025-12-19,ST05,SKU02142,2,1.9258816,105.0,0.0,63.0,28.0,7.0,150.6,106.61,Dairy & Bakery,Eggs,QuickBite,1.9258816,105.0,1.9258816,54.52048557917579,103.0741184,0.0,0.0,0.0,False,57.776448,47.223552,True,81.7,OVERSTOCK,MARKDOWN,0.0,5034.50287872,5034.5,HIGH,Inventory exceeds the 30-day demand coverage target,47.0
2025-12-14,ST11,SKU01849,1,1.8210183,98.0,0.0,78.0,37.0,7.0,145.96,115.3,Dairy & Bakery,Butter & Ghee,CleanWave,1.8210183,98.0,1.8210183,53.81604347413752,96.1789817,0.0,0.0,0.0,False,54.630549,43.369451,True,79.4,OVERSTOCK,MARKDOWN,0.0,5000.497700299999,5000.5,HIGH,Inventory exceeds the 30-day demand coverage target,43.0
2025-12-13,ST28,SKU03215,2,1.8593203,104.0,0.0,64.0,26.0,7.0,169.43,102.27,Beverages,Energy Drinks,SunriseFoods,1.8593203,104.0,1.8593203,55.93441861523267,102.1406797,0.0,0.0,0.0,False,55.779609,48.220391,True,86.4,OVERSTOCK,MARKDOWN,0.0,4931.49938757,4931.5,HIGH,Inventory exceeds the 30-day demand coverage target,48.0
2025-12-12,ST06,SKU02665,1,1.8789477,105.0,0.0,51.0,14.0,7.0,142.5,100.85,Snacks & Confectionery,Chocolates,GreenValley,1.8789477,105.0,1.8789477,55.88234307958651,103.1210523,0.0,0.0,0.0,False,56.368431,48.631569,True,86.3,OVERSTOCK,MARKDOWN,0.0,4904.49373365,4904.49,HIGH,Inventory exceeds the 30-day demand coverage target,49.0
2025-12-21,ST30,SKU04523,2,1.829198,99.0,0.0,43.0,14.0,7.0,175.54,107.41,Snacks & Confectionery,Candy,HomeStyle,1.829198,99.0,1.829198,54.12207973111713,97.170802,0.0,0.0,0.0,False,54.87594,44.12406,True,80.4,OVERSTOCK,MARKDOWN,0.0,4739.3652845999995,4739.37,HIGH,Inventory exceeds the 30-day demand coverage target,44.0
2025-12-03,ST26,SKU00935,2,2.081212,117.0,0.0,23.0,9.0,7.0,108.32,77.98,Snacks & Confectionery,Namkeen,NovaFresh,2.081212,117.0,2.081212,56.217242645151,114.918788,0.0,0.0,0.0,False,62.43635999999999,54.56364000000001,True,87.4,OVERSTOCK,MARKDOWN,0.0,4254.872647200001,4254.87,HIGH,Inventory exceeds the 30-day demand coverage target,55.0
2025-12-28,ST14,SKU03710,1,2.037906,114.0,0.0,58.0,25.0,7.0,95.93,71.85,Home Care,Laundry,CityFresh,2.037906,114.0,2.037906,55.939773473359416,111.962094,0.0,0.0,0.0,False,61.13718,52.86282,True,86.5,OVERSTOCK,MARKDOWN,0.0,3798.1936169999994,3798.19,HIGH,Inventory exceeds the 30-day demand coverage target,53.0
2025-12-07,ST17,SKU00758,3,1.9465516,103.0,0.0,25.0,6.0,7.0,109.39,82.31,Snacks & Confectionery,Candy,HomeStyle,1.9465516,103.0,1.9465516,52.91408663402501,101.0534484,0.0,0.0,0.0,False,58.396548,44.603452,True,76.4,OVERSTOCK,MARKDOWN,0.0,3671.31013412,3671.31,HIGH,Inventory exceeds the 30-day demand coverage target,45.0
2025-12-26,ST08,SKU03241,2,1.8285148,103.0,0.0,45.0,16.0,7.0,112.19,69.23,Dairy & Bakery,Yogurt,NovaFresh,1.8285148,103.0,1.8285148,56.32986946564501,101.1714852,0.0,0.0,0.0,False,54.855444,48.144556,True,87.8,OVERSTOCK,MARKDOWN,0.0,3333.04761188,3333.05,HIGH,Inventory exceeds the 30-day demand coverage target,48.0
2025-12-29,ST20,SKU02242,1,1.8653075,98.0,0.0,55.0,23.0,7.0,143.27,79.11,Snacks & Confectionery,Chocolates,PrimeCare,1.8653075,98.0,1.8653075,52.53825441649701,96.1346925,0.0,0.0,0.0,False,55.959224999999996,42.040775000000004,True,75.1,OVERSTOCK,MARKDOWN,0.0,3325.84571025,3325.85,HIGH,Inventory exceeds the 30-day demand coverage target,42.0
2025-12-11,ST29,SKU02125,2,1.965519,109.0,0.0,48.0,17.0,7.0,112.77,65.2,Snacks & Confectionery,Chips & Crisps,QuickBite,1.965519,109.0,1.965519,55.45609073226969,107.034481,0.0,0.0,0.0,False,58.96557,50.03443,True,84.9,OVERSTOCK,MARKDOWN,0.0,3262.2448360000003,3262.24,HIGH,Inventory exceeds the 30-day demand coverage target,50.0
2025-12-31,ST04,SKU04965,1,1.7870549,101.0,0.0,37.0,11.0,7.0,83.76,66.49,Snacks & Confectionery,Namkeen,ValueChoice,1.7870549,101.0,1.7870549,56.51756977359789,99.2129451,0.0,0.0,0.0,False,53.611647,47.388353,True,88.4,OVERSTOCK,MARKDOWN,0.0,3150.85159097,3150.85,HIGH,Inventory exceeds the 30-day demand coverage target,47.0
2025-12-22,ST21,SKU02931,1,1.8028827,95.0,0.0,60.0,29.0,7.0,127.7,76.41,Home Care,Pest Control,FreshFarm,1.8028827,95.0,1.8028827,52.69338931479014,93.1971173,0.0,0.0,0.0,False,54.086481,40.913519,True,75.6,OVERSTOCK,MARKDOWN,0.0,3126.20198679,3126.2,HIGH,Inventory exceeds the 30-day demand coverage target,41.0
2025-12-13,ST10,SKU00965,5,1.9343854,105.0,0.0,21.0,7.0,7.0,92.42,62.98,Snacks & Confectionery,Chips & Crisps,ValueChoice,1.9343854,105.0,1.9343854,54.280806709976204,103.0656146,0.0,0.0,0.0,False,58.031562,46.968438,True,80.9,OVERSTOCK,MARKDOWN,0.0,2958.0722252399996,2958.07,HIGH,Inventory exceeds the 30-day demand coverage target,47.0
2025-12-31,ST08,SKU00578,4,1.7301773,97.0,0.0,61.0,27.0,7.0,114.92,64.82,Beverages,Soft Drinks,SmartBuy,1.7301773,97.0,1.7301773,56.063618451126366,95.2698227,0.0,0.0,0.0,False,51.905319,45.094681,True,86.9,OVERSTOCK,MARKDOWN,0.0,2923.0372224199996,2923.04,HIGH,Inventory exceeds the 30-day demand coverage target,45.0
2025-12-19,ST06,SKU00333,1,2.0173228,113.0,0.0,95.0,25.0,7.0,61.52,47.93,Dairy & Bakery,Cheese,CityFresh,2.0173228,113.0,2.0173228,56.01483312437652,110.9826772,0.0,0.0,0.0,False,60.519684000000005,52.480315999999995,True,86.7,OVERSTOCK,MARKDOWN,0.0,2515.3815458799995,2515.38,HIGH,Inventory exceeds the 30-day demand coverage target,52.0
2025-12-22,ST12,SKU01997,4,1.8296777,99.0,0.0,40.0,19.0,7.0,78.84,53.8,Snacks & Confectionery,Candy,NovaFresh,1.8296777,99.0,1.8296777,54.10789014917764,97.1703223,0.0,0.0,0.0,False,54.890330999999996,44.109669000000004,True,80.4,OVERSTOCK,MARKDOWN,0.0,2373.1001922,2373.1,HIGH,Inventory exceeds the 30-day demand coverage target,44.0
2025-12-25,ST14,SKU02938,1,1.8697537,100.0,0.0,33.0,14.0,7.0,83.54,47.72,Snacks & Confectionery,Candy,MetroBrand,1.8697537,100.0,1.8697537,53.482980137972184,98.1302463,0.0,0.0,0.0,False,56.092611,43.907389,True,78.3,OVERSTOCK,MARKDOWN,0.0,2095.2606030800002,2095.26,HIGH,Inventory exceeds the 30-day demand coverage target,44.0
2025-12-25,ST03,SKU04082,1,2.0203907,110.0,0.0,55.0,21.0,7.0,52.98,39.75,Stationery & Office,Notebooks,FamilyChoice,2.0203907,110.0,2.0203907,54.44491503549288,107.97960929999999,0.0,0.0,0.0,False,60.611721,49.388279,True,81.5,OVERSTOCK,MARKDOWN,0.0,1963.1840902499998,1963.18,HIGH,Inventory exceeds the 30-day demand coverage target,49.0
2025-12-26,ST30,SKU02087,1,2.1394157,116.0,0.0,71.0,28.0,7.0,62.98,34.88,Snacks & Confectionery,Candy,MetroBrand,2.1394157,116.0,2.1394157,54.22041167595433,113.8605843,0.0,0.0,0.0,False,64.18247099999999,51.81752900000001,True,80.7,OVERSTOCK,MARKDOWN,0.0,1807.3954115200004,1807.4,HIGH,Inventory exceeds the 30-day demand coverage target,52.0
2025-12-27,ST17,SKU01257,3,1.9852256,104.0,0.0,57.0,21.0,7.0,362.06,219.07,Personal Care,Bath & Body,NatureBlend,1.9852256,104.0,1.9852256,52.38699319613852,102.0147744,0.0,0.0,0.0,False,59.556768,44.443232,True,74.6,OVERSTOCK,MARKDOWN,0.0,9736.17883424,9736.18,MEDIUM,Inventory exceeds the 30-day demand coverage target,44.0
2025-12-09,ST17,SKU02580,5,1.8509246,88.0,0.0,28.0,14.0,7.0,389.15,297.28,Home Care,Pest Control,FamilyChoice,1.8509246,88.0,1.8509246,47.54380594433723,86.1490754,0.0,0.0,0.0,False,55.527738,32.472262,True,58.5,OVERSTOCK,MARKDOWN,0.0,9653.354047359999,9653.35,MEDIUM,Inventory exceeds the 30-day demand coverage target,32.0
2025-12-25,ST13,SKU04568,4,1.8119646,95.0,0.0,44.0,13.0,7.0,278.9,218.06,Stationery & Office,Notebooks,FreshFarm,1.8119646,95.0,1.8119646,52.4292803512828,93.1880354,0.0,0.0,0.0,False,54.358938,40.641062,True,74.8,OVERSTOCK,MARKDOWN,0.0,8862.18997972,8862.19,MEDIUM,Inventory exceeds the 30-day demand coverage target,41.0
2025-12-13,ST14,SKU00524,1,1.9312081,90.0,0.0,29.0,12.0,7.0,353.73,259.64,Beverages,Tea,PureLife,1.9312081,90.0,1.9312081,46.60295283558514,88.0687919,0.0,0.0,0.0,False,57.936243000000005,32.063756999999995,True,55.3,OVERSTOCK,MARKDOWN,0.0,8325.033867479999,8325.03,MEDIUM,Inventory exceeds the 30-day demand coverage target,32.0
2025-12-31,ST27,SKU03523,2,1.8023909,91.0,0.0,29.0,8.0,7.0,348.18,222.52,Health & Wellness,Vitamins & Supplements,GoldenHarvest,1.8023909,91.0,1.8023909,50.48849281251919,89.1976091,0.0,0.0,0.0,False,54.071727,36.928273,True,68.3,OVERSTOCK,MARKDOWN,0.0,8217.27930796,8217.28,MEDIUM,Inventory exceeds the 30-day demand coverage target,37.0
2025-12-13,ST30,SKU01955,2,1.7813902,89.0,0.0,83.0,26.0,7.0,375.68,229.41,Home & Kitchen,Cookware,PurePlus,1.7813902,89.0,1.7813902,49.960979913328366,87.2186098,0.0,0.0,0.0,False,53.441705999999996,35.558294000000004,True,66.5,OVERSTOCK,MARKDOWN,0.0,8157.428226540001,8157.43,MEDIUM,Inventory exceeds the 30-day demand coverage target,36.0
2025-12-27,ST28,SKU04836,1,1.771779,85.0,0.0,34.0,17.0,7.0,370.47,255.54,Grocery,Spices & Seasoning,TrueTaste,1.771779,85.0,1.771779,47.97438055197629,83.228221,0.0,0.0,0.0,False,53.15337,31.846629999999998,True,59.9,OVERSTOCK,MARKDOWN,0.0,8138.087830199999,8138.09,MEDIUM,Inventory exceeds the 30-day demand coverage target,32.0
2025-12-02,ST23,SKU00273,1,1.856734,87.0,0.0,79.0,26.0,7.0,403.23,256.73,Apparel & Footwear,Men's Wear,FamilyChoice,1.856734,87.0,1.856734,46.85646947812664,85.143266,0.0,0.0,0.0,False,55.702020000000005,31.297979999999995,True,56.2,OVERSTOCK,MARKDOWN,0.0,8035.130405399999,8035.13,MEDIUM,Inventory exceeds the 30-day demand coverage target,31.0
2025-12-10,ST25,SKU02140,1,1.8139743,94.0,0.0,58.0,19.0,7.0,278.82,190.54,Personal Care,Skin Care,NutriPlus,1.8139743,94.0,1.8139743,51.81991828660417,92.1860257,0.0,0.0,0.0,False,54.419229,39.580771,True,72.7,OVERSTOCK,MARKDOWN,0.0,7541.72010634,7541.72,MEDIUM,Inventory exceeds the 30-day demand coverage target,40.0
2025-12-11,ST08,SKU01386,1,1.9606171,94.0,0.0,92.0,41.0,7.0,276.58,211.86,Grocery,Spices & Seasoning,NutriPlus,1.9606171,94.0,1.9606171,47.944088623933766,92.0393829,0.0,0.0,0.0,False,58.818512999999996,35.181487000000004,True,59.8,OVERSTOCK,MARKDOWN,0.0,7453.549835820001,7453.55,MEDIUM,Inventory exceeds the 30-day demand coverage target,35.0
2025-12-19,ST12,SKU03650,1,1.8102144,93.0,0.0,93.0,28.0,7.0,250.71,188.04,Grocery,Spices & Seasoning,NatureBlend,1.8102144,93.0,1.8102144,51.37512992936085,91.1897856,0.0,0.0,0.0,False,54.306432,38.693568,True,71.3,OVERSTOCK,MARKDOWN,0.0,7275.93852672,7275.94,MEDIUM,Inventory exceeds the 30-day demand coverage target,39.0
2025-12-18,ST18,SKU02812,1,1.784184,91.0,0.0,67.0,24.0,7.0,300.07,194.1,Home Care,Laundry,TrueTaste,1.784184,91.0,1.784184,51.0037081377257,89.215816,0.0,0.0,0.0,False,53.52552,37.47448,True,70.0,OVERSTOCK,MARKDOWN,0.0,7273.796568,7273.8,MEDIUM,Inventory exceeds the 30-day demand coverage target,37.0
2025-12-30,ST23,SKU01724,1,1.9189199,91.0,0.0,34.0,10.0,7.0,291.92,215.0,Stationery & Office,Notebooks,GoldenHarvest,1.9189199,91.0,1.9189199,47.42251096567397,89.0810801,0.0,0.0,0.0,False,57.567597,33.432403,True,58.1,OVERSTOCK,MARKDOWN,0.0,7187.966645,7187.97,MEDIUM,Inventory exceeds the 30-day demand coverage target,33.0
2025-12-05,ST12,SKU03896,1,1.7940322,84.0,0.0,55.0,16.0,7.0,380.04,235.32,Grocery,Spices & Seasoning,CleanWave,1.7940322,84.0,1.7940322,46.8219020818021,82.2059678,0.0,0.0,0.0,False,53.820966,30.179034,True,56.1,OVERSTOCK,MARKDOWN,0.0,7101.7302808800005,7101.73,MEDIUM,Inventory exceeds the 30-day demand coverage target,30.0
2025-12-18,ST18,SKU01696,3,1.8639678,93.0,0.0,28.0,10.0,7.0,246.47,183.01,Health & Wellness,First Aid,TrueTaste,1.8639678,93.0,1.8639678,49.893565757949254,91.1360322,0.0,0.0,0.0,False,55.919033999999996,37.080966000000004,True,66.3,OVERSTOCK,MARKDOWN,0.0,6786.187587660001,6786.19,MEDIUM,Inventory exceeds the 30-day demand coverage target,37.0
2025-12-15,ST14,SKU03950,2,1.8011538,88.0,0.0,24.0,7.0,7.0,318.71,197.95,Personal Care,Hair Care,FreshFarm,1.8011538,88.0,1.8011538,48.857571185758815,86.1988462,0.0,0.0,0.0,False,54.034614,33.965386,True,62.9,OVERSTOCK,MARKDOWN,0.0,6723.4481587,6723.45,MEDIUM,Inventory exceeds the 30-day demand coverage target,34.0
2025-12-19,ST20,SKU01827,1,1.8045017,94.0,0.0,30.0,9.0,7.0,270.58,167.65,Stationery & Office,Office Supplies,ValueChoice,1.8045017,94.0,1.8045017,52.09194316636,92.1954983,0.0,0.0,0.0,False,54.135051000000004,39.864948999999996,True,73.6,OVERSTOCK,MARKDOWN,0.0,6683.3586998499995,6683.36,MEDIUM,Inventory exceeds the 30-day demand coverage target,40.0
2025-12-09,ST20,SKU03749,3,1.922196,94.0,0.0,22.0,9.0,7.0,229.84,182.25,Dairy & Bakery,Eggs,PremiumSelect,1.922196,94.0,1.922196,48.902401211947165,92.077804,0.0,0.0,0.0,False,57.66588,36.33412,True,63.0,OVERSTOCK,MARKDOWN,0.0,6621.89337,6621.89,MEDIUM,Inventory exceeds the 30-day demand coverage target,36.0
2025-12-07,ST28,SKU02183,1,1.9385527,92.0,0.0,70.0,23.0,7.0,254.69,189.65,Dairy & Bakery,Butter & Ghee,QuickBite,1.9385527,92.0,1.9385527,47.45808561201354,90.0614473,0.0,0.0,0.0,False,58.156581,33.843419,True,58.2,OVERSTOCK,MARKDOWN,0.0,6418.404413349999,6418.4,MEDIUM,Inventory exceeds the 30-day demand coverage target,34.0
2025-12-13,ST21,SKU04361,4,1.867766,97.0,0.0,42.0,20.0,7.0,257.41,149.08,Dairy & Bakery,Cheese,NutriPlus,1.867766,97.0,1.867766,51.93370047425641,95.132234,0.0,0.0,0.0,False,56.03298,40.96702,True,73.1,OVERSTOCK,MARKDOWN,0.0,6107.3633416,6107.36,MEDIUM,Inventory exceeds the 30-day demand coverage target,41.0
2025-12-27,ST14,SKU00368,1,1.7636408,92.0,0.0,92.0,31.0,7.0,255.9,144.56,Grocery,Spices & Seasoning,PrimeCare,1.7636408,92.0,1.7636408,52.16481723489273,90.2363592,0.0,0.0,0.0,False,52.909223999999995,39.090776000000005,True,73.9,OVERSTOCK,MARKDOWN,0.0,5650.962578560001,5650.96,MEDIUM,Inventory exceeds the 30-day demand coverage target,39.0
2025-12-16,ST29,SKU00411,1,2.0375612,92.0,0.0,92.0,28.0,7.0,239.07,180.34,Frozen Foods,Frozen Meat,TrueTaste,2.0375612,92.0,2.0375612,45.152018010551046,89.9624388,0.0,0.0,0.0,False,61.126836,30.873164000000003,True,50.5,OVERSTOCK,MARKDOWN,0.0,5567.66639576,5567.67,MEDIUM,Inventory exceeds the 30-day demand coverage target,31.0
2025-12-03,ST17,SKU04042,2,1.8953574,91.0,0.0,75.0,24.0,7.0,242.79,161.95,Personal Care,Men's Grooming,GoldenHarvest,1.8953574,91.0,1.8953574,48.0120530302095,89.1046426,0.0,0.0,0.0,False,56.860721999999996,34.139278000000004,True,60.0,OVERSTOCK,MARKDOWN,0.0,5528.8560721,5528.86,MEDIUM,Inventory exceeds the 30-day demand coverage target,34.0
2025-12-18,ST09,SKU00953,1,1.8212651,83.0,0.0,62.0,20.0,7.0,273.99,178.24,Stationery & Office,Writing Instruments,CityFresh,1.8212651,83.0,1.8212651,45.57271755770206,81.1787349,0.0,0.0,0.0,False,54.637952999999996,28.362047000000004,True,51.9,OVERSTOCK,MARKDOWN,0.0,5055.251257280001,5055.25,MEDIUM,Inventory exceeds the 30-day demand coverage target,28.0
2025-12-03,ST29,SKU00971,3,1.9246601,96.0,0.0,79.0,24.0,7.0,168.09,127.42,Grocery,Pulses & Lentils,GoldenHarvest,1.9246601,96.0,1.9246601,49.87893706530311,94.0753399,0.0,0.0,0.0,False,57.739803,38.260197,True,66.3,OVERSTOCK,MARKDOWN,0.0,4875.11430174,4875.11,MEDIUM,Inventory exceeds the 30-day demand coverage target,38.0
2025-12-24,ST17,SKU03471,1,1.823259,84.0,0.0,48.0,19.0,7.0,281.87,161.63,Stationery & Office,Notebooks,TrueTaste,1.823259,84.0,1.823259,46.07134806409841,82.176741,0.0,0.0,0.0,False,54.69777,29.30223,True,53.6,OVERSTOCK,MARKDOWN,0.0,4736.1194349,4736.12,MEDIUM,Inventory exceeds the 30-day demand coverage target,29.0
2025-12-13,ST29,SKU02025,1,1.9105281,94.0,0.0,64.0,18.0,7.0,210.28,123.51,Snacks & Confectionery,Chips & Crisps,GreenValley,1.9105281,94.0,1.9105281,49.201055980281055,92.0894719,0.0,0.0,0.0,False,57.315843,36.684157,True,64.0,OVERSTOCK,MARKDOWN,0.0,4530.86023107,4530.86,MEDIUM,Inventory exceeds the 30-day demand coverage target,37.0
2025-12-28,ST03,SKU04147,1,1.9815171,91.0,0.0,21.0,5.0,7.0,173.16,137.71,Home Care,Air Fresheners,CleanWave,1.9815171,91.0,1.9815171,45.92440812143382,89.0184829,0.0,0.0,0.0,False,59.445513,31.554487,True,53.1,OVERSTOCK,MARKDOWN,0.0,4345.368404770001,4345.37,MEDIUM,Inventory exceeds the 30-day demand coverage target,32.0
2025-12-04,ST08,SKU01320,2,1.9261019,91.0,0.0,74.0,24.0,7.0,228.08,126.09,Grocery,Rice & Grains,UrbanBite,1.9261019,91.0,1.9261019,47.24568310742023,89.0738981,0.0,0.0,0.0,False,57.783057,33.216943,True,57.5,OVERSTOCK,MARKDOWN,0.0,4188.32434287,4188.32,MEDIUM,Inventory exceeds the 30-day demand coverage target,33.0
2025-12-14,ST12,SKU04653,1,2.0546653,102.0,0.0,20.0,9.0,7.0,179.35,103.45,Snacks & Confectionery,Namkeen,CleanWave,2.0546653,102.0,2.0546653,49.643121923556116,99.9453347,0.0,0.0,0.0,False,61.639959,40.360041,True,65.5,OVERSTOCK,MARKDOWN,0.0,4175.2462414500005,4175.25,MEDIUM,Inventory exceeds the 30-day demand coverage target,40.0
2025-12-17,ST04,SKU04909,3,1.8566684,93.0,0.0,50.0,23.0,7.0,190.96,110.95,Dairy & Bakery,Bread,SmartBuy,1.8566684,93.0,1.8566684,50.08971984442672,91.1433316,0.0,0.0,0.0,False,55.700052,37.299948,True,67.0,OVERSTOCK,MARKDOWN,0.0,4138.4292306,4138.43,MEDIUM,Inventory exceeds the 30-day demand coverage target,37.0
2025-12-11,ST26,SKU03254,1,1.7701805,82.0,0.0,23.0,8.0,7.0,196.07,134.91,Stationery & Office,Office Supplies,NutriPlus,1.7701805,82.0,1.7701805,46.322959720774236,80.2298195,0.0,0.0,0.0,False,53.105415,28.894585,True,54.4,OVERSTOCK,MARKDOWN,0.0,3898.16846235,3898.17,MEDIUM,Inventory exceeds the 30-day demand coverage target,29.0
2025-12-27,ST07,SKU04328,3,1.7659107,86.0,0.0,54.0,27.0,7.0,155.77,115.02,Personal Care,Skin Care,SunriseFoods,1.7659107,86.0,1.7659107,48.70008432476229,84.2340893,0.0,0.0,0.0,False,52.977321,33.022679,True,62.3,OVERSTOCK,MARKDOWN,0.0,3798.2685385799996,3798.27,MEDIUM,Inventory exceeds the 30-day demand coverage target,33.0
2025-12-12,ST20,SKU03418,2,1.8395735,95.0,0.0,36.0,14.0,7.0,144.08,93.61,Beverages,Soft Drinks,PurePlus,1.8395735,95.0,1.8395735,51.642405155325406,93.1604265,0.0,0.0,0.0,False,55.187205,39.812795,True,72.1,OVERSTOCK,MARKDOWN,0.0,3726.87573995,3726.88,MEDIUM,Inventory exceeds the 30-day demand coverage target,40.0
2025-12-16,ST15,SKU02156,3,1.8822436,89.0,0.0,89.0,19.0,7.0,184.79,111.66,Beverages,Juices,CleanWave,1.8822436,89.0,1.8822436,47.283996609153036,87.1177564,0.0,0.0,0.0,False,56.467308,32.532692,True,57.6,OVERSTOCK,MARKDOWN,0.0,3632.6003887199995,3632.6,MEDIUM,Inventory exceeds the 30-day demand coverage target,33.0
2025-12-25,ST17,SKU01238,1,1.7894677,85.0,0.0,35.0,9.0,7.0,176.71,113.84,Dairy & Bakery,Eggs,PremiumSelect,1.7894677,85.0,1.7894677,47.50015884611943,83.2105323,0.0,0.0,0.0,False,53.684031000000004,31.315968999999996,True,58.3,OVERSTOCK,MARKDOWN,0.0,3565.0099109599996,3565.01,MEDIUM,Inventory exceeds the 30-day demand coverage target,31.0
2025-12-26,ST14,SKU04150,2,1.7815667,93.0,0.0,74.0,25.0,7.0,143.14,89.94,Beverages,Bottled Water,NutriPlus,1.7815667,93.0,1.7815667,52.20124511756983,91.2184333,0.0,0.0,0.0,False,53.447001,39.552999,True,74.0,OVERSTOCK,MARKDOWN,0.0,3557.3967300599998,3557.4,MEDIUM,Inventory exceeds the 30-day demand coverage target,40.0
2025-12-06,ST20,SKU00546,1,1.8701096,94.0,0.0,26.0,9.0,7.0,130.86,93.76,Dairy & Bakery,Milk,TrueTaste,1.8701096,94.0,1.8701096,50.26443369950082,92.1298904,0.0,0.0,0.0,False,56.103288,37.896712,True,67.5,OVERSTOCK,MARKDOWN,0.0,3553.19571712,3553.2,MEDIUM,Inventory exceeds the 30-day demand coverage target,38.0
2025-12-10,ST18,SKU03211,1,1.9109526,91.0,0.0,43.0,13.0,7.0,133.34,100.17,Stationery & Office,Notebooks,EliteHome,1.9109526,91.0,1.9109526,47.62022878013824,89.0890474,0.0,0.0,0.0,False,57.32857799999999,33.67142200000001,True,58.7,OVERSTOCK,MARKDOWN,0.0,3372.8663417400007,3372.87,MEDIUM,Inventory exceeds the 30-day demand coverage target,34.0
2025-12-21,ST19,SKU01628,4,1.8258365,87.0,0.0,54.0,18.0,7.0,156.18,101.09,Beverages,Bottled Water,PremiumSelect,1.8258365,87.0,1.8258365,47.64939248393818,85.1741635,0.0,0.0,0.0,False,54.775095,32.224905,True,58.8,OVERSTOCK,MARKDOWN,0.0,3257.61564645,3257.62,MEDIUM,Inventory exceeds the 30-day demand coverage target,32.0
2025-12-31,ST05,SKU03384,3,1.789737,84.0,0.0,59.0,24.0,7.0,150.88,104.9,Stationery & Office,Writing Instruments,BasicNeeds,1.789737,84.0,1.789737,46.934270230765755,82.210263,0.0,0.0,0.0,False,53.69211,30.30789,True,56.4,OVERSTOCK,MARKDOWN,0.0,3179.297661,3179.3,MEDIUM,Inventory exceeds the 30-day demand coverage target,30.0
2025-12-04,ST26,SKU03106,4,2.0615644,95.0,0.0,47.0,12.0,7.0,127.35,83.45,Snacks & Confectionery,Chocolates,EliteHome,2.0615644,95.0,2.0615644,46.08150975055642,92.9384356,0.0,0.0,0.0,False,61.846931999999995,33.153068000000005,True,53.6,OVERSTOCK,MARKDOWN,0.0,2766.6235246000006,2766.62,MEDIUM,Inventory exceeds the 30-day demand coverage target,33.0
2025-12-12,ST06,SKU03363,3,1.8232429,90.0,0.0,53.0,14.0,7.0,111.1,75.04,Beverages,Energy Drinks,CleanWave,1.8232429,90.0,1.8232429,49.362594528682926,88.1767571,0.0,0.0,0.0,False,54.697287,35.302713,True,64.5,OVERSTOCK,MARKDOWN,0.0,2649.11558352,2649.12,MEDIUM,Inventory exceeds the 30-day demand coverage target,35.0
2025-12-05,ST07,SKU04446,2,1.8651468,85.0,0.0,43.0,19.0,7.0,142.26,88.25,Grocery,Cooking Oil,DailyBest,1.8651468,85.0,1.8651468,45.572820327064875,83.1348532,0.0,0.0,0.0,False,55.954404,29.045596000000003,True,51.9,OVERSTOCK,MARKDOWN,0.0,2563.2738470000004,2563.27,MEDIUM,Inventory exceeds the 30-day demand coverage target,29.0
2025-12-31,ST19,SKU02416,3,1.8319448,87.0,0.0,60.0,17.0,7.0,105.53,79.27,Home Care,Pest Control,SoftTouch,1.8319448,87.0,1.8319448,47.490513906314206,85.1680552,0.0,0.0,0.0,False,54.958344000000004,32.041655999999996,True,58.3,OVERSTOCK,MARKDOWN,0.0,2539.9420711199996,2539.94,MEDIUM,Inventory exceeds the 30-day demand coverage target,32.0
2025-12-24,ST21,SKU01741,1,1.8224252,82.0,0.0,72.0,31.0,7.0,153.81,88.55,Snacks & Confectionery,Chips & Crisps,SunriseFoods,1.8224252,82.0,1.8224252,44.99498799731259,80.1775748,0.0,0.0,0.0,False,54.672756,27.327244,True,50.0,OVERSTOCK,MARKDOWN,0.0,2419.8274562,2419.83,MEDIUM,Inventory exceeds the 30-day demand coverage target,27.0
2025-12-05,ST13,SKU04806,2,2.070214,106.0,0.0,36.0,12.0,7.0,92.11,55.12,Snacks & Confectionery,Biscuits & Cookies,FreshFarm,2.070214,106.0,2.070214,51.20243607665681,103.92978600000001,0.0,0.0,0.0,False,62.10642,43.89358,True,70.7,OVERSTOCK,MARKDOWN,0.0,2419.4141296,2419.41,MEDIUM,Inventory exceeds the 30-day demand coverage target,44.0
2025-12-10,ST22,SKU00751,4,1.9002808,88.0,0.0,54.0,24.0,7.0,91.09,71.47,Grocery,Sugar & Salt,PurePlus,1.9002808,88.0,1.9002808,46.30894549900204,86.0997192,0.0,0.0,0.0,False,57.008424,30.991576000000002,True,54.4,OVERSTOCK,MARKDOWN,0.0,2214.96793672,2214.97,MEDIUM,Inventory exceeds the 30-day demand coverage target,31.0
2025-12-26,ST29,SKU03220,3,1.8580986,91.0,0.0,23.0,11.0,7.0,83.11,57.62,Beverages,Energy Drinks,CrispKing,1.8580986,91.0,1.8580986,48.97479606302917,89.1419014,0.0,0.0,0.0,False,55.742958,35.257042,True,63.2,OVERSTOCK,MARKDOWN,0.0,2031.51076004,2031.51,MEDIUM,Inventory exceeds the 30-day demand coverage target,35.0
2025-12-17,ST06,SKU04564,1,1.8524866,94.0,0.0,55.0,23.0,7.0,88.51,50.36,Home Care,Surface Cleaners,SparkleClean,1.8524866,94.0,1.8524866,50.7426072609648,92.1475134,0.0,0.0,0.0,False,55.574598,38.425402,True,69.1,OVERSTOCK,MARKDOWN,0.0,1935.1032447199998,1935.1,MEDIUM,Inventory exceeds the 30-day demand coverage target,38.0
2025-12-17,ST18,SKU00215,2,1.8304394,84.0,0.0,34.0,8.0,7.0,102.03,58.8,Beverages,Juices,EliteHome,1.8304394,84.0,1.8304394,45.890620579954735,82.1695606,0.0,0.0,0.0,False,54.913182,29.086818,True,53.0,OVERSTOCK,MARKDOWN,0.0,1710.3048984,1710.3,MEDIUM,Inventory exceeds the 30-day demand coverage target,29.0
2025-12-12,ST30,SKU00226,1,1.9898534,93.0,0.0,91.0,33.0,7.0,74.28,41.25,Beverages,Coffee,MetroBrand,1.9898534,93.0,1.9898534,46.737111387200684,91.0101466,0.0,0.0,0.0,False,59.695602,33.304398,True,55.8,OVERSTOCK,MARKDOWN,0.0,1373.8064175,1373.81,MEDIUM,Inventory exceeds the 30-day demand coverage target,33.0
2025-12-28,ST12,SKU03349,2,1.8050519,84.0,0.0,20.0,6.0,7.0,54.49,37.65,Beverages,Tea,GreenValley,1.8050519,84.0,1.8050519,46.53605804907881,82.1949481,0.0,0.0,0.0,False,54.151557000000004,29.848442999999996,True,55.1,OVERSTOCK,MARKDOWN,0.0,1123.79387895,1123.79,MEDIUM,Inventory exceeds the 30-day demand coverage target,30.0
2025-12-04,ST22,SKU02064,1,1.9344996,91.0,0.0,26.0,10.0,7.0,45.95,29.12,Beverages,Soft Drinks,CityFresh,1.9344996,91.0,1.9344996,47.04058868763788,89.0655004,0.0,0.0,0.0,False,58.034988000000006,32.965011999999994,True,56.8,OVERSTOCK,MARKDOWN,0.0,959.9411494399999,959.94,MEDIUM,Inventory exceeds the 30-day demand coverage target,33.0
2025-12-09,ST09,SKU04223,1,1.8508987,84.0,0.0,70.0,25.0,7.0,43.92,30.73,Snacks & Confectionery,Chips & Crisps,CityFresh,1.8508987,84.0,1.8508987,45.38335890559543,82.1491013,0.0,0.0,0.0,False,55.526961,28.473039,True,51.3,OVERSTOCK,MARKDOWN,0.0,874.97648847,874.98,MEDIUM,Inventory exceeds the 30-day demand coverage target,28.0
2025-12-30,ST14,SKU02401,1,1.9964528,85.0,0.0,56.0,25.0,7.0,524.47,385.22,Health & Wellness,First Aid,SoftTouch,1.9964528,85.0,1.9964528,42.575511927955425,83.0035472,0.0,0.0,0.0,False,59.893584,25.106416000000003,True,41.9,OVERSTOCK,MARKDOWN,0.0,9671.493571520003,9671.49,LOW,Inventory exceeds the 30-day demand coverage target,25.0
2025-12-16,ST21,SKU00429,1,2.0338366,84.0,0.0,52.0,11.0,7.0,582.88,414.48,Home & Kitchen,Storage & Containers,MetroBrand,2.0338366,84.0,2.0338366,41.30125301118094,81.9661634,0.0,0.0,0.0,False,61.015097999999995,22.984902000000005,True,37.7,OVERSTOCK,MARKDOWN,0.0,9526.782180960003,9526.78,LOW,Inventory exceeds the 30-day demand coverage target,23.0
2025-12-07,ST27,SKU04710,2,1.8185945,63.0,0.0,33.0,13.0,7.0,1632.84,1089.13,Apparel & Footwear,Women's Wear,SmartBuy,1.8185945,63.0,1.8185945,34.64213710093152,61.1814055,0.0,0.0,0.0,False,54.557835,8.442165000000003,True,15.5,OVERSTOCK,MARKDOWN,0.0,9194.615166450005,9194.62,LOW,Inventory exceeds the 30-day demand coverage target,8.0
2025-12-09,ST23,SKU00450,1,1.9099178,73.0,0.0,35.0,17.0,7.0,828.83,571.43,Health & Wellness,OTC Medicine,DailyBest,1.9099178,73.0,1.9099178,38.22154021497679,71.0900822,0.0,0.0,0.0,False,57.297534000000006,15.702465999999994,True,27.4,OVERSTOCK,MARKDOWN,0.0,8972.860146379995,8972.86,LOW,Inventory exceeds the 30-day demand coverage target,16.0
2025-12-28,ST16,SKU03525,1,1.7602471,69.0,0.0,65.0,28.0,7.0,880.36,534.25,Health & Wellness,OTC Medicine,GoldenHarvest,1.7602471,69.0,1.7602471,39.19904199813765,67.2397529,0.0,0.0,0.0,False,52.807413,16.192587000000003,True,30.7,OVERSTOCK,MARKDOWN,0.0,8650.889604750002,8650.89,LOW,Inventory exceeds the 30-day demand coverage target,16.0
2025-12-22,ST17,SKU04151,2,1.8283776,82.0,0.0,58.0,20.0,7.0,426.73,316.37,Dairy & Bakery,Cheese,CrispKing,1.8283776,82.0,1.8283776,44.84850394141779,80.1716224,0.0,0.0,0.0,False,54.851328,27.148671999999998,True,49.5,OVERSTOCK,MARKDOWN,0.0,8589.02536064,8589.03,LOW,Inventory exceeds the 30-day demand coverage target,27.0
2025-12-18,ST17,SKU00605,1,2.1563082,93.0,0.0,79.0,29.0,7.0,420.44,278.06,Frozen Foods,Frozen Vegetables,TrueTaste,2.1563082,93.0,2.1563082,43.12927066733782,90.8436918,0.0,0.0,0.0,False,64.689246,28.310754000000003,True,43.8,OVERSTOCK,MARKDOWN,0.0,7872.0882572400005,7872.09,LOW,Inventory exceeds the 30-day demand coverage target,28.0
2025-12-10,ST24,SKU01582,1,1.8230622,62.0,0.0,43.0,17.0,7.0,1469.26,1052.77,Home & Kitchen,Cookware,ZestyCo,1.8230622,62.0,1.8230622,34.00871347121343,60.1769378,0.0,0.0,0.0,False,54.691866000000005,7.3081339999999955,True,13.4,OVERSTOCK,MARKDOWN,0.0,7693.784231179995,7693.78,LOW,Inventory exceeds the 30-day demand coverage target,7.0
2025-12-04,ST27,SKU03358,4,1.8809503,62.0,0.0,36.0,10.0,7.0,1876.25,1238.35,Apparel & Footwear,Kids Wear,SmartBuy,1.8809503,62.0,1.8809503,32.9620617833443,60.1190497,0.0,0.0,0.0,False,56.428509000000005,5.571490999999995,True,9.9,OVERSTOCK,MARKDOWN,0.0,6899.455879849993,6899.46,LOW,Inventory exceeds the 30-day demand coverage target,6.0
2025-12-06,ST13,SKU04861,2,1.9745792,67.0,0.0,30.0,9.0,7.0,1503.58,826.98,Home & Kitchen,Storage & Containers,QuickBite,1.9745792,67.0,1.9745792,33.931280143131254,65.0254208,0.0,0.0,0.0,False,59.237376,7.762624000000002,True,13.1,OVERSTOCK,MARKDOWN,0.0,6419.534795520002,6419.53,LOW,Inventory exceeds the 30-day demand coverage target,8.0
2025-12-03,ST22,SKU01338,3,1.8234423,81.0,0.0,43.0,15.0,7.0,354.64,237.94,Grocery,Pulses & Lentils,FamilyChoice,1.8234423,81.0,1.8234423,44.42147689564951,79.1765577,0.0,0.0,0.0,False,54.703269,26.296731,True,48.1,OVERSTOCK,MARKDOWN,0.0,6257.04417414,6257.04,LOW,Inventory exceeds the 30-day demand coverage target,26.0
2025-12-21,ST20,SKU03461,2,2.049537,73.0,0.0,25.0,10.0,7.0,861.75,538.79,Frozen Foods,Frozen Vegetables,FreshFarm,2.049537,73.0,2.049537,35.61780050811476,70.950463,0.0,0.0,0.0,False,61.48611,11.513890000000004,True,18.7,OVERSTOCK,MARKDOWN,0.0,6203.568793100001,6203.57,LOW,Inventory exceeds the 30-day demand coverage target,12.0
2025-12-26,ST26,SKU04319,1,1.7966434,65.0,0.0,21.0,6.0,7.0,806.99,549.53,Home & Kitchen,Home Decor,HealthFirst,1.7966434,65.0,1.7966434,36.17857611588365,63.2033566,0.0,0.0,0.0,False,53.899302,11.100698000000001,True,20.6,OVERSTOCK,MARKDOWN,0.0,6100.166571940001,6100.17,LOW,Inventory exceeds the 30-day demand coverage target,11.0
2025-12-03,ST05,SKU04979,1,1.8949445,76.0,0.0,50.0,25.0,7.0,403.4,311.39,Electronics & Accessories,Mobile Accessories,DailyBest,1.8949445,76.0,1.8949445,40.10671552649695,74.1050555,0.0,0.0,0.0,False,56.848335,19.151665,True,33.7,OVERSTOCK,MARKDOWN,0.0,5963.63696435,5963.64,LOW,Inventory exceeds the 30-day demand coverage target,19.0
2025-12-25,ST30,SKU00285,3,1.8335534,70.0,0.0,64.0,18.0,7.0,505.67,387.2,Home Care,Surface Cleaners,NutriPlus,1.8335534,70.0,1.8335534,38.17723552529203,68.1664466,0.0,0.0,0.0,False,55.006602,14.993398,True,27.3,OVERSTOCK,MARKDOWN,0.0,5805.4437056,5805.44,LOW,Inventory exceeds the 30-day demand coverage target,15.0
2025-12-13,ST22,SKU02261,4,1.8990136,76.0,0.0,30.0,13.0,7.0,468.89,304.67,Frozen Foods,Frozen Vegetables,PremiumSelect,1.8990136,76.0,1.8990136,40.020777102386205,74.1009864,0.0,0.0,0.0,False,56.970408,19.029592,True,33.4,OVERSTOCK,MARKDOWN,0.0,5797.745794640001,5797.75,LOW,Inventory exceeds the 30-day demand coverage target,19.0
2025-12-08,ST17,SKU02299,1,1.9060333,60.0,0.0,24.0,6.0,7.0,2732.69,1920.99,Apparel & Footwear,Kids Wear,ValueChoice,1.9060333,60.0,1.9060333,31.478988326174573,58.0939667,0.0,0.0,0.0,False,57.180999,2.819001,True,4.9,OVERSTOCK,MARKDOWN,0.0,5415.27273099,5415.27,LOW,Inventory exceeds the 30-day demand coverage target,3.0
2025-12-27,ST12,SKU02606,1,1.801466,60.0,0.0,53.0,24.0,7.0,1572.99,909.2,Home & Kitchen,Home Decor,FamilyChoice,1.801466,60.0,1.801466,33.306207277850376,58.198534,0.0,0.0,0.0,False,54.04398,5.956020000000002,True,11.0,OVERSTOCK,MARKDOWN,0.0,5415.213384000002,5415.21,LOW,Inventory exceeds the 30-day demand coverage target,6.0
2025-12-29,ST06,SKU04177,2,2.0866616,66.0,0.0,42.0,12.0,7.0,2641.42,1574.45,Home & Kitchen,Cookware,PrimeCare,2.0866616,66.0,2.0866616,31.629469771236508,63.9133384,0.0,0.0,0.0,False,62.599847999999994,3.4001520000000056,True,5.4,OVERSTOCK,MARKDOWN,0.0,5353.369316400009,5353.37,LOW,Inventory exceeds the 30-day demand coverage target,3.0
2025-12-29,ST15,SKU04227,1,1.8081132,80.0,0.0,28.0,6.0,7.0,283.28,205.61,Dairy & Bakery,Butter & Ghee,ZestyCo,1.8081132,80.0,1.8081132,44.24501740267147,78.1918868,0.0,0.0,0.0,False,54.243396,25.756604000000003,True,47.5,OVERSTOCK,MARKDOWN,0.0,5295.815348440001,5295.82,LOW,Inventory exceeds the 30-day demand coverage target,26.0
2025-12-05,ST12,SKU00784,4,1.8530694,79.0,0.0,76.0,20.0,7.0,397.04,223.33,Health & Wellness,Vitamins & Supplements,HealthFirst,1.8530694,79.0,1.8530694,42.631970502561856,77.1469306,0.0,0.0,0.0,False,55.592082000000005,23.407917999999995,True,42.1,OVERSTOCK,MARKDOWN,0.0,5227.690326939999,5227.69,LOW,Inventory exceeds the 30-day demand coverage target,23.0
2025-12-21,ST06,SKU01284,1,1.855279,81.0,0.0,64.0,28.0,7.0,265.24,204.52,Frozen Foods,Frozen Meat,BasicNeeds,1.855279,81.0,1.855279,43.65920166185248,79.144721,0.0,0.0,0.0,False,55.65837,25.341630000000002,True,45.5,OVERSTOCK,MARKDOWN,0.0,5182.870167600001,5182.87,LOW,Inventory exceeds the 30-day demand coverage target,25.0
2025-12-15,ST11,SKU04126,2,1.9536041,63.0,0.0,26.0,7.0,7.0,1646.95,1154.37,Apparel & Footwear,Kids Wear,CrispKing,1.9536041,63.0,1.9536041,32.248089569427094,61.0463959,0.0,0.0,0.0,False,58.608123,4.391877000000001,True,7.5,OVERSTOCK,MARKDOWN,0.0,5069.85105249,5069.85,LOW,Inventory exceeds the 30-day demand coverage target,4.0
2025-12-14,ST06,SKU04373,2,1.8593495,62.0,0.0,25.0,10.0,7.0,1033.69,790.7,Frozen Foods,Ready Meals,SunriseFoods,1.8593495,62.0,1.8593495,33.34499511791624,60.1406505,0.0,0.0,0.0,False,55.780485,6.219515000000001,True,11.1,OVERSTOCK,MARKDOWN,0.0,4917.770510500001,4917.77,LOW,Inventory exceeds the 30-day demand coverage target,6.0
2025-12-03,ST09,SKU04710,1,1.8513293,60.0,0.0,41.0,18.0,7.0,1632.84,1089.13,Apparel & Footwear,Women's Wear,SmartBuy,1.8513293,60.0,1.8513293,32.4091451477595,58.1486707,0.0,0.0,0.0,False,55.539879,4.460121000000001,True,8.0,OVERSTOCK,MARKDOWN,0.0,4857.651584730002,4857.65,LOW,Inventory exceeds the 30-day demand coverage target,4.0
2025-12-03,ST28,SKU01515,2,1.9580438,75.0,0.0,31.0,14.0,7.0,478.96,288.43,Frozen Foods,Ice Cream,BasicNeeds,1.9580438,75.0,1.9580438,38.30353539588849,73.0419562,0.0,0.0,0.0,False,58.741314,16.258685999999997,True,27.7,OVERSTOCK,MARKDOWN,0.0,4689.492802979999,4689.49,LOW,Inventory exceeds the 30-day demand coverage target,16.0
2025-12-04,ST14,SKU03936,1,1.8441408,60.0,0.0,59.0,13.0,7.0,1559.07,981.97,Health & Wellness,OTC Medicine,DailyBest,1.8441408,60.0,1.8441408,32.53547668377599,58.1558592,0.0,0.0,0.0,False,55.324224,4.675775999999999,True,8.5,OVERSTOCK,MARKDOWN,0.0,4591.471758719999,4591.47,LOW,Inventory exceeds the 30-day demand coverage target,5.0
2025-12-09,ST18,SKU03887,2,1.8979886,69.0,0.0,33.0,11.0,7.0,514.28,365.6,Electronics & Accessories,Batteries,MetroBrand,1.8979886,69.0,1.8979886,36.35427525750155,67.1020114,0.0,0.0,0.0,False,56.939657999999994,12.060342000000006,True,21.2,OVERSTOCK,MARKDOWN,0.0,4409.261035200002,4409.26,LOW,Inventory exceeds the 30-day demand coverage target,12.0
2025-12-26,ST14,SKU04642,1,1.8839784,74.0,0.0,66.0,28.0,7.0,330.34,251.5,Stationery & Office,Writing Instruments,FamilyChoice,1.8839784,74.0,1.8839784,39.27858196251083,72.1160216,0.0,0.0,0.0,False,56.519352,17.480648000000002,True,30.9,OVERSTOCK,MARKDOWN,0.0,4396.382972,4396.38,LOW,Inventory exceeds the 30-day demand coverage target,17.0
2025-12-04,ST16,SKU02169,2,1.8200346,60.0,0.0,36.0,17.0,7.0,1126.93,808.64,Home & Kitchen,Storage & Containers,ZestyCo,1.8200346,60.0,1.8200346,32.966406243046144,58.1799654,0.0,0.0,0.0,False,54.601038,5.398961999999997,True,9.9,OVERSTOCK,MARKDOWN,0.0,4365.816631679998,4365.82,LOW,Inventory exceeds the 30-day demand coverage target,5.0
2025-12-31,ST23,SKU03942,2,1.7533717,78.0,0.0,66.0,16.0,7.0,240.46,170.79,Grocery,Pulses & Lentils,NatureBlend,1.7533717,78.0,1.7533717,44.48571857296431,76.2466283,0.0,0.0,0.0,False,52.601151,25.398849,True,48.3,OVERSTOCK,MARKDOWN,0.0,4337.86942071,4337.87,LOW,Inventory exceeds the 30-day demand coverage target,25.0
2025-12-25,ST13,SKU04940,1,2.0051496,69.0,0.0,43.0,18.0,7.0,617.3,481.1,Frozen Foods,Frozen Vegetables,ValueChoice,2.0051496,69.0,2.0051496,34.41139753363041,66.9948504,0.0,0.0,0.0,False,60.15448800000001,8.845511999999992,True,14.7,OVERSTOCK,MARKDOWN,0.0,4255.575823199996,4255.58,LOW,Inventory exceeds the 30-day demand coverage target,9.0
2025-12-06,ST22,SKU04750,1,1.9700156,66.0,0.0,23.0,9.0,7.0,914.6,608.65,Health & Wellness,OTC Medicine,SunriseFoods,1.9700156,66.0,1.9700156,33.50227277388057,64.0299844,0.0,0.0,0.0,False,59.100468,6.899532000000001,True,11.7,OVERSTOCK,MARKDOWN,0.0,4199.4001518000005,4199.4,LOW,Inventory exceeds the 30-day demand coverage target,7.0
2025-12-30,ST19,SKU01227,2,2.0772057,76.0,0.0,54.0,11.0,7.0,401.78,305.31,Stationery & Office,Notebooks,NatureBlend,2.0772057,76.0,2.0772057,36.58761383140823,73.9227943,0.0,0.0,0.0,False,62.316171,13.683829000000003,True,22.0,OVERSTOCK,MARKDOWN,0.0,4177.809831990001,4177.81,LOW,Inventory exceeds the 30-day demand coverage target,14.0
2025-12-10,ST29,SKU04442,2,1.8814546,78.0,0.0,26.0,6.0,7.0,270.65,192.27,Grocery,Pulses & Lentils,CityFresh,1.8814546,78.0,1.8814546,41.45728523026811,76.1185454,0.0,0.0,0.0,False,56.443638,21.556362,True,38.2,OVERSTOCK,MARKDOWN,0.0,4144.64172174,4144.64,LOW,Inventory exceeds the 30-day demand coverage target,22.0
2025-12-15,ST30,SKU04240,3,1.9325552,66.0,0.0,42.0,10.0,7.0,701.01,513.08,Health & Wellness,First Aid,HealthFirst,1.9325552,66.0,1.9325552,34.15167649545017,64.0674448,0.0,0.0,0.0,False,57.976656,8.023344000000002,True,13.8,OVERSTOCK,MARKDOWN,0.0,4116.617339520001,4116.62,LOW,Inventory exceeds the 30-day demand coverage target,8.0
2025-12-08,ST20,SKU03277,1,1.8054237,77.0,0.0,21.0,7.0,7.0,224.28,177.38,Home Care,Dishwashing,DailyBest,1.8054237,77.0,1.8054237,42.64926842380545,75.1945763,0.0,0.0,0.0,False,54.162711,22.837289,True,42.2,OVERSTOCK,MARKDOWN,0.0,4050.8783228199995,4050.88,LOW,Inventory exceeds the 30-day demand coverage target,23.0
2025-12-18,ST23,SKU00218,4,1.8469658,77.0,0.0,29.0,7.0,7.0,229.94,178.86,Dairy & Bakery,Bread,PureLife,1.8469658,77.0,1.8469658,41.68999772491727,75.1530342,0.0,0.0,0.0,False,55.408974,21.591026,True,39.0,OVERSTOCK,MARKDOWN,0.0,3861.77091036,3861.77,LOW,Inventory exceeds the 30-day demand coverage target,22.0
2025-12-22,ST30,SKU01031,2,1.8944801,66.0,0.0,59.0,18.0,7.0,668.1,419.47,Health & Wellness,First Aid,PrimeCare,1.8944801,66.0,1.8944801,34.83805398642087,64.1055199,0.0,0.0,0.0,False,56.834403,9.165596999999998,True,16.1,OVERSTOCK,MARKDOWN,0.0,3844.6929735899994,3844.69,LOW,Inventory exceeds the 30-day demand coverage target,9.0
2025-12-10,ST16,SKU01116,1,1.8409826,71.0,0.0,49.0,15.0,7.0,297.88,229.74,Grocery,Rice & Grains,PrimeCare,1.8409826,71.0,1.8409826,38.566361246434376,69.1590174,0.0,0.0,0.0,False,55.229478,15.770522,True,28.6,OVERSTOCK,MARKDOWN,0.0,3623.11972428,3623.12,LOW,Inventory exceeds the 30-day demand coverage target,16.0
2025-12-16,ST12,SKU04157,2,1.8741336,58.0,0.0,57.0,14.0,7.0,2678.35,2028.35,Electronics & Accessories,Small Appliances,PremiumSelect,1.8741336,58.0,1.8741336,30.947633615874558,56.1258664,0.0,0.0,0.0,False,56.224008,1.7759920000000022,True,3.2,OVERSTOCK,MARKDOWN,0.0,3602.333373200004,3602.33,LOW,Inventory exceeds the 30-day demand coverage target,2.0
2025-12-05,ST18,SKU04333,2,1.7383757,60.0,0.0,24.0,5.0,7.0,777.72,446.08,Home & Kitchen,Cookware,GreenValley,1.7383757,60.0,1.7383757,34.51497855152945,58.2616243,0.0,0.0,0.0,False,52.151271,7.848728999999999,True,15.0,OVERSTOCK,MARKDOWN,0.0,3501.1610323199993,3501.16,LOW,Inventory exceeds the 30-day demand coverage target,8.0
2025-12-21,ST06,SKU03302,1,1.9939024,74.0,0.0,50.0,25.0,7.0,426.07,246.72,Grocery,Sugar & Salt,SoftTouch,1.9939024,74.0,1.9939024,37.11315057346839,72.0060976,0.0,0.0,0.0,False,59.817072,14.182927999999997,True,23.7,OVERSTOCK,MARKDOWN,0.0,3499.211996159999,3499.21,LOW,Inventory exceeds the 30-day demand coverage target,14.0
2025-12-21,ST07,SKU03746,1,2.0311787,89.0,0.0,84.0,26.0,7.0,223.44,123.13,Stationery & Office,Writing Instruments,SparkleClean,2.0311787,89.0,2.0311787,43.81692265678052,86.9688213,0.0,0.0,0.0,False,60.935361,28.064639,True,46.1,OVERSTOCK,MARKDOWN,0.0,3455.59900007,3455.6,LOW,Inventory exceeds the 30-day demand coverage target,28.0
2025-12-07,ST11,SKU01281,4,1.8748283,84.0,0.0,61.0,19.0,7.0,181.51,123.56,Home Care,Pest Control,PrimeCare,1.8748283,84.0,1.8748283,44.804102861046,82.1251717,0.0,0.0,0.0,False,56.244848999999995,27.755151000000005,True,49.3,OVERSTOCK,MARKDOWN,0.0,3429.4264575600005,3429.43,LOW,Inventory exceeds the 30-day demand coverage target,28.0
2025-12-13,ST27,SKU01679,1,1.869052,59.0,0.0,45.0,16.0,7.0,1739.03,1157.07,Health & Wellness,First Aid,NutriPlus,1.869052,59.0,1.869052,31.566804989909325,57.130948000000004,0.0,0.0,0.0,False,56.07156,2.928440000000002,True,5.2,OVERSTOCK,MARKDOWN,0.0,3388.410070800002,3388.41,LOW,Inventory exceeds the 30-day demand coverage target,3.0
2025-12-26,ST08,SKU03852,1,1.8743196,64.0,0.0,45.0,11.0,7.0,568.41,412.22,Home & Kitchen,Cookware,TrueTaste,1.8743196,64.0,1.8743196,34.14572413370697,62.1256804,0.0,0.0,0.0,False,56.229588,7.770412,True,13.8,OVERSTOCK,MARKDOWN,0.0,3203.1192346400003,3203.12,LOW,Inventory exceeds the 30-day demand coverage target,8.0
2025-12-25,ST18,SKU04616,1,1.8735046,80.0,0.0,63.0,16.0,7.0,223.77,130.14,Beverages,Tea,NatureBlend,1.8735046,80.0,1.8735046,42.70072248554928,78.1264954,0.0,0.0,0.0,False,56.205138,23.794862000000002,True,42.3,OVERSTOCK,MARKDOWN,0.0,3096.66334068,3096.66,LOW,Inventory exceeds the 30-day demand coverage target,24.0
2025-12-17,ST25,SKU02674,5,1.9222529,74.0,0.0,49.0,20.0,7.0,247.36,189.24,Stationery & Office,Writing Instruments,TrueTaste,1.9222529,74.0,1.9222529,38.49649544032422,72.0777471,0.0,0.0,0.0,False,57.667587,16.332413000000003,True,28.3,OVERSTOCK,MARKDOWN,0.0,3090.7458361200006,3090.75,LOW,Inventory exceeds the 30-day demand coverage target,16.0
2025-12-26,ST08,SKU00325,1,1.9125744,65.0,0.0,44.0,21.0,7.0,631.5,405.33,Health & Wellness,Vitamins & Supplements,SoftTouch,1.9125744,65.0,1.9125744,33.9856059978634,63.0874256,0.0,0.0,0.0,False,57.377232,7.622768000000001,True,13.3,OVERSTOCK,MARKDOWN,0.0,3089.73655344,3089.74,LOW,Inventory exceeds the 30-day demand coverage target,8.0
2025-12-18,ST01,SKU04706,2,1.7079366,60.0,0.0,20.0,9.0,7.0,625.94,351.4,Electronics & Accessories,Batteries,UrbanBite,1.7079366,60.0,1.7079366,35.13010963053312,58.2920634,0.0,0.0,0.0,False,51.238098,8.761902,True,17.1,OVERSTOCK,MARKDOWN,0.0,3078.9323627999997,3078.93,LOW,Inventory exceeds the 30-day demand coverage target,9.0
2025-12-09,ST17,SKU02330,2,1.9005191,78.0,0.0,35.0,15.0,7.0,221.38,144.44,Beverages,Bottled Water,ValueChoice,1.9005191,78.0,1.9005191,41.04141863136235,76.0994809,0.0,0.0,0.0,False,57.015572999999996,20.984427000000004,True,36.8,OVERSTOCK,MARKDOWN,0.0,3030.9906358800004,3030.99,LOW,Inventory exceeds the 30-day demand coverage target,21.0
2025-12-30,ST27,SKU02764,3,1.7567867,75.0,0.0,61.0,25.0,7.0,177.05,135.63,Snacks & Confectionery,Candy,SunriseFoods,1.7567867,75.0,1.7567867,42.69158003074591,73.2432133,0.0,0.0,0.0,False,52.703601,22.296399,True,42.3,OVERSTOCK,MARKDOWN,0.0,3024.06059637,3024.06,LOW,Inventory exceeds the 30-day demand coverage target,22.0
2025-12-11,ST19,SKU01876,3,1.588627,61.0,0.0,53.0,26.0,7.0,282.4,223.6,Home Care,Pest Control,NovaFresh,1.588627,61.0,1.588627,38.39793733834311,59.411373,0.0,0.0,0.0,False,47.65881,13.341189999999997,True,28.0,OVERSTOCK,MARKDOWN,0.0,2983.0900839999995,2983.09,LOW,Inventory exceeds the 30-day demand coverage target,13.0
2025-12-07,ST03,SKU02438,1,1.9035141,84.0,0.0,39.0,18.0,7.0,181.83,108.5,Dairy & Bakery,Milk,CityFresh,1.9035141,84.0,1.9035141,44.12890873779185,82.0964859,0.0,0.0,0.0,False,57.105423,26.894576999999998,True,47.1,OVERSTOCK,MARKDOWN,0.0,2918.0616044999997,2918.06,LOW,Inventory exceeds the 30-day demand coverage target,27.0
2025-12-22,ST18,SKU01714,2,1.8945681,72.0,0.0,48.0,15.0,7.0,336.72,190.75,Personal Care,Oral Care,GoldenHarvest,1.8945681,72.0,1.8945681,38.00338451808621,70.1054319,0.0,0.0,0.0,False,56.837043,15.162956999999999,True,26.7,OVERSTOCK,MARKDOWN,0.0,2892.3340477499996,2892.33,LOW,Inventory exceeds the 30-day demand coverage target,15.0
2025-12-18,ST07,SKU00160,4,1.82909,76.0,0.0,46.0,14.0,7.0,202.06,136.38,Beverages,Bottled Water,PurePlus,1.82909,76.0,1.82909,41.55071647649924,74.17091,0.0,0.0,0.0,False,54.8727,21.127299999999998,True,38.5,OVERSTOCK,MARKDOWN,0.0,2881.3411739999997,2881.34,LOW,Inventory exceeds the 30-day demand coverage target,21.0
2025-12-03,ST28,SKU00376,1,1.9078993,76.0,0.0,28.0,8.0,7.0,207.45,152.54,Dairy & Bakery,Milk,UrbanBite,1.9078993,76.0,1.9078993,39.83438748575462,74.0921007,0.0,0.0,0.0,False,57.236979,18.763021000000002,True,32.8,OVERSTOCK,MARKDOWN,0.0,2862.11122334,2862.11,LOW,Inventory exceeds the 30-day demand coverage target,19.0
2025-12-26,ST16,SKU04995,2,1.9369613,62.0,0.0,27.0,7.0,7.0,1081.35,734.54,Health & Wellness,Vitamins & Supplements,NutriPlus,1.9369613,62.0,1.9369613,32.00889971317444,60.0630387,0.0,0.0,0.0,False,58.108839,3.8911609999999968,True,6.7,OVERSTOCK,MARKDOWN,0.0,2858.2134009399974,2858.21,LOW,Inventory exceeds the 30-day demand coverage target,4.0
2025-12-23,ST28,SKU00553,1,1.716271,75.0,0.0,20.0,8.0,7.0,159.88,119.27,Snacks & Confectionery,Biscuits & Cookies,PrimeCare,1.716271,75.0,1.716271,43.699392461913064,73.283729,0.0,0.0,0.0,False,51.488130000000005,23.511869999999995,True,45.7,OVERSTOCK,MARKDOWN,0.0,2804.260734899999,2804.26,LOW,Inventory exceeds the 30-day demand coverage target,24.0
2025-12-02,ST03,SKU04872,3,1.9600439,83.0,0.0,49.0,14.0,7.0,154.36,115.17,Home Care,Dishwashing,NutriPlus,1.9600439,83.0,1.9600439,42.345990311747606,81.0399561,0.0,0.0,0.0,False,58.801317000000004,24.198682999999996,True,41.2,OVERSTOCK,MARKDOWN,0.0,2786.9623211099997,2786.96,LOW,Inventory exceeds the 30-day demand coverage target,24.0
2025-12-15,ST27,SKU03323,1,1.9529055,60.0,0.0,23.0,8.0,7.0,3001.52,1916.58,Electronics & Accessories,Batteries,UrbanBite,1.9529055,60.0,1.9529055,30.72345282452223,58.0470945,0.0,0.0,0.0,False,58.587165,1.4128350000000012,True,2.4,OVERSTOCK,MARKDOWN,0.0,2707.811304300002,2707.81,LOW,Inventory exceeds the 30-day demand coverage target,1.0
2025-12-12,ST21,SKU02840,4,1.8599104,71.0,0.0,54.0,16.0,7.0,267.04,174.46,Home Care,Dishwashing,PremiumSelect,1.8599104,71.0,1.8599104,38.17388192463465,69.1400896,0.0,0.0,0.0,False,55.797312,15.202688000000002,True,27.2,OVERSTOCK,MARKDOWN,0.0,2652.2609484800005,2652.26,LOW,Inventory exceeds the 30-day demand coverage target,15.0
2025-12-03,ST03,SKU00323,5,4.167331,138.0,0.0,98.0,37.0,7.0,270.82,200.19,Home Care,Air Fresheners,SparkleClean,4.167331,138.0,4.167331,33.11472018901306,133.832669,0.0,0.0,0.0,False,125.01993,12.980069999999998,True,10.4,OVERSTOCK,MARKDOWN,0.0,2598.4802132999994,2598.48,LOW,Inventory exceeds the 30-day demand coverage target,13.0
2025-12-24,ST15,SKU02701,1,1.7734334,74.0,0.0,56.0,18.0,7.0,182.01,120.03,Snacks & Confectionery,Biscuits & Cookies,SmartBuy,1.7734334,74.0,1.7734334,41.726968715036044,72.2265666,0.0,0.0,0.0,False,53.203002,20.796998000000002,True,39.1,OVERSTOCK,MARKDOWN,0.0,2496.2636699400005,2496.26,LOW,Inventory exceeds the 30-day demand coverage target,21.0
2025-12-25,ST10,SKU02399,1,1.8544707,75.0,0.0,36.0,8.0,7.0,178.53,127.28,Home Care,Surface Cleaners,DailyBest,1.8544707,75.0,1.8544707,40.44280667254543,73.1455293,0.0,0.0,0.0,False,55.634121,19.365879,True,34.8,OVERSTOCK,MARKDOWN,0.0,2464.88907912,2464.89,LOW,Inventory exceeds the 30-day demand coverage target,19.0
2025-12-25,ST04,SKU04096,1,2.0965364,88.0,0.0,41.0,12.0,7.0,155.65,96.95,Dairy & Bakery,Bread,NatureBlend,2.0965364,88.0,2.0965364,41.973991007263216,85.9034636,0.0,0.0,0.0,False,62.896092,25.103907999999997,True,39.9,OVERSTOCK,MARKDOWN,0.0,2433.8238806,2433.82,LOW,Inventory exceeds the 30-day demand coverage target,25.0
2025-12-24,ST27,SKU03271,1,1.8019173,60.0,0.0,38.0,16.0,7.0,587.02,407.06,Frozen Foods,Ready Meals,UrbanBite,1.8019173,60.0,1.8019173,33.29786555687101,58.1980827,0.0,0.0,0.0,False,54.057519,5.942481000000001,True,11.0,OVERSTOCK,MARKDOWN,0.0,2418.94631586,2418.95,LOW,Inventory exceeds the 30-day demand coverage target,6.0
2025-12-13,ST30,SKU00896,4,1.9976571,77.0,0.0,40.0,17.0,7.0,194.43,140.2,Beverages,Bottled Water,PrimeCare,1.9976571,77.0,1.9976571,38.54515372032567,75.0023429,0.0,0.0,0.0,False,59.929713,17.070287,True,28.5,OVERSTOCK,MARKDOWN,0.0,2393.2542374,2393.25,LOW,Inventory exceeds the 30-day demand coverage target,17.0
2025-12-25,ST05,SKU02126,1,1.8950024,69.0,0.0,52.0,22.0,7.0,313.98,189.18,Home Care,Dishwashing,HomeStyle,1.8950024,69.0,1.8950024,36.41156338377196,67.1049976,0.0,0.0,0.0,False,56.850072000000004,12.149927999999996,True,21.4,OVERSTOCK,MARKDOWN,0.0,2298.5233790399993,2298.52,LOW,Inventory exceeds the 30-day demand coverage target,12.0
2025-12-31,ST22,SKU02070,1,1.9806565,84.0,0.0,20.0,5.0,7.0,156.71,93.26,Snacks & Confectionery,Biscuits & Cookies,NutriPlus,1.9806565,84.0,1.9806565,42.410180664845214,82.0193435,0.0,0.0,0.0,False,59.419695000000004,24.580304999999996,True,41.4,OVERSTOCK,MARKDOWN,0.0,2292.3592443,2292.36,LOW,Inventory exceeds the 30-day demand coverage target,25.0
2025-12-19,ST20,SKU03840,3,1.8370998,68.0,0.0,42.0,14.0,7.0,255.12,177.23,Home Care,Dishwashing,HealthFirst,1.8370998,68.0,1.8370998,37.0148644074753,66.1629002,0.0,0.0,0.0,False,55.112994,12.887006,True,23.4,OVERSTOCK,MARKDOWN,0.0,2283.9640733799997,2283.96,LOW,Inventory exceeds the 30-day demand coverage target,13.0
2025-12-24,ST28,SKU02029,1,1.8585254,62.0,0.0,29.0,8.0,7.0,463.23,364.99,Health & Wellness,First Aid,PurePlus,1.8585254,62.0,1.8585254,33.35978082408774,60.1414746,0.0,0.0,0.0,False,55.755762,6.244238000000003,True,11.2,OVERSTOCK,MARKDOWN,0.0,2279.084427620001,2279.08,LOW,Inventory exceeds the 30-day demand coverage target,6.0
2025-12-13,ST22,SKU02054,1,2.0386486,80.0,0.0,49.0,18.0,7.0,148.75,116.84,Personal Care,Skin Care,HomeStyle,2.0386486,80.0,2.0386486,39.24168196519989,77.9613514,0.0,0.0,0.0,False,61.159458,18.840542,True,30.8,OVERSTOCK,MARKDOWN,0.0,2201.32892728,2201.33,LOW,Inventory exceeds the 30-day demand coverage target,19.0
2025-12-16,ST07,SKU00958,3,1.8636879,67.0,0.0,20.0,9.0,7.0,313.45,193.2,Home & Kitchen,Home Decor,HomeStyle,1.8636879,67.0,1.8636879,35.95022535693879,65.1363121,0.0,0.0,0.0,False,55.910637,11.089362999999999,True,19.8,OVERSTOCK,MARKDOWN,0.0,2142.4649315999995,2142.46,LOW,Inventory exceeds the 30-day demand coverage target,11.0
2025-12-25,ST12,SKU02229,1,1.8415713,77.0,0.0,61.0,25.0,7.0,131.84,98.09,Stationery & Office,Writing Instruments,HealthFirst,1.8415713,77.0,1.8415713,41.81211990000061,75.1584287,0.0,0.0,0.0,False,55.247139000000004,21.752860999999996,True,39.4,OVERSTOCK,MARKDOWN,0.0,2133.73813549,2133.74,LOW,Inventory exceeds the 30-day demand coverage target,22.0
2025-12-13,ST11,SKU02639,3,1.7770826,74.0,0.0,23.0,9.0,7.0,166.16,99.59,Grocery,Sugar & Salt,SoftTouch,1.7770826,74.0,1.7770826,41.641283303319724,72.2229174,0.0,0.0,0.0,False,53.312478,20.687522,True,38.8,OVERSTOCK,MARKDOWN,0.0,2060.2703159800003,2060.27,LOW,Inventory exceeds the 30-day demand coverage target,21.0
2025-12-09,ST16,SKU02071,1,2.0618634,76.0,0.0,75.0,37.0,7.0,179.94,141.8,Stationery & Office,Writing Instruments,NutriPlus,2.0618634,76.0,2.0618634,36.859861812378064,73.9381366,0.0,0.0,0.0,False,61.855902,14.144098,True,22.9,OVERSTOCK,MARKDOWN,0.0,2005.6330964,2005.63,LOW,Inventory exceeds the 30-day demand coverage target,14.0
2025-12-12,ST03,SKU02637,4,1.876767,84.0,0.0,39.0,17.0,7.0,102.28,70.94,Dairy & Bakery,Eggs,HomeStyle,1.876767,84.0,1.876767,44.757820230215046,82.123233,0.0,0.0,0.0,False,56.30301,27.69699,True,49.2,OVERSTOCK,MARKDOWN,0.0,1964.8244705999998,1964.82,LOW,Inventory exceeds the 30-day demand coverage target,28.0
2025-12-02,ST20,SKU03969,1,2.0491393,92.0,0.0,40.0,15.0,7.0,109.07,64.23,Snacks & Confectionery,Biscuits & Cookies,ZestyCo,2.0491393,92.0,2.0491393,44.896898907751165,89.95086069999999,0.0,0.0,0.0,False,61.47417900000001,30.525820999999993,True,49.7,OVERSTOCK,MARKDOWN,0.0,1960.6734828299998,1960.67,LOW,Inventory exceeds the 30-day demand coverage target,31.0
2025-12-13,ST21,SKU04903,3,1.8817087,69.0,0.0,47.0,18.0,7.0,237.98,156.16,Stationery & Office,Office Supplies,EliteHome,1.8817087,69.0,1.8817087,36.6688000113939,67.1182913,0.0,0.0,0.0,False,56.451260999999995,12.548739000000005,True,22.2,OVERSTOCK,MARKDOWN,0.0,1959.6110822400008,1959.61,LOW,Inventory exceeds the 30-day demand coverage target,13.0
2025-12-22,ST28,SKU04254,2,1.8113283,81.0,0.0,43.0,21.0,7.0,105.82,71.91,Stationery & Office,Writing Instruments,CleanWave,1.8113283,81.0,1.8113283,44.71856371923301,79.1886717,0.0,0.0,0.0,False,54.339849,26.660151,True,49.1,OVERSTOCK,MARKDOWN,0.0,1917.1314584099998,1917.13,LOW,Inventory exceeds the 30-day demand coverage target,27.0
2025-12-22,ST09,SKU04188,3,1.9833614,75.0,0.0,74.0,30.0,7.0,180.9,119.31,Dairy & Bakery,Yogurt,ValueChoice,1.9833614,75.0,1.9833614,37.814590926293114,73.0166386,0.0,0.0,0.0,False,59.500842,15.499158000000001,True,26.0,OVERSTOCK,MARKDOWN,0.0,1849.2045409800003,1849.2,LOW,Inventory exceeds the 30-day demand coverage target,15.0
2025-12-22,ST07,SKU02738,1,1.7969412,65.0,0.0,61.0,17.0,7.0,230.16,166.55,Grocery,Flour & Atta,BasicNeeds,1.7969412,65.0,1.7969412,36.17258038270813,63.2030588,0.0,0.0,0.0,False,53.908236,11.091763999999998,True,20.6,OVERSTOCK,MARKDOWN,0.0,1847.3332941999997,1847.33,LOW,Inventory exceeds the 30-day demand coverage target,11.0
2025-12-19,ST22,SKU00385,3,1.8299965,62.0,0.0,41.0,18.0,7.0,380.41,260.01,Frozen Foods,Frozen Vegetables,FamilyChoice,1.8299965,62.0,1.8299965,33.87984621828512,60.1700035,0.0,0.0,0.0,False,54.899895,7.100104999999999,True,12.9,OVERSTOCK,MARKDOWN,0.0,1846.0983010499997,1846.1,LOW,Inventory exceeds the 30-day demand coverage target,7.0
2025-12-18,ST12,SKU02462,2,2.007898,74.0,0.0,54.0,14.0,7.0,171.89,130.56,Stationery & Office,Notebooks,DailyBest,2.007898,74.0,2.007898,36.85446173062576,71.992102,0.0,0.0,0.0,False,60.23694,13.763060000000003,True,22.8,OVERSTOCK,MARKDOWN,0.0,1796.9051136000005,1796.91,LOW,Inventory exceeds the 30-day demand coverage target,14.0
2025-12-02,ST18,SKU01940,2,1.8975959,81.0,0.0,30.0,11.0,7.0,127.72,74.5,Grocery,Pulses & Lentils,MetroBrand,1.8975959,81.0,1.8975959,42.68558969799629,79.1024041,0.0,0.0,0.0,False,56.927877,24.072122999999998,True,42.3,OVERSTOCK,MARKDOWN,0.0,1793.3731635,1793.37,LOW,Inventory exceeds the 30-day demand coverage target,24.0
2025-12-28,ST24,SKU00821,1,1.6905054,65.0,0.0,21.0,6.0,7.0,206.41,125.25,Dairy & Bakery,Eggs,GoldenHarvest,1.6905054,65.0,1.6905054,38.45003985198746,63.3094946,0.0,0.0,0.0,False,50.715162,14.284838,True,28.2,OVERSTOCK,MARKDOWN,0.0,1789.1759595,1789.18,LOW,Inventory exceeds the 30-day demand coverage target,14.0
2025-12-02,ST13,SKU03304,1,1.7921399,63.0,0.0,45.0,21.0,7.0,305.66,193.21,Personal Care,Bath & Body,PurePlus,1.7921399,63.0,1.7921399,35.15350559406662,61.2078601,0.0,0.0,0.0,False,53.764197,9.235802999999997,True,17.2,OVERSTOCK,MARKDOWN,0.0,1784.4494976299995,1784.45,LOW,Inventory exceeds the 30-day demand coverage target,9.0
2025-12-08,ST08,SKU02757,1,1.9029704,71.0,0.0,25.0,10.0,7.0,191.03,124.73,Health & Wellness,OTC Medicine,EverydayPlus,1.9029704,71.0,1.9029704,37.31009163358505,69.0970296,0.0,0.0,0.0,False,57.089112,13.910888,True,24.4,OVERSTOCK,MARKDOWN,0.0,1735.10506024,1735.11,LOW,Inventory exceeds the 30-day demand coverage target,14.0
2025-12-08,ST26,SKU02949,5,1.8517703,72.0,0.0,29.0,7.0,7.0,157.02,105.41,Snacks & Confectionery,Chips & Crisps,NatureBlend,1.8517703,72.0,1.8517703,38.88171227284507,70.1482297,0.0,0.0,0.0,False,55.553109000000006,16.446890999999994,True,29.6,OVERSTOCK,MARKDOWN,0.0,1733.6667803099992,1733.67,LOW,Inventory exceeds the 30-day demand coverage target,16.0
2025-12-11,ST08,SKU04252,1,1.8759391,75.0,0.0,39.0,17.0,7.0,116.03,90.85,Beverages,Energy Drinks,SoftTouch,1.8759391,75.0,1.8759391,39.979975895806,73.1240609,0.0,0.0,0.0,False,56.278173,18.721826999999998,True,33.3,OVERSTOCK,MARKDOWN,0.0,1700.8779829499997,1700.88,LOW,Inventory exceeds the 30-day demand coverage target,19.0
2025-12-04,ST27,SKU04228,1,1.8537915,83.0,0.0,21.0,6.0,7.0,79.26,62.1,Dairy & Bakery,Yogurt,UrbanBite,1.8537915,83.0,1.8537915,44.77310420292681,81.1462085,0.0,0.0,0.0,False,55.613745,27.386255,True,49.2,OVERSTOCK,MARKDOWN,0.0,1700.6864355,1700.69,LOW,Inventory exceeds the 30-day demand coverage target,27.0
2025-12-28,ST06,SKU02071,1,2.072278,74.0,0.0,32.0,12.0,7.0,179.94,141.8,Stationery & Office,Writing Instruments,NutriPlus,2.072278,74.0,2.072278,35.709494575534755,71.927722,0.0,0.0,0.0,False,62.16833999999999,11.831660000000007,True,19.0,OVERSTOCK,MARKDOWN,0.0,1677.729388000001,1677.73,LOW,Inventory exceeds the 30-day demand coverage target,12.0
2025-12-13,ST21,SKU04254,1,1.7952775,77.0,0.0,56.0,14.0,7.0,105.82,71.91,Stationery & Office,Writing Instruments,CleanWave,1.7952775,77.0,1.7952775,42.8903052592148,75.2047225,0.0,0.0,0.0,False,53.858325,23.141675,True,43.0,OVERSTOCK,MARKDOWN,0.0,1664.1178492499998,1664.12,LOW,Inventory exceeds the 30-day demand coverage target,23.0
2025-12-23,ST30,SKU01774,3,1.8903127,78.0,0.0,43.0,13.0,7.0,129.33,77.17,Home Care,Air Fresheners,UrbanBite,1.8903127,78.0,1.8903127,41.26301431503899,76.1096873,0.0,0.0,0.0,False,56.709381,21.290619,True,37.5,OVERSTOCK,MARKDOWN,0.0,1642.99706823,1643.0,LOW,Inventory exceeds the 30-day demand coverage target,21.0
2025-12-12,ST25,SKU03375,1,1.8050251,78.0,0.0,24.0,7.0,7.0,103.36,66.76,Dairy & Bakery,Butter & Ghee,EliteHome,1.8050251,78.0,1.8050251,43.212695491048855,76.1949749,0.0,0.0,0.0,False,54.150752999999995,23.849247000000005,True,44.0,OVERSTOCK,MARKDOWN,0.0,1592.1757297200004,1592.18,LOW,Inventory exceeds the 30-day demand coverage target,24.0
2025-12-11,ST11,SKU02487,1,1.8429883,62.0,0.0,45.0,17.0,7.0,363.61,235.85,Personal Care,Skin Care,FamilyChoice,1.8429883,62.0,1.8429883,33.6410166033067,60.1570117,0.0,0.0,0.0,False,55.289649,6.710351000000003,True,12.1,OVERSTOCK,MARKDOWN,0.0,1582.6362833500007,1582.64,LOW,Inventory exceeds the 30-day demand coverage target,7.0
2025-12-22,ST20,SKU02745,1,1.8957276,66.0,0.0,38.0,15.0,7.0,241.52,171.86,Dairy & Bakery,Eggs,MetroBrand,1.8957276,66.0,1.8957276,34.815128502639304,64.1042724,0.0,0.0,0.0,False,56.871828,9.128172,True,16.1,OVERSTOCK,MARKDOWN,0.0,1568.76763992,1568.77,LOW,Inventory exceeds the 30-day demand coverage target,9.0
2025-12-11,ST21,SKU04805,1,1.869293,75.0,0.0,34.0,14.0,7.0,136.32,82.81,Personal Care,Oral Care,EverydayPlus,1.869293,75.0,1.869293,40.12212103720498,73.130707,0.0,0.0,0.0,False,56.078790000000005,18.921209999999995,True,33.7,OVERSTOCK,MARKDOWN,0.0,1566.8654000999995,1566.87,LOW,Inventory exceeds the 30-day demand coverage target,19.0
2025-12-05,ST17,SKU02531,1,1.983936,77.0,0.0,46.0,14.0,7.0,143.49,88.48,Beverages,Bottled Water,MetroBrand,1.983936,77.0,1.983936,38.81173586244718,75.016064,0.0,0.0,0.0,False,59.51808,17.481920000000002,True,29.4,OVERSTOCK,MARKDOWN,0.0,1546.8002816000003,1546.8,LOW,Inventory exceeds the 30-day demand coverage target,17.0
2025-12-22,ST15,SKU04917,3,1.7982413,61.0,0.0,31.0,7.0,7.0,282.51,195.58,Frozen Foods,Ready Meals,PureLife,1.7982413,61.0,1.7982413,33.92203259929577,59.2017587,0.0,0.0,0.0,False,53.947238999999996,7.052761000000004,True,13.1,OVERSTOCK,MARKDOWN,0.0,1379.378996380001,1379.38,LOW,Inventory exceeds the 30-day demand coverage target,7.0
2025-12-16,ST19,SKU00298,4,1.9486327,64.0,0.0,23.0,11.0,7.0,383.06,244.57,Stationery & Office,Writing Instruments,GreenValley,1.9486327,64.0,1.9486327,32.843542038476514,62.0513673,0.0,0.0,0.0,False,58.458981,5.541018999999999,True,9.5,OVERSTOCK,MARKDOWN,0.0,1355.1670168299995,1355.17,LOW,Inventory exceeds the 30-day demand coverage target,6.0
2025-12-06,ST26,SKU04251,3,1.8739434,66.0,0.0,44.0,16.0,7.0,184.58,138.24,Personal Care,Oral Care,DailyBest,1.8739434,66.0,1.8739434,35.21984708823116,64.1260566,0.0,0.0,0.0,False,56.218301999999994,9.781698000000006,True,17.4,OVERSTOCK,MARKDOWN,0.0,1352.221931520001,1352.22,LOW,Inventory exceeds the 30-day demand coverage target,10.0
2025-12-23,ST20,SKU00545,3,1.795794,78.0,0.0,71.0,35.0,7.0,88.18,55.82,Beverages,Tea,TrueTaste,1.795794,78.0,1.795794,43.434826043521696,76.204206,0.0,0.0,0.0,False,53.873819999999995,24.126180000000005,True,44.8,OVERSTOCK,MARKDOWN,0.0,1346.7233676000003,1346.72,LOW,Inventory exceeds the 30-day demand coverage target,24.0
2025-12-13,ST02,SKU03547,1,1.9415987,80.0,0.0,41.0,11.0,7.0,99.34,60.27,Dairy & Bakery,Eggs,EliteHome,1.9415987,80.0,1.9415987,41.20315902560092,78.0584013,0.0,0.0,0.0,False,58.247961,21.752039000000003,True,37.3,OVERSTOCK,MARKDOWN,0.0,1310.9953905300003,1311.0,LOW,Inventory exceeds the 30-day demand coverage target,22.0
2025-12-17,ST18,SKU01063,3,1.8681924,78.0,0.0,52.0,15.0,7.0,103.23,58.09,Home Care,Surface Cleaners,DailyBest,1.8681924,78.0,1.8681924,41.75158832676977,76.1318076,0.0,0.0,0.0,False,56.045772,21.954228,True,39.2,OVERSTOCK,MARKDOWN,0.0,1275.32110452,1275.32,LOW,Inventory exceeds the 30-day demand coverage target,22.0
2025-12-27,ST04,SKU04507,1,1.8548197,69.0,0.0,27.0,8.0,7.0,129.78,94.04,Beverages,Energy Drinks,UrbanBite,1.8548197,69.0,1.8548197,37.20038125538563,67.1451803,0.0,0.0,0.0,False,55.644591,13.355409000000002,True,24.0,OVERSTOCK,MARKDOWN,0.0,1255.9426623600002,1255.94,LOW,Inventory exceeds the 30-day demand coverage target,13.0
2025-12-10,ST27,SKU02384,2,1.8966451,74.0,0.0,30.0,11.0,7.0,108.71,72.33,Snacks & Confectionery,Chocolates,DailyBest,1.8966451,74.0,1.8966451,39.016260870312536,72.1033549,0.0,0.0,0.0,False,56.899353,17.100647000000002,True,30.1,OVERSTOCK,MARKDOWN,0.0,1236.88979751,1236.89,LOW,Inventory exceeds the 30-day demand coverage target,17.0
2025-12-16,ST17,SKU01902,2,1.9673173,86.0,0.0,45.0,9.0,7.0,65.43,44.77,Dairy & Bakery,Butter & Ghee,FamilyChoice,1.9673173,86.0,1.9673173,43.71435151818164,84.0326827,0.0,0.0,0.0,False,59.019518999999995,26.980481000000005,True,45.7,OVERSTOCK,MARKDOWN,0.0,1207.9161343700002,1207.92,LOW,Inventory exceeds the 30-day demand coverage target,27.0
2025-12-31,ST22,SKU03319,1,1.9047844,62.0,0.0,33.0,12.0,7.0,397.04,245.81,Frozen Foods,Ice Cream,EverydayPlus,1.9047844,62.0,1.9047844,32.549615589039895,60.0952156,0.0,0.0,0.0,False,57.143532,4.856468,True,8.5,OVERSTOCK,MARKDOWN,0.0,1193.7683990799999,1193.77,LOW,Inventory exceeds the 30-day demand coverage target,5.0
2025-12-07,ST14,SKU00106,4,1.8958452,67.0,0.0,66.0,32.0,7.0,200.8,112.38,Beverages,Bottled Water,CrispKing,1.8958452,67.0,1.8958452,35.34043813281802,65.1041548,0.0,0.0,0.0,False,56.875356,10.124644000000004,True,17.8,OVERSTOCK,MARKDOWN,0.0,1137.8074927200003,1137.81,LOW,Inventory exceeds the 30-day demand coverage target,10.0
2025-12-16,ST06,SKU03143,1,1.8025469,78.0,0.0,38.0,8.0,7.0,76.2,45.38,Snacks & Confectionery,Chips & Crisps,NovaFresh,1.8025469,78.0,1.8025469,43.27210570776272,76.1974531,0.0,0.0,0.0,False,54.076407,23.923592999999997,True,44.2,OVERSTOCK,MARKDOWN,0.0,1085.6526503399998,1085.65,LOW,Inventory exceeds the 30-day demand coverage target,24.0
2025-12-16,ST29,SKU04462,2,1.8691334,64.0,0.0,47.0,17.0,7.0,191.58,135.99,Dairy & Bakery,Eggs,EverydayPlus,1.8691334,64.0,1.8691334,34.24046673180202,62.1308666,0.0,0.0,0.0,False,56.074002,7.925998,True,14.1,OVERSTOCK,MARKDOWN,0.0,1077.85646802,1077.86,LOW,Inventory exceeds the 30-day demand coverage target,8.0
2025-12-09,ST06,SKU00436,1,2.0699296,72.0,0.0,71.0,17.0,7.0,146.23,107.75,Stationery & Office,Office Supplies,PremiumSelect,2.0699296,72.0,2.0699296,34.7837916806446,69.9300704,0.0,0.0,0.0,False,62.097888,9.902112000000002,True,15.9,OVERSTOCK,MARKDOWN,0.0,1066.9525680000002,1066.95,LOW,Inventory exceeds the 30-day demand coverage target,10.0
2025-12-19,ST25,SKU01395,1,2.0978925,75.0,0.0,31.0,6.0,7.0,122.37,86.92,Snacks & Confectionery,Chips & Crisps,PremiumSelect,2.0978925,75.0,2.0978925,35.750163556998274,72.9021075,0.0,0.0,0.0,False,62.936775,12.063225000000003,True,19.2,OVERSTOCK,MARKDOWN,0.0,1048.5355170000003,1048.54,LOW,Inventory exceeds the 30-day demand coverage target,12.0
2025-12-23,ST09,SKU04489,2,1.8383044,60.0,0.0,26.0,6.0,7.0,251.01,200.07,Health & Wellness,OTC Medicine,PureLife,1.8383044,60.0,1.8383044,32.638772991023686,58.1616956,0.0,0.0,0.0,False,55.149132,4.850867999999998,True,8.8,OVERSTOCK,MARKDOWN,0.0,970.5131607599997,970.51,LOW,Inventory exceeds the 30-day demand coverage target,5.0
2025-12-10,ST09,SKU01547,1,1.8382044,65.0,0.0,47.0,14.0,7.0,165.64,97.6,Home Care,Pest Control,SparkleClean,1.8382044,65.0,1.8382044,35.36059428429178,63.1617956,0.0,0.0,0.0,False,55.146132,9.853867999999999,True,17.9,OVERSTOCK,MARKDOWN,0.0,961.7375167999998,961.74,LOW,Inventory exceeds the 30-day demand coverage target,10.0
2025-12-24,ST02,SKU02333,2,1.9759941,87.0,0.0,76.0,20.0,7.0,53.1,34.47,Snacks & Confectionery,Chocolates,NovaFresh,1.9759941,87.0,1.9759941,44.02847154250106,85.0240059,0.0,0.0,0.0,False,59.279823,27.720177,True,46.8,OVERSTOCK,MARKDOWN,0.0,955.5145011899999,955.51,LOW,Inventory exceeds the 30-day demand coverage target,28.0
2025-12-28,ST06,SKU00724,2,1.9992591,78.0,0.0,36.0,8.0,7.0,69.99,52.27,Beverages,Juices,BasicNeeds,1.9992591,78.0,1.9992591,39.01445290407832,76.0007409,0.0,0.0,0.0,False,59.977773,18.022227,True,30.0,OVERSTOCK,MARKDOWN,0.0,942.0218052900001,942.02,LOW,Inventory exceeds the 30-day demand coverage target,18.0
2025-12-31,ST13,SKU03869,2,1.6439894,62.0,0.0,26.0,12.0,7.0,109.56,73.46,Snacks & Confectionery,Chips & Crisps,EliteHome,1.6439894,62.0,1.6439894,37.71313853970105,60.3560106,0.0,0.0,0.0,False,49.319682,12.680318,True,25.7,OVERSTOCK,MARKDOWN,0.0,931.4961602799999,931.5,LOW,Inventory exceeds the 30-day demand coverage target,13.0
2025-12-09,ST03,SKU03901,1,1.9979625,74.0,0.0,31.0,14.0,7.0,110.45,64.93,Dairy & Bakery,Milk,CrispKing,1.9979625,74.0,1.9979625,37.037732189668226,72.0020375,0.0,0.0,0.0,False,59.938875,14.061124999999997,True,23.5,OVERSTOCK,MARKDOWN,0.0,912.9888462499999,912.99,LOW,Inventory exceeds the 30-day demand coverage target,14.0
2025-12-17,ST14,SKU03783,2,1.8635793,57.0,0.0,31.0,12.0,7.0,1069.2,832.79,Electronics & Accessories,Batteries,CrispKing,1.8635793,57.0,1.8635793,30.58630239131761,55.1364207,0.0,0.0,0.0,False,55.907379,1.0926210000000012,True,2.0,OVERSTOCK,MARKDOWN,0.0,909.923842590001,909.92,LOW,Inventory exceeds the 30-day demand coverage target,1.0
2025-12-29,ST17,SKU04422,2,1.9703972,77.0,0.0,39.0,15.0,7.0,68.36,50.65,Beverages,Energy Drinks,SmartBuy,1.9703972,77.0,1.9703972,39.0784152555637,75.0296028,0.0,0.0,0.0,False,59.111916,17.888084,True,30.3,OVERSTOCK,MARKDOWN,0.0,906.0314546,906.03,LOW,Inventory exceeds the 30-day demand coverage target,18.0
2025-12-02,ST29,SKU02825,1,2.2242987,73.0,0.0,26.0,10.0,7.0,212.23,124.79,Grocery,Rice & Grains,NovaFresh,2.2242987,73.0,2.2242987,32.81933312284002,70.7757013,0.0,0.0,0.0,False,66.728961,6.271039000000002,True,9.4,OVERSTOCK,MARKDOWN,0.0,782.5629568100003,782.56,LOW,Inventory exceeds the 30-day demand coverage target,6.0
2025-12-13,ST07,SKU01440,2,1.891839,63.0,0.0,34.0,12.0,7.0,183.65,125.23,Grocery,Cooking Oil,HealthFirst,1.891839,63.0,1.891839,33.300930998885214,61.108161,0.0,0.0,0.0,False,56.75517,6.24483,True,11.0,OVERSTOCK,MARKDOWN,0.0,782.0400609000001,782.04,LOW,Inventory exceeds the 30-day demand coverage target,6.0
2025-12-05,ST30,SKU01908,2,1.9176491,58.0,0.0,22.0,7.0,7.0,2110.37,1602.59,Electronics & Accessories,Small Appliances,SmartBuy,1.9176491,58.0,1.9176491,30.245366579318397,56.0823509,0.0,0.0,0.0,False,57.529473,0.47052699999999703,True,0.8,OVERSTOCK,MARKDOWN,0.0,754.0618649299952,754.06,LOW,Inventory exceeds the 30-day demand coverage target,0.0
2025-12-13,ST22,SKU00197,1,1.9134284,61.0,0.0,32.0,16.0,7.0,330.62,198.47,Stationery & Office,Writing Instruments,NatureBlend,1.9134284,61.0,1.9134284,31.879949100786842,59.0865716,0.0,0.0,0.0,False,57.402851999999996,3.5971480000000042,True,6.3,OVERSTOCK,MARKDOWN,0.0,713.9259635600008,713.93,LOW,Inventory exceeds the 30-day demand coverage target,4.0
2025-12-25,ST14,SKU04591,1,1.7681937,59.0,0.0,47.0,18.0,7.0,186.58,119.57,Dairy & Bakery,Butter & Ghee,SunriseFoods,1.7681937,59.0,1.7681937,33.367385032533484,57.2318063,0.0,0.0,0.0,False,53.045811,5.9541889999999995,True,11.2,OVERSTOCK,MARKDOWN,0.0,711.9423787299999,711.94,LOW,Inventory exceeds the 30-day demand coverage target,6.0
2025-12-25,ST26,SKU03638,1,1.9003961,64.0,0.0,53.0,21.0,7.0,133.01,100.24,Grocery,Flour & Atta,CrispKing,1.9003961,64.0,1.9003961,33.67718971850132,62.0996039,0.0,0.0,0.0,False,57.011883,6.988117000000003,True,12.3,OVERSTOCK,MARKDOWN,0.0,700.4888480800003,700.49,LOW,Inventory exceeds the 30-day demand coverage target,7.0
2025-12-23,ST28,SKU04570,4,1.926256,67.0,0.0,25.0,11.0,7.0,122.7,74.63,Beverages,Juices,QuickBite,1.926256,67.0,1.926256,34.782500353016424,65.073744,0.0,0.0,0.0,False,57.78768,9.212319999999998,True,15.9,OVERSTOCK,MARKDOWN,0.0,687.5154415999998,687.52,LOW,Inventory exceeds the 30-day demand coverage target,9.0
2025-12-24,ST01,SKU00365,4,1.868894,67.0,0.0,51.0,14.0,7.0,78.0,61.69,Stationery & Office,Writing Instruments,CleanWave,1.868894,67.0,1.868894,35.850080314881424,65.131106,0.0,0.0,0.0,False,56.06682,10.93318,True,19.5,OVERSTOCK,MARKDOWN,0.0,674.4678742,674.47,LOW,Inventory exceeds the 30-day demand coverage target,11.0
2025-12-14,ST11,SKU03702,1,1.8302096,57.0,0.0,33.0,15.0,7.0,473.65,320.92,Grocery,Cooking Oil,HomeStyle,1.8302096,57.0,1.8302096,31.143973892389155,55.1697904,0.0,0.0,0.0,False,54.906288,2.0937119999999965,True,3.8,OVERSTOCK,MARKDOWN,0.0,671.9140550399989,671.91,LOW,Inventory exceeds the 30-day demand coverage target,2.0
2025-12-22,ST21,SKU00654,2,1.8106681,70.0,0.0,23.0,8.0,7.0,72.62,42.56,Stationery & Office,Office Supplies,CrispKing,1.8106681,70.0,1.8106681,38.65976321115946,68.1893319,0.0,0.0,0.0,False,54.320043,15.679957000000002,True,28.9,OVERSTOCK,MARKDOWN,0.0,667.3389699200001,667.34,LOW,Inventory exceeds the 30-day demand coverage target,16.0
2025-12-30,ST07,SKU00744,3,1.8455961,60.0,0.0,52.0,15.0,7.0,185.96,136.14,Stationery & Office,Notebooks,BasicNeeds,1.8455961,60.0,1.8455961,32.50982162348522,58.1544039,0.0,0.0,0.0,False,55.367883,4.632117000000001,True,8.4,OVERSTOCK,MARKDOWN,0.0,630.61640838,630.62,LOW,Inventory exceeds the 30-day demand coverage target,5.0
2025-12-06,ST14,SKU00680,1,1.9336503,63.0,0.0,33.0,13.0,7.0,154.23,120.89,Grocery,Cooking Oil,SparkleClean,1.9336503,63.0,1.9336503,32.580865319856436,61.0663497,0.0,0.0,0.0,False,58.009509,4.990490999999999,True,8.6,OVERSTOCK,MARKDOWN,0.0,603.3004569899998,603.3,LOW,Inventory exceeds the 30-day demand coverage target,5.0
2025-12-05,ST14,SKU01469,1,2.0390701,71.0,0.0,60.0,23.0,7.0,69.23,54.43,Beverages,Juices,CleanWave,2.0390701,71.0,2.0390701,34.81979359120611,68.9609299,0.0,0.0,0.0,False,61.172103,9.827897,True,16.1,OVERSTOCK,MARKDOWN,0.0,534.93243371,534.93,LOW,Inventory exceeds the 30-day demand coverage target,10.0
2025-12-12,ST25,SKU01293,4,1.987327,63.0,0.0,41.0,17.0,7.0,228.78,151.47,Stationery & Office,Writing Instruments,ZestyCo,1.987327,63.0,1.987327,31.70087257909745,61.012673,0.0,0.0,0.0,False,59.61981,3.380189999999999,True,5.7,OVERSTOCK,MARKDOWN,0.0,511.9973792999998,512.0,LOW,Inventory exceeds the 30-day demand coverage target,3.0
2025-12-07,ST07,SKU03988,3,1.8573251,59.0,0.0,59.0,19.0,7.0,227.15,153.56,Dairy & Bakery,Bread,PrimeCare,1.8573251,59.0,1.8573251,31.766113536074002,57.1426749,0.0,0.0,0.0,False,55.719753,3.280247000000003,True,5.9,OVERSTOCK,MARKDOWN,0.0,503.71472932000046,503.71,LOW,Inventory exceeds the 30-day demand coverage target,3.0
2025-12-22,ST30,SKU01048,3,2.0344396,70.0,0.0,25.0,11.0,7.0,96.18,54.31,Stationery & Office,Notebooks,EliteHome,2.0344396,70.0,2.0344396,34.40750956676227,67.9655604,0.0,0.0,0.0,False,61.033187999999996,8.966812000000004,True,14.7,OVERSTOCK,MARKDOWN,0.0,486.98755972000026,486.99,LOW,Inventory exceeds the 30-day demand coverage target,9.0
2025-12-16,ST28,SKU00291,1,1.8669508,59.0,0.0,52.0,18.0,7.0,190.44,150.55,Stationery & Office,Writing Instruments,SunriseFoods,1.8669508,59.0,1.8669508,31.6023325306698,57.1330492,0.0,0.0,0.0,False,56.008523999999994,2.991476000000006,True,5.3,OVERSTOCK,MARKDOWN,0.0,450.3667118000009,450.37,LOW,Inventory exceeds the 30-day demand coverage target,3.0
2025-12-11,ST01,SKU04214,1,1.8898406,73.0,0.0,54.0,25.0,7.0,34.09,27.11,Stationery & Office,Notebooks,EverydayPlus,1.8898406,73.0,1.8898406,38.627596422682416,71.1101594,0.0,0.0,0.0,False,56.695218000000004,16.304781999999996,True,28.8,OVERSTOCK,MARKDOWN,0.0,442.02264001999987,442.02,LOW,Inventory exceeds the 30-day demand coverage target,16.0
2025-12-23,ST29,SKU02594,1,1.9170281,66.0,0.0,40.0,20.0,7.0,71.91,44.0,Stationery & Office,Notebooks,PurePlus,1.9170281,66.0,1.9170281,34.428290331268485,64.0829719,0.0,0.0,0.0,False,57.510843,8.489156999999999,True,14.8,OVERSTOCK,MARKDOWN,0.0,373.5229079999999,373.52,LOW,Inventory exceeds the 30-day demand coverage target,8.0
2025-12-02,ST05,SKU02245,1,1.8602451,59.0,0.0,41.0,9.0,7.0,159.32,115.42,Home Care,Surface Cleaners,NutriPlus,1.8602451,59.0,1.8602451,31.716250724165327,57.1397549,0.0,0.0,0.0,False,55.807353,3.192647000000001,True,5.7,OVERSTOCK,MARKDOWN,0.0,368.49531674000013,368.5,LOW,Inventory exceeds the 30-day demand coverage target,3.0
2025-12-20,ST10,SKU01451,2,1.99791,64.0,0.0,31.0,9.0,7.0,119.56,84.67,Dairy & Bakery,Milk,FamilyChoice,1.99791,64.0,1.99791,32.03347498135552,62.00209,0.0,0.0,0.0,False,59.9373,4.0626999999999995,True,6.8,OVERSTOCK,MARKDOWN,0.0,343.98880899999995,343.99,LOW,Inventory exceeds the 30-day demand coverage target,4.0
2025-12-28,ST28,SKU01804,1,1.9249419,60.0,0.0,36.0,11.0,7.0,220.92,148.59,Home Care,Pest Control,TrueTaste,1.9249419,60.0,1.9249419,31.169771929220303,58.0750581,0.0,0.0,0.0,False,57.748257,2.2517429999999976,True,3.9,OVERSTOCK,MARKDOWN,0.0,334.58649236999963,334.59,LOW,Inventory exceeds the 30-day demand coverage target,2.0
2025-12-22,ST07,SKU01882,2,1.8618609,62.0,0.0,62.0,15.0,7.0,69.32,53.44,Snacks & Confectionery,Namkeen,PurePlus,1.8618609,62.0,1.8618609,33.300017203218566,60.138139100000004,0.0,0.0,0.0,False,55.855827,6.144173000000002,True,11.0,OVERSTOCK,MARKDOWN,0.0,328.3446051200001,328.34,LOW,Inventory exceeds the 30-day demand coverage target,6.0
2025-12-12,ST17,SKU04699,1,2.0019848,63.0,0.0,39.0,11.0,7.0,143.53,103.16,Beverages,Tea,UrbanBite,2.0019848,63.0,2.0019848,31.468770392262723,60.9980152,0.0,0.0,0.0,False,60.059543999999995,2.9404560000000046,True,4.9,OVERSTOCK,MARKDOWN,0.0,303.3374409600005,303.34,LOW,Inventory exceeds the 30-day demand coverage target,3.0
2025-12-09,ST03,SKU04350,3,1.9943001,61.0,0.0,27.0,7.0,7.0,394.93,254.76,Personal Care,Skin Care,NutriPlus,1.9943001,61.0,1.9943001,30.587171910586576,59.0056999,0.0,0.0,0.0,False,59.829003,1.1709969999999998,True,2.0,OVERSTOCK,MARKDOWN,0.0,298.32319571999994,298.32,LOW,Inventory exceeds the 30-day demand coverage target,1.0
2025-12-18,ST07,SKU03540,4,1.835048,57.0,0.0,32.0,7.0,7.0,203.99,134.81,Snacks & Confectionery,Namkeen,NutriPlus,1.835048,57.0,1.835048,31.061857782466724,55.164952,0.0,0.0,0.0,False,55.05144,1.9485600000000005,True,3.5,OVERSTOCK,MARKDOWN,0.0,262.68537360000005,262.69,LOW,Inventory exceeds the 30-day demand coverage target,2.0
2025-12-04,ST07,SKU04934,2,1.8852538,58.0,0.0,27.0,12.0,7.0,223.16,177.45,Home Care,Laundry,SoftTouch,1.8852538,58.0,1.8852538,30.76508849895966,56.1147462,0.0,0.0,0.0,False,56.557614,1.442385999999999,True,2.6,OVERSTOCK,MARKDOWN,0.0,255.9513956999998,255.95,LOW,Inventory exceeds the 30-day demand coverage target,1.0
2025-12-05,ST14,SKU01313,1,1.8788333,57.0,0.0,34.0,14.0,7.0,438.16,268.64,Grocery,Pulses & Lentils,EliteHome,1.8788333,57.0,1.8788333,30.33797623237783,55.1211667,0.0,0.0,0.0,False,56.364999,0.6350010000000026,True,1.1,OVERSTOCK,MARKDOWN,0.0,170.58666864000068,170.59,LOW,Inventory exceeds the 30-day demand coverage target,1.0
2025-12-29,ST01,SKU00585,1,2.0136487,64.0,0.0,33.0,10.0,7.0,34.85,21.01,Snacks & Confectionery,Namkeen,SoftTouch,2.0136487,64.0,2.0136487,31.783100994726635,61.9863513,0.0,0.0,0.0,False,60.409461,3.5905389999999997,True,5.9,OVERSTOCK,MARKDOWN,0.0,75.43722439,75.44,LOW,Inventory exceeds the 30-day demand coverage target,4.0
2025-12-11,ST11,SKU04033,1,1.8574499,56.0,0.0,20.0,5.0,7.0,141.22,102.35,Beverages,Energy Drinks,SparkleClean,1.8574499,56.0,1.8574499,30.148861619363192,54.1425501,0.0,0.0,0.0,False,55.723497,0.27650299999999817,True,0.5,OVERSTOCK,MARKDOWN,0.0,28.300082049999812,28.3,LOW,Inventory exceeds the 30-day demand coverage target,0.0
2025-12-30,ST08,SKU00893,1,1.799457,54.0,0.0,32.0,9.0,7.0,690.66,488.07,Personal Care,Hair Care,FreshFarm,1.799457,54.0,1.799457,30.009052730907154,52.200543,0.0,0.0,0.0,False,53.98371,0.016289999999997917,True,0.0,OVERSTOCK,MARKDOWN,0.0,7.950660299998983,7.95,LOW,Inventory exceeds the 30-day demand coverage target,0.0
