date,store_id,sku_id,units_sold,prediction
2025-12-02,ST24,SKU00002,1,1.9337809
2025-12-02,ST15,SKU00013,2,1.8938674
2025-12-02,ST20,SKU00017,1,1.8902727
2025-12-02,ST07,SKU00019,3,1.8275058
2025-12-02,ST16,SKU00020,1,1.8420541
2025-12-02,ST20,SKU00036,1,1.9282445
2025-12-02,ST30,SKU00052,1,1.900024
2025-12-02,ST21,SKU00060,1,1.8384446
2025-12-02,ST27,SKU00079,1,1.8621905
2025-12-02,ST03,SKU00085,2,1.8546609
2025-12-02,ST09,SKU00086,3,1.9253322
2025-12-02,ST13,SKU00099,1,1.8103915
2025-12-02,ST17,SKU00103,1,1.9402968
2025-12-02,ST16,SKU00112,1,1.8915946
2025-12-02,ST09,SKU00119,1,1.7744572
2025-12-02,ST20,SKU00120,2,1.8682005
2025-12-02,ST03,SKU00121,3,1.8673364
2025-12-02,ST25,SKU00125,1,1.882405
2025-12-02,ST20,SKU00126,1,1.8284777
2025-12-02,ST27,SKU00129,1,1.9051595
2025-12-02,ST25,SKU00131,3,1.9261136
2025-12-02,ST12,SKU00132,3,1.8697233
2025-12-02,ST04,SKU00133,1,1.8088627
2025-12-02,ST03,SKU00139,2,1.8685743
2025-12-02,ST22,SKU00144,3,1.8579341
2025-12-02,ST28,SKU00158,1,1.8543986
2025-12-02,ST29,SKU00160,3,1.8610687
2025-12-02,ST03,SKU00168,1,1.9211404
2025-12-02,ST28,SKU00169,4,1.9513056
2025-12-02,ST01,SKU00172,4,1.8566252
2025-12-02,ST10,SKU00178,1,1.893374
2025-12-02,ST21,SKU00187,2,1.863701
2025-12-02,ST26,SKU00190,2,1.9046255
2025-12-02,ST06,SKU00192,2,1.8602602
2025-12-02,ST30,SKU00201,2,1.8484952
2025-12-02,ST22,SKU00209,1,1.6241703
2025-12-02,ST05,SKU00210,2,1.6629115
2025-12-02,ST29,SKU00211,2,1.9227948
2025-12-02,ST05,SKU00220,3,1.8309605
2025-12-02,ST09,SKU00234,4,1.8463855
2025-12-02,ST08,SKU00251,4,1.8765322
2025-12-02,ST15,SKU00256,1,1.8601122
2025-12-02,ST17,SKU00264,3,1.9523038
2025-12-02,ST23,SKU00273,1,1.856734
2025-12-02,ST28,SKU00286,1,1.9499996
2025-12-02,ST28,SKU00291,5,1.782719
2025-12-02,ST18,SKU00294,1,1.8859042
2025-12-02,ST06,SKU00299,2,1.8158412
2025-12-02,ST04,SKU00311,1,1.8822666
2025-12-02,ST08,SKU00312,1,1.6860005
2025-12-02,ST27,SKU00321,2,1.8483205
2025-12-02,ST06,SKU00325,2,1.9925681
2025-12-02,ST01,SKU00328,1,1.7270193
2025-12-02,ST18,SKU00337,1,1.858486
2025-12-02,ST08,SKU00345,4,1.8645852
2025-12-02,ST27,SKU00348,1,1.8770803
2025-12-02,ST15,SKU00349,1,1.842857
2025-12-02,ST09,SKU00355,2,1.3903904
2025-12-02,ST13,SKU00363,1,2.049696
2025-12-02,ST09,SKU00367,1,1.8537248
2025-12-02,ST21,SKU00371,2,1.7675741
2025-12-02,ST23,SKU00372,1,1.9625574
2025-12-02,ST17,SKU00373,2,2.0183656
2025-12-02,ST27,SKU00376,2,1.9205298
2025-12-02,ST15,SKU00378,2,1.8782316
2025-12-02,ST29,SKU00388,1,1.9330902
2025-12-02,ST12,SKU00399,1,1.855244
2025-12-02,ST19,SKU00405,3,1.993889
2025-12-02,ST29,SKU00406,2,1.7898006
2025-12-02,ST20,SKU00408,1,1.8524214
2025-12-02,ST28,SKU00416,1,2.153689
2025-12-02,ST18,SKU00426,1,1.7071419
2025-12-02,ST29,SKU00432,3,1.8593502
2025-12-02,ST30,SKU00433,2,1.8657289
2025-12-02,ST02,SKU00445,1,1.854213
2025-12-02,ST22,SKU00456,1,1.8222016
2025-12-02,ST14,SKU00457,1,1.8437128
2025-12-02,ST13,SKU00468,3,1.9454111
2025-12-02,ST06,SKU00485,5,1.8809211
2025-12-02,ST19,SKU00500,1,1.8763847
2025-12-02,ST06,SKU00506,1,1.8721659
2025-12-02,ST30,SKU00518,1,1.9243538
2025-12-02,ST29,SKU00520,2,1.8703755
2025-12-02,ST03,SKU00524,1,1.9754368
2025-12-02,ST17,SKU00530,1,1.7532349
2025-12-02,ST29,SKU00539,1,1.851186
2025-12-02,ST26,SKU00540,1,1.7527841
2025-12-02,ST01,SKU00541,2,1.9574851
2025-12-02,ST03,SKU00549,1,1.8868924
2025-12-02,ST04,SKU00552,4,1.8530176
2025-12-02,ST26,SKU00554,1,2.0423942
2025-12-02,ST22,SKU00556,2,1.9054208
2025-12-02,ST24,SKU00565,2,1.8428104
2025-12-02,ST22,SKU00572,2,1.8105978
2025-12-02,ST06,SKU00579,3,1.8788621
2025-12-02,ST11,SKU00584,2,1.9037851
2025-12-02,ST20,SKU00590,2,1.8740444
2025-12-02,ST01,SKU00596,5,1.8665625
2025-12-02,ST30,SKU00602,3,1.8389735
2025-12-02,ST05,SKU00605,2,1.8344997
2025-12-02,ST17,SKU00608,3,1.9450132
2025-12-02,ST07,SKU00610,2,1.7183135
2025-12-02,ST15,SKU00618,1,1.9757291
2025-12-02,ST25,SKU00621,1,1.8504515
2025-12-02,ST07,SKU00623,2,1.8198677
2025-12-02,ST24,SKU00628,2,1.955708
2025-12-02,ST22,SKU00635,1,1.838824
2025-12-02,ST18,SKU00637,1,1.8159732
2025-12-02,ST09,SKU00638,2,1.7553326
2025-12-02,ST29,SKU00669,3,1.9296099
2025-12-02,ST14,SKU00674,1,1.783264
2025-12-02,ST21,SKU00677,1,2.0961432
2025-12-02,ST05,SKU00680,1,1.7075677
2025-12-02,ST30,SKU00692,5,1.8585485
2025-12-02,ST15,SKU00695,4,1.9111896
2025-12-02,ST11,SKU00704,2,1.884521
2025-12-02,ST22,SKU00714,2,2.0760853
2025-12-02,ST27,SKU00715,3,1.8979117
2025-12-02,ST09,SKU00719,1,1.8617325
2025-12-02,ST09,SKU00729,3,1.8350098
2025-12-02,ST26,SKU00741,1,1.8783677
2025-12-02,ST30,SKU00742,1,1.9313084
2025-12-02,ST04,SKU00746,3,1.8190217
2025-12-02,ST22,SKU00757,3,1.8448243
2025-12-02,ST03,SKU00762,1,1.9360732
2025-12-02,ST28,SKU00763,1,1.8528632
2025-12-02,ST12,SKU00772,2,1.8662809
2025-12-02,ST22,SKU00774,2,1.972665
2025-12-02,ST04,SKU00777,1,1.9130195
2025-12-02,ST14,SKU00784,1,1.8214349
2025-12-02,ST24,SKU00807,1,1.8935369
2025-12-02,ST11,SKU00809,2,1.8428342
2025-12-02,ST21,SKU00814,2,1.7958356
2025-12-02,ST17,SKU00830,2,1.8948212
2025-12-02,ST22,SKU00832,1,1.814818
2025-12-02,ST16,SKU00833,2,1.8296684
2025-12-02,ST28,SKU00845,1,1.9589955
2025-12-02,ST19,SKU00861,1,1.9312623
2025-12-02,ST28,SKU00868,1,1.8725693
2025-12-02,ST07,SKU00870,2,1.8568345
2025-12-02,ST10,SKU00873,1,1.8460418
2025-12-02,ST25,SKU00875,2,1.9023919
2025-12-02,ST09,SKU00876,1,1.9305426
2025-12-02,ST03,SKU00883,2,1.8718277
2025-12-02,ST27,SKU00884,3,1.869685
2025-12-02,ST03,SKU00887,1,1.8850667
2025-12-02,ST11,SKU00895,1,1.8518201
2025-12-02,ST28,SKU00899,1,1.9107009
2025-12-02,ST26,SKU00901,1,1.9449139
2025-12-02,ST19,SKU00912,4,1.9016689
2025-12-02,ST18,SKU00913,3,1.8592435
2025-12-02,ST27,SKU00920,1,1.8062972
2025-12-02,ST27,SKU00942,1,1.8162105
2025-12-02,ST27,SKU00945,1,1.8391365
2025-12-02,ST08,SKU00952,1,1.7836963
2025-12-02,ST21,SKU00953,3,2.0023406
2025-12-02,ST21,SKU00967,1,1.7873415
2025-12-02,ST21,SKU00976,2,1.9089859
2025-12-02,ST30,SKU00994,1,1.8498936
2025-12-02,ST16,SKU00996,2,1.8722056
2025-12-02,ST23,SKU01009,3,2.01329
2025-12-02,ST17,SKU01010,1,1.8553827
2025-12-02,ST26,SKU01021,2,1.7563702
2025-12-02,ST30,SKU01026,2,1.8613808
2025-12-02,ST01,SKU01027,1,2.0374787
2025-12-02,ST20,SKU01035,3,1.9132079
2025-12-02,ST12,SKU01037,1,1.8424419
2025-12-02,ST21,SKU01040,2,1.87602
2025-12-02,ST09,SKU01043,4,1.9238641
2025-12-02,ST06,SKU01047,5,1.9075388
2025-12-02,ST20,SKU01048,3,1.785929
2025-12-02,ST21,SKU01049,2,1.8365873
2025-12-02,ST27,SKU01054,1,1.8594158
2025-12-02,ST01,SKU01075,1,1.8775861
2025-12-02,ST06,SKU01085,1,1.8833671
2025-12-02,ST20,SKU01088,3,1.8863794
2025-12-02,ST22,SKU01092,1,1.8914517
2025-12-02,ST19,SKU01102,2,1.7684778
2025-12-02,ST04,SKU01103,1,1.8770108
2025-12-02,ST25,SKU01107,1,2.0615354
2025-12-02,ST17,SKU01110,2,1.9466649
2025-12-02,ST29,SKU01112,1,1.7860389
2025-12-02,ST17,SKU01115,1,1.7135664
2025-12-02,ST04,SKU01120,2,1.8203461
2025-12-02,ST07,SKU01127,1,1.8661014
2025-12-02,ST29,SKU01129,3,1.8335229
2025-12-02,ST12,SKU01137,1,1.9350741
2025-12-02,ST20,SKU01152,2,1.9707174
2025-12-02,ST10,SKU01153,1,1.853929
2025-12-02,ST28,SKU01155,5,1.7821523
2025-12-02,ST23,SKU01164,1,1.7997912
2025-12-02,ST21,SKU01166,1,1.8091297
2025-12-02,ST03,SKU01171,1,1.8865128
2025-12-02,ST28,SKU01174,1,1.8727895
2025-12-02,ST11,SKU01176,2,1.9062772
2025-12-02,ST24,SKU01189,1,2.0329108
2025-12-02,ST11,SKU01190,2,1.9576106
2025-12-02,ST07,SKU01192,3,1.8693116
2025-12-02,ST06,SKU01193,1,1.8799651
2025-12-02,ST22,SKU01194,2,1.945516
2025-12-02,ST15,SKU01195,1,1.9094187
2025-12-02,ST27,SKU01211,4,1.8773162
2025-12-02,ST02,SKU01215,3,1.8596734
2025-12-02,ST27,SKU01232,2,1.9087783
2025-12-02,ST07,SKU01238,2,1.853731
2025-12-02,ST10,SKU01239,1,1.7567357
2025-12-02,ST22,SKU01261,3,1.8770096
2025-12-02,ST13,SKU01262,2,1.8586278
2025-12-02,ST23,SKU01266,3,1.89079
2025-12-02,ST26,SKU01273,3,1.817327
2025-12-02,ST23,SKU01275,2,1.8656763
2025-12-02,ST29,SKU01278,3,1.854924
2025-12-02,ST10,SKU01285,1,1.8450813
2025-12-02,ST14,SKU01288,1,1.8367368
2025-12-02,ST03,SKU01293,1,1.74972
2025-12-02,ST26,SKU01301,2,1.755721
2025-12-02,ST06,SKU01317,3,1.8219216
2025-12-02,ST21,SKU01319,1,1.8935966
2025-12-02,ST17,SKU01328,1,1.8780396
2025-12-02,ST09,SKU01330,2,1.9651645
2025-12-02,ST12,SKU01358,1,1.8849839
2025-12-02,ST01,SKU01359,3,1.8895423
2025-12-02,ST15,SKU01365,1,1.8842127
2025-12-02,ST21,SKU01366,2,1.879448
2025-12-02,ST21,SKU01367,1,1.8641819
2025-12-02,ST18,SKU01371,2,1.8701284
2025-12-02,ST30,SKU01413,1,1.851749
2025-12-02,ST24,SKU01420,2,1.9101255
2025-12-02,ST15,SKU01435,5,1.9349444
2025-12-02,ST22,SKU01438,1,1.8637716
2025-12-02,ST06,SKU01439,1,1.8648952
2025-12-02,ST22,SKU01443,1,1.9535816
2025-12-02,ST20,SKU01449,1,1.7985308
2025-12-02,ST07,SKU01454,2,1.8686737
2025-12-02,ST22,SKU01466,1,2.0133698
2025-12-02,ST07,SKU01468,1,2.1118784
2025-12-02,ST29,SKU01483,2,1.863539
2025-12-02,ST12,SKU01488,1,1.9875131
2025-12-02,ST30,SKU01489,3,1.8090504
2025-12-02,ST07,SKU01497,1,1.8637575
2025-12-02,ST01,SKU01499,1,1.8338621
2025-12-02,ST22,SKU01502,2,1.8436364
2025-12-02,ST20,SKU01504,3,1.8966025
2025-12-02,ST30,SKU01507,1,1.9168996
2025-12-02,ST22,SKU01519,3,1.8884419
2025-12-02,ST26,SKU01531,1,1.8695143
2025-12-02,ST28,SKU01534,1,1.9908248
2025-12-02,ST29,SKU01535,4,1.9377849
2025-12-02,ST04,SKU01541,2,1.8861607
2025-12-02,ST19,SKU01555,1,1.8253325
2025-12-02,ST30,SKU01563,1,2.0439327
2025-12-02,ST06,SKU01577,1,1.8942777
2025-12-02,ST26,SKU01578,2,1.8717395
2025-12-02,ST21,SKU01582,1,1.8756516
2025-12-02,ST18,SKU01590,1,1.8952012
2025-12-02,ST08,SKU01593,1,1.8409964
2025-12-02,ST14,SKU01594,1,1.8770503
2025-12-02,ST03,SKU01598,1,1.903885
2025-12-02,ST01,SKU01603,1,1.9238977
2025-12-02,ST11,SKU01609,2,1.8179882
2025-12-02,ST02,SKU01610,4,1.8504025
2025-12-02,ST22,SKU01623,1,1.9102197
2025-12-02,ST29,SKU01630,1,1.8542084
2025-12-02,ST04,SKU01651,2,1.9037268
2025-12-02,ST29,SKU01652,1,1.8275706
2025-12-02,ST11,SKU01662,1,1.8923087
2025-12-02,ST15,SKU01673,1,1.8443661
2025-12-02,ST08,SKU01677,1,1.8915803
2025-12-02,ST14,SKU01685,1,1.877167
2025-12-02,ST04,SKU01686,2,1.8870968
2025-12-02,ST26,SKU01693,1,1.8400173
2025-12-02,ST04,SKU01700,1,1.8706431
2025-12-02,ST18,SKU01703,2,1.8305761
2025-12-02,ST07,SKU01706,1,1.9214528
2025-12-02,ST11,SKU01710,3,1.8490393
2025-12-02,ST10,SKU01717,3,1.9237285
2025-12-02,ST12,SKU01724,3,1.8726141
2025-12-02,ST18,SKU01729,2,1.9613053
2025-12-02,ST26,SKU01737,4,1.803617
2025-12-02,ST25,SKU01746,3,1.9217926
2025-12-02,ST10,SKU01753,1,1.8574641
2025-12-02,ST14,SKU01762,3,1.973295
2025-12-02,ST08,SKU01774,1,2.0667074
2025-12-02,ST23,SKU01775,2,1.8541067
2025-12-02,ST28,SKU01778,4,1.9584675
2025-12-02,ST20,SKU01784,4,1.798179
2025-12-02,ST07,SKU01787,1,1.8737488
2025-12-02,ST30,SKU01804,1,1.9404311
2025-12-02,ST22,SKU01808,2,1.9487557
2025-12-02,ST12,SKU01815,3,1.9191344
2025-12-02,ST30,SKU01817,2,1.8487417
2025-12-02,ST07,SKU01825,2,1.8577849
2025-12-02,ST20,SKU01829,1,1.872722
2025-12-02,ST04,SKU01831,1,1.8092979
2025-12-02,ST30,SKU01836,1,1.907034
2025-12-02,ST27,SKU01850,2,1.8623819
2025-12-02,ST30,SKU01866,3,1.882444
2025-12-02,ST07,SKU01871,3,1.9092292
2025-12-02,ST29,SKU01878,1,1.7532127
2025-12-02,ST06,SKU01889,2,1.8420558
2025-12-02,ST25,SKU01890,1,1.901362
2025-12-02,ST08,SKU01902,2,1.7677964
2025-12-02,ST06,SKU01904,1,1.8812808
2025-12-02,ST21,SKU01912,4,1.8212757
2025-12-02,ST27,SKU01914,3,1.8322775
2025-12-02,ST26,SKU01925,4,1.8242846
2025-12-02,ST18,SKU01940,2,1.8975959
2025-12-02,ST07,SKU01947,2,1.8938516
2025-12-02,ST17,SKU01952,3,1.8740965
2025-12-02,ST14,SKU01966,2,1.8857906
2025-12-02,ST10,SKU01967,1,1.9038264
2025-12-02,ST21,SKU01972,2,1.8646004
2025-12-02,ST01,SKU01975,3,1.8741525
2025-12-02,ST18,SKU01978,1,1.8270117
2025-12-02,ST29,SKU01982,3,1.8651824
2025-12-02,ST09,SKU01988,3,1.819776
2025-12-02,ST03,SKU01993,2,1.8787768
2025-12-02,ST28,SKU02008,2,1.7517081
2025-12-02,ST05,SKU02017,2,1.9568384
2025-12-02,ST25,SKU02022,1,1.7968796
2025-12-02,ST19,SKU02036,1,1.8521051
2025-12-02,ST22,SKU02048,2,1.8290137
2025-12-02,ST17,SKU02057,1,1.8729806
2025-12-02,ST30,SKU02062,1,1.9054252
2025-12-02,ST09,SKU02064,3,1.8056207
2025-12-02,ST08,SKU02068,5,1.9128324
2025-12-02,ST29,SKU02071,1,1.7982204
2025-12-02,ST24,SKU02079,1,1.8654401
2025-12-02,ST01,SKU02080,1,1.7996656
2025-12-02,ST24,SKU02082,1,1.9062495
2025-12-02,ST22,SKU02134,3,1.8642364
2025-12-02,ST19,SKU02141,6,3.5857222
2025-12-02,ST29,SKU02143,1,2.1301386
2025-12-02,ST30,SKU02167,1,1.8664471
2025-12-02,ST14,SKU02171,1,1.8733855
2025-12-02,ST22,SKU02172,3,1.8836005
2025-12-02,ST27,SKU02176,1,1.7235603
2025-12-02,ST03,SKU02180,2,2.1249063
2025-12-02,ST04,SKU02185,3,1.9781979
2025-12-02,ST27,SKU02189,1,1.886605
2025-12-02,ST19,SKU02191,1,1.8599548
2025-12-02,ST30,SKU02236,1,1.8903474
2025-12-02,ST30,SKU02238,1,1.8371651
2025-12-02,ST03,SKU02242,2,1.862677
2025-12-02,ST05,SKU02245,1,1.8602451
2025-12-02,ST22,SKU02247,1,1.875646
2025-12-02,ST29,SKU02253,1,1.7647738
2025-12-02,ST21,SKU02259,2,1.983961
2025-12-02,ST26,SKU02268,2,1.8493549
2025-12-02,ST19,SKU02270,2,1.8220884
2025-12-02,ST17,SKU02286,1,1.8657969
2025-12-02,ST21,SKU02303,2,1.7238652
2025-12-02,ST03,SKU02305,4,1.7604954
2025-12-02,ST18,SKU02310,3,1.8763646
2025-12-02,ST07,SKU02319,2,1.9157091
2025-12-02,ST15,SKU02327,2,1.8592366
2025-12-02,ST21,SKU02333,2,2.2275848
2025-12-02,ST08,SKU02340,1,1.8585709
2025-12-02,ST09,SKU02348,4,1.8495159
2025-12-02,ST25,SKU02353,1,1.9201747
2025-12-02,ST22,SKU02354,2,1.8968508
2025-12-02,ST21,SKU02355,1,1.9096172
2025-12-02,ST06,SKU02357,1,1.8811178
2025-12-02,ST15,SKU02360,4,1.7880938
2025-12-02,ST09,SKU02369,3,1.8450739
2025-12-02,ST25,SKU02381,1,1.865264
2025-12-02,ST20,SKU02389,2,1.7946216
2025-12-02,ST26,SKU02390,1,1.8773673
2025-12-02,ST27,SKU02391,1,1.8751483
2025-12-02,ST07,SKU02392,2,1.8963634
2025-12-02,ST27,SKU02393,1,1.8672138
2025-12-02,ST30,SKU02408,3,1.8134203
2025-12-02,ST17,SKU02412,1,1.9202535
2025-12-02,ST30,SKU02420,1,1.9242458
2025-12-02,ST18,SKU02423,2,1.9442172
2025-12-02,ST28,SKU02432,1,1.879508
2025-12-02,ST30,SKU02442,3,1.8675058
2025-12-02,ST28,SKU02449,1,1.7368876
2025-12-02,ST15,SKU02450,1,1.8575679
2025-12-02,ST27,SKU02451,1,1.8230255
2025-12-02,ST09,SKU02462,1,1.7798327
2025-12-02,ST07,SKU02476,1,1.7750967
2025-12-02,ST29,SKU02482,2,2.0996227
2025-12-02,ST21,SKU02488,1,1.8362007
2025-12-02,ST09,SKU02507,4,1.8089793
2025-12-02,ST26,SKU02509,4,1.9069293
2025-12-02,ST28,SKU02516,1,1.8899591
2025-12-02,ST29,SKU02531,2,1.7961594
2025-12-02,ST23,SKU02537,1,1.8629754
2025-12-02,ST09,SKU02540,4,1.8698456
2025-12-02,ST07,SKU02549,2,1.8762441
2025-12-02,ST08,SKU02552,1,1.7951268
2025-12-02,ST17,SKU02558,1,2.1140764
2025-12-02,ST05,SKU02583,1,1.8908777
2025-12-02,ST04,SKU02586,1,1.8006597
2025-12-02,ST26,SKU02589,1,1.8151306
2025-12-02,ST26,SKU02590,1,1.7660782
2025-12-02,ST22,SKU02602,2,1.811077
2025-12-02,ST29,SKU02605,1,1.8005613
2025-12-02,ST18,SKU02611,2,1.9186122
2025-12-02,ST06,SKU02614,3,1.9144475
2025-12-02,ST29,SKU02615,1,1.9234812
2025-12-02,ST21,SKU02640,1,1.8546149
2025-12-02,ST26,SKU02646,1,1.7438773
2025-12-02,ST19,SKU02647,1,1.8537976
2025-12-02,ST21,SKU02648,3,1.8681564
2025-12-02,ST27,SKU02657,4,1.8191768
2025-12-02,ST26,SKU02673,2,1.8925987
2025-12-02,ST09,SKU02678,1,1.8410363
2025-12-02,ST23,SKU02680,3,1.863744
2025-12-02,ST28,SKU02683,1,1.8529049
2025-12-02,ST15,SKU02692,2,1.8892316
2025-12-02,ST10,SKU02703,2,1.8737096
2025-12-02,ST30,SKU02712,2,1.9183608
2025-12-02,ST03,SKU02714,1,1.8470519
2025-12-02,ST20,SKU02718,1,1.9058667
2025-12-02,ST28,SKU02720,2,2.13967
2025-12-02,ST01,SKU02723,3,1.9484596
2025-12-02,ST03,SKU02727,1,1.8827486
2025-12-02,ST14,SKU02740,4,2.1246738
2025-12-02,ST21,SKU02743,1,1.8363216
2025-12-02,ST18,SKU02747,1,1.8407476
2025-12-02,ST11,SKU02753,1,1.7328827
2025-12-02,ST09,SKU02757,1,1.8764015
2025-12-02,ST28,SKU02760,3,1.8852793
2025-12-02,ST21,SKU02772,1,1.7458677
2025-12-02,ST26,SKU02776,1,1.7148318
2025-12-02,ST03,SKU02786,2,1.8338691
2025-12-02,ST20,SKU02804,1,1.8255006
2025-12-02,ST28,SKU02807,1,1.9066769
2025-12-02,ST13,SKU02819,2,1.8783811
2025-12-02,ST29,SKU02825,1,2.2242987
2025-12-02,ST29,SKU02837,4,1.939592
2025-12-02,ST28,SKU02848,2,1.841077
2025-12-02,ST08,SKU02850,1,1.8704132
2025-12-02,ST28,SKU02852,5,1.8210349
2025-12-02,ST29,SKU02858,2,1.9534423
2025-12-02,ST29,SKU02867,2,1.8665063
2025-12-02,ST04,SKU02870,1,1.8124164
2025-12-02,ST11,SKU02878,3,1.8099294
2025-12-02,ST25,SKU02896,1,1.887746
2025-12-02,ST29,SKU02898,1,1.731736
2025-12-02,ST22,SKU02909,1,1.7883625
2025-12-02,ST17,SKU02923,1,1.9050882
2025-12-02,ST30,SKU02928,2,1.9002944
2025-12-02,ST24,SKU02930,1,1.9120635
2025-12-02,ST04,SKU02931,2,1.8740315
2025-12-02,ST24,SKU02936,3,1.8634918
2025-12-02,ST30,SKU02954,1,1.9009705
2025-12-02,ST19,SKU02956,3,1.8945658
2025-12-02,ST20,SKU02961,1,1.8305374
2025-12-02,ST21,SKU02987,3,1.8464005
2025-12-02,ST06,SKU02991,1,1.9125074
2025-12-02,ST03,SKU02992,1,1.8774227
2025-12-02,ST22,SKU02996,1,1.8699325
2025-12-02,ST18,SKU02998,2,1.8472507
2025-12-02,ST14,SKU03008,2,1.9977722
2025-12-02,ST15,SKU03018,1,1.7501855
2025-12-02,ST16,SKU03023,2,1.8244122
2025-12-02,ST06,SKU03025,1,1.8938097
2025-12-02,ST17,SKU03027,1,1.8444827
2025-12-02,ST17,SKU03028,3,1.8790584
2025-12-02,ST06,SKU03030,2,1.8814167
2025-12-02,ST07,SKU03031,2,2.082555
2025-12-02,ST10,SKU03044,1,1.8665781
2025-12-02,ST03,SKU03048,2,1.905072
2025-12-02,ST22,SKU03051,1,1.9543533
2025-12-02,ST17,SKU03053,1,1.782813
2025-12-02,ST10,SKU03054,1,1.9065623
2025-12-02,ST28,SKU03055,2,1.8771111
2025-12-02,ST11,SKU03077,1,1.8726869
2025-12-02,ST11,SKU03084,1,1.8756051
2025-12-02,ST28,SKU03088,1,1.9665322
2025-12-02,ST10,SKU03091,3,1.8434759
2025-12-02,ST19,SKU03104,1,1.9852095
2025-12-02,ST28,SKU03106,1,2.2593973
2025-12-02,ST04,SKU03107,2,1.9479785
2025-12-02,ST30,SKU03117,1,1.8660493
2025-12-02,ST17,SKU03119,2,1.9842921
2025-12-02,ST01,SKU03126,4,1.8470774
2025-12-02,ST29,SKU03144,1,1.8654354
2025-12-02,ST30,SKU03146,3,1.857926
2025-12-02,ST04,SKU03149,1,1.8353224
2025-12-02,ST07,SKU03162,2,1.892897
2025-12-02,ST21,SKU03170,2,1.7836108
2025-12-02,ST12,SKU03171,3,1.8978091
2025-12-02,ST26,SKU03172,5,1.8495765
2025-12-02,ST30,SKU03177,2,1.8090098
2025-12-02,ST15,SKU03190,1,1.7239121
2025-12-02,ST30,SKU03193,1,1.8029251
2025-12-02,ST22,SKU03195,1,2.0991364
2025-12-02,ST28,SKU03196,1,1.8803407
2025-12-02,ST14,SKU03197,1,1.8513126
2025-12-02,ST26,SKU03201,1,1.8364218
2025-12-02,ST16,SKU03206,3,1.8282952
2025-12-02,ST30,SKU03209,1,1.827527
2025-12-02,ST09,SKU03217,3,1.820273
2025-12-02,ST15,SKU03223,3,1.8100963
2025-12-02,ST07,SKU03242,3,1.9662199
2025-12-02,ST11,SKU03252,3,1.8750154
2025-12-02,ST20,SKU03259,1,1.8617969
2025-12-02,ST06,SKU03274,2,1.8455807
2025-12-02,ST29,SKU03280,1,1.953366
2025-12-02,ST30,SKU03292,2,5.094818
2025-12-02,ST04,SKU03296,1,1.7573676
2025-12-02,ST20,SKU03297,1,1.8439537
2025-12-02,ST21,SKU03302,1,1.8237597
2025-12-02,ST13,SKU03304,1,1.7921399
2025-12-02,ST09,SKU03306,2,1.9317147
2025-12-02,ST18,SKU03323,1,1.7695069
2025-12-02,ST26,SKU03342,3,1.8802615
2025-12-02,ST08,SKU03384,3,1.815686
2025-12-02,ST26,SKU03392,3,1.7954708
2025-12-02,ST27,SKU03394,1,1.9551061
2025-12-02,ST16,SKU03398,3,1.8592142
2025-12-02,ST03,SKU03421,1,1.8336241
2025-12-02,ST13,SKU03423,1,1.8453608
2025-12-02,ST10,SKU03439,2,1.8898859
2025-12-02,ST24,SKU03440,1,1.8283982
2025-12-02,ST21,SKU03441,2,1.8173836
2025-12-02,ST11,SKU03459,3,1.8222706
2025-12-02,ST04,SKU03473,2,1.8762213
2025-12-02,ST04,SKU03474,1,1.8910714
2025-12-02,ST04,SKU03477,4,1.8760986
2025-12-02,ST11,SKU03485,2,1.8980522
2025-12-02,ST20,SKU03492,2,2.1354306
2025-12-02,ST30,SKU03498,2,1.8489453
2025-12-02,ST03,SKU03500,4,1.9516487
2025-12-02,ST28,SKU03504,3,1.9800332
2025-12-02,ST21,SKU03507,2,2.1317902
2025-12-02,ST03,SKU03508,2,1.8514211
2025-12-02,ST13,SKU03522,2,1.850629
2025-12-02,ST26,SKU03524,2,3.7215881
2025-12-02,ST02,SKU03528,2,1.8754183
2025-12-02,ST13,SKU03531,1,1.809731
2025-12-02,ST04,SKU03533,2,1.9097769
2025-12-02,ST22,SKU03535,1,1.8343544
2025-12-02,ST12,SKU03536,2,1.852211
2025-12-02,ST30,SKU03546,1,1.8401041
2025-12-02,ST21,SKU03553,1,1.7519898
2025-12-02,ST06,SKU03560,1,2.1263268
2025-12-02,ST20,SKU03562,1,1.7020802
2025-12-02,ST03,SKU03567,2,1.8602697
2025-12-02,ST21,SKU03584,2,1.7847666
2025-12-02,ST26,SKU03587,1,1.8806376
2025-12-02,ST17,SKU03591,2,1.8866867
2025-12-02,ST25,SKU03611,1,1.6563555
2025-12-02,ST30,SKU03633,2,1.9957386
2025-12-02,ST21,SKU03663,1,2.0629508
2025-12-02,ST22,SKU03667,3,1.9011391
2025-12-02,ST08,SKU03668,1,1.8651482
2025-12-02,ST05,SKU03675,2,1.909097
2025-12-02,ST20,SKU03681,3,1.8019328
2025-12-02,ST17,SKU03699,1,1.8095798
2025-12-02,ST30,SKU03727,1,1.8113334
2025-12-02,ST11,SKU03729,2,1.8627878
2025-12-02,ST30,SKU03734,3,1.9559288
2025-12-02,ST09,SKU03739,3,1.9956505
2025-12-02,ST17,SKU03743,2,1.9410292
2025-12-02,ST18,SKU03756,1,1.8845661
2025-12-02,ST25,SKU03773,1,1.7942598
2025-12-02,ST06,SKU03777,2,1.8990843
2025-12-02,ST04,SKU03779,4,1.8687818
2025-12-02,ST06,SKU03782,1,1.8724004
2025-12-02,ST09,SKU03785,2,1.9279034
2025-12-02,ST01,SKU03790,3,1.8680679
2025-12-02,ST17,SKU03800,3,1.9337635
2025-12-02,ST20,SKU03817,1,1.864743
2025-12-02,ST27,SKU03820,1,1.7506657
2025-12-02,ST11,SKU03836,1,1.8044183
2025-12-02,ST26,SKU03840,2,1.872918
2025-12-02,ST20,SKU03841,1,1.8573931
2025-12-02,ST01,SKU03843,4,1.9367423
2025-12-02,ST18,SKU03847,2,1.8856113
2025-12-02,ST08,SKU03850,2,1.879463
2025-12-02,ST03,SKU03851,1,1.9957736
2025-12-02,ST01,SKU03853,2,1.9222041
2025-12-02,ST08,SKU03855,1,1.9208481
2025-12-02,ST11,SKU03861,1,1.834527
2025-12-02,ST22,SKU03873,1,1.8156122
2025-12-02,ST19,SKU03876,5,1.880979
2025-12-02,ST25,SKU03877,4,1.874857
2025-12-02,ST07,SKU03886,2,1.8975974
2025-12-02,ST06,SKU03889,2,1.8697984
2025-12-02,ST28,SKU03895,1,1.8154267
2025-12-02,ST17,SKU03902,1,1.8965082
2025-12-02,ST16,SKU03905,2,1.9142452
2025-12-02,ST29,SKU03907,1,1.795265
2025-12-02,ST07,SKU03933,1,1.8253009
2025-12-02,ST12,SKU03939,1,1.8765993
2025-12-02,ST17,SKU03940,1,1.8640739
2025-12-02,ST28,SKU03943,2,1.7771767
2025-12-02,ST11,SKU03949,2,1.8496115
2025-12-02,ST29,SKU03955,1,1.804198
2025-12-02,ST03,SKU03965,2,2.0360196
2025-12-02,ST20,SKU03969,1,2.0491393
2025-12-02,ST11,SKU03978,1,1.8908643
2025-12-02,ST23,SKU03979,5,1.7299342
2025-12-02,ST06,SKU03986,2,1.7432023
2025-12-02,ST25,SKU03994,1,1.8210009
2025-12-02,ST11,SKU04000,1,1.8327
2025-12-02,ST25,SKU04002,3,1.8464108
2025-12-02,ST06,SKU04016,1,1.8824079
2025-12-02,ST12,SKU04017,2,1.9397581
2025-12-02,ST11,SKU04032,5,1.8178179
2025-12-02,ST20,SKU04034,1,1.8396726
2025-12-02,ST09,SKU04035,3,1.8097951
2025-12-02,ST20,SKU04037,2,1.9400907
2025-12-02,ST20,SKU04041,2,1.8358319
2025-12-02,ST03,SKU04043,1,1.890885
2025-12-02,ST05,SKU04044,3,1.782834
2025-12-02,ST11,SKU04046,1,1.917558
2025-12-02,ST14,SKU04056,1,1.7070675
2025-12-02,ST19,SKU04060,3,1.8294325
2025-12-02,ST24,SKU04063,1,1.9434683
2025-12-02,ST20,SKU04064,3,1.8605149
2025-12-02,ST08,SKU04065,3,1.8694574
2025-12-02,ST14,SKU04067,1,1.8486933
2025-12-02,ST09,SKU04071,1,1.9077448
2025-12-02,ST30,SKU04073,1,1.8435962
2025-12-02,ST26,SKU04078,3,3.7002065
2025-12-02,ST21,SKU04084,4,1.8733827
2025-12-02,ST04,SKU04088,3,1.8720893
2025-12-02,ST29,SKU04097,5,1.8268117
2025-12-02,ST06,SKU04098,4,1.8779395
2025-12-02,ST13,SKU04103,1,1.8243476
2025-12-02,ST27,SKU04109,1,1.8964282
2025-12-02,ST12,SKU04115,3,1.8805101
2025-12-02,ST16,SKU04120,3,1.9142786
2025-12-02,ST16,SKU04123,1,1.8509926
2025-12-02,ST30,SKU04124,1,1.8800526
2025-12-02,ST26,SKU04127,2,1.8341057
2025-12-02,ST30,SKU04131,1,1.8665388
2025-12-02,ST29,SKU04139,1,1.8240958
2025-12-02,ST21,SKU04140,1,1.8305423
2025-12-02,ST29,SKU04151,1,1.8856516
2025-12-02,ST09,SKU04153,1,2.507711
2025-12-02,ST30,SKU04154,4,4.5140634
2025-12-02,ST28,SKU04157,1,1.7681786
2025-12-02,ST06,SKU04158,2,1.858114
2025-12-02,ST06,SKU04162,2,1.8447657
2025-12-02,ST29,SKU04166,1,1.9125569
2025-12-02,ST04,SKU04168,2,1.8089635
2025-12-02,ST09,SKU04173,2,1.8627943
2025-12-02,ST21,SKU04180,1,1.8824534
2025-12-02,ST30,SKU04191,1,1.7349523
2025-12-02,ST20,SKU04200,2,1.8346956
2025-12-02,ST12,SKU04204,1,1.848664
2025-12-02,ST29,SKU04220,4,1.8541713
2025-12-02,ST17,SKU04233,3,1.8964295
2025-12-02,ST28,SKU04237,2,1.8913105
2025-12-02,ST29,SKU04254,1,1.9193262
2025-12-02,ST20,SKU04259,5,1.920746
2025-12-02,ST07,SKU04264,1,1.7754742
2025-12-02,ST15,SKU04268,5,1.9127755
2025-12-02,ST22,SKU04272,1,1.9238701
2025-12-02,ST18,SKU04278,1,1.9004217
2025-12-02,ST09,SKU04280,1,1.8443443
2025-12-02,ST18,SKU04294,2,1.8556067
2025-12-02,ST21,SKU04296,2,1.8631434
2025-12-02,ST09,SKU04315,2,1.8571581
2025-12-02,ST12,SKU04316,1,1.8611408
2025-12-02,ST26,SKU04318,2,2.0126157
2025-12-02,ST06,SKU04319,2,1.8275006
2025-12-02,ST30,SKU04321,11,10.235279
2025-12-02,ST09,SKU04325,2,1.9469631
2025-12-02,ST17,SKU04326,1,1.900443
2025-12-02,ST20,SKU04327,2,1.8436682
2025-12-02,ST29,SKU04329,5,1.8773054
2025-12-02,ST29,SKU04332,2,1.8643289
2025-12-02,ST09,SKU04341,3,1.694927
2025-12-02,ST28,SKU04345,1,1.8454952
2025-12-02,ST29,SKU04346,3,1.9421287
2025-12-02,ST30,SKU04347,3,1.8625119
2025-12-02,ST13,SKU04349,2,1.9627085
2025-12-02,ST19,SKU04350,3,1.8892317
2025-12-02,ST09,SKU04353,4,1.8550262
2025-12-02,ST30,SKU04362,1,1.8647332
2025-12-02,ST16,SKU04373,1,1.7764356
2025-12-02,ST22,SKU04381,1,1.8588157
2025-12-02,ST01,SKU04390,1,1.9190423
2025-12-02,ST11,SKU04400,2,2.1122508
2025-12-02,ST17,SKU04403,2,1.850798
2025-12-02,ST27,SKU04404,1,1.8485343
2025-12-02,ST07,SKU04409,1,1.9185708
2025-12-02,ST14,SKU04414,2,1.9036665
2025-12-02,ST06,SKU04417,3,1.966412
2025-12-02,ST29,SKU04423,1,1.8508615
2025-12-02,ST21,SKU04447,1,1.8363774
2025-12-02,ST26,SKU04453,1,1.8946632
2025-12-02,ST24,SKU04459,2,1.8989627
2025-12-02,ST09,SKU04462,2,1.8729591
2025-12-02,ST10,SKU04466,5,1.885578
2025-12-02,ST10,SKU04467,1,1.7222639
2025-12-02,ST19,SKU04470,1,1.8395473
2025-12-02,ST06,SKU04481,1,1.9999468
2025-12-02,ST07,SKU04483,2,1.8815331
2025-12-02,ST29,SKU04508,1,1.9682162
2025-12-02,ST15,SKU04513,1,1.8133961
2025-12-02,ST13,SKU04524,2,1.9373721
2025-12-02,ST22,SKU04528,1,1.8534201
2025-12-02,ST05,SKU04541,1,1.8469924
2025-12-02,ST04,SKU04545,2,1.8803645
2025-12-02,ST20,SKU04546,2,1.880184
2025-12-02,ST20,SKU04551,1,1.824116
2025-12-02,ST22,SKU04556,4,1.900612
2025-12-02,ST11,SKU04562,4,1.6328733
2025-12-02,ST18,SKU04566,1,1.8407086
2025-12-02,ST22,SKU04571,1,1.8650464
2025-12-02,ST11,SKU04575,1,1.820491
2025-12-02,ST16,SKU04579,3,1.8162168
2025-12-02,ST29,SKU04584,1,1.8342594
2025-12-02,ST30,SKU04596,3,3.9014268
2025-12-02,ST28,SKU04599,1,1.9739431
2025-12-02,ST26,SKU04609,1,1.8731378
2025-12-02,ST21,SKU04613,1,1.7914785
2025-12-02,ST21,SKU04626,2,1.8187969
2025-12-02,ST30,SKU04627,1,1.8694233
2025-12-02,ST24,SKU04629,4,1.9061213
2025-12-02,ST24,SKU04633,1,1.8811399
2025-12-02,ST11,SKU04646,1,1.711888
2025-12-02,ST25,SKU04647,1,1.8333051
2025-12-02,ST16,SKU04657,4,1.9182171
2025-12-02,ST09,SKU04697,1,1.816316
2025-12-02,ST29,SKU04707,2,1.9689343
2025-12-02,ST20,SKU04710,1,1.8944665
2025-12-02,ST17,SKU04736,3,1.8496127
2025-12-02,ST27,SKU04737,3,1.8724809
2025-12-02,ST07,SKU04746,1,1.8544486
2025-12-02,ST22,SKU04756,1,1.752842
2025-12-02,ST06,SKU04762,1,1.8445398
2025-12-02,ST23,SKU04778,4,1.9167966
2025-12-02,ST07,SKU04780,3,1.7666968
2025-12-02,ST09,SKU04782,4,2.0277848
2025-12-02,ST22,SKU04796,3,1.8998775
2025-12-02,ST22,SKU04798,1,1.8544741
2025-12-02,ST05,SKU04800,1,1.8493917
2025-12-02,ST18,SKU04803,4,1.8914073
2025-12-02,ST25,SKU04809,1,1.8532957
2025-12-02,ST30,SKU04816,1,1.756314
2025-12-02,ST03,SKU04819,1,1.7958411
2025-12-02,ST30,SKU04824,2,1.8454397
2025-12-02,ST29,SKU04827,1,1.878311
2025-12-02,ST09,SKU04828,1,1.9304569
2025-12-02,ST29,SKU04832,2,1.8434002
2025-12-02,ST01,SKU04833,3,1.8814785
2025-12-02,ST11,SKU04839,1,1.792483
2025-12-02,ST03,SKU04872,3,1.9600439
2025-12-02,ST17,SKU04873,2,1.902825
2025-12-02,ST11,SKU04877,2,1.7463982
2025-12-02,ST12,SKU04884,3,1.8571556
2025-12-02,ST23,SKU04895,1,1.889036
2025-12-02,ST28,SKU04898,3,1.900708
2025-12-02,ST09,SKU04903,3,1.9406735
2025-12-02,ST30,SKU04919,1,1.6930716
2025-12-02,ST09,SKU04926,1,1.835556
2025-12-02,ST22,SKU04934,1,1.7622199
2025-12-02,ST03,SKU04936,1,1.9235805
2025-12-02,ST15,SKU04967,1,1.886144
2025-12-02,ST18,SKU04974,1,1.846446
2025-12-02,ST04,SKU04975,1,1.8858929
2025-12-02,ST05,SKU04995,1,1.9523307
2025-12-02,ST29,SKU04996,4,1.6409516
2025-12-02,ST14,SKU04998,1,1.845822
2025-12-03,ST18,SKU00002,3,1.9507961
2025-12-03,ST08,SKU00006,1,1.8808968
2025-12-03,ST17,SKU00016,2,2.2812264
2025-12-03,ST12,SKU00020,1,1.9659597
2025-12-03,ST15,SKU00033,2,1.877146
2025-12-03,ST04,SKU00041,2,1.8960147
2025-12-03,ST09,SKU00047,3,1.872025
2025-12-03,ST18,SKU00049,4,1.8671863
2025-12-03,ST17,SKU00050,1,2.1734986
2025-12-03,ST25,SKU00062,1,1.9383994
2025-12-03,ST01,SKU00069,1,1.8270593
2025-12-03,ST05,SKU00077,1,1.8881655
2025-12-03,ST30,SKU00079,1,1.8483524
2025-12-03,ST06,SKU00092,1,1.8798248
2025-12-03,ST23,SKU00105,1,1.8453407
2025-12-03,ST19,SKU00120,1,1.9293032
2025-12-03,ST24,SKU00125,2,1.874963
2025-12-03,ST15,SKU00150,2,1.8676353
2025-12-03,ST18,SKU00154,1,1.7962279
2025-12-03,ST28,SKU00158,1,1.878246
2025-12-03,ST14,SKU00163,3,1.8339777
2025-12-03,ST14,SKU00169,1,2.1864312
2025-12-03,ST17,SKU00175,1,1.8142138
2025-12-03,ST22,SKU00185,1,1.8408717
2025-12-03,ST30,SKU00190,3,1.830803
2025-12-03,ST07,SKU00191,3,1.8273008
2025-12-03,ST23,SKU00211,3,1.8668603
2025-12-03,ST22,SKU00216,1,1.8478898
2025-12-03,ST28,SKU00218,3,1.9120772
2025-12-03,ST30,SKU00233,2,1.9114496
2025-12-03,ST26,SKU00239,2,1.8680397
2025-12-03,ST18,SKU00254,1,2.0095034
2025-12-03,ST20,SKU00255,1,1.7713863
2025-12-03,ST14,SKU00256,1,1.787567
2025-12-03,ST22,SKU00257,1,1.8808663
2025-12-03,ST25,SKU00260,1,1.9141778
2025-12-03,ST05,SKU00263,1,1.820341
2025-12-03,ST26,SKU00264,1,1.8557702
2025-12-03,ST29,SKU00267,2,1.9394207
2025-12-03,ST04,SKU00271,2,1.9306495
2025-12-03,ST25,SKU00285,1,1.8893226
2025-12-03,ST22,SKU00286,2,3.5597842
2025-12-03,ST15,SKU00291,2,1.8866259
2025-12-03,ST29,SKU00295,1,1.8320619
2025-12-03,ST17,SKU00296,5,1.8447438
2025-12-03,ST06,SKU00305,1,1.8762879
2025-12-03,ST07,SKU00309,1,1.8683636
2025-12-03,ST19,SKU00311,1,1.8227993
2025-12-03,ST03,SKU00323,5,4.167331
2025-12-03,ST05,SKU00325,3,1.8450719
2025-12-03,ST05,SKU00328,3,1.8447565
2025-12-03,ST11,SKU00339,2,1.8516734
2025-12-03,ST18,SKU00350,2,1.8864677
2025-12-03,ST16,SKU00369,1,1.8114665
2025-12-03,ST28,SKU00376,1,1.9078993
2025-12-03,ST21,SKU00381,1,1.8991569
2025-12-03,ST08,SKU00387,1,1.8291793
2025-12-03,ST22,SKU00388,1,1.8288532
2025-12-03,ST14,SKU00389,1,1.8709272
2025-12-03,ST10,SKU00396,1,1.8620348
2025-12-03,ST07,SKU00405,3,1.894046
2025-12-03,ST29,SKU00415,1,2.016196
2025-12-03,ST03,SKU00422,5,1.8871965
2025-12-03,ST14,SKU00426,1,1.9519804
2025-12-03,ST28,SKU00441,1,1.8057567
2025-12-03,ST30,SKU00454,1,1.8393286
2025-12-03,ST12,SKU00458,3,1.8783922
2025-12-03,ST04,SKU00465,1,1.8139802
2025-12-03,ST11,SKU00467,1,1.8877792
2025-12-03,ST20,SKU00470,1,1.8938403
2025-12-03,ST25,SKU00480,4,1.8556851
2025-12-03,ST10,SKU00489,4,1.9249423
2025-12-03,ST24,SKU00490,1,1.8973113
2025-12-03,ST29,SKU00493,1,1.8901203
2025-12-03,ST20,SKU00495,2,1.8495467
2025-12-03,ST21,SKU00500,1,1.8336152
2025-12-03,ST05,SKU00503,3,1.902953
2025-12-03,ST29,SKU00504,1,1.8114892
2025-12-03,ST14,SKU00506,2,1.8481276
2025-12-03,ST09,SKU00515,2,1.8985646
2025-12-03,ST02,SKU00525,1,1.8162917
2025-12-03,ST19,SKU00534,1,1.8666704
2025-12-03,ST06,SKU00539,2,1.8463641
2025-12-03,ST11,SKU00540,2,1.8248409
2025-12-03,ST21,SKU00548,1,1.8952097
2025-12-03,ST22,SKU00549,3,1.8866949
2025-12-03,ST29,SKU00561,1,1.8854008
2025-12-03,ST21,SKU00577,4,1.9718566
2025-12-03,ST29,SKU00590,2,1.8491638
2025-12-03,ST01,SKU00595,2,1.9921224
2025-12-03,ST19,SKU00596,3,1.8246361
2025-12-03,ST11,SKU00605,1,1.9185714
2025-12-03,ST19,SKU00617,2,1.8846211
2025-12-03,ST11,SKU00619,2,1.9045473
2025-12-03,ST14,SKU00626,5,1.8440267
2025-12-03,ST25,SKU00628,3,1.9229878
2025-12-03,ST15,SKU00642,2,1.9441143
2025-12-03,ST14,SKU00649,2,1.8784376
2025-12-03,ST08,SKU00657,1,1.8065312
2025-12-03,ST07,SKU00667,1,1.8508301
2025-12-03,ST22,SKU00672,1,1.8378325
2025-12-03,ST22,SKU00678,1,1.8232907
2025-12-03,ST13,SKU00680,3,1.7580473
2025-12-03,ST14,SKU00686,3,1.8274704
2025-12-03,ST03,SKU00689,1,1.8922745
2025-12-03,ST09,SKU00692,1,1.9136168
2025-12-03,ST13,SKU00694,2,1.8463506
2025-12-03,ST16,SKU00697,5,1.833929
2025-12-03,ST21,SKU00703,4,1.8934182
2025-12-03,ST30,SKU00724,4,1.9252914
2025-12-03,ST29,SKU00727,2,1.8663803
2025-12-03,ST07,SKU00728,5,1.9532528
2025-12-03,ST04,SKU00731,1,1.891681
2025-12-03,ST27,SKU00739,2,1.8697752
2025-12-03,ST23,SKU00753,1,1.8515002
2025-12-03,ST22,SKU00754,1,1.9549115
2025-12-03,ST13,SKU00759,1,1.8503441
2025-12-03,ST28,SKU00774,3,1.9063113
2025-12-03,ST19,SKU00805,2,1.7905643
2025-12-03,ST30,SKU00806,2,1.8868291
2025-12-03,ST18,SKU00810,3,1.8674494
2025-12-03,ST06,SKU00813,1,1.9772974
2025-12-03,ST30,SKU00820,1,1.7426653
2025-12-03,ST18,SKU00823,3,2.0011706
2025-12-03,ST28,SKU00825,2,1.8293431
2025-12-03,ST25,SKU00832,1,1.8670294
2025-12-03,ST17,SKU00833,5,1.9011934
2025-12-03,ST15,SKU00836,1,1.8805236
2025-12-03,ST21,SKU00837,3,1.5859377
2025-12-03,ST26,SKU00845,1,1.8295988
2025-12-03,ST07,SKU00846,2,1.6540956
2025-12-03,ST18,SKU00855,3,1.975711
2025-12-03,ST03,SKU00861,1,1.9082551
2025-12-03,ST20,SKU00866,1,1.91053
2025-12-03,ST09,SKU00868,4,1.8793865
2025-12-03,ST08,SKU00870,1,1.8823627
2025-12-03,ST30,SKU00877,1,1.8839973
2025-12-03,ST22,SKU00904,1,1.8196337
2025-12-03,ST24,SKU00905,4,1.8635122
2025-12-03,ST16,SKU00907,2,1.8524348
2025-12-03,ST18,SKU00915,1,1.8859566
2025-12-03,ST14,SKU00920,1,1.8918338
2025-12-03,ST22,SKU00921,2,1.7629981
2025-12-03,ST27,SKU00926,4,1.911023
2025-12-03,ST30,SKU00929,1,1.7356634
2025-12-03,ST23,SKU00934,5,1.9119505
2025-12-03,ST26,SKU00935,2,2.081212
2025-12-03,ST26,SKU00942,1,1.8533945
2025-12-03,ST22,SKU00943,4,1.8657727
2025-12-03,ST12,SKU00949,2,1.8620946
2025-12-03,ST30,SKU00953,6,3.6905375
2025-12-03,ST18,SKU00955,2,1.7762778
2025-12-03,ST30,SKU00964,1,1.9363741
2025-12-03,ST10,SKU00966,2,1.8738374
2025-12-03,ST29,SKU00971,3,1.9246601
2025-12-03,ST14,SKU00974,1,1.9904295
2025-12-03,ST20,SKU00976,4,1.7996299
2025-12-03,ST18,SKU00981,1,1.8446963
2025-12-03,ST05,SKU00989,1,1.8696895
2025-12-03,ST28,SKU00994,5,3.8754947
2025-12-03,ST22,SKU01009,2,1.9125355
2025-12-03,ST03,SKU01010,1,1.9303124
2025-12-03,ST29,SKU01013,1,1.8360108
2025-12-03,ST20,SKU01021,1,1.7310941
2025-12-03,ST02,SKU01041,2,1.9237846
2025-12-03,ST15,SKU01043,1,1.8905262
2025-12-03,ST20,SKU01045,2,2.117173
2025-12-03,ST10,SKU01048,3,1.7260922
2025-12-03,ST09,SKU01050,2,1.865193
2025-12-03,ST10,SKU01059,1,1.8375703
2025-12-03,ST13,SKU01064,1,1.8662424
2025-12-03,ST16,SKU01067,1,1.8285909
2025-12-03,ST21,SKU01079,1,1.8700042
2025-12-03,ST09,SKU01086,1,1.8192124
2025-12-03,ST14,SKU01093,2,1.850407
2025-12-03,ST21,SKU01113,1,1.8593849
2025-12-03,ST19,SKU01115,1,1.8661954
2025-12-03,ST29,SKU01117,1,1.8613875
2025-12-03,ST11,SKU01127,4,1.9763988
2025-12-03,ST19,SKU01128,1,1.8410069
2025-12-03,ST10,SKU01129,4,1.8755795
2025-12-03,ST11,SKU01133,3,1.8422896
2025-12-03,ST29,SKU01143,1,1.9040228
2025-12-03,ST11,SKU01151,1,1.9183449
2025-12-03,ST10,SKU01169,4,1.8040344
2025-12-03,ST04,SKU01175,1,1.8307834
2025-12-03,ST22,SKU01188,1,1.8428748
2025-12-03,ST29,SKU01189,1,1.912188
2025-12-03,ST27,SKU01194,2,1.8415415
2025-12-03,ST04,SKU01199,2,1.8540286
2025-12-03,ST11,SKU01205,1,1.8816768
2025-12-03,ST27,SKU01208,1,1.8985916
2025-12-03,ST08,SKU01228,3,1.8456378
2025-12-03,ST05,SKU01236,4,1.8212508
2025-12-03,ST21,SKU01245,1,1.8502992
2025-12-03,ST29,SKU01248,1,1.8854697
2025-12-03,ST14,SKU01259,1,1.8347654
2025-12-03,ST06,SKU01273,2,1.8422495
2025-12-03,ST14,SKU01274,1,1.9126889
2025-12-03,ST25,SKU01278,2,1.8254982
2025-12-03,ST21,SKU01280,2,1.8624742
2025-12-03,ST18,SKU01283,1,1.8546244
2025-12-03,ST22,SKU01293,1,1.9213943
2025-12-03,ST15,SKU01295,1,1.8308618
2025-12-03,ST27,SKU01297,1,1.869227
2025-12-03,ST29,SKU01312,1,1.9084809
2025-12-03,ST20,SKU01315,2,1.8887143
2025-12-03,ST30,SKU01317,1,1.7840436
2025-12-03,ST05,SKU01319,2,1.9309157
2025-12-03,ST22,SKU01338,3,1.8234423
2025-12-03,ST02,SKU01341,1,1.7790875
2025-12-03,ST07,SKU01343,4,1.8360862
2025-12-03,ST27,SKU01351,1,1.8743094
2025-12-03,ST30,SKU01353,1,1.8867646
2025-12-03,ST19,SKU01363,3,1.8262321
2025-12-03,ST26,SKU01370,1,1.8757385
2025-12-03,ST26,SKU01371,1,1.9080639
2025-12-03,ST08,SKU01382,2,1.902273
2025-12-03,ST25,SKU01386,5,1.8793466
2025-12-03,ST26,SKU01395,1,1.9349777
2025-12-03,ST24,SKU01409,4,1.8537323
2025-12-03,ST22,SKU01412,1,1.8467519
2025-12-03,ST30,SKU01420,5,2.0205202
2025-12-03,ST06,SKU01438,1,1.8398063
2025-12-03,ST03,SKU01443,1,1.9180697
2025-12-03,ST20,SKU01450,1,1.82917
2025-12-03,ST18,SKU01452,1,2.1639204
2025-12-03,ST21,SKU01453,2,1.9648362
2025-12-03,ST15,SKU01455,1,1.7609403
2025-12-03,ST22,SKU01469,2,1.9168676
2025-12-03,ST28,SKU01479,1,1.8684539
2025-12-03,ST14,SKU01480,1,1.9054894
2025-12-03,ST27,SKU01482,3,2.092235
2025-12-03,ST08,SKU01483,1,1.8405304
2025-12-03,ST30,SKU01485,2,1.87481
2025-12-03,ST13,SKU01488,2,1.9006723
2025-12-03,ST22,SKU01489,1,1.8544047
2025-12-03,ST03,SKU01490,1,1.7405161
2025-12-03,ST26,SKU01507,1,1.7921312
2025-12-03,ST15,SKU01508,3,1.8338671
2025-12-03,ST28,SKU01515,2,1.9580438
2025-12-03,ST17,SKU01519,2,2.1391597
2025-12-03,ST17,SKU01520,2,1.9945041
2025-12-03,ST06,SKU01538,1,1.8683659
2025-12-03,ST09,SKU01541,1,1.8664662
2025-12-03,ST29,SKU01545,1,1.9207335
2025-12-03,ST11,SKU01546,2,1.8961535
2025-12-03,ST23,SKU01547,1,1.9776726
2025-12-03,ST27,SKU01549,5,1.7427703
2025-12-03,ST27,SKU01556,1,1.8649019
2025-12-03,ST14,SKU01569,1,1.8848096
2025-12-03,ST17,SKU01572,1,2.1991796
2025-12-03,ST29,SKU01578,1,1.8992219
2025-12-03,ST04,SKU01579,2,1.845237
2025-12-03,ST14,SKU01591,1,1.8592223
2025-12-03,ST05,SKU01608,3,1.8445803
2025-12-03,ST20,SKU01622,2,1.8446668
2025-12-03,ST18,SKU01625,1,1.8543127
2025-12-03,ST29,SKU01628,2,1.8768892
2025-12-03,ST29,SKU01632,1,1.8454993
2025-12-03,ST28,SKU01647,1,1.8523502
2025-12-03,ST03,SKU01648,1,1.87434
2025-12-03,ST04,SKU01660,1,1.943693
2025-12-03,ST29,SKU01673,4,1.878509
2025-12-03,ST29,SKU01677,2,1.881499
2025-12-03,ST22,SKU01687,1,1.8613511
2025-12-03,ST30,SKU01688,4,1.8617485
2025-12-03,ST30,SKU01701,1,1.971475
2025-12-03,ST18,SKU01712,1,1.8837932
2025-12-03,ST10,SKU01713,2,1.865428
2025-12-03,ST25,SKU01714,1,1.7174116
2025-12-03,ST27,SKU01715,1,1.6839122
2025-12-03,ST12,SKU01724,1,1.8754717
2025-12-03,ST11,SKU01730,2,1.8932616
2025-12-03,ST07,SKU01732,2,1.86736
2025-12-03,ST26,SKU01737,1,1.9045775
2025-12-03,ST28,SKU01743,2,1.8750893
2025-12-03,ST13,SKU01754,3,1.8400321
2025-12-03,ST30,SKU01771,2,1.8745469
2025-12-03,ST22,SKU01775,2,1.9279155
2025-12-03,ST20,SKU01793,3,1.8186086
2025-12-03,ST26,SKU01805,2,1.897944
2025-12-03,ST19,SKU01818,5,1.9563618
2025-12-03,ST01,SKU01819,3,1.9830476
2025-12-03,ST07,SKU01823,3,1.7891126
2025-12-03,ST08,SKU01829,1,1.9203035
2025-12-03,ST21,SKU01830,1,1.892131
2025-12-03,ST15,SKU01836,1,1.8508092
2025-12-03,ST07,SKU01842,2,1.9109291
2025-12-03,ST22,SKU01850,1,1.8875173
2025-12-03,ST29,SKU01870,2,1.8857149
2025-12-03,ST11,SKU01873,3,1.8461915
2025-12-03,ST01,SKU01878,1,1.8675652
2025-12-03,ST30,SKU01887,2,1.8293499
2025-12-03,ST30,SKU01890,1,1.9580921
2025-12-03,ST28,SKU01904,1,1.8352475
2025-12-03,ST07,SKU01905,3,1.9748133
2025-12-03,ST22,SKU01915,1,1.8660394
2025-12-03,ST25,SKU01928,3,1.8072867
2025-12-03,ST28,SKU01932,3,1.8720498
2025-12-03,ST14,SKU01940,1,1.9629904
2025-12-03,ST13,SKU01941,3,1.8937374
2025-12-03,ST07,SKU01957,3,1.8660982
2025-12-03,ST22,SKU01963,3,1.8685979
2025-12-03,ST19,SKU01977,1,1.8650485
2025-12-03,ST28,SKU01978,2,1.8496962
2025-12-03,ST28,SKU01983,1,1.8469231
2025-12-03,ST18,SKU01990,2,1.841615
2025-12-03,ST18,SKU01998,1,1.8695436
2025-12-03,ST14,SKU02002,1,1.7931423
2025-12-03,ST28,SKU02005,1,1.8235204
2025-12-03,ST08,SKU02018,2,1.9496297
2025-12-03,ST13,SKU02020,2,1.8429176
2025-12-03,ST29,SKU02023,1,1.9539384
2025-12-03,ST07,SKU02029,1,1.7883751
2025-12-03,ST17,SKU02033,1,1.8552223
2025-12-03,ST23,SKU02035,1,1.8787543
2025-12-03,ST13,SKU02052,2,1.9823158
2025-12-03,ST20,SKU02075,2,1.9014513
2025-12-03,ST21,SKU02082,1,1.8487483
2025-12-03,ST19,SKU02087,1,1.9174924
2025-12-03,ST04,SKU02091,1,1.9870147
2025-12-03,ST28,SKU02098,4,1.9211316
2025-12-03,ST30,SKU02104,1,1.8470798
2025-12-03,ST07,SKU02109,3,1.876215
2025-12-03,ST29,SKU02118,2,1.9028383
2025-12-03,ST26,SKU02131,4,1.8562135
2025-12-03,ST30,SKU02134,1,1.854101
2025-12-03,ST21,SKU02141,1,1.8983202
2025-12-03,ST19,SKU02143,2,1.8931018
2025-12-03,ST07,SKU02147,1,1.8572915
2025-12-03,ST03,SKU02151,1,1.8628645
2025-12-03,ST06,SKU02165,1,1.889057
2025-12-03,ST08,SKU02171,1,1.8986957
2025-12-03,ST03,SKU02174,2,1.8681682
2025-12-03,ST26,SKU02176,2,1.8293813
2025-12-03,ST22,SKU02178,3,1.9206566
2025-12-03,ST11,SKU02180,2,1.798031
2025-12-03,ST30,SKU02184,2,1.8595859
2025-12-03,ST22,SKU02185,4,1.8968287
2025-12-03,ST08,SKU02188,1,1.77397
2025-12-03,ST25,SKU02189,1,1.9447404
2025-12-03,ST15,SKU02191,1,1.9056376
2025-12-03,ST17,SKU02204,1,1.8749962
2025-12-03,ST28,SKU02212,1,1.8526688
2025-12-03,ST07,SKU02226,2,1.8512069
2025-12-03,ST29,SKU02227,1,1.9134932
2025-12-03,ST30,SKU02231,4,1.9362057
2025-12-03,ST06,SKU02234,1,1.8913865
2025-12-03,ST06,SKU02242,2,1.8952792
2025-12-03,ST22,SKU02243,1,1.9032881
2025-12-03,ST01,SKU02258,1,2.0264277
2025-12-03,ST10,SKU02265,1,1.9151769
2025-12-03,ST17,SKU02271,1,1.8693303
2025-12-03,ST21,SKU02285,1,1.8627431
2025-12-03,ST22,SKU02286,2,1.9096361
2025-12-03,ST29,SKU02289,3,1.8333025
2025-12-03,ST17,SKU02293,1,1.8447704
2025-12-03,ST28,SKU02298,1,1.8900273
2025-12-03,ST14,SKU02303,2,1.8390678
2025-12-03,ST11,SKU02340,1,1.8699818
2025-12-03,ST11,SKU02342,1,1.8865485
2025-12-03,ST03,SKU02346,2,1.8981898
2025-12-03,ST02,SKU02353,2,1.8177235
2025-12-03,ST14,SKU02354,1,1.8748075
2025-12-03,ST19,SKU02355,1,1.939905
2025-12-03,ST16,SKU02368,4,1.8193702
2025-12-03,ST22,SKU02388,3,1.8342975
2025-12-03,ST05,SKU02401,1,1.8950031
2025-12-03,ST23,SKU02404,1,2.1494305
2025-12-03,ST13,SKU02407,3,1.9247195
2025-12-03,ST30,SKU02411,2,1.8716588
2025-12-03,ST07,SKU02416,1,1.7341111
2025-12-03,ST29,SKU02422,2,1.8865304
2025-12-03,ST13,SKU02423,3,1.8406307
2025-12-03,ST17,SKU02424,1,1.7788333
2025-12-03,ST25,SKU02434,3,1.7994577
2025-12-03,ST03,SKU02438,1,1.8640593
2025-12-03,ST21,SKU02443,1,1.9391793
2025-12-03,ST08,SKU02448,2,1.8556179
2025-12-03,ST11,SKU02449,1,1.870017
2025-12-03,ST17,SKU02460,4,1.8469764
2025-12-03,ST22,SKU02462,1,1.9073348
2025-12-03,ST17,SKU02476,1,1.7618071
2025-12-03,ST27,SKU02479,1,1.8031085
2025-12-03,ST09,SKU02482,2,1.9913741
2025-12-03,ST28,SKU02484,1,1.8326572
2025-12-03,ST06,SKU02489,2,1.8455575
2025-12-03,ST14,SKU02499,3,1.9040487
2025-12-03,ST22,SKU02500,1,2.2641594
2025-12-03,ST21,SKU02502,2,1.8093375
2025-12-03,ST29,SKU02514,3,1.9918329
2025-12-03,ST21,SKU02526,2,1.8390741
2025-12-03,ST18,SKU02529,1,1.8936185
2025-12-03,ST03,SKU02530,2,1.8395177
2025-12-03,ST23,SKU02532,1,1.8322732
2025-12-03,ST15,SKU02537,3,1.861808
2025-12-03,ST22,SKU02549,2,1.8361789
2025-12-03,ST13,SKU02564,1,2.0351589
2025-12-03,ST06,SKU02583,3,1.8474641
2025-12-03,ST09,SKU02611,1,1.8536437
2025-12-03,ST22,SKU02614,1,1.8928621
2025-12-03,ST11,SKU02617,5,1.883724
2025-12-03,ST20,SKU02633,2,1.8268785
2025-12-03,ST19,SKU02636,1,1.8989471
2025-12-03,ST30,SKU02640,4,1.8818338
2025-12-03,ST30,SKU02642,2,1.9760844
2025-12-03,ST25,SKU02645,2,1.8584827
2025-12-03,ST20,SKU02651,1,1.8683405
2025-12-03,ST22,SKU02657,1,1.9611363
2025-12-03,ST08,SKU02660,1,1.9990536
2025-12-03,ST29,SKU02666,1,1.8503594
2025-12-03,ST14,SKU02667,2,1.864081
2025-12-03,ST07,SKU02669,1,2.02178
2025-12-03,ST11,SKU02670,4,1.8530984
2025-12-03,ST14,SKU02672,1,1.8335484
2025-12-03,ST15,SKU02673,2,1.946831
2025-12-03,ST27,SKU02674,4,1.8059955
2025-12-03,ST03,SKU02679,1,1.8449253
2025-12-03,ST07,SKU02684,1,1.845248
2025-12-03,ST03,SKU02686,1,1.8598799
2025-12-03,ST10,SKU02687,1,1.8479383
2025-12-03,ST28,SKU02690,1,1.8687323
2025-12-03,ST09,SKU02691,2,1.8476527
2025-12-03,ST27,SKU02692,1,1.8275231
2025-12-03,ST30,SKU02708,1,1.9154704
2025-12-03,ST11,SKU02718,1,1.9193298
2025-12-03,ST22,SKU02731,3,1.9733329
2025-12-03,ST22,SKU02746,3,1.850581
2025-12-03,ST20,SKU02751,4,1.8710941
2025-12-03,ST11,SKU02776,3,1.813283
2025-12-03,ST20,SKU02784,2,1.846201
2025-12-03,ST17,SKU02791,1,2.017302
2025-12-03,ST28,SKU02792,1,1.8139908
2025-12-03,ST15,SKU02802,2,1.829447
2025-12-03,ST17,SKU02804,1,1.8199916
2025-12-03,ST01,SKU02809,2,1.8642852
2025-12-03,ST18,SKU02819,2,1.9099889
2025-12-03,ST18,SKU02820,1,1.8917081
2025-12-03,ST09,SKU02821,1,1.895772
2025-12-03,ST29,SKU02826,3,1.9488789
2025-12-03,ST26,SKU02829,3,1.8938756
2025-12-03,ST06,SKU02830,1,1.9110055
2025-12-03,ST21,SKU02837,1,2.0595868
2025-12-03,ST22,SKU02840,1,1.8425606
2025-12-03,ST09,SKU02843,1,1.8739752
2025-12-03,ST14,SKU02849,1,1.9166486
2025-12-03,ST27,SKU02851,4,1.978874
2025-12-03,ST23,SKU02858,2,1.8303063
2025-12-03,ST20,SKU02874,3,1.8792915
2025-12-03,ST11,SKU02882,4,1.8673874
2025-12-03,ST15,SKU02888,2,1.7872158
2025-12-03,ST11,SKU02889,3,1.9065857
2025-12-03,ST19,SKU02891,1,1.856523
2025-12-03,ST25,SKU02892,1,1.9361081
2025-12-03,ST22,SKU02896,1,1.8904022
2025-12-03,ST09,SKU02898,2,1.8416303
2025-12-03,ST27,SKU02902,1,1.9019679
2025-12-03,ST02,SKU02908,3,1.8742095
2025-12-03,ST01,SKU02913,1,1.8485994
2025-12-03,ST22,SKU02919,1,1.9092524
2025-12-03,ST06,SKU02921,2,1.8532852
2025-12-03,ST20,SKU02923,2,1.9062462
2025-12-03,ST28,SKU02930,2,3.4854987
2025-12-03,ST15,SKU02931,1,1.9046625
2025-12-03,ST19,SKU02941,2,1.8759292
2025-12-03,ST14,SKU02943,1,1.9420772
2025-12-03,ST14,SKU02952,3,1.8551283
2025-12-03,ST30,SKU02953,1,1.8907065
2025-12-03,ST26,SKU02968,3,1.8205785
2025-12-03,ST07,SKU02988,4,1.8451961
2025-12-03,ST17,SKU02997,1,1.8869783
2025-12-03,ST01,SKU03005,1,1.9178262
2025-12-03,ST03,SKU03014,2,1.9356782
2025-12-03,ST03,SKU03022,3,1.8357419
2025-12-03,ST09,SKU03024,1,1.7856514
2025-12-03,ST28,SKU03025,2,1.8959389
2025-12-03,ST26,SKU03027,1,1.8077165
2025-12-03,ST30,SKU03030,5,3.9109995
2025-12-03,ST17,SKU03049,1,1.8695918
2025-12-03,ST19,SKU03052,5,1.8503244
2025-12-03,ST28,SKU03053,1,1.831418
2025-12-03,ST16,SKU03057,1,1.9385341
2025-12-03,ST06,SKU03059,1,1.8538647
2025-12-03,ST30,SKU03061,1,1.9021798
2025-12-03,ST07,SKU03064,2,1.7909517
2025-12-03,ST04,SKU03077,2,1.8948476
2025-12-03,ST14,SKU03083,1,1.9973872
2025-12-03,ST06,SKU03088,1,1.9505711
2025-12-03,ST29,SKU03100,1,1.9143991
2025-12-03,ST17,SKU03103,2,1.8753766
2025-12-03,ST05,SKU03107,2,1.883466
2025-12-03,ST23,SKU03109,4,1.8581531
2025-12-03,ST21,SKU03110,3,1.8441315
2025-12-03,ST08,SKU03113,1,1.8418255
2025-12-03,ST19,SKU03119,1,1.8738593
2025-12-03,ST30,SKU03132,2,1.8212222
2025-12-03,ST24,SKU03133,1,1.8899757
2025-12-03,ST30,SKU03135,1,1.8737433
2025-12-03,ST25,SKU03140,1,1.8351446
2025-12-03,ST30,SKU03149,1,2.0977802
2025-12-03,ST03,SKU03150,1,1.9029222
2025-12-03,ST09,SKU03162,2,1.9219999
2025-12-03,ST24,SKU03174,1,1.9683309
2025-12-03,ST08,SKU03193,3,1.8508512
2025-12-03,ST21,SKU03199,4,1.8448627
2025-12-03,ST23,SKU03216,4,1.82591
2025-12-03,ST01,SKU03217,1,1.8964807
2025-12-03,ST28,SKU03220,2,1.840631
2025-12-03,ST10,SKU03225,1,1.7543751
2025-12-03,ST03,SKU03232,2,1.9738873
2025-12-03,ST28,SKU03246,1,1.851961
2025-12-03,ST21,SKU03253,4,1.8649716
2025-12-03,ST13,SKU03254,3,2.02032
2025-12-03,ST25,SKU03274,4,1.743531
2025-12-03,ST15,SKU03283,2,1.7648906
2025-12-03,ST18,SKU03288,3,1.870746
2025-12-03,ST29,SKU03292,1,2.2436697
2025-12-03,ST24,SKU03315,4,1.880821
2025-12-03,ST21,SKU03317,4,1.8645947
2025-12-03,ST14,SKU03318,2,1.9238245
2025-12-03,ST18,SKU03320,4,1.8828481
2025-12-03,ST17,SKU03323,2,1.6463859
2025-12-03,ST21,SKU03325,1,1.8216127
2025-12-03,ST17,SKU03328,3,1.9181858
2025-12-03,ST17,SKU03331,2,1.8880669
2025-12-03,ST04,SKU03338,2,1.8467852
2025-12-03,ST20,SKU03343,1,1.8472666
2025-12-03,ST06,SKU03351,2,1.8487324
2025-12-03,ST23,SKU03352,1,1.8459557
2025-12-03,ST22,SKU03353,4,2.0665548
2025-12-03,ST15,SKU03356,3,1.8708451
2025-12-03,ST14,SKU03362,3,1.8952672
2025-12-03,ST03,SKU03363,4,1.9196376
2025-12-03,ST21,SKU03367,3,1.8075439
2025-12-03,ST16,SKU03368,2,1.8944365
2025-12-03,ST25,SKU03370,3,1.8683805
2025-12-03,ST01,SKU03373,2,1.8461936
2025-12-03,ST22,SKU03381,1,1.8313981
2025-12-03,ST23,SKU03390,2,1.8806317
2025-12-03,ST09,SKU03391,3,1.7981472
2025-12-03,ST22,SKU03393,1,1.9277842
2025-12-03,ST09,SKU03404,1,1.9963865
2025-12-03,ST22,SKU03408,1,1.883618
2025-12-03,ST07,SKU03412,2,1.8619647
2025-12-03,ST29,SKU03424,1,1.8919188
2025-12-03,ST22,SKU03427,2,1.781215
2025-12-03,ST06,SKU03444,3,1.8572557
2025-12-03,ST06,SKU03446,2,1.9433217
2025-12-03,ST07,SKU03450,2,1.8435333
2025-12-03,ST08,SKU03451,3,1.8619524
2025-12-03,ST30,SKU03486,3,1.8574896
2025-12-03,ST21,SKU03495,1,1.8510073
2025-12-03,ST29,SKU03497,1,1.83408
2025-12-03,ST07,SKU03503,1,1.8833424
2025-12-03,ST06,SKU03505,3,1.8627048
2025-12-03,ST22,SKU03511,1,1.8805928
2025-12-03,ST17,SKU03512,5,1.8667239
2025-12-03,ST25,SKU03513,2,1.8822949
2025-12-03,ST19,SKU03522,1,1.8951803
2025-12-03,ST20,SKU03524,2,1.8961096
2025-12-03,ST22,SKU03526,2,1.89752
2025-12-03,ST22,SKU03535,3,1.8507138
2025-12-03,ST22,SKU03549,3,1.8656048
2025-12-03,ST11,SKU03550,4,1.8844969
2025-12-03,ST28,SKU03559,5,1.9145392
2025-12-03,ST22,SKU03566,3,1.854708
2025-12-03,ST17,SKU03571,2,1.9107082
2025-12-03,ST30,SKU03572,1,2.0569422
2025-12-03,ST16,SKU03575,1,1.9067913
2025-12-03,ST17,SKU03578,1,1.7937669
2025-12-03,ST05,SKU03582,2,1.8945233
2025-12-03,ST21,SKU03600,2,1.844365
2025-12-03,ST05,SKU03601,1,1.7469643
2025-12-03,ST25,SKU03605,1,1.8469392
2025-12-03,ST15,SKU03622,1,1.7912911
2025-12-03,ST25,SKU03623,3,1.9208132
2025-12-03,ST06,SKU03628,3,1.8825326
2025-12-03,ST17,SKU03629,1,1.8683065
2025-12-03,ST03,SKU03634,2,2.0691028
2025-12-03,ST22,SKU03639,2,1.86524
2025-12-03,ST09,SKU03640,1,1.9295645
2025-12-03,ST09,SKU03647,2,1.969691
2025-12-03,ST22,SKU03658,1,1.9324772
2025-12-03,ST04,SKU03668,2,1.9056025
2025-12-03,ST08,SKU03674,1,1.8835882
2025-12-03,ST15,SKU03685,4,1.9250699
2025-12-03,ST11,SKU03693,1,1.9872507
2025-12-03,ST20,SKU03705,1,1.9040235
2025-12-03,ST21,SKU03715,2,1.8220813
2025-12-03,ST25,SKU03725,1,1.9122078
2025-12-03,ST28,SKU03727,2,2.0104218
2025-12-03,ST18,SKU03730,1,1.8415562
2025-12-03,ST21,SKU03734,1,1.9306145
2025-12-03,ST29,SKU03738,1,1.9988973
2025-12-03,ST29,SKU03743,1,1.8787133
2025-12-03,ST21,SKU03750,1,1.855748
2025-12-03,ST21,SKU03751,1,1.8829893
2025-12-03,ST21,SKU03756,1,1.8766383
2025-12-03,ST17,SKU03760,2,1.8589542
2025-12-03,ST15,SKU03761,3,1.9125469
2025-12-03,ST04,SKU03771,2,1.8674273
2025-12-03,ST02,SKU03772,2,1.7718947
2025-12-03,ST27,SKU03781,1,1.880691
2025-12-03,ST22,SKU03785,1,1.8993272
2025-12-03,ST11,SKU03789,2,1.9476458
2025-12-03,ST21,SKU03800,4,1.9903944
2025-12-03,ST06,SKU03803,4,1.8299515
2025-12-03,ST07,SKU03811,1,1.8853396
2025-12-03,ST30,SKU03820,2,1.9501476
2025-12-03,ST19,SKU03829,1,1.854529
2025-12-03,ST17,SKU03830,2,1.8726133
2025-12-03,ST03,SKU03834,1,1.9685876
2025-12-03,ST21,SKU03844,1,1.7712737
2025-12-03,ST20,SKU03851,1,1.910004
2025-12-03,ST05,SKU03863,2,1.9033415
2025-12-03,ST14,SKU03874,3,1.8784995
2025-12-03,ST20,SKU03883,1,2.1446445
2025-12-03,ST03,SKU03885,2,1.8572787
2025-12-03,ST20,SKU03892,5,1.9792889
2025-12-03,ST03,SKU03900,3,1.7846599
2025-12-03,ST17,SKU03903,2,1.8878077
2025-12-03,ST09,SKU03904,1,1.8136039
2025-12-03,ST07,SKU03906,1,1.8371341
2025-12-03,ST20,SKU03907,2,1.8557005
2025-12-03,ST20,SKU03915,1,1.8725096
2025-12-03,ST17,SKU03928,1,1.8763866
2025-12-03,ST21,SKU03936,2,1.8727367
2025-12-03,ST09,SKU03937,1,1.898994
2025-12-03,ST30,SKU03940,1,1.8900188
2025-12-03,ST22,SKU03943,3,1.8177865
2025-12-03,ST21,SKU03956,2,1.8556824
2025-12-03,ST29,SKU03958,2,1.8832185
2025-12-03,ST30,SKU03959,2,1.8312905
2025-12-03,ST15,SKU03961,5,1.8264805
2025-12-03,ST03,SKU03969,1,1.8954457
2025-12-03,ST03,SKU03972,1,1.863046
2025-12-03,ST09,SKU03986,1,1.7476363
2025-12-03,ST07,SKU03997,2,1.8432393
2025-12-03,ST29,SKU04010,2,1.8393295
2025-12-03,ST21,SKU04016,1,1.9143612
2025-12-03,ST06,SKU04017,2,1.9418008
2025-12-03,ST18,SKU04019,1,1.8286475
2025-12-03,ST20,SKU04032,2,1.8548605
2025-12-03,ST17,SKU04042,2,1.8953574
2025-12-03,ST03,SKU04043,3,1.8839229
2025-12-03,ST28,SKU04063,1,1.929858
2025-12-03,ST17,SKU04065,1,1.8431895
2025-12-03,ST27,SKU04071,2,1.9219031
2025-12-03,ST17,SKU04077,1,1.8683112
2025-12-03,ST30,SKU04078,2,1.8218465
2025-12-03,ST09,SKU04079,3,1.8831444
2025-12-03,ST28,SKU04085,1,1.8864391
2025-12-03,ST21,SKU04088,5,1.8936049
2025-12-03,ST05,SKU04103,1,1.8864889
2025-12-03,ST08,SKU04105,1,1.7991716
2025-12-03,ST20,SKU04106,1,1.8451586
2025-12-03,ST25,SKU04110,1,1.9207371
2025-12-03,ST03,SKU04125,1,1.939851
2025-12-03,ST25,SKU04137,1,1.8790412
2025-12-03,ST30,SKU04154,4,3.7654774
2025-12-03,ST22,SKU04157,3,1.716395
2025-12-03,ST26,SKU04159,4,2.0014539
2025-12-03,ST29,SKU04161,1,1.845125
2025-12-03,ST22,SKU04162,1,1.8226146
2025-12-03,ST19,SKU04163,3,1.8634686
2025-12-03,ST29,SKU04166,2,1.965742
2025-12-03,ST14,SKU04168,2,1.8711053
2025-12-03,ST02,SKU04186,1,1.8741482
2025-12-03,ST09,SKU04187,1,1.8536073
2025-12-03,ST25,SKU04188,1,1.8152332
2025-12-03,ST19,SKU04191,4,1.8895048
2025-12-03,ST07,SKU04196,4,1.8965595
2025-12-03,ST07,SKU04197,1,1.8830777
2025-12-03,ST06,SKU04204,1,1.8582474
2025-12-03,ST11,SKU04205,2,1.797553
2025-12-03,ST09,SKU04206,1,1.8515196
2025-12-03,ST09,SKU04209,1,1.8257014
2025-12-03,ST07,SKU04213,3,1.8520273
2025-12-03,ST06,SKU04235,2,1.9318492
2025-12-03,ST27,SKU04240,1,1.8647506
2025-12-03,ST24,SKU04246,3,1.8619001
2025-12-03,ST07,SKU04266,5,1.8718075
2025-12-03,ST10,SKU04272,4,1.9563532
2025-12-03,ST09,SKU04274,1,1.818688
2025-12-03,ST20,SKU04275,5,1.849373
2025-12-03,ST18,SKU04280,2,1.8575476
2025-12-03,ST07,SKU04283,1,1.898752
2025-12-03,ST14,SKU04286,4,1.9055909
2025-12-03,ST20,SKU04305,2,1.8843044
2025-12-03,ST06,SKU04315,1,1.8258243
2025-12-03,ST08,SKU04318,4,1.8646362
2025-12-03,ST30,SKU04321,11,6.7530212
2025-12-03,ST26,SKU04322,2,1.8255767
2025-12-03,ST09,SKU04329,4,3.8871224
2025-12-03,ST27,SKU04330,1,1.8745805
2025-12-03,ST30,SKU04336,1,1.8059487
2025-12-03,ST18,SKU04338,2,1.8805019
2025-12-03,ST30,SKU04348,4,1.8800889
2025-12-03,ST19,SKU04349,3,1.9221535
2025-12-03,ST30,SKU04350,1,1.8757509
2025-12-03,ST15,SKU04353,1,1.8691306
2025-12-03,ST06,SKU04359,2,1.8855143
2025-12-03,ST28,SKU04362,3,1.9203289
2025-12-03,ST24,SKU04363,3,1.937925
2025-12-03,ST28,SKU04381,1,1.8277539
2025-12-03,ST04,SKU04387,1,1.8483286
2025-12-03,ST06,SKU04388,1,1.8859411
2025-12-03,ST22,SKU04402,1,1.9422708
2025-12-03,ST26,SKU04404,1,1.9152354
2025-12-03,ST22,SKU04405,2,1.8395103
2025-12-03,ST13,SKU04406,1,1.8797307
2025-12-03,ST17,SKU04408,1,1.8061432
2025-12-03,ST29,SKU04423,4,1.882077
2025-12-03,ST01,SKU04435,1,1.8523257
2025-12-03,ST14,SKU04436,1,1.8736037
2025-12-03,ST29,SKU04445,3,1.8697437
2025-12-03,ST06,SKU04453,4,1.8123435
2025-12-03,ST04,SKU04454,2,1.9056743
2025-12-03,ST29,SKU04455,1,1.9295214
2025-12-03,ST30,SKU04473,2,1.8092698
2025-12-03,ST09,SKU04475,1,1.8695312
2025-12-03,ST25,SKU04476,3,1.9098358
2025-12-03,ST17,SKU04497,1,1.8006281
2025-12-03,ST09,SKU04508,1,1.9222705
2025-12-03,ST08,SKU04512,3,1.8593173
2025-12-03,ST09,SKU04518,1,1.8918269
2025-12-03,ST10,SKU04539,4,1.9002898
2025-12-03,ST21,SKU04547,1,1.8781209
2025-12-03,ST26,SKU04551,2,1.8876649
2025-12-03,ST30,SKU04560,2,1.9192414
2025-12-03,ST17,SKU04568,1,1.8656005
2025-12-03,ST20,SKU04571,1,2.2547958
2025-12-03,ST27,SKU04574,3,1.8811524
2025-12-03,ST26,SKU04575,2,1.8473423
2025-12-03,ST25,SKU04584,1,1.8596969
2025-12-03,ST27,SKU04587,1,1.8230482
2025-12-03,ST29,SKU04588,5,1.8613278
2025-12-03,ST20,SKU04591,3,2.2408767
2025-12-03,ST30,SKU04596,8,5.3550715
2025-12-03,ST10,SKU04610,3,1.7079219
2025-12-03,ST06,SKU04611,1,1.8950945
2025-12-03,ST07,SKU04623,1,1.9750277
2025-12-03,ST17,SKU04626,1,1.7459241
2025-12-03,ST17,SKU04638,1,1.8190044
2025-12-03,ST19,SKU04647,1,1.8852867
2025-12-03,ST25,SKU04663,1,1.7533315
2025-12-03,ST06,SKU04670,1,1.8333571
2025-12-03,ST17,SKU04677,2,1.845249
2025-12-03,ST01,SKU04678,1,1.9393334
2025-12-03,ST09,SKU04681,2,1.902914
2025-12-03,ST30,SKU04694,2,1.8502048
2025-12-03,ST07,SKU04696,1,1.8429464
2025-12-03,ST17,SKU04700,1,1.8575006
2025-12-03,ST27,SKU04705,1,1.8816674
2025-12-03,ST11,SKU04708,1,1.8511595
2025-12-03,ST09,SKU04710,1,1.8513293
2025-12-03,ST15,SKU04711,1,1.9429874
2025-12-03,ST14,SKU04717,2,1.8135536
2025-12-03,ST18,SKU04719,1,1.8583764
2025-12-03,ST29,SKU04724,1,1.9477253
2025-12-03,ST25,SKU04729,1,1.8572522
2025-12-03,ST12,SKU04733,1,2.0772243
2025-12-03,ST11,SKU04734,4,1.9523591
2025-12-03,ST19,SKU04736,1,1.8570398
2025-12-03,ST03,SKU04738,3,1.8639219
2025-12-03,ST14,SKU04739,1,1.9723803
2025-12-03,ST27,SKU04744,1,1.8526745
2025-12-03,ST11,SKU04750,1,1.9506942
2025-12-03,ST01,SKU04752,1,1.8243192
2025-12-03,ST13,SKU04760,1,1.858725
2025-12-03,ST06,SKU04774,2,1.8448771
2025-12-03,ST29,SKU04778,1,1.8326964
2025-12-03,ST14,SKU04780,1,1.630099
2025-12-03,ST20,SKU04781,1,1.8359281
2025-12-03,ST19,SKU04783,2,2.2266138
2025-12-03,ST12,SKU04796,3,1.8736098
2025-12-03,ST29,SKU04808,2,1.8836491
2025-12-03,ST14,SKU04811,1,1.8592783
2025-12-03,ST19,SKU04813,2,1.9038161
2025-12-03,ST05,SKU04819,2,1.856291
2025-12-03,ST23,SKU04821,2,1.8152333
2025-12-03,ST22,SKU04824,1,1.8392682
2025-12-03,ST16,SKU04829,1,1.8808763
2025-12-03,ST29,SKU04834,1,1.881185
2025-12-03,ST22,SKU04840,1,1.8791568
2025-12-03,ST06,SKU04852,3,1.8349861
2025-12-03,ST29,SKU04860,3,1.8347291
2025-12-03,ST13,SKU04862,1,1.8784721
2025-12-03,ST18,SKU04873,1,1.874712
2025-12-03,ST26,SKU04879,3,1.831143
2025-12-03,ST03,SKU04908,1,1.9214917
2025-12-03,ST29,SKU04913,1,1.8464807
2025-12-03,ST18,SKU04920,1,2.1062527
2025-12-03,ST03,SKU04928,1,1.8559037
2025-12-03,ST14,SKU04934,2,3.750437
2025-12-03,ST27,SKU04936,1,1.9171215
2025-12-03,ST03,SKU04943,1,1.901908
2025-12-03,ST11,SKU04954,1,1.8819172
2025-12-03,ST07,SKU04958,4,1.8093159
2025-12-03,ST07,SKU04959,2,1.8678565
2025-12-03,ST22,SKU04965,1,1.856421
2025-12-03,ST05,SKU04979,1,1.8949445
2025-12-03,ST06,SKU04981,1,1.8929409
2025-12-03,ST11,SKU04998,1,1.8785346
2025-12-04,ST22,SKU00001,3,1.8061588
2025-12-04,ST29,SKU00002,1,1.9916673
2025-12-04,ST30,SKU00008,3,1.8482687
2025-12-04,ST29,SKU00011,1,1.9459767
2025-12-04,ST03,SKU00034,1,1.8968569
2025-12-04,ST10,SKU00039,2,1.8084848
2025-12-04,ST17,SKU00050,1,2.3753836
2025-12-04,ST03,SKU00062,2,1.9308634
2025-12-04,ST18,SKU00077,3,1.8797998
2025-12-04,ST30,SKU00079,2,1.7994769
2025-12-04,ST04,SKU00090,2,2.3744593
2025-12-04,ST09,SKU00109,1,1.9344945
2025-12-04,ST12,SKU00119,1,1.7395058
2025-12-04,ST25,SKU00129,2,1.9136008
2025-12-04,ST24,SKU00130,2,1.841063
2025-12-04,ST17,SKU00163,2,1.7630202
2025-12-04,ST26,SKU00169,1,1.9518943
2025-12-04,ST01,SKU00170,1,1.835624
2025-12-04,ST16,SKU00177,1,1.8499932
2025-12-04,ST28,SKU00190,1,1.8035141
2025-12-04,ST29,SKU00192,1,1.8759195
2025-12-04,ST25,SKU00193,1,1.830215
2025-12-04,ST10,SKU00195,1,1.8976464
2025-12-04,ST25,SKU00216,1,1.8554676
2025-12-04,ST16,SKU00240,2,2.2531238
2025-12-04,ST29,SKU00250,2,1.8853804
2025-12-04,ST22,SKU00259,2,1.8628815
2025-12-04,ST03,SKU00264,1,1.8993174
2025-12-04,ST01,SKU00269,2,1.873647
2025-12-04,ST05,SKU00270,2,1.9015783
2025-12-04,ST26,SKU00285,1,1.8678782
2025-12-04,ST20,SKU00290,2,1.8587228
2025-12-04,ST20,SKU00291,2,1.9207194
2025-12-04,ST12,SKU00299,2,1.8324411
2025-12-04,ST30,SKU00301,3,1.8100344
2025-12-04,ST09,SKU00323,1,1.8611745
2025-12-04,ST23,SKU00339,2,1.8683953
2025-12-04,ST12,SKU00365,2,1.992463
2025-12-04,ST07,SKU00369,1,1.8801365
2025-12-04,ST15,SKU00375,1,1.8845547
2025-12-04,ST05,SKU00376,1,1.8725264
2025-12-04,ST21,SKU00377,2,1.8664168
2025-12-04,ST07,SKU00383,1,1.8555224
2025-12-04,ST21,SKU00387,1,1.8402996
2025-12-04,ST01,SKU00390,1,1.8889867
2025-12-04,ST17,SKU00391,5,1.8492212
2025-12-04,ST16,SKU00393,3,1.9748327
2025-12-04,ST10,SKU00396,1,1.8695607
2025-12-04,ST21,SKU00397,1,1.9253304
2025-12-04,ST28,SKU00405,1,1.950479
2025-12-04,ST24,SKU00410,2,1.8673203
2025-12-04,ST08,SKU00414,4,1.946699
2025-12-04,ST07,SKU00416,2,1.8421808
2025-12-04,ST06,SKU00426,3,1.8675629
2025-12-04,ST05,SKU00440,1,1.8266795
2025-12-04,ST22,SKU00442,1,1.8918711
2025-12-04,ST24,SKU00445,1,1.9327341
2025-12-04,ST21,SKU00467,3,1.858148
2025-12-04,ST21,SKU00482,1,1.8279123
2025-12-04,ST01,SKU00499,3,1.8629131
2025-12-04,ST23,SKU00500,2,1.798971
2025-12-04,ST30,SKU00506,1,1.8172746
2025-12-04,ST08,SKU00507,1,1.8573732
2025-12-04,ST19,SKU00517,1,1.7868377
2025-12-04,ST20,SKU00519,1,1.9045678
2025-12-04,ST19,SKU00520,3,1.8993586
2025-12-04,ST30,SKU00521,1,1.9027753
2025-12-04,ST08,SKU00522,2,1.9136281
2025-12-04,ST20,SKU00530,2,1.9103583
2025-12-04,ST29,SKU00531,2,2.2385395
2025-12-04,ST17,SKU00539,2,2.0249827
2025-12-04,ST23,SKU00542,1,1.8566264
2025-12-04,ST04,SKU00544,1,1.8226486
2025-12-04,ST03,SKU00554,1,2.6147609
2025-12-04,ST06,SKU00556,3,1.832713
2025-12-04,ST25,SKU00565,2,1.8416481
2025-12-04,ST12,SKU00572,3,1.8458679
2025-12-04,ST13,SKU00575,1,1.8843601
2025-12-04,ST30,SKU00579,4,1.9191378
2025-12-04,ST05,SKU00582,1,1.9067563
2025-12-04,ST14,SKU00588,1,1.7146949
2025-12-04,ST29,SKU00599,2,1.9839318
2025-12-04,ST10,SKU00614,2,1.8553494
2025-12-04,ST03,SKU00618,1,1.9839324
2025-12-04,ST27,SKU00621,1,1.8628815
2025-12-04,ST27,SKU00622,1,1.8422143
2025-12-04,ST26,SKU00625,1,1.8264672
2025-12-04,ST03,SKU00627,2,1.8595462
2025-12-04,ST05,SKU00628,2,1.8907714
2025-12-04,ST23,SKU00635,1,1.8190694
2025-12-04,ST03,SKU00641,2,1.8605462
2025-12-04,ST29,SKU00659,1,1.8492311
2025-12-04,ST17,SKU00662,1,1.892569
2025-12-04,ST20,SKU00670,1,2.0641708
2025-12-04,ST27,SKU00678,3,1.8154176
2025-12-04,ST04,SKU00680,1,1.9517215
2025-12-04,ST21,SKU00687,1,2.0122046
2025-12-04,ST28,SKU00708,1,1.9117073
2025-12-04,ST05,SKU00726,4,2.0625832
2025-12-04,ST12,SKU00727,2,1.8612841
2025-12-04,ST29,SKU00728,1,1.8590688
2025-12-04,ST08,SKU00729,2,1.8899533
2025-12-04,ST08,SKU00742,1,1.9251829
2025-12-04,ST09,SKU00744,2,1.8803731
2025-12-04,ST19,SKU00765,1,1.8729063
2025-12-04,ST11,SKU00768,1,1.8245759
2025-12-04,ST11,SKU00770,3,1.9812565
2025-12-04,ST01,SKU00779,3,1.8928894
2025-12-04,ST06,SKU00794,2,1.8642883
2025-12-04,ST20,SKU00798,2,1.8987212
2025-12-04,ST28,SKU00811,1,1.8985844
2025-12-04,ST18,SKU00823,1,2.105785
2025-12-04,ST28,SKU00832,1,1.8026463
2025-12-04,ST21,SKU00834,1,1.9239327
2025-12-04,ST26,SKU00838,2,1.8749561
2025-12-04,ST20,SKU00839,1,1.8311726
2025-12-04,ST20,SKU00844,1,1.8522362
2025-12-04,ST28,SKU00845,1,1.9993873
2025-12-04,ST29,SKU00847,1,1.9137527
2025-12-04,ST07,SKU00862,2,1.8110118
2025-12-04,ST21,SKU00868,1,1.8796172
2025-12-04,ST30,SKU00874,1,1.9340008
2025-12-04,ST15,SKU00886,2,1.8761917
2025-12-04,ST03,SKU00893,3,1.8025367
2025-12-04,ST07,SKU00896,1,1.8739252
2025-12-04,ST26,SKU00900,3,1.8142663
2025-12-04,ST28,SKU00908,1,1.9885867
2025-12-04,ST06,SKU00909,1,1.8563236
2025-12-04,ST16,SKU00920,2,1.8115884
2025-12-04,ST18,SKU00921,3,1.8766973
2025-12-04,ST27,SKU00932,1,1.9092525
2025-12-04,ST29,SKU00933,3,1.9087787
2025-12-04,ST29,SKU00942,2,3.6752255
2025-12-04,ST14,SKU00943,2,1.824981
2025-12-04,ST19,SKU00952,1,1.8380736
2025-12-04,ST28,SKU00953,1,1.7976773
2025-12-04,ST14,SKU00967,1,1.8522047
2025-12-04,ST20,SKU00970,1,1.905825
2025-12-04,ST10,SKU00971,1,1.8179132
2025-12-04,ST03,SKU00974,1,2.0437124
2025-12-04,ST06,SKU00975,3,1.8393012
2025-12-04,ST07,SKU00976,1,1.869017
2025-12-04,ST27,SKU00981,4,1.8428158
2025-12-04,ST27,SKU00993,3,1.8362063
2025-12-04,ST22,SKU00994,3,1.8567388
2025-12-04,ST18,SKU01006,1,1.8974601
2025-12-04,ST29,SKU01009,1,1.9062903
2025-12-04,ST15,SKU01021,1,1.7592554
2025-12-04,ST30,SKU01024,1,1.9534636
2025-12-04,ST03,SKU01027,2,2.0053856
2025-12-04,ST27,SKU01030,2,1.8709652
2025-12-04,ST27,SKU01031,3,1.9911869
2025-12-04,ST14,SKU01037,1,2.047766
2025-12-04,ST09,SKU01048,1,1.7709937
2025-12-04,ST19,SKU01056,3,1.8662552
2025-12-04,ST06,SKU01059,1,1.828669
2025-12-04,ST20,SKU01068,1,2.0029938
2025-12-04,ST18,SKU01087,2,1.8750247
2025-12-04,ST18,SKU01094,1,1.9038994
2025-12-04,ST29,SKU01109,3,1.7906083
2025-12-04,ST10,SKU01110,1,2.0789056
2025-12-04,ST15,SKU01115,1,1.7477095
2025-12-04,ST20,SKU01130,2,1.8586439
2025-12-04,ST26,SKU01135,2,1.8560485
2025-12-04,ST29,SKU01136,4,1.7945118
2025-12-04,ST30,SKU01148,4,1.8735354
2025-12-04,ST20,SKU01152,1,1.9189925
2025-12-04,ST22,SKU01154,1,1.9031175
2025-12-04,ST27,SKU01155,2,1.8098633
2025-12-04,ST27,SKU01177,2,1.8795751
2025-12-04,ST30,SKU01189,1,2.0874977
2025-12-04,ST06,SKU01190,1,1.899133
2025-12-04,ST18,SKU01199,4,1.8585901
2025-12-04,ST29,SKU01203,3,1.9471271
2025-12-04,ST16,SKU01208,2,1.9036313
2025-12-04,ST15,SKU01209,3,1.9154031
2025-12-04,ST30,SKU01210,1,1.8828328
2025-12-04,ST27,SKU01215,1,1.8570272
2025-12-04,ST04,SKU01219,1,1.8750529
2025-12-04,ST18,SKU01221,2,1.8616362
2025-12-04,ST06,SKU01244,3,1.9118274
2025-12-04,ST22,SKU01264,4,1.825246
2025-12-04,ST06,SKU01267,2,1.9125448
2025-12-04,ST06,SKU01282,3,1.9303148
2025-12-04,ST23,SKU01285,2,1.8666074
2025-12-04,ST09,SKU01291,3,1.8285669
2025-12-04,ST30,SKU01294,1,1.8371502
2025-12-04,ST15,SKU01304,2,1.957932
2025-12-04,ST07,SKU01317,4,3.7345223
2025-12-04,ST08,SKU01320,2,1.9261019
2025-12-04,ST22,SKU01327,4,1.8596443
2025-12-04,ST23,SKU01332,3,1.9019756
2025-12-04,ST19,SKU01336,2,1.7880119
2025-12-04,ST03,SKU01340,1,1.8692181
2025-12-04,ST10,SKU01343,2,1.8513538
2025-12-04,ST18,SKU01350,1,1.8706859
2025-12-04,ST23,SKU01352,3,1.8585459
2025-12-04,ST22,SKU01355,1,1.9015398
2025-12-04,ST20,SKU01362,1,1.9424554
2025-12-04,ST12,SKU01371,3,1.8759397
2025-12-04,ST22,SKU01377,1,2.087148
2025-12-04,ST28,SKU01388,2,1.9006015
2025-12-04,ST18,SKU01391,1,1.8368928
2025-12-04,ST22,SKU01420,2,2.0195854
2025-12-04,ST30,SKU01422,1,1.8699791
2025-12-04,ST12,SKU01432,2,2.0048437
2025-12-04,ST15,SKU01437,1,1.8885082
2025-12-04,ST04,SKU01440,1,1.8818728
2025-12-04,ST26,SKU01461,1,1.8577316
2025-12-04,ST30,SKU01465,1,1.9461144
2025-12-04,ST24,SKU01466,3,2.158765
2025-12-04,ST19,SKU01468,1,1.8776681
2025-12-04,ST28,SKU01469,1,1.9785252
2025-12-04,ST22,SKU01474,2,1.871715
2025-12-04,ST18,SKU01485,1,2.055636
2025-12-04,ST07,SKU01486,1,1.8915416
2025-12-04,ST20,SKU01488,2,1.9064276
2025-12-04,ST01,SKU01506,2,1.8654038
2025-12-04,ST02,SKU01507,2,1.8257649
2025-12-04,ST14,SKU01525,2,1.9323493
2025-12-04,ST12,SKU01532,1,1.8719105
2025-12-04,ST27,SKU01534,3,1.9826664
2025-12-04,ST09,SKU01543,3,1.9203063
2025-12-04,ST05,SKU01549,2,1.9415773
2025-12-04,ST06,SKU01551,2,1.8714192
2025-12-04,ST14,SKU01556,2,1.9201454
2025-12-04,ST21,SKU01579,2,1.8354231
2025-12-04,ST27,SKU01582,1,1.8092512
2025-12-04,ST11,SKU01584,2,1.8574404
2025-12-04,ST23,SKU01587,1,1.888032
2025-12-04,ST20,SKU01595,2,1.8206189
2025-12-04,ST29,SKU01601,3,1.8843727
2025-12-04,ST18,SKU01610,5,1.8677478
2025-12-04,ST21,SKU01628,1,1.8474028
2025-12-04,ST27,SKU01629,3,1.8877801
2025-12-04,ST18,SKU01649,1,1.7598068
2025-12-04,ST19,SKU01655,2,1.7562717
2025-12-04,ST20,SKU01662,1,1.8947514
2025-12-04,ST09,SKU01670,2,1.8989682
2025-12-04,ST04,SKU01677,2,1.9019947
2025-12-04,ST09,SKU01679,1,1.8128356
2025-12-04,ST13,SKU01688,1,1.8712398
2025-12-04,ST05,SKU01701,1,1.928463
2025-12-04,ST04,SKU01715,2,1.7750164
2025-12-04,ST30,SKU01730,1,1.9966635
2025-12-04,ST06,SKU01746,2,1.8821888
2025-12-04,ST20,SKU01747,1,1.8403138
2025-12-04,ST07,SKU01748,3,1.6863422
2025-12-04,ST09,SKU01751,1,1.9006983
2025-12-04,ST09,SKU01764,1,1.8668184
2025-12-04,ST27,SKU01772,1,1.8957546
2025-12-04,ST21,SKU01774,2,2.07947
2025-12-04,ST13,SKU01775,1,1.9231013
2025-12-04,ST25,SKU01782,2,1.9021145
2025-12-04,ST25,SKU01783,1,1.9275619
2025-12-04,ST28,SKU01787,2,1.8779845
2025-12-04,ST21,SKU01816,2,1.8580936
2025-12-04,ST10,SKU01823,1,1.8941975
2025-12-04,ST05,SKU01825,1,1.888735
2025-12-04,ST11,SKU01827,5,1.8939438
2025-12-04,ST21,SKU01829,1,1.988711
2025-12-04,ST05,SKU01841,1,1.8753568
2025-12-04,ST19,SKU01844,1,1.870089
2025-12-04,ST29,SKU01860,1,1.8981988
2025-12-04,ST30,SKU01867,2,1.9301667
2025-12-04,ST24,SKU01869,5,1.7904416
2025-12-04,ST08,SKU01873,3,1.8115597
2025-12-04,ST17,SKU01877,1,1.8623642
2025-12-04,ST14,SKU01891,1,1.7709453
2025-12-04,ST04,SKU01892,2,3.6217725
2025-12-04,ST16,SKU01898,1,1.8735831
2025-12-04,ST08,SKU01902,3,1.9284217
2025-12-04,ST06,SKU01909,1,1.814563
2025-12-04,ST05,SKU01913,1,1.8736295
2025-12-04,ST04,SKU01917,1,1.8472013
2025-12-04,ST19,SKU01922,1,1.8526776
2025-12-04,ST06,SKU01928,1,1.775321
2025-12-04,ST05,SKU01930,1,1.9146436
2025-12-04,ST11,SKU01940,3,1.9152299
2025-12-04,ST15,SKU01943,1,1.8424159
2025-12-04,ST14,SKU01956,3,1.8818746
2025-12-04,ST08,SKU01978,1,1.8614236
2025-12-04,ST05,SKU01984,3,1.8686203
2025-12-04,ST20,SKU01987,1,1.8182166
2025-12-04,ST29,SKU01988,4,1.7670674
2025-12-04,ST29,SKU01993,4,1.8624363
2025-12-04,ST13,SKU01996,1,1.9053171
2025-12-04,ST25,SKU02004,1,1.7597442
2025-12-04,ST19,SKU02012,3,1.8820455
2025-12-04,ST27,SKU02015,1,1.9462296
2025-12-04,ST06,SKU02033,2,1.8278646
2025-12-04,ST12,SKU02034,4,1.8253452
2025-12-04,ST19,SKU02036,1,1.8715163
2025-12-04,ST20,SKU02046,5,1.8387389
2025-12-04,ST10,SKU02052,3,1.9852179
2025-12-04,ST25,SKU02061,4,2.0423658
2025-12-04,ST22,SKU02064,1,1.9344996
2025-12-04,ST18,SKU02068,2,1.8530391
2025-12-04,ST06,SKU02088,4,1.8534153
2025-12-04,ST07,SKU02102,3,1.8625318
2025-12-04,ST19,SKU02130,3,1.8944154
2025-12-04,ST15,SKU02141,3,1.938042
2025-12-04,ST29,SKU02143,2,1.9585443
2025-12-04,ST04,SKU02155,1,1.7847285
2025-12-04,ST16,SKU02169,2,1.8200346
2025-12-04,ST09,SKU02171,3,1.9659146
2025-12-04,ST03,SKU02176,1,1.9365623
2025-12-04,ST30,SKU02184,1,1.8772138
2025-12-04,ST18,SKU02198,1,1.8033736
2025-12-04,ST18,SKU02201,2,1.8769153
2025-12-04,ST18,SKU02207,5,1.8749552
2025-12-04,ST21,SKU02216,1,1.9159652
2025-12-04,ST06,SKU02217,1,1.9004797
2025-12-04,ST20,SKU02231,2,2.0058773
2025-12-04,ST26,SKU02233,1,1.85455
2025-12-04,ST22,SKU02239,2,1.8724242
2025-12-04,ST14,SKU02247,1,1.8352096
2025-12-04,ST22,SKU02250,1,1.9269584
2025-12-04,ST10,SKU02262,1,1.8371363
2025-12-04,ST11,SKU02263,4,1.7684422
2025-12-04,ST26,SKU02265,1,1.8553005
2025-12-04,ST15,SKU02268,1,1.9294046
2025-12-04,ST21,SKU02271,4,1.8454593
2025-12-04,ST29,SKU02298,2,1.7643709
2025-12-04,ST20,SKU02302,2,1.8266505
2025-12-04,ST11,SKU02316,3,1.9020822
2025-12-04,ST21,SKU02333,2,2.1415844
2025-12-04,ST02,SKU02334,2,1.8607779
2025-12-04,ST29,SKU02335,2,1.9360539
2025-12-04,ST03,SKU02338,3,1.8977069
2025-12-04,ST29,SKU02349,1,1.8705901
2025-12-04,ST04,SKU02352,2,1.871938
2025-12-04,ST20,SKU02366,1,1.977089
2025-12-04,ST30,SKU02368,1,1.7905716
2025-12-04,ST28,SKU02379,3,1.9399443
2025-12-04,ST20,SKU02381,7,3.6615942
2025-12-04,ST09,SKU02382,3,2.0598834
2025-12-04,ST05,SKU02385,1,1.840525
2025-12-04,ST29,SKU02392,1,1.8796433
2025-12-04,ST20,SKU02393,3,1.8676459
2025-12-04,ST21,SKU02395,2,1.841775
2025-12-04,ST07,SKU02401,2,1.9322085
2025-12-04,ST01,SKU02404,1,2.0948298
2025-12-04,ST17,SKU02407,1,1.8915038
2025-12-04,ST11,SKU02416,3,1.8073986
2025-12-04,ST16,SKU02420,2,1.89765
2025-12-04,ST23,SKU02422,1,1.8787937
2025-12-04,ST16,SKU02434,2,1.8090215
2025-12-04,ST24,SKU02438,1,1.8509508
2025-12-04,ST15,SKU02449,1,1.9276792
2025-12-04,ST05,SKU02450,1,1.8852389
2025-12-04,ST27,SKU02462,1,1.9003389
2025-12-04,ST20,SKU02465,3,1.921128
2025-12-04,ST28,SKU02470,1,1.8464552
2025-12-04,ST23,SKU02475,2,1.9176757
2025-12-04,ST27,SKU02478,1,1.8577806
2025-12-04,ST03,SKU02483,2,1.7843195
2025-12-04,ST05,SKU02484,4,1.8067029
2025-12-04,ST11,SKU02492,1,1.8690335
2025-12-04,ST07,SKU02498,1,1.874122
2025-12-04,ST20,SKU02499,1,1.8971338
2025-12-04,ST05,SKU02503,1,1.8487078
2025-12-04,ST17,SKU02516,1,1.960643
2025-12-04,ST22,SKU02521,1,1.9172183
2025-12-04,ST20,SKU02529,2,1.8864311
2025-12-04,ST07,SKU02536,1,1.9257632
2025-12-04,ST13,SKU02543,1,2.0431602
2025-12-04,ST17,SKU02544,1,1.8742738
2025-12-04,ST06,SKU02548,2,1.8879983
2025-12-04,ST23,SKU02559,1,1.9159237
2025-12-04,ST20,SKU02583,1,1.8527956
2025-12-04,ST19,SKU02594,1,1.9303691
2025-12-04,ST11,SKU02602,1,1.8493867
2025-12-04,ST28,SKU02609,1,1.8809651
2025-12-04,ST09,SKU02633,1,1.8877375
2025-12-04,ST03,SKU02638,3,1.8427749
2025-12-04,ST07,SKU02641,3,1.8882699
2025-12-04,ST20,SKU02648,1,1.9053601
2025-12-04,ST06,SKU02649,4,1.9028164
2025-12-04,ST07,SKU02650,2,1.8643169
2025-12-04,ST20,SKU02659,2,1.8801297
2025-12-04,ST16,SKU02665,1,1.9259216
2025-12-04,ST06,SKU02667,1,1.8363385
2025-12-04,ST20,SKU02668,2,1.8569579
2025-12-04,ST29,SKU02684,1,1.8092089
2025-12-04,ST03,SKU02688,4,1.8128203
2025-12-04,ST10,SKU02689,3,2.0318754
2025-12-04,ST03,SKU02691,1,1.7785811
2025-12-04,ST29,SKU02692,2,1.8167909
2025-12-04,ST09,SKU02701,1,1.8639795
2025-12-04,ST23,SKU02705,2,1.8145308
2025-12-04,ST01,SKU02716,1,1.8427774
2025-12-04,ST17,SKU02718,1,1.9039669
2025-12-04,ST01,SKU02720,2,2.2005935
2025-12-04,ST20,SKU02725,2,1.8800161
2025-12-04,ST22,SKU02731,1,1.8858209
2025-12-04,ST21,SKU02736,2,1.9064393
2025-12-04,ST12,SKU02738,3,1.9010361
2025-12-04,ST15,SKU02747,3,1.8664482
2025-12-04,ST24,SKU02752,2,1.8611788
2025-12-04,ST04,SKU02754,1,1.8661966
2025-12-04,ST25,SKU02761,1,1.9305133
2025-12-04,ST22,SKU02785,4,1.863663
2025-12-04,ST05,SKU02790,1,1.8914411
2025-12-04,ST01,SKU02795,2,1.805643
2025-12-04,ST21,SKU02796,3,1.9110359
2025-12-04,ST11,SKU02805,1,2.1447272
2025-12-04,ST18,SKU02808,5,1.8670475
2025-12-04,ST29,SKU02816,4,1.8231498
2025-12-04,ST25,SKU02821,2,1.849363
2025-12-04,ST24,SKU02826,1,1.8786483
2025-12-04,ST07,SKU02827,3,1.9838375
2025-12-04,ST21,SKU02836,3,1.886453
2025-12-04,ST17,SKU02840,2,1.89603
2025-12-04,ST21,SKU02843,4,1.8916504
2025-12-04,ST28,SKU02849,1,1.964423
2025-12-04,ST03,SKU02855,2,1.9798733
2025-12-04,ST29,SKU02858,2,1.9610386
2025-12-04,ST07,SKU02866,2,1.8771614
2025-12-04,ST10,SKU02892,2,1.9065067
2025-12-04,ST12,SKU02898,3,1.8168584
2025-12-04,ST10,SKU02903,3,1.7354416
2025-12-04,ST01,SKU02915,1,2.3204694
2025-12-04,ST23,SKU02930,1,1.9379337
2025-12-04,ST15,SKU02931,1,1.8933696
2025-12-04,ST05,SKU02933,2,1.837536
2025-12-04,ST06,SKU02934,1,1.9368272
2025-12-04,ST29,SKU02954,2,1.9718604
2025-12-04,ST25,SKU02955,1,1.8657866
2025-12-04,ST25,SKU02958,1,1.8260403
2025-12-04,ST16,SKU02973,1,1.8846006
2025-12-04,ST04,SKU02974,2,1.8036993
2025-12-04,ST03,SKU02980,1,1.9516383
2025-12-04,ST22,SKU02981,1,1.9028705
2025-12-04,ST03,SKU02988,2,1.8764268
2025-12-04,ST27,SKU02990,1,1.8763262
2025-12-04,ST04,SKU02995,1,1.8782487
2025-12-04,ST03,SKU02998,1,1.8304098
2025-12-04,ST06,SKU03004,1,1.9116408
2025-12-04,ST13,SKU03006,1,1.8617467
2025-12-04,ST21,SKU03013,1,1.8852191
2025-12-04,ST20,SKU03020,2,1.8849956
2025-12-04,ST12,SKU03034,1,1.7548335
2025-12-04,ST20,SKU03044,1,1.9030058
2025-12-04,ST17,SKU03049,1,1.9366233
2025-12-04,ST26,SKU03053,3,1.9076504
2025-12-04,ST30,SKU03055,1,1.9582348
2025-12-04,ST06,SKU03063,2,1.8525134
2025-12-04,ST12,SKU03084,3,1.9596221
2025-12-04,ST04,SKU03086,4,1.8872515
2025-12-04,ST24,SKU03088,2,1.8987421
2025-12-04,ST26,SKU03106,4,2.0615644
2025-12-04,ST28,SKU03117,2,1.969612
2025-12-04,ST19,SKU03134,3,1.8741478
2025-12-04,ST07,SKU03160,1,1.8884461
2025-12-04,ST21,SKU03164,1,1.905425
2025-12-04,ST04,SKU03169,1,1.8784515
2025-12-04,ST30,SKU03174,3,1.9575105
2025-12-04,ST20,SKU03184,2,1.8438132
2025-12-04,ST19,SKU03213,1,1.9288837
2025-12-04,ST14,SKU03219,4,1.8851719
2025-12-04,ST03,SKU03226,1,1.8315918
2025-12-04,ST20,SKU03228,2,1.8468113
2025-12-04,ST19,SKU03229,3,1.850906
2025-12-04,ST21,SKU03234,1,1.8338372
2025-12-04,ST19,SKU03248,2,1.9461185
2025-12-04,ST07,SKU03250,3,1.8804762
2025-12-04,ST12,SKU03269,2,1.8527966
2025-12-04,ST15,SKU03274,2,1.9050283
2025-12-04,ST27,SKU03292,2,2.2497644
2025-12-04,ST20,SKU03306,2,1.8735951
2025-12-04,ST04,SKU03318,4,1.8508636
2025-12-04,ST10,SKU03323,5,1.8592092
2025-12-04,ST07,SKU03333,1,1.8388
2025-12-04,ST12,SKU03353,1,2.1017678
2025-12-04,ST30,SKU03355,2,1.9185293
2025-12-04,ST27,SKU03358,4,1.8809503
2025-12-04,ST03,SKU03371,2,1.8917108
2025-12-04,ST30,SKU03374,2,1.9556342
2025-12-04,ST27,SKU03379,3,1.9761606
2025-12-04,ST14,SKU03383,1,1.9705335
2025-12-04,ST05,SKU03394,1,1.9329685
2025-12-04,ST25,SKU03397,4,1.8238415
2025-12-04,ST27,SKU03401,3,1.8394364
2025-12-04,ST14,SKU03422,1,1.8840431
2025-12-04,ST02,SKU03423,1,1.8996332
2025-12-04,ST01,SKU03427,2,1.7758673
2025-12-04,ST04,SKU03428,2,1.7392069
2025-12-04,ST11,SKU03433,1,1.9335996
2025-12-04,ST14,SKU03436,1,1.8810447
2025-12-04,ST03,SKU03450,1,1.8745117
2025-12-04,ST11,SKU03458,4,1.8258066
2025-12-04,ST24,SKU03468,3,1.8505119
2025-12-04,ST22,SKU03471,1,1.841568
2025-12-04,ST17,SKU03475,1,1.925623
2025-12-04,ST04,SKU03476,1,1.9013976
2025-12-04,ST30,SKU03497,4,1.8318899
2025-12-04,ST20,SKU03500,1,1.9260348
2025-12-04,ST27,SKU03501,1,1.8783365
2025-12-04,ST20,SKU03505,1,1.9613341
2025-12-04,ST24,SKU03506,3,1.8759527
2025-12-04,ST29,SKU03521,1,1.9969516
2025-12-04,ST09,SKU03528,1,1.8707355
2025-12-04,ST14,SKU03534,5,1.8320144
2025-12-04,ST22,SKU03535,3,1.8133869
2025-12-04,ST17,SKU03536,4,1.8591698
2025-12-04,ST06,SKU03538,1,1.8831749
2025-12-04,ST18,SKU03542,3,1.8020743
2025-12-04,ST23,SKU03546,4,1.909557
2025-12-04,ST22,SKU03550,1,1.9257854
2025-12-04,ST08,SKU03556,5,1.8863877
2025-12-04,ST20,SKU03564,3,1.8044884
2025-12-04,ST18,SKU03572,4,1.8814316
2025-12-04,ST07,SKU03576,3,1.9247514
2025-12-04,ST07,SKU03585,1,1.9039309
2025-12-04,ST29,SKU03593,1,1.7876178
2025-12-04,ST14,SKU03594,2,1.8573565
2025-12-04,ST20,SKU03596,2,1.8486823
2025-12-04,ST06,SKU03597,1,1.8576384
2025-12-04,ST18,SKU03610,1,1.8574481
2025-12-04,ST17,SKU03617,1,1.8697424
2025-12-04,ST12,SKU03632,1,1.7716599
2025-12-04,ST08,SKU03638,1,1.8735993
2025-12-04,ST18,SKU03640,3,1.9145625
2025-12-04,ST06,SKU03645,2,1.8859812
2025-12-04,ST05,SKU03657,1,1.8724163
2025-12-04,ST03,SKU03664,4,1.8481182
2025-12-04,ST05,SKU03676,3,1.836949
2025-12-04,ST08,SKU03677,3,1.8772053
2025-12-04,ST21,SKU03687,3,2.0823858
2025-12-04,ST07,SKU03688,4,1.9088775
2025-12-04,ST10,SKU03689,4,1.8451914
2025-12-04,ST04,SKU03691,2,1.8966256
2025-12-04,ST20,SKU03702,3,1.8819771
2025-12-04,ST07,SKU03703,1,1.9036704
2025-12-04,ST19,SKU03717,1,1.934678
2025-12-04,ST13,SKU03720,1,1.8007627
2025-12-04,ST03,SKU03723,1,1.8211559
2025-12-04,ST27,SKU03727,1,1.8016655
2025-12-04,ST19,SKU03729,1,1.891579
2025-12-04,ST06,SKU03743,2,1.8689132
2025-12-04,ST27,SKU03747,1,1.8638769
2025-12-04,ST22,SKU03748,2,1.8770437
2025-12-04,ST05,SKU03751,1,1.8877809
2025-12-04,ST05,SKU03757,2,1.80222
2025-12-04,ST26,SKU03762,1,1.8600862
2025-12-04,ST14,SKU03767,2,1.8925383
2025-12-04,ST28,SKU03774,1,1.8444848
2025-12-04,ST04,SKU03793,1,1.941649
2025-12-04,ST14,SKU03800,2,1.9385474
2025-12-04,ST17,SKU03805,1,1.902159
2025-12-04,ST19,SKU03815,2,1.8976252
2025-12-04,ST25,SKU03816,1,1.8639551
2025-12-04,ST22,SKU03820,3,1.9136758
2025-12-04,ST12,SKU03826,1,1.8207422
2025-12-04,ST13,SKU03840,1,1.860492
2025-12-04,ST05,SKU03845,2,1.8785888
2025-12-04,ST28,SKU03855,1,1.8642764
2025-12-04,ST20,SKU03866,1,1.922233
2025-12-04,ST17,SKU03869,4,1.8731902
2025-12-04,ST20,SKU03880,1,1.844016
2025-12-04,ST10,SKU03883,2,1.8246894
2025-12-04,ST11,SKU03892,1,1.9677498
2025-12-04,ST28,SKU03901,4,1.7947652
2025-12-04,ST16,SKU03907,3,1.8221456
2025-12-04,ST29,SKU03912,4,1.9268726
2025-12-04,ST14,SKU03936,1,1.8441408
2025-12-04,ST01,SKU03941,3,1.8779047
2025-12-04,ST17,SKU03943,3,1.8773353
2025-12-04,ST22,SKU03955,5,1.9315704
2025-12-04,ST01,SKU03966,2,2.2675176
2025-12-04,ST03,SKU03969,1,1.9200081
2025-12-04,ST20,SKU03971,2,1.8309418
2025-12-04,ST12,SKU03997,3,1.8322456
2025-12-04,ST18,SKU03998,1,1.8537052
2025-12-04,ST19,SKU03999,3,1.8686315
2025-12-04,ST29,SKU04004,1,1.8701316
2025-12-04,ST26,SKU04029,3,1.840704
2025-12-04,ST08,SKU04032,1,1.6812931
2025-12-04,ST23,SKU04035,1,1.920005
2025-12-04,ST27,SKU04056,3,1.9329897
2025-12-04,ST20,SKU04063,1,1.9149486
2025-12-04,ST22,SKU04065,1,1.9594445
2025-12-04,ST07,SKU04080,1,1.8228292
2025-12-04,ST29,SKU04096,2,1.985114
2025-12-04,ST10,SKU04103,4,1.9043834
2025-12-04,ST27,SKU04105,6,3.8731983
2025-12-04,ST03,SKU04120,1,1.8721554
2025-12-04,ST25,SKU04122,1,1.9766179
2025-12-04,ST03,SKU04132,2,1.8971151
2025-12-04,ST10,SKU04137,1,1.8678684
2025-12-04,ST29,SKU04140,2,1.8407681
2025-12-04,ST04,SKU04142,2,1.8512504
2025-12-04,ST20,SKU04145,3,2.0693777
2025-12-04,ST01,SKU04146,5,1.887296
2025-12-04,ST15,SKU04151,2,1.869817
2025-12-04,ST29,SKU04154,1,2.257844
2025-12-04,ST14,SKU04156,1,1.8726274
2025-12-04,ST14,SKU04162,1,1.9422034
2025-12-04,ST21,SKU04166,5,3.558479
2025-12-04,ST14,SKU04167,2,1.9844236
2025-12-04,ST06,SKU04169,1,1.9068463
2025-12-04,ST27,SKU04172,3,1.8966253
2025-12-04,ST14,SKU04181,1,1.9827116
2025-12-04,ST15,SKU04184,1,1.8342794
2025-12-04,ST12,SKU04186,4,1.8995278
2025-12-04,ST16,SKU04187,1,1.853874
2025-12-04,ST10,SKU04197,1,1.8965137
2025-12-04,ST20,SKU04198,2,1.8231535
2025-12-04,ST06,SKU04211,3,1.8160769
2025-12-04,ST27,SKU04228,1,1.8537915
2025-12-04,ST07,SKU04233,1,1.8774931
2025-12-04,ST17,SKU04235,1,1.8877265
2025-12-04,ST19,SKU04236,2,1.7934291
2025-12-04,ST23,SKU04241,2,2.1192513
2025-12-04,ST08,SKU04244,1,1.7798657
2025-12-04,ST28,SKU04245,3,1.814178
2025-12-04,ST30,SKU04253,5,2.0214162
2025-12-04,ST25,SKU04269,2,1.8515497
2025-12-04,ST05,SKU04273,1,1.8741426
2025-12-04,ST28,SKU04277,1,1.8194919
2025-12-04,ST10,SKU04280,2,1.8376925
2025-12-04,ST16,SKU04292,5,2.0100048
2025-12-04,ST19,SKU04305,1,1.8839701
2025-12-04,ST09,SKU04307,2,1.9228625
2025-12-04,ST22,SKU04309,4,1.941132
2025-12-04,ST10,SKU04319,4,1.807935
2025-12-04,ST30,SKU04321,9,8.783954
2025-12-04,ST03,SKU04327,3,1.9176139
2025-12-04,ST23,SKU04329,1,2.0256026
2025-12-04,ST16,SKU04334,3,2.0258498
2025-12-04,ST18,SKU04337,2,1.8519065
2025-12-04,ST27,SKU04339,1,1.8582088
2025-12-04,ST18,SKU04340,3,1.8627726
2025-12-04,ST29,SKU04341,2,1.9218692
2025-12-04,ST29,SKU04344,4,1.8695304
2025-12-04,ST24,SKU04345,3,1.872676
2025-12-04,ST19,SKU04348,1,1.868395
2025-12-04,ST30,SKU04349,3,1.945145
2025-12-04,ST19,SKU04350,1,1.8517323
2025-12-04,ST28,SKU04355,1,1.8558683
2025-12-04,ST20,SKU04357,3,1.8631957
2025-12-04,ST06,SKU04361,2,1.890806
2025-12-04,ST29,SKU04362,2,1.8932236
2025-12-04,ST04,SKU04366,1,1.8522495
2025-12-04,ST13,SKU04376,2,1.8180556
2025-12-04,ST12,SKU04380,5,1.8698719
2025-12-04,ST20,SKU04381,2,1.805777
2025-12-04,ST24,SKU04403,2,1.9409376
2025-12-04,ST20,SKU04404,2,1.9835088
2025-12-04,ST14,SKU04407,3,1.8625776
2025-12-04,ST07,SKU04408,4,1.8962239
2025-12-04,ST02,SKU04409,1,2.0989802
2025-12-04,ST01,SKU04418,3,1.949113
2025-12-04,ST17,SKU04422,1,1.9599413
2025-12-04,ST20,SKU04430,1,1.883554
2025-12-04,ST17,SKU04432,2,1.8996601
2025-12-04,ST10,SKU04442,1,1.6899107
2025-12-04,ST29,SKU04447,2,2.055462
2025-12-04,ST21,SKU04449,1,1.8500082
2025-12-04,ST12,SKU04452,1,1.8743361
2025-12-04,ST16,SKU04459,1,1.9346658
2025-12-04,ST08,SKU04460,1,1.8849908
2025-12-04,ST06,SKU04464,1,1.8562632
2025-12-04,ST11,SKU04466,2,1.8902322
2025-12-04,ST29,SKU04471,1,1.849836
2025-12-04,ST30,SKU04476,3,1.8498468
2025-12-04,ST25,SKU04480,1,1.8143064
2025-12-04,ST28,SKU04482,1,1.9011419
2025-12-04,ST20,SKU04486,3,1.8921962
2025-12-04,ST23,SKU04488,4,1.8902792
2025-12-04,ST03,SKU04489,2,1.9039154
2025-12-04,ST04,SKU04493,3,1.8417037
2025-12-04,ST06,SKU04494,1,1.8628608
2025-12-04,ST30,SKU04519,2,1.8654945
2025-12-04,ST07,SKU04523,1,1.8466324
2025-12-04,ST24,SKU04528,2,1.8391687
2025-12-04,ST16,SKU04552,1,1.8863345
2025-12-04,ST29,SKU04571,5,1.7888093
2025-12-04,ST25,SKU04572,2,1.8387473
2025-12-04,ST20,SKU04574,1,1.8302095
2025-12-04,ST25,SKU04576,1,1.9101683
2025-12-04,ST30,SKU04596,3,1.974212
2025-12-04,ST18,SKU04597,1,1.8783646
2025-12-04,ST09,SKU04610,3,1.7890204
2025-12-04,ST11,SKU04613,3,1.8467121
2025-12-04,ST25,SKU04621,2,1.9056834
2025-12-04,ST16,SKU04633,3,1.7937597
2025-12-04,ST25,SKU04635,1,1.7957838
2025-12-04,ST30,SKU04640,2,1.9035058
2025-12-04,ST09,SKU04646,1,1.824295
2025-12-04,ST09,SKU04655,1,1.8530473
2025-12-04,ST03,SKU04657,1,1.8557984
2025-12-04,ST27,SKU04668,2,1.910779
2025-12-04,ST28,SKU04669,1,1.8211812
2025-12-04,ST19,SKU04677,2,1.8731836
2025-12-04,ST26,SKU04689,1,1.8760064
2025-12-04,ST07,SKU04701,2,1.780019
2025-12-04,ST24,SKU04704,2,1.9006714
2025-12-04,ST11,SKU04723,1,1.8325964
2025-12-04,ST21,SKU04730,2,1.8242638
2025-12-04,ST08,SKU04743,1,1.8990163
2025-12-04,ST09,SKU04757,1,1.8613179
2025-12-04,ST03,SKU04762,1,1.8895217
2025-12-04,ST18,SKU04763,1,1.8850383
2025-12-04,ST29,SKU04765,2,1.9746644
2025-12-04,ST19,SKU04775,2,1.896626
2025-12-04,ST07,SKU04776,1,1.8578193
2025-12-04,ST03,SKU04782,4,1.9009155
2025-12-04,ST08,SKU04783,2,2.0709743
2025-12-04,ST07,SKU04787,4,1.8793823
2025-12-04,ST26,SKU04791,5,1.7976085
2025-12-04,ST12,SKU04824,4,1.9201351
2025-12-04,ST26,SKU04834,3,1.8815438
2025-12-04,ST19,SKU04835,1,2.0105195
2025-12-04,ST25,SKU04839,1,1.8846705
2025-12-04,ST28,SKU04847,2,1.8156613
2025-12-04,ST23,SKU04857,1,1.8489461
2025-12-04,ST27,SKU04864,2,1.9278624
2025-12-04,ST07,SKU04872,3,2.0269837
2025-12-04,ST14,SKU04883,1,1.895901
2025-12-04,ST01,SKU04887,1,2.0605924
2025-12-04,ST27,SKU04893,2,1.8508327
2025-12-04,ST06,SKU04902,3,1.8098534
2025-12-04,ST17,SKU04913,3,1.5520031
2025-12-04,ST18,SKU04923,3,1.9420419
2025-12-04,ST18,SKU04924,1,1.9533237
2025-12-04,ST23,SKU04926,1,1.868104
2025-12-04,ST20,SKU04933,1,1.8856304
2025-12-04,ST07,SKU04934,2,1.8852538
2025-12-04,ST07,SKU04935,1,1.7781043
2025-12-04,ST06,SKU04936,1,1.8483765
2025-12-04,ST09,SKU04972,2,1.8133963
2025-12-04,ST10,SKU04974,1,1.8898598
2025-12-04,ST26,SKU04981,1,1.8356344
2025-12-04,ST14,SKU04984,1,1.8620976
2025-12-04,ST12,SKU04991,2,1.8538629
2025-12-04,ST10,SKU04995,1,1.8926408
2025-12-05,ST10,SKU00001,2,1.8334603
2025-12-05,ST16,SKU00002,2,1.8846469
2025-12-05,ST04,SKU00005,3,1.8402859
2025-12-05,ST30,SKU00013,1,1.9583169
2025-12-05,ST22,SKU00020,2,1.9622579
2025-12-05,ST10,SKU00029,4,1.8836656
2025-12-05,ST06,SKU00033,1,1.8749808
2025-12-05,ST12,SKU00040,4,1.8762683
2025-12-05,ST30,SKU00050,2,2.3412757
2025-12-05,ST26,SKU00055,1,1.8502654
2025-12-05,ST02,SKU00060,2,1.931361
2025-12-05,ST04,SKU00062,1,1.8805159
2025-12-05,ST07,SKU00079,2,1.9233418
2025-12-05,ST27,SKU00081,1,1.8897209
2025-12-05,ST27,SKU00085,2,1.8830657
2025-12-05,ST21,SKU00096,2,1.9136536
2025-12-05,ST12,SKU00102,3,1.8163738
2025-12-05,ST16,SKU00125,1,1.8873643
2025-12-05,ST28,SKU00132,4,1.8785414
2025-12-05,ST11,SKU00151,2,1.9144363
2025-12-05,ST06,SKU00153,2,1.8793877
2025-12-05,ST20,SKU00166,1,1.8747163
2025-12-05,ST01,SKU00167,1,1.9029719
2025-12-05,ST24,SKU00177,1,2.0015614
2025-12-05,ST07,SKU00185,3,1.8674905
2025-12-05,ST20,SKU00188,5,1.9499546
2025-12-05,ST28,SKU00190,2,1.7855978
2025-12-05,ST22,SKU00191,1,1.8718668
2025-12-05,ST05,SKU00193,2,1.8682079
2025-12-05,ST17,SKU00198,3,1.8874798
2025-12-05,ST18,SKU00207,1,1.8848472
2025-12-05,ST15,SKU00213,1,1.9359144
2025-12-05,ST15,SKU00219,2,1.8696599
2025-12-05,ST09,SKU00222,1,1.7652113
2025-12-05,ST26,SKU00224,1,1.9230359
2025-12-05,ST13,SKU00226,1,1.9100975
2025-12-05,ST05,SKU00231,2,1.8869861
2025-12-05,ST17,SKU00233,1,1.8823824
2025-12-05,ST05,SKU00236,3,1.8030704
2025-12-05,ST03,SKU00241,1,1.845665
2025-12-05,ST11,SKU00243,3,1.871684
2025-12-05,ST13,SKU00244,1,1.7627938
2025-12-05,ST05,SKU00251,3,1.7116809
2025-12-05,ST10,SKU00254,1,1.8205202
2025-12-05,ST09,SKU00263,1,1.8998306
2025-12-05,ST29,SKU00264,2,1.9081627
2025-12-05,ST04,SKU00280,5,1.894079
2025-12-05,ST29,SKU00281,2,1.8709046
2025-12-05,ST19,SKU00284,2,1.8687675
2025-12-05,ST08,SKU00285,1,1.9310515
2025-12-05,ST06,SKU00286,3,1.8776846
2025-12-05,ST20,SKU00291,1,1.911725
2025-12-05,ST23,SKU00294,1,1.8752129
2025-12-05,ST07,SKU00309,1,1.8576351
2025-12-05,ST03,SKU00312,1,1.8294959
2025-12-05,ST07,SKU00319,1,1.8510754
2025-12-05,ST22,SKU00329,2,1.9345458
2025-12-05,ST17,SKU00337,1,1.8866584
2025-12-05,ST13,SKU00344,1,1.8562596
2025-12-05,ST29,SKU00363,1,1.8661834
2025-12-05,ST13,SKU00369,1,1.9295522
2025-12-05,ST26,SKU00372,1,1.970445
2025-12-05,ST20,SKU00376,5,3.6918526
2025-12-05,ST22,SKU00405,3,1.9383034
2025-12-05,ST29,SKU00407,1,1.975651
2025-12-05,ST29,SKU00422,2,1.8277321
2025-12-05,ST12,SKU00424,1,1.8865864
2025-12-05,ST07,SKU00432,3,1.9681993
2025-12-05,ST30,SKU00436,2,2.0498185
2025-12-05,ST28,SKU00440,3,1.8825383
2025-12-05,ST04,SKU00450,1,1.7977525
2025-12-05,ST27,SKU00454,3,1.8476404
2025-12-05,ST11,SKU00462,1,2.5521429
2025-12-05,ST09,SKU00463,3,1.8600626
2025-12-05,ST03,SKU00464,1,1.8899513
2025-12-05,ST21,SKU00471,3,1.8574818
2025-12-05,ST30,SKU00484,4,1.8767726
2025-12-05,ST01,SKU00499,2,1.8519288
2025-12-05,ST22,SKU00500,1,2.308552
2025-12-05,ST07,SKU00504,4,1.8968632
2025-12-05,ST12,SKU00507,2,1.6549262
2025-12-05,ST29,SKU00513,2,1.8802238
2025-12-05,ST29,SKU00517,1,1.8125376
2025-12-05,ST28,SKU00518,1,1.8798752
2025-12-05,ST22,SKU00526,1,1.8920463
2025-12-05,ST26,SKU00528,1,1.8538669
2025-12-05,ST30,SKU00529,4,1.9027567
2025-12-05,ST05,SKU00531,1,2.1772292
2025-12-05,ST27,SKU00538,1,1.8254313
2025-12-05,ST29,SKU00540,2,1.8282481
2025-12-05,ST21,SKU00565,1,1.8465844
2025-12-05,ST28,SKU00584,3,1.7954226
2025-12-05,ST08,SKU00586,3,1.9049314
2025-12-05,ST30,SKU00592,5,2.0590773
2025-12-05,ST30,SKU00630,4,1.954702
2025-12-05,ST20,SKU00640,2,1.9548173
2025-12-05,ST28,SKU00646,1,1.8681644
2025-12-05,ST30,SKU00663,2,1.837671
2025-12-05,ST11,SKU00669,1,1.8088609
2025-12-05,ST13,SKU00671,1,1.859859
2025-12-05,ST06,SKU00678,1,1.774549
2025-12-05,ST05,SKU00686,1,1.9727949
2025-12-05,ST08,SKU00692,2,1.8349617
2025-12-05,ST28,SKU00698,1,1.8693904
2025-12-05,ST10,SKU00717,3,1.8923724
2025-12-05,ST07,SKU00718,1,1.864741
2025-12-05,ST06,SKU00728,4,1.9346762
2025-12-05,ST05,SKU00736,2,1.89134
2025-12-05,ST07,SKU00738,4,1.8955903
2025-12-05,ST12,SKU00745,3,1.7897186
2025-12-05,ST29,SKU00746,2,1.8831977
2025-12-05,ST30,SKU00750,3,1.9237978
2025-12-05,ST17,SKU00756,2,1.8764687
2025-12-05,ST11,SKU00761,2,1.8769253
2025-12-05,ST30,SKU00766,2,1.8287059
2025-12-05,ST22,SKU00774,3,1.875671
2025-12-05,ST12,SKU00784,4,1.8530694
2025-12-05,ST13,SKU00786,1,1.8874974
2025-12-05,ST26,SKU00787,1,1.8916241
2025-12-05,ST05,SKU00790,1,1.9044868
2025-12-05,ST04,SKU00810,1,1.876966
2025-12-05,ST04,SKU00811,1,1.8903295
2025-12-05,ST15,SKU00812,1,1.8015214
2025-12-05,ST22,SKU00823,2,1.8517516
2025-12-05,ST25,SKU00833,2,1.8642578
2025-12-05,ST22,SKU00841,2,1.8886682
2025-12-05,ST30,SKU00845,1,2.0520685
2025-12-05,ST04,SKU00850,2,1.8977027
2025-12-05,ST01,SKU00861,1,1.8683152
2025-12-05,ST06,SKU00880,2,1.7825413
2025-12-05,ST03,SKU00885,2,1.8969681
2025-12-05,ST06,SKU00887,3,1.8570756
2025-12-05,ST13,SKU00888,1,1.8710663
2025-12-05,ST27,SKU00889,1,1.9445093
2025-12-05,ST20,SKU00896,2,1.898817
2025-12-05,ST07,SKU00903,1,1.8765981
2025-12-05,ST19,SKU00910,1,1.8107761
2025-12-05,ST21,SKU00920,1,1.8433665
2025-12-05,ST16,SKU00921,3,1.8089602
2025-12-05,ST22,SKU00929,1,1.9423887
2025-12-05,ST08,SKU00931,1,1.8752933
2025-12-05,ST13,SKU00935,4,2.1915572
2025-12-05,ST22,SKU00942,1,1.8326154
2025-12-05,ST12,SKU00945,2,2.064842
2025-12-05,ST17,SKU00947,1,1.9131901
2025-12-05,ST07,SKU00948,3,1.8530245
2025-12-05,ST19,SKU00953,2,4.267106
2025-12-05,ST30,SKU00954,2,1.7784739
2025-12-05,ST11,SKU00974,1,2.0206716
2025-12-05,ST11,SKU00975,1,1.8922261
2025-12-05,ST16,SKU00987,2,2.1419005
2025-12-05,ST20,SKU00994,2,1.89074
2025-12-05,ST27,SKU00998,2,1.8595587
2025-12-05,ST20,SKU01014,4,1.9741305
2025-12-05,ST28,SKU01015,3,1.9780647
2025-12-05,ST10,SKU01018,1,1.8775412
2025-12-05,ST04,SKU01021,1,1.7183666
2025-12-05,ST05,SKU01024,1,1.9415865
2025-12-05,ST11,SKU01027,5,2.004471
2025-12-05,ST27,SKU01032,1,1.7994449
2025-12-05,ST11,SKU01037,3,1.9414481
2025-12-05,ST01,SKU01043,1,1.8764522
2025-12-05,ST25,SKU01045,1,1.9943863
2025-12-05,ST24,SKU01048,1,1.8185515
2025-12-05,ST17,SKU01056,3,1.8320271
2025-12-05,ST13,SKU01071,2,1.8899373
2025-12-05,ST06,SKU01080,1,1.8502705
2025-12-05,ST22,SKU01084,2,1.8834796
2025-12-05,ST16,SKU01085,4,1.880441
2025-12-05,ST27,SKU01086,3,1.7588011
2025-12-05,ST20,SKU01087,4,1.990476
2025-12-05,ST20,SKU01092,3,1.8642877
2025-12-05,ST30,SKU01097,4,1.872052
2025-12-05,ST10,SKU01106,2,1.9286025
2025-12-05,ST13,SKU01111,1,1.8377442
2025-12-05,ST01,SKU01120,2,1.8710449
2025-12-05,ST03,SKU01121,3,1.8471702
2025-12-05,ST05,SKU01127,1,1.957461
2025-12-05,ST28,SKU01152,1,1.8909845
2025-12-05,ST28,SKU01153,1,1.7930946
2025-12-05,ST06,SKU01164,3,1.8840182
2025-12-05,ST07,SKU01170,3,1.9101113
2025-12-05,ST15,SKU01177,1,1.8915575
2025-12-05,ST28,SKU01184,4,1.8879603
2025-12-05,ST22,SKU01189,1,1.8013142
2025-12-05,ST24,SKU01208,1,1.8831896
2025-12-05,ST20,SKU01209,2,1.8854336
2025-12-05,ST29,SKU01226,3,1.8847355
2025-12-05,ST12,SKU01238,1,1.8512952
2025-12-05,ST21,SKU01242,3,1.820092
2025-12-05,ST22,SKU01248,3,1.9619646
2025-12-05,ST16,SKU01261,4,1.8793006
2025-12-05,ST10,SKU01270,3,1.8480052
2025-12-05,ST04,SKU01274,2,1.8260044
2025-12-05,ST27,SKU01277,2,1.8790886
2025-12-05,ST03,SKU01291,1,1.8818592
2025-12-05,ST14,SKU01292,3,1.8617702
2025-12-05,ST01,SKU01295,2,1.8623844
2025-12-05,ST14,SKU01313,1,1.8788333
2025-12-05,ST28,SKU01315,1,1.690545
2025-12-05,ST21,SKU01317,3,1.9456254
2025-12-05,ST12,SKU01319,4,1.8531733
2025-12-05,ST20,SKU01321,2,1.8642793
2025-12-05,ST20,SKU01343,2,1.9234608
2025-12-05,ST18,SKU01344,4,1.8491595
2025-12-05,ST21,SKU01355,1,1.9167162
2025-12-05,ST07,SKU01363,2,1.8534524
2025-12-05,ST15,SKU01370,2,1.9238665
2025-12-05,ST13,SKU01371,2,1.8792942
2025-12-05,ST05,SKU01374,2,1.83546
2025-12-05,ST03,SKU01389,1,1.975201
2025-12-05,ST01,SKU01414,1,1.7749497
2025-12-05,ST05,SKU01418,1,1.8985164
2025-12-05,ST29,SKU01420,1,1.7385598
2025-12-05,ST30,SKU01421,1,1.9010191
2025-12-05,ST20,SKU01435,1,1.8603163
2025-12-05,ST24,SKU01438,3,1.8757397
2025-12-05,ST23,SKU01439,1,1.8529677
2025-12-05,ST18,SKU01440,3,1.9182956
2025-12-05,ST02,SKU01444,4,1.8557367
2025-12-05,ST14,SKU01469,1,2.0390701
2025-12-05,ST12,SKU01478,1,1.8381976
2025-12-05,ST18,SKU01482,1,1.966859
2025-12-05,ST08,SKU01487,1,1.8250743
2025-12-05,ST20,SKU01500,4,1.8715385
2025-12-05,ST05,SKU01507,1,1.9163438
2025-12-05,ST20,SKU01515,1,1.892634
2025-12-05,ST17,SKU01526,1,1.8360863
2025-12-05,ST21,SKU01543,1,1.891779
2025-12-05,ST22,SKU01547,1,1.9554826
2025-12-05,ST20,SKU01550,2,1.9651953
2025-12-05,ST19,SKU01566,1,1.8058407
2025-12-05,ST05,SKU01571,2,1.8986143
2025-12-05,ST19,SKU01578,4,1.883942
2025-12-05,ST03,SKU01586,1,1.9137619
2025-12-05,ST20,SKU01595,1,1.7837067
2025-12-05,ST22,SKU01596,1,1.9288458
2025-12-05,ST08,SKU01600,1,1.8989435
2025-12-05,ST06,SKU01602,1,1.8500202
2025-12-05,ST06,SKU01616,1,1.9003865
2025-12-05,ST16,SKU01617,2,1.9106642
2025-12-05,ST14,SKU01620,3,1.8946959
2025-12-05,ST05,SKU01628,4,1.8874017
2025-12-05,ST27,SKU01638,2,1.9458296
2025-12-05,ST18,SKU01639,1,1.8900294
2025-12-05,ST03,SKU01651,1,1.9073839
2025-12-05,ST21,SKU01664,3,1.8297218
2025-12-05,ST29,SKU01677,1,1.868479
2025-12-05,ST20,SKU01690,4,1.8059281
2025-12-05,ST10,SKU01706,1,1.8607931
2025-12-05,ST06,SKU01707,1,1.8568525
2025-12-05,ST22,SKU01713,2,1.884284
2025-12-05,ST08,SKU01714,2,1.8613288
2025-12-05,ST02,SKU01722,1,1.8789634
2025-12-05,ST18,SKU01724,2,1.8902068
2025-12-05,ST27,SKU01731,3,1.8804239
2025-12-05,ST11,SKU01733,1,1.881084
2025-12-05,ST10,SKU01736,3,1.8922694
2025-12-05,ST30,SKU01751,1,1.8970408
2025-12-05,ST09,SKU01757,1,1.8659263
2025-12-05,ST01,SKU01765,1,1.9230262
2025-12-05,ST29,SKU01775,4,3.6331897
2025-12-05,ST22,SKU01778,1,2.0728316
2025-12-05,ST13,SKU01782,2,1.9069107
2025-12-05,ST05,SKU01788,3,1.8907919
2025-12-05,ST30,SKU01819,3,1.8944778
2025-12-05,ST09,SKU01835,1,1.876257
2025-12-05,ST03,SKU01838,1,1.9063638
2025-12-05,ST19,SKU01854,1,1.8629553
2025-12-05,ST18,SKU01865,1,1.9124123
2025-12-05,ST22,SKU01870,5,1.8740748
2025-12-05,ST19,SKU01879,1,1.8606495
2025-12-05,ST30,SKU01908,2,1.9176491
2025-12-05,ST29,SKU01929,5,3.980714
2025-12-05,ST28,SKU01962,4,1.8054101
2025-12-05,ST29,SKU01964,1,1.8193533
2025-12-05,ST30,SKU01969,1,1.8757957
2025-12-05,ST01,SKU01988,1,1.8920913
2025-12-05,ST23,SKU01993,2,1.9126135
2025-12-05,ST23,SKU01998,1,1.8927733
2025-12-05,ST05,SKU02002,2,1.8721713
2025-12-05,ST23,SKU02004,1,1.9169626
2025-12-05,ST10,SKU02015,2,1.8662785
2025-12-05,ST18,SKU02017,2,1.9279348
2025-12-05,ST20,SKU02022,1,1.841832
2025-12-05,ST06,SKU02023,1,1.9158336
2025-12-05,ST12,SKU02033,1,1.8453871
2025-12-05,ST19,SKU02034,1,1.8590068
2025-12-05,ST29,SKU02048,3,1.845511
2025-12-05,ST07,SKU02051,3,1.8349738
2025-12-05,ST30,SKU02052,3,1.8511472
2025-12-05,ST04,SKU02053,1,1.8752118
2025-12-05,ST28,SKU02067,1,1.8911614
2025-12-05,ST13,SKU02070,1,1.8888594
2025-12-05,ST11,SKU02081,2,1.960731
2025-12-05,ST06,SKU02112,1,2.3208418
2025-12-05,ST05,SKU02121,1,1.8618025
2025-12-05,ST08,SKU02122,1,1.8984691
2025-12-05,ST20,SKU02137,3,1.9031686
2025-12-05,ST06,SKU02141,1,1.8348013
2025-12-05,ST18,SKU02145,1,1.8221487
2025-12-05,ST17,SKU02155,3,1.8511102
2025-12-05,ST16,SKU02163,3,2.0103917
2025-12-05,ST26,SKU02170,1,1.8848302
2025-12-05,ST10,SKU02176,1,1.8357427
2025-12-05,ST22,SKU02177,1,1.8327569
2025-12-05,ST03,SKU02178,1,1.8784902
2025-12-05,ST27,SKU02187,3,1.8867708
2025-12-05,ST22,SKU02189,1,1.9509652
2025-12-05,ST11,SKU02199,3,1.9366542
2025-12-05,ST03,SKU02216,1,1.937194
2025-12-05,ST22,SKU02219,1,1.9229106
2025-12-05,ST16,SKU02226,4,1.8766011
2025-12-05,ST05,SKU02235,3,1.9367862
2025-12-05,ST30,SKU02239,2,1.8807441
2025-12-05,ST12,SKU02241,1,1.9191937
2025-12-05,ST20,SKU02244,2,2.056856
2025-12-05,ST24,SKU02247,2,1.8826525
2025-12-05,ST25,SKU02251,3,1.8553196
2025-12-05,ST29,SKU02252,1,1.8966248
2025-12-05,ST29,SKU02268,4,1.862322
2025-12-05,ST06,SKU02270,1,1.8466208
2025-12-05,ST19,SKU02283,3,1.9130032
2025-12-05,ST24,SKU02284,3,1.8944645
2025-12-05,ST03,SKU02288,1,1.8333514
2025-12-05,ST27,SKU02291,1,1.8615314
2025-12-05,ST12,SKU02308,2,1.8725345
2025-12-05,ST29,SKU02314,1,1.8783487
2025-12-05,ST11,SKU02316,1,1.8822614
2025-12-05,ST07,SKU02317,1,1.9487019
2025-12-05,ST18,SKU02333,1,2.011092
2025-12-05,ST30,SKU02340,1,1.9229573
2025-12-05,ST03,SKU02346,2,1.8910723
2025-12-05,ST14,SKU02353,1,1.9064114
2025-12-05,ST10,SKU02362,3,1.8684909
2025-12-05,ST19,SKU02368,2,1.8586434
2025-12-05,ST08,SKU02381,1,1.7148857
2025-12-05,ST30,SKU02401,1,1.8515455
2025-12-05,ST17,SKU02409,1,1.8933616
2025-12-05,ST23,SKU02411,1,1.9499035
2025-12-05,ST11,SKU02415,1,1.9055173
2025-12-05,ST14,SKU02416,1,1.7971712
2025-12-05,ST22,SKU02417,3,3.8839417
2025-12-05,ST09,SKU02429,1,1.9285207
2025-12-05,ST20,SKU02431,1,1.8501524
2025-12-05,ST11,SKU02444,1,1.9252177
2025-12-05,ST27,SKU02457,3,1.8390144
2025-12-05,ST29,SKU02460,3,1.9085203
2025-12-05,ST20,SKU02462,1,1.8749468
2025-12-05,ST15,SKU02463,5,1.8776886
2025-12-05,ST13,SKU02476,1,1.721852
2025-12-05,ST12,SKU02482,1,1.7996569
2025-12-05,ST12,SKU02486,2,1.866581
2025-12-05,ST28,SKU02488,1,1.7803373
2025-12-05,ST20,SKU02492,3,1.8950316
2025-12-05,ST05,SKU02501,2,1.6758169
2025-12-05,ST20,SKU02503,1,1.9017925
2025-12-05,ST30,SKU02508,2,1.8034607
2025-12-05,ST19,SKU02510,1,1.9361116
2025-12-05,ST22,SKU02515,1,1.8257473
2025-12-05,ST06,SKU02521,2,2.0095458
2025-12-05,ST06,SKU02522,1,1.7991377
2025-12-05,ST20,SKU02528,2,1.8482158
2025-12-05,ST17,SKU02531,1,1.983936
2025-12-05,ST26,SKU02532,2,1.940174
2025-12-05,ST21,SKU02533,2,1.8388638
2025-12-05,ST08,SKU02536,3,1.9146613
2025-12-05,ST30,SKU02537,1,1.901041
2025-12-05,ST06,SKU02538,1,1.9028722
2025-12-05,ST22,SKU02545,1,1.8826739
2025-12-05,ST20,SKU02581,1,1.871815
2025-12-05,ST26,SKU02585,1,1.806842
2025-12-05,ST30,SKU02596,2,1.839578
2025-12-05,ST11,SKU02622,4,1.9012082
2025-12-05,ST21,SKU02639,1,1.8576286
2025-12-05,ST03,SKU02640,1,2.0115492
2025-12-05,ST20,SKU02642,1,1.8608828
2025-12-05,ST04,SKU02645,3,1.9321916
2025-12-05,ST07,SKU02648,3,1.8652471
2025-12-05,ST18,SKU02650,4,1.8854047
2025-12-05,ST13,SKU02654,3,1.9814337
2025-12-05,ST12,SKU02655,3,1.81488
2025-12-05,ST17,SKU02657,1,1.9609686
2025-12-05,ST10,SKU02662,3,1.8543605
2025-12-05,ST20,SKU02665,3,1.9120419
2025-12-05,ST20,SKU02668,2,1.8756568
2025-12-05,ST08,SKU02678,1,1.9099542
2025-12-05,ST14,SKU02690,3,1.8887676
2025-12-05,ST29,SKU02692,1,1.8097795
2025-12-05,ST20,SKU02693,3,3.771227
2025-12-05,ST05,SKU02694,5,1.9215814
2025-12-05,ST07,SKU02700,4,1.8431485
2025-12-05,ST20,SKU02732,3,1.9072669
2025-12-05,ST20,SKU02733,1,1.9016427
2025-12-05,ST27,SKU02737,1,1.8508406
2025-12-05,ST07,SKU02740,1,2.334403
2025-12-05,ST30,SKU02745,4,1.9405309
2025-12-05,ST06,SKU02747,1,1.8880553
2025-12-05,ST27,SKU02753,1,1.8388706
2025-12-05,ST05,SKU02764,1,1.9183213
2025-12-05,ST20,SKU02765,1,1.8986696
2025-12-05,ST23,SKU02772,3,1.8004651
2025-12-05,ST30,SKU02776,2,1.8469809
2025-12-05,ST03,SKU02779,3,1.9161172
2025-12-05,ST05,SKU02790,1,1.9137032
2025-12-05,ST09,SKU02793,1,1.8377519
2025-12-05,ST04,SKU02809,2,1.8639463
2025-12-05,ST10,SKU02817,1,1.9238647
2025-12-05,ST07,SKU02819,2,1.8559122
2025-12-05,ST30,SKU02821,2,1.9622554
2025-12-05,ST15,SKU02824,1,1.8805001
2025-12-05,ST07,SKU02840,2,1.9069599
2025-12-05,ST08,SKU02855,1,1.8785795
2025-12-05,ST22,SKU02858,1,1.868023
2025-12-05,ST30,SKU02859,1,1.8631673
2025-12-05,ST17,SKU02860,1,1.8654703
2025-12-05,ST03,SKU02878,4,2.0072608
2025-12-05,ST03,SKU02885,1,1.9031622
2025-12-05,ST29,SKU02891,1,1.8707244
2025-12-05,ST30,SKU02892,4,1.8348839
2025-12-05,ST30,SKU02896,2,1.8857698
2025-12-05,ST26,SKU02898,1,1.6007162
2025-12-05,ST14,SKU02904,1,1.9678857
2025-12-05,ST25,SKU02905,1,1.8454062
2025-12-05,ST09,SKU02915,3,1.9021928
2025-12-05,ST22,SKU02923,1,1.7973162
2025-12-05,ST28,SKU02930,4,1.847504
2025-12-05,ST20,SKU02931,2,1.9090887
2025-12-05,ST30,SKU02938,3,2.346323
2025-12-05,ST06,SKU02946,1,1.8588458
2025-12-05,ST09,SKU02952,1,1.866154
2025-12-05,ST08,SKU02954,1,1.8756225
2025-12-05,ST22,SKU02967,1,1.8208107
2025-12-05,ST03,SKU02975,2,1.8620503
2025-12-05,ST28,SKU02991,5,1.9107608
2025-12-05,ST14,SKU02998,1,1.8398975
2025-12-05,ST09,SKU03011,1,1.9008836
2025-12-05,ST15,SKU03020,4,1.8748759
2025-12-05,ST18,SKU03029,3,1.8733996
2025-12-05,ST12,SKU03030,1,1.8405783
2025-12-05,ST27,SKU03034,2,1.9531828
2025-12-05,ST17,SKU03038,1,1.8992178
2025-12-05,ST30,SKU03040,5,1.8912368
2025-12-05,ST12,SKU03050,3,1.9021244
2025-12-05,ST17,SKU03053,3,1.9047008
2025-12-05,ST30,SKU03062,4,1.8648322
2025-12-05,ST06,SKU03063,3,1.9316326
2025-12-05,ST29,SKU03066,2,1.8659414
2025-12-05,ST19,SKU03076,2,1.9056103
2025-12-05,ST05,SKU03078,1,1.8350881
2025-12-05,ST10,SKU03081,1,1.8810663
2025-12-05,ST26,SKU03084,1,1.8871845
2025-12-05,ST06,SKU03088,1,1.8139056
2025-12-05,ST09,SKU03103,1,1.873594
2025-12-05,ST04,SKU03107,2,1.8743081
2025-12-05,ST16,SKU03136,1,1.9225928
2025-12-05,ST15,SKU03161,3,1.871843
2025-12-05,ST30,SKU03162,2,1.8853525
2025-12-05,ST21,SKU03168,2,1.8444921
2025-12-05,ST18,SKU03170,3,1.9038475
2025-12-05,ST18,SKU03172,2,1.796366
2025-12-05,ST30,SKU03175,1,1.9259616
2025-12-05,ST08,SKU03186,1,1.8188854
2025-12-05,ST03,SKU03192,1,1.8970046
2025-12-05,ST24,SKU03193,2,1.847719
2025-12-05,ST11,SKU03199,2,1.838253
2025-12-05,ST03,SKU03210,3,1.8725238
2025-12-05,ST20,SKU03213,4,1.900172
2025-12-05,ST26,SKU03226,2,1.9011986
2025-12-05,ST27,SKU03233,1,1.8751553
2025-12-05,ST21,SKU03242,1,1.8613211
2025-12-05,ST22,SKU03246,4,1.8664476
2025-12-05,ST12,SKU03262,3,1.8625437
2025-12-05,ST26,SKU03274,1,1.909131
2025-12-05,ST30,SKU03278,2,1.8775411
2025-12-05,ST24,SKU03292,5,1.9996927
2025-12-05,ST20,SKU03299,1,1.9610968
2025-12-05,ST08,SKU03300,4,1.9331595
2025-12-05,ST29,SKU03302,3,2.2545893
2025-12-05,ST11,SKU03325,1,1.8310426
2025-12-05,ST07,SKU03338,1,1.8398712
2025-12-05,ST13,SKU03388,1,1.8700225
2025-12-05,ST01,SKU03413,2,1.8923883
2025-12-05,ST03,SKU03426,2,1.8784292
2025-12-05,ST07,SKU03432,1,1.9820412
2025-12-05,ST06,SKU03433,1,1.9363611
2025-12-05,ST13,SKU03446,3,1.9370321
2025-12-05,ST11,SKU03448,3,1.7786953
2025-12-05,ST28,SKU03449,1,1.8756493
2025-12-05,ST30,SKU03450,2,1.8023102
2025-12-05,ST27,SKU03455,1,1.8409653
2025-12-05,ST28,SKU03457,1,1.7276864
2025-12-05,ST10,SKU03460,2,1.7549013
2025-12-05,ST29,SKU03468,2,1.8604329
2025-12-05,ST27,SKU03484,3,1.7564619
2025-12-05,ST25,SKU03497,1,1.9022257
2025-12-05,ST08,SKU03505,2,1.9551902
2025-12-05,ST08,SKU03522,1,1.8894011
2025-12-05,ST21,SKU03535,3,1.892547
2025-12-05,ST07,SKU03536,1,1.8794954
2025-12-05,ST08,SKU03542,1,1.89639
2025-12-05,ST03,SKU03545,1,1.874294
2025-12-05,ST30,SKU03546,1,1.8579637
2025-12-05,ST01,SKU03550,4,1.9212792
2025-12-05,ST24,SKU03552,1,1.8844446
2025-12-05,ST11,SKU03561,1,1.8600962
2025-12-05,ST22,SKU03571,1,1.8603268
2025-12-05,ST08,SKU03599,1,1.9127024
2025-12-05,ST05,SKU03603,2,1.6925437
2025-12-05,ST19,SKU03604,4,1.9330617
2025-12-05,ST06,SKU03608,1,1.8972058
2025-12-05,ST23,SKU03613,2,2.085714
2025-12-05,ST07,SKU03617,3,1.8450661
2025-12-05,ST04,SKU03623,1,1.8773495
2025-12-05,ST20,SKU03632,1,1.8802712
2025-12-05,ST21,SKU03633,2,1.8740484
2025-12-05,ST08,SKU03652,4,1.8628922
2025-12-05,ST19,SKU03666,2,1.9083714
2025-12-05,ST27,SKU03669,2,1.9320327
2025-12-05,ST25,SKU03672,2,1.8699889
2025-12-05,ST24,SKU03678,5,1.9021791
2025-12-05,ST19,SKU03688,1,1.8836504
2025-12-05,ST13,SKU03699,2,1.8265117
2025-12-05,ST19,SKU03700,1,1.7594783
2025-12-05,ST30,SKU03702,5,1.8964636
2025-12-05,ST29,SKU03704,1,1.9049476
2025-12-05,ST22,SKU03708,1,1.8570962
2025-12-05,ST23,SKU03710,1,1.946483
2025-12-05,ST12,SKU03724,1,1.9131391
2025-12-05,ST24,SKU03725,1,1.9075116
2025-12-05,ST30,SKU03727,1,1.848623
2025-12-05,ST23,SKU03732,3,1.9121256
2025-12-05,ST10,SKU03736,2,1.9031419
2025-12-05,ST20,SKU03742,3,1.9030802
2025-12-05,ST27,SKU03743,1,1.9700761
2025-12-05,ST04,SKU03764,1,1.9115984
2025-12-05,ST05,SKU03768,1,1.9039495
2025-12-05,ST20,SKU03772,3,1.8460963
2025-12-05,ST29,SKU03796,2,1.8644443
2025-12-05,ST28,SKU03800,1,1.891649
2025-12-05,ST07,SKU03811,1,1.8940775
2025-12-05,ST28,SKU03816,1,1.9094815
2025-12-05,ST22,SKU03820,1,2.0576966
2025-12-05,ST26,SKU03823,3,1.8822134
2025-12-05,ST03,SKU03835,1,1.8264862
2025-12-05,ST13,SKU03895,1,1.8541342
2025-12-05,ST12,SKU03896,1,1.7940322
2025-12-05,ST23,SKU03898,1,1.8394667
2025-12-05,ST30,SKU03900,1,1.8605577
2025-12-05,ST30,SKU03901,2,1.8721823
2025-12-05,ST20,SKU03904,4,1.9039725
2025-12-05,ST05,SKU03907,1,1.78727
2025-12-05,ST17,SKU03927,1,1.8739272
2025-12-05,ST24,SKU03929,1,2.0313218
2025-12-05,ST07,SKU03930,2,1.8707039
2025-12-05,ST26,SKU03933,4,1.9106737
2025-12-05,ST30,SKU03937,3,1.9378188
2025-12-05,ST10,SKU03950,2,1.6879224
2025-12-05,ST22,SKU03954,4,1.8752391
2025-12-05,ST18,SKU03975,1,1.910095
2025-12-05,ST26,SKU04000,3,1.9290978
2025-12-05,ST22,SKU04009,1,1.8841382
2025-12-05,ST23,SKU04012,1,1.8680748
2025-12-05,ST09,SKU04016,3,1.8693007
2025-12-05,ST21,SKU04026,1,1.9228064
2025-12-05,ST19,SKU04034,1,1.887531
2025-12-05,ST07,SKU04040,1,1.8609221
2025-12-05,ST27,SKU04041,1,1.8820478
2025-12-05,ST10,SKU04050,1,1.9691933
2025-12-05,ST23,SKU04064,1,1.9177685
2025-12-05,ST06,SKU04066,1,1.677136
2025-12-05,ST19,SKU04072,1,1.8312937
2025-12-05,ST28,SKU04073,4,1.7844573
2025-12-05,ST04,SKU04078,1,1.8131443
2025-12-05,ST12,SKU04087,1,1.902653
2025-12-05,ST02,SKU04088,1,1.8775932
2025-12-05,ST06,SKU04105,2,1.8488426
2025-12-05,ST30,SKU04125,4,1.9251211
2025-12-05,ST12,SKU04134,5,1.8585386
2025-12-05,ST27,SKU04147,1,1.9550945
2025-12-05,ST26,SKU04154,5,1.7569383
2025-12-05,ST30,SKU04157,2,1.8041657
2025-12-05,ST14,SKU04159,3,2.0672305
2025-12-05,ST07,SKU04161,3,3.9352932
2025-12-05,ST08,SKU04166,3,1.957945
2025-12-05,ST15,SKU04169,5,1.9660237
2025-12-05,ST25,SKU04176,2,1.8946378
2025-12-05,ST14,SKU04180,1,1.8244313
2025-12-05,ST21,SKU04185,1,1.8680369
2025-12-05,ST07,SKU04190,3,1.886772
2025-12-05,ST21,SKU04191,1,1.8447438
2025-12-05,ST05,SKU04201,1,1.8327231
2025-12-05,ST11,SKU04202,1,1.8413874
2025-12-05,ST19,SKU04204,3,1.9052075
2025-12-05,ST22,SKU04210,1,1.9520512
2025-12-05,ST27,SKU04240,1,1.8598678
2025-12-05,ST07,SKU04245,3,1.8927479
2025-12-05,ST13,SKU04254,2,1.8832158
2025-12-05,ST07,SKU04268,1,1.8762314
2025-12-05,ST03,SKU04272,3,1.9232019
2025-12-05,ST06,SKU04274,3,1.8342882
2025-12-05,ST27,SKU04275,1,1.9902636
2025-12-05,ST21,SKU04279,2,1.9084432
2025-12-05,ST27,SKU04290,3,1.8657914
2025-12-05,ST05,SKU04292,2,1.7900163
2025-12-05,ST06,SKU04297,3,1.8668727
2025-12-05,ST26,SKU04305,3,1.8548741
2025-12-05,ST28,SKU04315,2,1.9114217
2025-12-05,ST13,SKU04317,3,1.8872396
2025-12-05,ST06,SKU04318,1,2.0236108
2025-12-05,ST30,SKU04321,6,7.2591515
2025-12-05,ST23,SKU04329,4,1.9817711
2025-12-05,ST18,SKU04333,2,1.7383757
2025-12-05,ST21,SKU04335,1,1.8595113
2025-12-05,ST07,SKU04337,1,1.9388497
2025-12-05,ST17,SKU04348,4,1.9469563
2025-12-05,ST15,SKU04350,4,1.8966696
2025-12-05,ST13,SKU04359,4,1.796652
2025-12-05,ST08,SKU04381,1,1.8755021
2025-12-05,ST30,SKU04382,2,1.9050002
2025-12-05,ST08,SKU04390,1,1.7971249
2025-12-05,ST10,SKU04392,2,1.8010155
2025-12-05,ST11,SKU04400,2,1.8309853
2025-12-05,ST01,SKU04404,2,1.9137996
2025-12-05,ST26,SKU04407,3,1.8780842
2025-12-05,ST17,SKU04427,1,1.8878245
2025-12-05,ST04,SKU04432,2,1.8946482
2025-12-05,ST07,SKU04446,2,1.8651468
2025-12-05,ST18,SKU04451,1,1.8955358
2025-12-05,ST11,SKU04453,3,1.8969169
2025-12-05,ST23,SKU04456,1,1.8577032
2025-12-05,ST04,SKU04464,1,1.852695
2025-12-05,ST20,SKU04466,3,1.8861693
2025-12-05,ST03,SKU04476,3,1.8439604
2025-12-05,ST25,SKU04481,3,1.8424237
2025-12-05,ST03,SKU04497,2,1.9341028
2025-12-05,ST19,SKU04502,2,1.963085
2025-12-05,ST25,SKU04508,3,1.921124
2025-12-05,ST11,SKU04512,3,1.8726443
2025-12-05,ST22,SKU04523,1,1.866262
2025-12-05,ST06,SKU04551,2,1.9015826
2025-12-05,ST14,SKU04554,1,1.6580926
2025-12-05,ST18,SKU04555,1,2.0026376
2025-12-05,ST19,SKU04563,1,1.8229861
2025-12-05,ST09,SKU04566,3,1.90405
2025-12-05,ST28,SKU04571,2,1.9031038
2025-12-05,ST29,SKU04574,1,2.1272368
2025-12-05,ST28,SKU04596,3,1.7767736
2025-12-05,ST22,SKU04610,1,1.8349812
2025-12-05,ST07,SKU04615,5,1.7801313
2025-12-05,ST18,SKU04623,1,2.1308177
2025-12-05,ST07,SKU04626,2,1.9088401
2025-12-05,ST22,SKU04627,3,1.9276224
2025-12-05,ST07,SKU04632,2,1.8366499
2025-12-05,ST20,SKU04637,1,1.952283
2025-12-05,ST20,SKU04646,1,1.9722655
2025-12-05,ST11,SKU04652,1,1.9337524
2025-12-05,ST23,SKU04657,1,1.9203813
2025-12-05,ST22,SKU04660,2,1.9710363
2025-12-05,ST05,SKU04662,1,1.9070133
2025-12-05,ST27,SKU04663,1,1.8748243
2025-12-05,ST22,SKU04677,5,1.8670354
2025-12-05,ST01,SKU04680,1,1.8760695
2025-12-05,ST13,SKU04682,2,1.9188542
2025-12-05,ST04,SKU04685,1,1.9800686
2025-12-05,ST20,SKU04689,5,1.859117
2025-12-05,ST03,SKU04702,2,1.8819013
2025-12-05,ST27,SKU04720,1,1.8999966
2025-12-05,ST05,SKU04738,4,1.8159945
2025-12-05,ST07,SKU04739,4,1.8977203
2025-12-05,ST02,SKU04748,1,1.9051291
2025-12-05,ST20,SKU04749,2,1.8391548
2025-12-05,ST30,SKU04750,4,1.7939299
2025-12-05,ST18,SKU04755,1,1.8432041
2025-12-05,ST06,SKU04756,2,1.9427651
2025-12-05,ST01,SKU04757,2,1.8850409
2025-12-05,ST21,SKU04759,2,1.8144797
2025-12-05,ST20,SKU04783,1,2.024831
2025-12-05,ST04,SKU04789,2,1.852801
2025-12-05,ST21,SKU04792,3,1.8765222
2025-12-05,ST26,SKU04799,3,1.8947452
2025-12-05,ST13,SKU04806,2,2.070214
2025-12-05,ST28,SKU04807,3,1.9082407
2025-12-05,ST27,SKU04809,1,1.8521396
2025-12-05,ST28,SKU04816,2,1.899996
2025-12-05,ST28,SKU04822,1,1.8930897
2025-12-05,ST30,SKU04824,2,1.9172082
2025-12-05,ST17,SKU04828,5,1.8936522
2025-12-05,ST26,SKU04835,2,1.8088578
2025-12-05,ST25,SKU04841,1,1.8648027
2025-12-05,ST20,SKU04847,1,1.8742138
2025-12-05,ST13,SKU04849,2,1.8633425
2025-12-05,ST20,SKU04852,2,1.8453914
2025-12-05,ST21,SKU04882,1,1.8972942
2025-12-05,ST07,SKU04886,1,1.8659803
2025-12-05,ST15,SKU04903,1,1.8509936
2025-12-05,ST21,SKU04913,1,1.8229629
2025-12-05,ST30,SKU04926,2,2.0400271
2025-12-05,ST20,SKU04933,5,1.8841668
2025-12-05,ST06,SKU04934,1,1.9110365
2025-12-05,ST22,SKU04954,1,1.9006704
2025-12-05,ST10,SKU04956,2,1.8950183
2025-12-05,ST07,SKU04965,1,1.9078802
2025-12-05,ST23,SKU04973,5,1.8360986
2025-12-05,ST20,SKU04991,2,1.8294288
2025-12-06,ST20,SKU00001,2,1.8603158
2025-12-06,ST22,SKU00002,1,2.0696223
2025-12-06,ST29,SKU00004,3,1.9001758
2025-12-06,ST14,SKU00008,2,1.8610802
2025-12-06,ST29,SKU00009,1,1.8623599
2025-12-06,ST22,SKU00017,2,1.8747383
2025-12-06,ST05,SKU00019,2,1.8222556
2025-12-06,ST21,SKU00023,1,1.7832423
2025-12-06,ST07,SKU00029,3,1.9046346
2025-12-06,ST07,SKU00033,1,1.895015
2025-12-06,ST11,SKU00036,1,1.9248139
2025-12-06,ST04,SKU00039,1,1.8305202
2025-12-06,ST23,SKU00041,1,1.9959542
2025-12-06,ST12,SKU00051,2,1.8828224
2025-12-06,ST20,SKU00060,2,1.8215468
2025-12-06,ST12,SKU00061,1,1.9051183
2025-12-06,ST29,SKU00062,1,1.8605055
2025-12-06,ST28,SKU00079,3,1.7061957
2025-12-06,ST07,SKU00082,1,1.8937564
2025-12-06,ST26,SKU00086,1,1.8155944
2025-12-06,ST16,SKU00091,3,1.8881003
2025-12-06,ST03,SKU00099,3,1.7944294
2025-12-06,ST12,SKU00104,3,1.9091992
2025-12-06,ST27,SKU00110,3,1.8502345
2025-12-06,ST14,SKU00116,1,1.8413585
2025-12-06,ST21,SKU00126,4,3.7884145
2025-12-06,ST09,SKU00128,2,1.8545218
2025-12-06,ST14,SKU00137,1,1.8799311
2025-12-06,ST04,SKU00142,2,1.8521881
2025-12-06,ST22,SKU00144,2,3.7219942
2025-12-06,ST09,SKU00151,1,1.9166067
2025-12-06,ST29,SKU00158,2,1.8817111
2025-12-06,ST30,SKU00163,1,1.809639
2025-12-06,ST22,SKU00168,1,1.899745
2025-12-06,ST25,SKU00169,3,1.8709662
2025-12-06,ST18,SKU00171,2,1.9027442
2025-12-06,ST29,SKU00177,2,1.8619162
2025-12-06,ST27,SKU00178,2,1.8787278
2025-12-06,ST19,SKU00179,4,1.8425575
2025-12-06,ST29,SKU00190,1,1.9619133
2025-12-06,ST09,SKU00193,3,1.8689109
2025-12-06,ST14,SKU00202,2,1.9031491
2025-12-06,ST24,SKU00207,1,1.8792241
2025-12-06,ST29,SKU00209,1,1.8091632
2025-12-06,ST29,SKU00211,1,1.8543094
2025-12-06,ST04,SKU00216,1,1.8744261
2025-12-06,ST18,SKU00217,1,1.8685633
2025-12-06,ST19,SKU00221,1,1.8685709
2025-12-06,ST23,SKU00227,3,1.9770004
2025-12-06,ST04,SKU00228,1,2.0387988
2025-12-06,ST17,SKU00230,5,1.9190656
2025-12-06,ST12,SKU00235,1,1.919776
2025-12-06,ST05,SKU00249,5,1.872507
2025-12-06,ST22,SKU00254,3,1.8061867
2025-12-06,ST30,SKU00255,1,1.8922169
2025-12-06,ST27,SKU00260,1,1.9156736
2025-12-06,ST04,SKU00264,1,1.9002628
2025-12-06,ST09,SKU00269,1,1.8341707
2025-12-06,ST10,SKU00275,1,1.9638908
2025-12-06,ST24,SKU00285,2,1.9395882
2025-12-06,ST07,SKU00286,1,1.8669114
2025-12-06,ST01,SKU00298,1,1.862862
2025-12-06,ST06,SKU00306,1,1.8642397
2025-12-06,ST21,SKU00313,2,1.8435658
2025-12-06,ST23,SKU00323,3,1.8444488
2025-12-06,ST27,SKU00328,2,1.9371841
2025-12-06,ST30,SKU00332,2,1.8633187
2025-12-06,ST08,SKU00339,2,1.845384
2025-12-06,ST06,SKU00349,1,1.8666997
2025-12-06,ST10,SKU00359,3,1.8367622
2025-12-06,ST16,SKU00361,1,1.9169681
2025-12-06,ST30,SKU00362,1,1.826624
2025-12-06,ST25,SKU00363,1,1.7643597
2025-12-06,ST27,SKU00372,1,1.8417233
2025-12-06,ST27,SKU00376,2,1.8956162
2025-12-06,ST07,SKU00383,1,1.8319724
2025-12-06,ST22,SKU00388,2,1.8773952
2025-12-06,ST24,SKU00392,1,1.9151025
2025-12-06,ST02,SKU00400,1,1.8502133
2025-12-06,ST30,SKU00404,5,1.9695218
2025-12-06,ST08,SKU00405,2,1.7462105
2025-12-06,ST22,SKU00409,2,1.8833809
2025-12-06,ST11,SKU00411,1,1.7546121
2025-12-06,ST25,SKU00412,3,1.8274347
2025-12-06,ST23,SKU00416,4,1.9013175
2025-12-06,ST12,SKU00429,5,1.8501931
2025-12-06,ST24,SKU00443,2,1.944297
2025-12-06,ST13,SKU00445,1,1.9024938
2025-12-06,ST22,SKU00459,1,1.8459749
2025-12-06,ST13,SKU00469,3,1.870049
2025-12-06,ST14,SKU00473,1,1.8772559
2025-12-06,ST05,SKU00486,4,1.9081104
2025-12-06,ST23,SKU00500,2,1.9014543
2025-12-06,ST03,SKU00501,3,1.8773614
2025-12-06,ST20,SKU00503,1,1.8493761
2025-12-06,ST26,SKU00515,1,1.9041544
2025-12-06,ST21,SKU00519,1,1.9418952
2025-12-06,ST15,SKU00520,1,1.8750689
2025-12-06,ST09,SKU00522,1,1.8984321
2025-12-06,ST27,SKU00530,3,1.7888004
2025-12-06,ST22,SKU00531,1,1.9158382
2025-12-06,ST07,SKU00533,3,1.8944507
2025-12-06,ST18,SKU00538,5,1.9086
2025-12-06,ST18,SKU00539,1,1.8585029
2025-12-06,ST27,SKU00541,1,1.9316492
2025-12-06,ST20,SKU00546,1,1.8701096
2025-12-06,ST07,SKU00548,2,1.9711621
2025-12-06,ST20,SKU00591,3,1.8380291
2025-12-06,ST12,SKU00599,2,1.8921107
2025-12-06,ST14,SKU00605,3,1.9416265
2025-12-06,ST03,SKU00608,2,1.8845774
2025-12-06,ST06,SKU00628,3,1.8752506
2025-12-06,ST19,SKU00664,1,1.8792285
2025-12-06,ST20,SKU00665,4,1.8210131
2025-12-06,ST03,SKU00678,1,1.8904866
2025-12-06,ST14,SKU00680,1,1.9336503
2025-12-06,ST26,SKU00686,2,1.9173446
2025-12-06,ST14,SKU00692,3,1.8938875
2025-12-06,ST01,SKU00714,2,1.8927677
2025-12-06,ST23,SKU00731,1,1.9151971
2025-12-06,ST20,SKU00733,1,1.92716
2025-12-06,ST11,SKU00740,1,1.8526601
2025-12-06,ST06,SKU00750,2,1.917743
2025-12-06,ST07,SKU00763,1,1.8424059
2025-12-06,ST30,SKU00767,1,1.8740356
2025-12-06,ST17,SKU00770,2,1.8628554
2025-12-06,ST06,SKU00772,1,1.8983176
2025-12-06,ST07,SKU00796,1,1.8554839
2025-12-06,ST24,SKU00801,2,1.8145342
2025-12-06,ST08,SKU00812,1,1.8291011
2025-12-06,ST13,SKU00825,3,1.860998
2025-12-06,ST07,SKU00832,2,1.8741003
2025-12-06,ST02,SKU00842,1,1.9148382
2025-12-06,ST12,SKU00844,1,1.9261838
2025-12-06,ST09,SKU00845,2,1.9317781
2025-12-06,ST09,SKU00855,1,1.7957869
2025-12-06,ST13,SKU00862,5,3.544107
2025-12-06,ST07,SKU00880,3,1.785405
2025-12-06,ST24,SKU00884,1,1.8821806
2025-12-06,ST22,SKU00885,1,1.890068
2025-12-06,ST15,SKU00891,2,1.7922894
2025-12-06,ST15,SKU00893,1,1.8525128
2025-12-06,ST26,SKU00896,3,1.8750899
2025-12-06,ST20,SKU00901,1,1.9523785
2025-12-06,ST18,SKU00910,1,1.8512161
2025-12-06,ST26,SKU00920,4,1.808546
2025-12-06,ST25,SKU00921,2,1.6501985
2025-12-06,ST28,SKU00929,1,2.0268757
2025-12-06,ST21,SKU00931,1,1.8693845
2025-12-06,ST30,SKU00942,1,1.8006727
2025-12-06,ST23,SKU00953,2,1.9323958
2025-12-06,ST01,SKU00954,1,1.8711635
2025-12-06,ST21,SKU00965,1,1.8144426
2025-12-06,ST07,SKU00970,3,1.8489902
2025-12-06,ST07,SKU00974,1,2.1502047
2025-12-06,ST27,SKU00976,6,3.7520409
2025-12-06,ST14,SKU00994,4,1.8606989
2025-12-06,ST27,SKU01001,1,1.8425013
2025-12-06,ST15,SKU01006,4,1.9119016
2025-12-06,ST04,SKU01009,2,1.8645226
2025-12-06,ST13,SKU01024,3,1.9521962
2025-12-06,ST21,SKU01030,1,1.9189929
2025-12-06,ST05,SKU01033,1,2.1205034
2025-12-06,ST28,SKU01037,1,1.8608918
2025-12-06,ST27,SKU01045,2,1.7757024
2025-12-06,ST24,SKU01048,3,1.9151584
2025-12-06,ST25,SKU01071,2,1.8866781
2025-12-06,ST03,SKU01079,2,1.9172993
2025-12-06,ST18,SKU01080,1,1.869339
2025-12-06,ST26,SKU01098,1,1.944177
2025-12-06,ST20,SKU01099,1,1.7932932
2025-12-06,ST14,SKU01100,2,1.9149157
2025-12-06,ST18,SKU01102,1,1.8280894
2025-12-06,ST09,SKU01106,2,1.9443353
2025-12-06,ST25,SKU01107,2,2.1309435
2025-12-06,ST07,SKU01111,1,1.8720077
2025-12-06,ST18,SKU01127,4,1.9898278
2025-12-06,ST22,SKU01131,2,1.8424869
2025-12-06,ST01,SKU01133,1,1.8502713
2025-12-06,ST10,SKU01134,1,1.9238834
2025-12-06,ST26,SKU01143,2,1.9067752
2025-12-06,ST06,SKU01151,1,1.8745029
2025-12-06,ST21,SKU01152,1,1.8708454
2025-12-06,ST03,SKU01153,1,1.9725965
2025-12-06,ST21,SKU01164,4,1.9338566
2025-12-06,ST29,SKU01165,3,1.8925333
2025-12-06,ST03,SKU01177,1,1.8468612
2025-12-06,ST17,SKU01183,2,1.9016275
2025-12-06,ST20,SKU01190,2,1.9706275
2025-12-06,ST14,SKU01196,2,1.840831
2025-12-06,ST13,SKU01198,2,1.8626683
2025-12-06,ST06,SKU01203,2,1.8866718
2025-12-06,ST17,SKU01204,1,1.8312211
2025-12-06,ST07,SKU01205,1,1.9177445
2025-12-06,ST07,SKU01208,2,1.8670667
2025-12-06,ST13,SKU01210,2,1.8931583
2025-12-06,ST08,SKU01212,1,1.8106749
2025-12-06,ST30,SKU01214,1,1.8992466
2025-12-06,ST01,SKU01218,3,1.9080375
2025-12-06,ST15,SKU01227,1,1.9015731
2025-12-06,ST27,SKU01228,2,1.8114161
2025-12-06,ST11,SKU01231,4,1.8402236
2025-12-06,ST27,SKU01232,1,1.8923506
2025-12-06,ST27,SKU01245,2,2.0062616
2025-12-06,ST27,SKU01250,4,1.8625675
2025-12-06,ST22,SKU01259,1,1.8468608
2025-12-06,ST19,SKU01268,1,1.9199672
2025-12-06,ST22,SKU01270,1,1.8729563
2025-12-06,ST07,SKU01272,2,1.9080911
2025-12-06,ST20,SKU01274,2,1.8388191
2025-12-06,ST13,SKU01276,1,1.8330867
2025-12-06,ST24,SKU01280,3,1.7989185
2025-12-06,ST03,SKU01281,1,1.8438287
2025-12-06,ST20,SKU01291,1,1.8730351
2025-12-06,ST30,SKU01294,1,1.8493235
2025-12-06,ST05,SKU01295,1,1.8825445
2025-12-06,ST11,SKU01317,1,1.9087889
2025-12-06,ST06,SKU01319,1,1.8748899
2025-12-06,ST05,SKU01330,1,1.9328994
2025-12-06,ST20,SKU01331,2,2.0388117
2025-12-06,ST29,SKU01340,2,1.847261
2025-12-06,ST03,SKU01346,1,1.8881942
2025-12-06,ST13,SKU01347,3,1.8785709
2025-12-06,ST18,SKU01352,2,1.885864
2025-12-06,ST07,SKU01357,3,1.8186482
2025-12-06,ST15,SKU01370,2,2.0337934
2025-12-06,ST28,SKU01371,1,1.8435684
2025-12-06,ST24,SKU01377,1,1.8769686
2025-12-06,ST04,SKU01378,1,1.8696277
2025-12-06,ST27,SKU01383,1,1.8759176
2025-12-06,ST19,SKU01395,2,1.9027207
2025-12-06,ST07,SKU01412,1,1.8780811
2025-12-06,ST21,SKU01420,1,1.8258724
2025-12-06,ST21,SKU01435,1,1.7762309
2025-12-06,ST27,SKU01436,1,1.8867873
2025-12-06,ST22,SKU01439,1,1.8416265
2025-12-06,ST05,SKU01441,2,1.8877039
2025-12-06,ST30,SKU01446,3,1.816527
2025-12-06,ST07,SKU01452,1,2.072551
2025-12-06,ST05,SKU01454,5,1.8541989
2025-12-06,ST30,SKU01457,3,1.9359291
2025-12-06,ST13,SKU01458,1,1.8618219
2025-12-06,ST11,SKU01462,3,1.9401857
2025-12-06,ST21,SKU01465,2,1.903285
2025-12-06,ST20,SKU01478,1,1.8712504
2025-12-06,ST29,SKU01483,5,1.8678226
2025-12-06,ST17,SKU01485,3,1.8875774
2025-12-06,ST15,SKU01487,1,1.9275079
2025-12-06,ST22,SKU01490,2,1.8880552
2025-12-06,ST30,SKU01494,1,1.8608837
2025-12-06,ST10,SKU01497,1,1.8852146
2025-12-06,ST21,SKU01501,1,1.8012409
2025-12-06,ST28,SKU01517,1,1.8729444
2025-12-06,ST19,SKU01519,1,2.008279
2025-12-06,ST05,SKU01521,1,1.8651056
2025-12-06,ST18,SKU01523,3,1.8818281
2025-12-06,ST13,SKU01525,2,1.8939768
2025-12-06,ST24,SKU01529,3,1.8474168
2025-12-06,ST27,SKU01547,1,2.0192273
2025-12-06,ST21,SKU01556,1,1.8559554
2025-12-06,ST15,SKU01560,1,1.8917062
2025-12-06,ST14,SKU01563,3,1.9262233
2025-12-06,ST27,SKU01566,1,1.7873454
2025-12-06,ST21,SKU01568,1,1.7223992
2025-12-06,ST09,SKU01574,1,1.8506355
2025-12-06,ST18,SKU01578,1,1.9642259
2025-12-06,ST03,SKU01579,1,1.8916237
2025-12-06,ST06,SKU01583,1,1.8824495
2025-12-06,ST19,SKU01588,2,1.8951503
2025-12-06,ST08,SKU01596,1,1.9222945
2025-12-06,ST21,SKU01598,4,1.8725661
2025-12-06,ST21,SKU01599,1,1.8612552
2025-12-06,ST05,SKU01601,3,1.8594846
2025-12-06,ST19,SKU01602,4,1.8858321
2025-12-06,ST21,SKU01618,1,1.857331
2025-12-06,ST20,SKU01642,1,2.4988797
2025-12-06,ST05,SKU01648,1,1.9369435
2025-12-06,ST30,SKU01662,3,1.9219843
2025-12-06,ST29,SKU01667,1,1.8991569
2025-12-06,ST29,SKU01677,4,1.9602377
2025-12-06,ST13,SKU01683,4,1.9101232
2025-12-06,ST21,SKU01686,1,1.9101813
2025-12-06,ST06,SKU01694,1,1.8663903
2025-12-06,ST05,SKU01696,2,1.9396709
2025-12-06,ST08,SKU01705,1,1.8625408
2025-12-06,ST25,SKU01707,2,1.8685688
2025-12-06,ST11,SKU01710,5,1.8418311
2025-12-06,ST18,SKU01720,1,1.9631616
2025-12-06,ST21,SKU01723,3,1.8555846
2025-12-06,ST27,SKU01735,1,1.9506792
2025-12-06,ST05,SKU01739,1,1.8813368
2025-12-06,ST09,SKU01748,1,1.8919894
2025-12-06,ST15,SKU01755,1,1.888934
2025-12-06,ST11,SKU01762,1,1.8282957
2025-12-06,ST25,SKU01763,3,1.8489683
2025-12-06,ST18,SKU01766,2,1.8588704
2025-12-06,ST29,SKU01775,5,1.9777043
2025-12-06,ST07,SKU01786,3,1.9349693
2025-12-06,ST22,SKU01793,3,1.858541
2025-12-06,ST29,SKU01803,3,1.7616519
2025-12-06,ST26,SKU01804,4,1.8059891
2025-12-06,ST04,SKU01807,3,1.8362894
2025-12-06,ST24,SKU01811,1,1.8565145
2025-12-06,ST10,SKU01814,3,1.8740581
2025-12-06,ST13,SKU01816,2,2.1513631
2025-12-06,ST07,SKU01824,3,1.9098704
2025-12-06,ST06,SKU01829,1,1.8942211
2025-12-06,ST30,SKU01835,1,1.9069283
2025-12-06,ST05,SKU01839,3,1.9020715
2025-12-06,ST13,SKU01848,3,1.89801
2025-12-06,ST05,SKU01856,1,1.9197897
2025-12-06,ST01,SKU01860,3,1.9003671
2025-12-06,ST12,SKU01892,1,1.9004978
2025-12-06,ST25,SKU01899,2,1.9831648
2025-12-06,ST14,SKU01905,1,1.9005506
2025-12-06,ST27,SKU01910,2,1.831493
2025-12-06,ST04,SKU01919,1,1.9014078
2025-12-06,ST11,SKU01923,5,1.7883835
2025-12-06,ST14,SKU01944,1,1.9063406
2025-12-06,ST20,SKU01950,4,1.9530759
2025-12-06,ST09,SKU01953,5,1.9218298
2025-12-06,ST12,SKU01954,2,1.8632141
2025-12-06,ST08,SKU01962,2,1.7399828
2025-12-06,ST22,SKU01968,2,1.8607124
2025-12-06,ST16,SKU01986,1,1.9161365
2025-12-06,ST23,SKU01987,1,1.786591
2025-12-06,ST15,SKU01993,2,1.900678
2025-12-06,ST07,SKU01997,2,1.8596438
2025-12-06,ST17,SKU02008,1,1.8984259
2025-12-06,ST21,SKU02010,3,1.8487659
2025-12-06,ST12,SKU02015,2,1.896396
2025-12-06,ST28,SKU02018,1,1.9063983
2025-12-06,ST22,SKU02029,2,2.2467873
2025-12-06,ST07,SKU02054,1,1.9437538
2025-12-06,ST26,SKU02056,1,1.840132
2025-12-06,ST30,SKU02061,1,1.8082845
2025-12-06,ST04,SKU02062,4,1.8704033
2025-12-06,ST03,SKU02072,1,1.8833199
2025-12-06,ST20,SKU02078,1,1.8695215
2025-12-06,ST27,SKU02079,1,1.9606513
2025-12-06,ST04,SKU02086,1,1.9183954
2025-12-06,ST20,SKU02087,1,1.939494
2025-12-06,ST01,SKU02092,2,1.9013025
2025-12-06,ST03,SKU02102,1,1.8972315
2025-12-06,ST05,SKU02111,2,1.8939446
2025-12-06,ST30,SKU02125,1,1.8567449
2025-12-06,ST23,SKU02128,3,1.8588107
2025-12-06,ST20,SKU02131,1,1.8980963
2025-12-06,ST20,SKU02137,4,1.7614197
2025-12-06,ST29,SKU02141,1,1.8901612
2025-12-06,ST12,SKU02143,1,1.9650383
2025-12-06,ST14,SKU02147,1,1.8628852
2025-12-06,ST10,SKU02155,1,1.8466216
2025-12-06,ST22,SKU02156,2,1.8617617
2025-12-06,ST12,SKU02159,1,1.8836011
2025-12-06,ST03,SKU02160,1,1.8620497
2025-12-06,ST26,SKU02164,4,1.9487411
2025-12-06,ST11,SKU02165,1,1.8067403
2025-12-06,ST09,SKU02176,1,1.8365395
2025-12-06,ST04,SKU02177,3,1.8933349
2025-12-06,ST04,SKU02198,1,1.859748
2025-12-06,ST07,SKU02201,2,1.8717754
2025-12-06,ST18,SKU02203,4,1.8461974
2025-12-06,ST05,SKU02210,3,1.8672804
2025-12-06,ST03,SKU02230,3,1.8349599
2025-12-06,ST25,SKU02231,1,1.9793614
2025-12-06,ST15,SKU02239,2,1.884307
2025-12-06,ST28,SKU02247,2,1.8807977
2025-12-06,ST27,SKU02251,1,1.8150132
2025-12-06,ST04,SKU02252,1,1.8765912
2025-12-06,ST30,SKU02258,4,1.9015033
2025-12-06,ST21,SKU02268,1,1.9810662
2025-12-06,ST12,SKU02270,2,1.8765417
2025-12-06,ST29,SKU02291,5,1.8740698
2025-12-06,ST08,SKU02300,3,1.8610264
2025-12-06,ST10,SKU02304,1,1.881887
2025-12-06,ST14,SKU02316,3,1.8783569
2025-12-06,ST29,SKU02317,1,1.85326
2025-12-06,ST10,SKU02324,1,1.875824
2025-12-06,ST18,SKU02327,3,1.8474296
2025-12-06,ST22,SKU02328,1,1.8398296
2025-12-06,ST16,SKU02329,2,1.8534329
2025-12-06,ST13,SKU02330,3,1.8336549
2025-12-06,ST07,SKU02341,2,1.8487588
2025-12-06,ST06,SKU02348,1,1.8520638
2025-12-06,ST09,SKU02349,1,2.0232947
2025-12-06,ST09,SKU02351,1,1.8714662
2025-12-06,ST30,SKU02353,2,1.8695664
2025-12-06,ST24,SKU02360,1,1.7732489
2025-12-06,ST22,SKU02365,2,1.8968834
2025-12-06,ST09,SKU02368,3,1.8553559
2025-12-06,ST17,SKU02370,2,1.8601913
2025-12-06,ST23,SKU02381,1,1.752497
2025-12-06,ST23,SKU02389,1,1.8401785
2025-12-06,ST12,SKU02399,3,1.8730149
2025-12-06,ST26,SKU02404,2,1.9345822
2025-12-06,ST07,SKU02414,2,1.950284
2025-12-06,ST08,SKU02422,2,1.9435947
2025-12-06,ST17,SKU02423,1,1.8472831
2025-12-06,ST19,SKU02427,5,1.859924
2025-12-06,ST03,SKU02430,2,1.8715589
2025-12-06,ST30,SKU02449,1,2.024289
2025-12-06,ST20,SKU02459,2,1.8553852
2025-12-06,ST09,SKU02467,1,1.8811626
2025-12-06,ST30,SKU02473,2,1.910239
2025-12-06,ST05,SKU02475,5,1.86659
2025-12-06,ST29,SKU02482,1,1.8621742
2025-12-06,ST08,SKU02488,1,1.8851722
2025-12-06,ST10,SKU02498,1,1.8593832
2025-12-06,ST07,SKU02499,5,1.8851274
2025-12-06,ST24,SKU02503,3,1.9502691
2025-12-06,ST12,SKU02504,4,1.9162596
2025-12-06,ST01,SKU02509,3,1.9048318
2025-12-06,ST13,SKU02522,1,1.7955885
2025-12-06,ST04,SKU02525,1,1.8846222
2025-12-06,ST28,SKU02526,2,1.8848699
2025-12-06,ST18,SKU02530,5,1.8808053
2025-12-06,ST20,SKU02531,2,1.8583256
2025-12-06,ST25,SKU02532,1,1.9326988
2025-12-06,ST27,SKU02536,2,1.9156281
2025-12-06,ST27,SKU02538,1,1.8881155
2025-12-06,ST09,SKU02544,1,1.8932625
2025-12-06,ST01,SKU02549,1,1.8666246
2025-12-06,ST16,SKU02554,3,1.8661172
2025-12-06,ST30,SKU02571,3,1.8727082
2025-12-06,ST07,SKU02577,1,1.9019996
2025-12-06,ST20,SKU02596,1,1.9112029
2025-12-06,ST17,SKU02600,1,1.8480997
2025-12-06,ST28,SKU02605,1,2.046976
2025-12-06,ST13,SKU02612,2,1.8242992
2025-12-06,ST19,SKU02614,2,1.9557849
2025-12-06,ST07,SKU02627,1,1.8342252
2025-12-06,ST29,SKU02630,3,1.8683584
2025-12-06,ST13,SKU02631,2,1.873415
2025-12-06,ST06,SKU02636,3,1.8834237
2025-12-06,ST17,SKU02640,3,1.9245086
2025-12-06,ST14,SKU02641,1,1.8634518
2025-12-06,ST13,SKU02643,1,1.8534359
2025-12-06,ST19,SKU02645,2,1.9454285
2025-12-06,ST18,SKU02673,1,1.931745
2025-12-06,ST30,SKU02678,1,1.9009007
2025-12-06,ST28,SKU02679,1,1.8486611
2025-12-06,ST16,SKU02683,2,1.8934183
2025-12-06,ST25,SKU02690,1,1.8550301
2025-12-06,ST19,SKU02692,1,1.8680338
2025-12-06,ST19,SKU02694,2,1.809195
2025-12-06,ST13,SKU02696,1,1.9026504
2025-12-06,ST01,SKU02697,1,1.8691987
2025-12-06,ST26,SKU02704,1,1.9215019
2025-12-06,ST04,SKU02705,5,1.8799403
2025-12-06,ST17,SKU02712,2,1.8921171
2025-12-06,ST15,SKU02720,1,2.1008322
2025-12-06,ST11,SKU02737,2,1.8737931
2025-12-06,ST26,SKU02740,3,2.0742912
2025-12-06,ST24,SKU02754,4,1.8456514
2025-12-06,ST05,SKU02756,3,1.9510064
2025-12-06,ST06,SKU02764,1,1.9300827
2025-12-06,ST22,SKU02765,1,1.866856
2025-12-06,ST29,SKU02774,1,1.7484596
2025-12-06,ST24,SKU02784,1,1.8626727
2025-12-06,ST15,SKU02790,1,1.9221268
2025-12-06,ST22,SKU02796,2,1.8929716
2025-12-06,ST29,SKU02799,2,1.8674717
2025-12-06,ST20,SKU02800,3,1.8702815
2025-12-06,ST17,SKU02808,2,1.9377412
2025-12-06,ST20,SKU02819,1,1.7553806
2025-12-06,ST19,SKU02821,3,1.8711234
2025-12-06,ST16,SKU02824,2,1.9235656
2025-12-06,ST15,SKU02826,3,1.9089922
2025-12-06,ST07,SKU02830,5,1.9176874
2025-12-06,ST22,SKU02833,1,1.807203
2025-12-06,ST14,SKU02834,1,1.9245887
2025-12-06,ST03,SKU02840,2,1.9014914
2025-12-06,ST11,SKU02848,2,1.8860788
2025-12-06,ST27,SKU02852,3,1.8412216
2025-12-06,ST28,SKU02858,3,1.926357
2025-12-06,ST04,SKU02870,1,1.8598212
2025-12-06,ST13,SKU02878,3,1.9659239
2025-12-06,ST24,SKU02888,1,1.8966377
2025-12-06,ST06,SKU02892,1,1.8675618
2025-12-06,ST18,SKU02894,2,1.8527889
2025-12-06,ST25,SKU02897,2,1.8459964
2025-12-06,ST30,SKU02899,2,1.8597187
2025-12-06,ST05,SKU02902,1,1.911312
2025-12-06,ST05,SKU02903,1,1.7971268
2025-12-06,ST12,SKU02906,1,1.9145042
2025-12-06,ST14,SKU02928,1,1.9920768
2025-12-06,ST27,SKU02930,1,1.7787449
2025-12-06,ST06,SKU02932,4,1.8492938
2025-12-06,ST13,SKU02940,1,1.9148536
2025-12-06,ST28,SKU02942,2,1.9251324
2025-12-06,ST30,SKU02945,4,1.8427095
2025-12-06,ST26,SKU02950,2,1.8301984
2025-12-06,ST07,SKU02952,2,1.8505512
2025-12-06,ST09,SKU02954,1,1.8855134
2025-12-06,ST28,SKU02958,1,1.8518727
2025-12-06,ST07,SKU02962,3,1.8764638
2025-12-06,ST21,SKU02968,2,1.8357401
2025-12-06,ST20,SKU02979,2,1.910923
2025-12-06,ST25,SKU02986,1,1.8533975
2025-12-06,ST20,SKU02988,2,1.8796598
2025-12-06,ST05,SKU02989,1,1.8709817
2025-12-06,ST23,SKU02991,1,1.8825713
2025-12-06,ST29,SKU02994,1,1.8179893
2025-12-06,ST22,SKU02998,1,1.7675656
2025-12-06,ST22,SKU03003,5,1.8394581
2025-12-06,ST04,SKU03004,4,1.8494806
2025-12-06,ST02,SKU03007,1,1.7785088
2025-12-06,ST24,SKU03013,2,1.9631228
2025-12-06,ST13,SKU03018,1,1.8000356
2025-12-06,ST07,SKU03019,5,1.8607465
2025-12-06,ST17,SKU03021,1,1.8854593
2025-12-06,ST26,SKU03049,1,1.8368388
2025-12-06,ST15,SKU03052,1,1.9883691
2025-12-06,ST30,SKU03053,2,1.8348023
2025-12-06,ST23,SKU03055,1,1.9955293
2025-12-06,ST17,SKU03063,2,1.9371458
2025-12-06,ST05,SKU03076,5,1.9533311
2025-12-06,ST18,SKU03084,1,1.9256214
2025-12-06,ST08,SKU03088,4,1.9118886
2025-12-06,ST14,SKU03094,1,1.8658823
2025-12-06,ST04,SKU03104,2,1.9126295
2025-12-06,ST04,SKU03105,1,2.0667791
2025-12-06,ST07,SKU03107,1,1.8421626
2025-12-06,ST20,SKU03119,2,1.9458538
2025-12-06,ST29,SKU03133,1,1.8047266
2025-12-06,ST01,SKU03134,2,1.9687454
2025-12-06,ST07,SKU03138,2,1.8772004
2025-12-06,ST28,SKU03153,2,1.9315057
2025-12-06,ST21,SKU03159,1,1.8762375
2025-12-06,ST07,SKU03171,2,1.8112895
2025-12-06,ST22,SKU03174,3,1.9478246
2025-12-06,ST08,SKU03190,2,1.8676273
2025-12-06,ST20,SKU03193,2,1.8132399
2025-12-06,ST07,SKU03203,1,1.8306988
2025-12-06,ST15,SKU03212,1,1.8511006
2025-12-06,ST27,SKU03215,1,1.8776853
2025-12-06,ST22,SKU03217,1,1.8690962
2025-12-06,ST16,SKU03230,1,1.8790975
2025-12-06,ST11,SKU03236,4,1.8982742
2025-12-06,ST17,SKU03240,1,1.8664362
2025-12-06,ST19,SKU03252,1,1.9022412
2025-12-06,ST29,SKU03259,2,1.7505485
2025-12-06,ST07,SKU03263,2,1.9777468
2025-12-06,ST09,SKU03274,2,1.8796757
2025-12-06,ST15,SKU03280,1,1.8988622
2025-12-06,ST17,SKU03281,1,1.8422375
2025-12-06,ST04,SKU03286,1,1.8705173
2025-12-06,ST30,SKU03292,1,2.6149974
2025-12-06,ST20,SKU03300,1,1.9216576
2025-12-06,ST29,SKU03307,1,1.8347225
2025-12-06,ST21,SKU03312,1,1.8953378
2025-12-06,ST23,SKU03313,4,1.8684586
2025-12-06,ST08,SKU03314,2,2.019206
2025-12-06,ST21,SKU03321,1,1.8599783
2025-12-06,ST13,SKU03323,5,3.6927147
2025-12-06,ST06,SKU03325,4,1.852251
2025-12-06,ST06,SKU03346,3,1.9902827
2025-12-06,ST27,SKU03347,1,2.0547113
2025-12-06,ST04,SKU03355,4,1.9465286
2025-12-06,ST21,SKU03372,3,1.8747809
2025-12-06,ST06,SKU03377,1,1.8754303
2025-12-06,ST18,SKU03383,1,1.9077337
2025-12-06,ST20,SKU03422,2,1.8487579
2025-12-06,ST23,SKU03443,1,1.9014934
2025-12-06,ST05,SKU03444,1,1.8963854
2025-12-06,ST26,SKU03460,1,1.7828348
2025-12-06,ST12,SKU03466,1,1.8681335
2025-12-06,ST25,SKU03473,1,1.8869957
2025-12-06,ST13,SKU03479,1,1.8556722
2025-12-06,ST30,SKU03488,1,1.934735
2025-12-06,ST10,SKU03500,1,1.8881737
2025-12-06,ST07,SKU03507,3,1.8710741
2025-12-06,ST07,SKU03510,1,1.9264388
2025-12-06,ST15,SKU03513,1,1.8821778
2025-12-06,ST17,SKU03518,1,1.904673
2025-12-06,ST10,SKU03536,2,1.8618226
2025-12-06,ST22,SKU03539,2,1.8855699
2025-12-06,ST17,SKU03545,2,1.887383
2025-12-06,ST22,SKU03554,1,1.8955257
2025-12-06,ST14,SKU03566,1,1.8868223
2025-12-06,ST22,SKU03567,1,1.8951895
2025-12-06,ST25,SKU03578,3,1.8304452
2025-12-06,ST13,SKU03582,5,1.9982953
2025-12-06,ST18,SKU03587,1,1.912201
2025-12-06,ST11,SKU03589,1,1.7323425
2025-12-06,ST13,SKU03598,1,1.8785516
2025-12-06,ST07,SKU03599,2,1.9403509
2025-12-06,ST11,SKU03601,1,1.8610973
2025-12-06,ST06,SKU03610,1,1.8026537
2025-12-06,ST08,SKU03612,1,1.8459022
2025-12-06,ST07,SKU03615,1,1.8457282
2025-12-06,ST12,SKU03625,2,1.9111722
2025-12-06,ST10,SKU03626,1,1.929337
2025-12-06,ST04,SKU03630,1,1.879712
2025-12-06,ST17,SKU03633,3,1.8659056
2025-12-06,ST12,SKU03637,2,1.873527
2025-12-06,ST21,SKU03652,1,1.8699405
2025-12-06,ST05,SKU03656,1,1.8640507
2025-12-06,ST20,SKU03666,1,1.8872664
2025-12-06,ST07,SKU03670,2,1.9626651
2025-12-06,ST15,SKU03671,2,2.009611
2025-12-06,ST07,SKU03673,1,1.8758351
2025-12-06,ST19,SKU03683,1,1.8850958
2025-12-06,ST13,SKU03692,1,1.9131253
2025-12-06,ST30,SKU03697,3,1.8462019
2025-12-06,ST20,SKU03702,1,1.8326073
2025-12-06,ST07,SKU03703,2,1.8888193
2025-12-06,ST09,SKU03709,1,1.7705709
2025-12-06,ST10,SKU03711,2,1.889514
2025-12-06,ST15,SKU03712,3,1.8812574
2025-12-06,ST26,SKU03714,4,1.8623257
2025-12-06,ST27,SKU03722,2,1.8651782
2025-12-06,ST15,SKU03724,1,1.8825512
2025-12-06,ST05,SKU03725,2,1.8922993
2025-12-06,ST28,SKU03727,3,1.7990261
2025-12-06,ST13,SKU03735,2,1.9231219
2025-12-06,ST27,SKU03742,2,1.9624717
2025-12-06,ST27,SKU03743,1,1.8788831
2025-12-06,ST24,SKU03745,2,1.8764045
2025-12-06,ST29,SKU03752,1,1.8891449
2025-12-06,ST06,SKU03759,1,1.9437774
2025-12-06,ST04,SKU03761,3,1.8829211
2025-12-06,ST21,SKU03766,3,1.8026896
2025-12-06,ST26,SKU03768,2,1.8606458
2025-12-06,ST19,SKU03772,2,1.8799874
2025-12-06,ST04,SKU03777,2,1.8940223
2025-12-06,ST14,SKU03781,2,1.8586266
2025-12-06,ST30,SKU03784,1,1.8888342
2025-12-06,ST30,SKU03799,1,1.9352314
2025-12-06,ST04,SKU03813,1,1.9137684
2025-12-06,ST10,SKU03814,3,1.8889371
2025-12-06,ST13,SKU03815,4,1.874194
2025-12-06,ST10,SKU03821,3,1.8953581
2025-12-06,ST17,SKU03826,2,1.8190316
2025-12-06,ST14,SKU03839,2,2.1341696
2025-12-06,ST28,SKU03840,3,1.8281008
2025-12-06,ST11,SKU03851,2,1.8829871
2025-12-06,ST27,SKU03852,1,1.8381323
2025-12-06,ST30,SKU03870,1,1.9044304
2025-12-06,ST13,SKU03876,3,1.8672332
2025-12-06,ST28,SKU03887,1,1.855206
2025-12-06,ST29,SKU03896,5,1.9275457
2025-12-06,ST27,SKU03897,1,1.8999534
2025-12-06,ST22,SKU03900,1,1.8476248
2025-12-06,ST18,SKU03907,5,1.8255602
2025-12-06,ST15,SKU03911,2,1.8718007
2025-12-06,ST15,SKU03912,4,1.9379239
2025-12-06,ST19,SKU03931,2,1.8764663
2025-12-06,ST22,SKU03937,1,1.8956302
2025-12-06,ST22,SKU03946,2,1.9528497
2025-12-06,ST14,SKU03951,1,1.9239215
2025-12-06,ST14,SKU03955,3,1.9758629
2025-12-06,ST20,SKU03957,1,1.8492709
2025-12-06,ST24,SKU03964,3,1.8611572
2025-12-06,ST05,SKU03978,2,1.8773202
2025-12-06,ST30,SKU03980,1,1.6397859
2025-12-06,ST04,SKU03996,1,1.8665105
2025-12-06,ST12,SKU04001,1,1.877921
2025-12-06,ST19,SKU04008,3,1.8818688
2025-12-06,ST22,SKU04019,3,2.154136
2025-12-06,ST17,SKU04020,2,1.9538082
2025-12-06,ST17,SKU04027,1,1.9105469
2025-12-06,ST22,SKU04032,1,1.765537
2025-12-06,ST30,SKU04039,2,1.8781855
2025-12-06,ST05,SKU04043,1,1.8303357
2025-12-06,ST06,SKU04046,4,1.8873073
2025-12-06,ST27,SKU04064,1,1.915877
2025-12-06,ST21,SKU04071,1,1.8752055
2025-12-06,ST17,SKU04083,1,1.8649894
2025-12-06,ST20,SKU04085,1,2.0066888
2025-12-06,ST16,SKU04096,3,1.940866
2025-12-06,ST13,SKU04097,5,1.8600632
2025-12-06,ST22,SKU04103,1,1.8683679
2025-12-06,ST30,SKU04105,4,4.0258226
2025-12-06,ST22,SKU04109,2,1.9094015
2025-12-06,ST28,SKU04110,3,1.756566
2025-12-06,ST05,SKU04111,1,1.918498
2025-12-06,ST28,SKU04112,2,1.8778715
2025-12-06,ST20,SKU04117,1,1.880759
2025-12-06,ST25,SKU04125,2,1.9773299
2025-12-06,ST20,SKU04126,2,1.8636252
2025-12-06,ST12,SKU04128,3,1.8576245
2025-12-06,ST03,SKU04140,1,1.8760659
2025-12-06,ST30,SKU04154,1,1.9604231
2025-12-06,ST17,SKU04155,4,1.8280753
2025-12-06,ST03,SKU04161,2,1.9593935
2025-12-06,ST22,SKU04162,1,1.8877801
2025-12-06,ST12,SKU04166,1,1.8877589
2025-12-06,ST20,SKU04180,1,1.8581157
2025-12-06,ST05,SKU04187,4,1.8563584
2025-12-06,ST02,SKU04191,1,1.8645527
2025-12-06,ST29,SKU04198,1,1.8626815
2025-12-06,ST13,SKU04203,4,1.8161552
2025-12-06,ST13,SKU04225,1,1.8919876
2025-12-06,ST20,SKU04247,5,1.8511709
2025-12-06,ST26,SKU04251,3,1.8739434
2025-12-06,ST01,SKU04255,1,1.8751415
2025-12-06,ST04,SKU04260,5,1.881002
2025-12-06,ST06,SKU04280,1,1.8937371
2025-12-06,ST04,SKU04285,1,1.926247
2025-12-06,ST19,SKU04287,1,1.9412411
2025-12-06,ST25,SKU04295,2,1.8826162
2025-12-06,ST05,SKU04299,1,1.8802238
2025-12-06,ST30,SKU04302,2,1.8631611
2025-12-06,ST21,SKU04305,2,1.8932159
2025-12-06,ST07,SKU04311,2,1.8755492
2025-12-06,ST08,SKU04315,2,1.9220486
2025-12-06,ST13,SKU04318,2,1.920421
2025-12-06,ST30,SKU04321,3,4.5792465
2025-12-06,ST09,SKU04324,2,1.875617
2025-12-06,ST30,SKU04328,2,1.9087625
2025-12-06,ST20,SKU04329,4,1.9608722
2025-12-06,ST07,SKU04341,1,1.9433734
2025-12-06,ST07,SKU04345,3,1.8703033
2025-12-06,ST28,SKU04346,3,1.8931979
2025-12-06,ST27,SKU04348,2,1.8676766
2025-12-06,ST23,SKU04350,2,1.8606702
2025-12-06,ST30,SKU04359,3,1.819647
2025-12-06,ST17,SKU04365,1,1.8829968
2025-12-06,ST22,SKU04366,3,1.9289445
2025-12-06,ST04,SKU04373,1,1.8571196
2025-12-06,ST22,SKU04381,2,1.9657036
2025-12-06,ST19,SKU04390,3,1.9308724
2025-12-06,ST24,SKU04391,2,1.8900619
2025-12-06,ST04,SKU04400,1,1.9639348
2025-12-06,ST07,SKU04402,1,1.8611873
2025-12-06,ST30,SKU04418,1,1.877976
2025-12-06,ST07,SKU04422,1,1.9904623
2025-12-06,ST26,SKU04435,3,1.8455586
2025-12-06,ST19,SKU04447,1,1.9074513
2025-12-06,ST08,SKU04450,3,1.8821298
2025-12-06,ST20,SKU04453,1,1.8786634
2025-12-06,ST08,SKU04476,1,1.8201274
2025-12-06,ST08,SKU04483,3,2.0410883
2025-12-06,ST13,SKU04486,1,1.8807092
2025-12-06,ST20,SKU04494,1,1.8820516
2025-12-06,ST27,SKU04508,2,1.8981549
2025-12-06,ST06,SKU04513,4,1.8699785
2025-12-06,ST19,SKU04519,2,1.872816
2025-12-06,ST26,SKU04522,2,1.849783
2025-12-06,ST30,SKU04523,4,1.8303788
2025-12-06,ST06,SKU04530,2,1.8966781
2025-12-06,ST11,SKU04536,2,1.8606197
2025-12-06,ST14,SKU04538,5,1.9146643
2025-12-06,ST22,SKU04549,1,1.8597467
2025-12-06,ST27,SKU04551,1,1.8269303
2025-12-06,ST20,SKU04562,2,1.9206747
2025-12-06,ST21,SKU04571,1,1.9501516
2025-12-06,ST14,SKU04574,2,1.9297019
2025-12-06,ST27,SKU04575,1,2.0152457
2025-12-06,ST08,SKU04579,2,1.9114085
2025-12-06,ST19,SKU04583,1,1.8757024
2025-12-06,ST01,SKU04586,2,1.8723166
2025-12-06,ST24,SKU04593,1,1.9609319
2025-12-06,ST30,SKU04596,2,2.0298688
2025-12-06,ST07,SKU04601,1,1.8703055
2025-12-06,ST08,SKU04602,1,1.878372
2025-12-06,ST13,SKU04609,1,1.8810704
2025-12-06,ST08,SKU04610,1,1.804074
2025-12-06,ST14,SKU04614,2,1.8405142
2025-12-06,ST24,SKU04627,3,1.871872
2025-12-06,ST12,SKU04633,1,1.7394868
2025-12-06,ST09,SKU04639,1,1.9049202
2025-12-06,ST20,SKU04648,2,1.9670988
2025-12-06,ST11,SKU04655,1,1.8910681
2025-12-06,ST14,SKU04662,1,1.9050084
2025-12-06,ST05,SKU04663,4,1.9109926
2025-12-06,ST30,SKU04664,2,1.8521613
2025-12-06,ST05,SKU04666,4,2.1754856
2025-12-06,ST17,SKU04677,2,1.8929044
2025-12-06,ST13,SKU04684,2,1.8607875
2025-12-06,ST12,SKU04694,3,3.588624
2025-12-06,ST02,SKU04710,1,1.8886447
2025-12-06,ST03,SKU04711,5,1.8566325
2025-12-06,ST05,SKU04712,4,1.8788264
2025-12-06,ST20,SKU04714,2,1.8532187
2025-12-06,ST18,SKU04716,1,1.8478961
2025-12-06,ST08,SKU04724,1,2.0125463
2025-12-06,ST29,SKU04726,3,1.7404807
2025-12-06,ST22,SKU04749,1,1.8701952
2025-12-06,ST22,SKU04750,1,1.9700156
2025-12-06,ST10,SKU04752,3,1.8017138
2025-12-06,ST17,SKU04754,1,1.9764576
2025-12-06,ST14,SKU04755,1,1.9254067
2025-12-06,ST18,SKU04758,1,1.8407582
2025-12-06,ST15,SKU04762,5,1.9390739
2025-12-06,ST10,SKU04765,2,1.9137826
2025-12-06,ST22,SKU04770,2,1.866316
2025-12-06,ST12,SKU04776,1,1.8476471
2025-12-06,ST03,SKU04779,3,1.8032272
2025-12-06,ST27,SKU04782,1,1.8513083
2025-12-06,ST04,SKU04790,3,1.9054474
2025-12-06,ST29,SKU04804,3,1.8750082
2025-12-06,ST22,SKU04805,2,1.8535645
2025-12-06,ST07,SKU04808,3,1.9258717
2025-12-06,ST18,SKU04817,3,1.9535929
2025-12-06,ST17,SKU04818,4,1.870783
2025-12-06,ST07,SKU04820,5,1.7770995
2025-12-06,ST16,SKU04821,2,1.8880558
2025-12-06,ST14,SKU04822,2,1.8735533
2025-12-06,ST07,SKU04823,1,1.9092621
2025-12-06,ST25,SKU04824,1,1.8928374
2025-12-06,ST21,SKU04830,1,1.931599
2025-12-06,ST30,SKU04838,1,1.8937618
2025-12-06,ST14,SKU04839,1,1.8911316
2025-12-06,ST17,SKU04840,1,1.8583847
2025-12-06,ST29,SKU04842,1,1.8788582
2025-12-06,ST12,SKU04847,1,1.8759627
2025-12-06,ST06,SKU04850,1,1.8863976
2025-12-06,ST13,SKU04861,2,1.9745792
2025-12-06,ST10,SKU04877,1,1.8545202
2025-12-06,ST27,SKU04883,3,1.8798842
2025-12-06,ST27,SKU04884,3,1.8931112
2025-12-06,ST29,SKU04903,1,1.8245065
2025-12-06,ST07,SKU04907,3,1.9077238
2025-12-06,ST13,SKU04913,2,1.8564104
2025-12-06,ST28,SKU04929,2,1.8070755
2025-12-06,ST30,SKU04936,4,1.8635724
2025-12-06,ST14,SKU04943,1,1.9085683
2025-12-06,ST01,SKU04964,1,1.9206071
2025-12-06,ST26,SKU04973,3,1.9096577
2025-12-06,ST09,SKU04977,1,1.9253993
2025-12-06,ST25,SKU04978,4,1.9241854
2025-12-06,ST12,SKU04988,2,1.8740039
2025-12-06,ST07,SKU04993,1,1.8495177
2025-12-06,ST11,SKU04998,1,1.8744227
2025-12-06,ST16,SKU05000,3,1.9126871
2025-12-07,ST07,SKU00002,1,1.9050353
2025-12-07,ST06,SKU00004,1,1.8974876
2025-12-07,ST26,SKU00016,1,2.1623545
2025-12-07,ST13,SKU00022,1,1.8715714
2025-12-07,ST11,SKU00024,1,1.8966732
2025-12-07,ST14,SKU00055,2,1.9090577
2025-12-07,ST29,SKU00060,3,1.8660258
2025-12-07,ST27,SKU00062,1,1.8656639
2025-12-07,ST07,SKU00065,2,1.8581424
2025-12-07,ST18,SKU00077,2,1.8549509
2025-12-07,ST18,SKU00079,1,1.897501
2025-12-07,ST28,SKU00092,3,1.9178865
2025-12-07,ST06,SKU00093,1,1.8862886
2025-12-07,ST13,SKU00102,1,1.813586
2025-12-07,ST14,SKU00106,4,1.8958452
2025-12-07,ST08,SKU00120,1,1.8713708
2025-12-07,ST08,SKU00121,3,1.8586953
2025-12-07,ST25,SKU00135,2,1.8577808
2025-12-07,ST27,SKU00144,1,1.8686237
2025-12-07,ST06,SKU00159,1,1.8680162
2025-12-07,ST04,SKU00164,4,1.8685256
2025-12-07,ST18,SKU00168,1,1.9381281
2025-12-07,ST02,SKU00169,2,1.8498045
2025-12-07,ST14,SKU00177,1,1.9529862
2025-12-07,ST30,SKU00190,1,1.9128444
2025-12-07,ST06,SKU00203,1,1.8990381
2025-12-07,ST14,SKU00212,1,1.8694146
2025-12-07,ST12,SKU00219,2,1.8409953
2025-12-07,ST17,SKU00220,1,1.8425097
2025-12-07,ST25,SKU00222,1,1.9507189
2025-12-07,ST05,SKU00232,3,1.8886219
2025-12-07,ST18,SKU00243,3,1.8286307
2025-12-07,ST14,SKU00249,2,1.9087292
2025-12-07,ST14,SKU00251,1,1.8001179
2025-12-07,ST04,SKU00264,2,1.9112747
2025-12-07,ST21,SKU00278,3,1.8909816
2025-12-07,ST06,SKU00279,1,1.8956662
2025-12-07,ST29,SKU00285,1,1.9474188
2025-12-07,ST25,SKU00286,1,1.962401
2025-12-07,ST21,SKU00296,1,1.8536656
2025-12-07,ST01,SKU00321,3,1.8505965
2025-12-07,ST20,SKU00343,3,1.799486
2025-12-07,ST11,SKU00352,1,1.7965
2025-12-07,ST23,SKU00353,2,1.7916106
2025-12-07,ST06,SKU00354,4,1.9109939
2025-12-07,ST21,SKU00358,1,1.8968228
2025-12-07,ST20,SKU00361,1,1.9349636
2025-12-07,ST09,SKU00369,3,1.8733482
2025-12-07,ST05,SKU00375,1,1.8807898
2025-12-07,ST26,SKU00376,1,1.9195375
2025-12-07,ST03,SKU00380,4,1.9018519
2025-12-07,ST10,SKU00388,1,1.958295
2025-12-07,ST10,SKU00389,1,1.8303676
2025-12-07,ST14,SKU00392,1,1.8730636
2025-12-07,ST30,SKU00393,2,1.9416124
2025-12-07,ST29,SKU00400,3,1.8910258
2025-12-07,ST09,SKU00401,1,1.8084981
2025-12-07,ST23,SKU00404,3,1.8840567
2025-12-07,ST21,SKU00422,3,1.809024
2025-12-07,ST27,SKU00437,1,1.8732567
2025-12-07,ST05,SKU00443,1,1.9159601
2025-12-07,ST11,SKU00452,2,1.830764
2025-12-07,ST17,SKU00464,2,1.8834746
2025-12-07,ST26,SKU00475,1,1.9758556
2025-12-07,ST22,SKU00482,1,1.8504394
2025-12-07,ST24,SKU00484,3,1.8867364
2025-12-07,ST01,SKU00485,1,1.9150316
2025-12-07,ST20,SKU00489,1,1.8553885
2025-12-07,ST29,SKU00499,1,1.8326229
2025-12-07,ST30,SKU00500,1,1.8882165
2025-12-07,ST03,SKU00503,1,1.9143373
2025-12-07,ST26,SKU00507,3,1.8412861
2025-12-07,ST10,SKU00513,1,1.8631306
2025-12-07,ST20,SKU00536,1,2.0428398
2025-12-07,ST18,SKU00538,3,1.9087714
2025-12-07,ST24,SKU00540,3,1.7331649
2025-12-07,ST28,SKU00541,2,1.9640268
2025-12-07,ST11,SKU00558,1,1.8942726
2025-12-07,ST14,SKU00569,2,1.6628283
2025-12-07,ST28,SKU00601,2,1.9336237
2025-12-07,ST11,SKU00605,1,1.9144069
2025-12-07,ST04,SKU00612,1,1.8088607
2025-12-07,ST04,SKU00617,4,1.8925971
2025-12-07,ST21,SKU00634,2,1.9193475
2025-12-07,ST07,SKU00636,1,1.86413
2025-12-07,ST19,SKU00637,1,1.8528193
2025-12-07,ST05,SKU00641,3,1.8603476
2025-12-07,ST08,SKU00648,4,1.8828532
2025-12-07,ST08,SKU00651,5,1.8411039
2025-12-07,ST13,SKU00655,1,1.8622743
2025-12-07,ST05,SKU00668,3,1.9128239
2025-12-07,ST12,SKU00678,1,2.1517146
2025-12-07,ST18,SKU00680,5,1.8908058
2025-12-07,ST27,SKU00685,1,1.8191894
2025-12-07,ST05,SKU00687,3,1.914061
2025-12-07,ST29,SKU00694,1,1.7688625
2025-12-07,ST21,SKU00705,1,1.9542708
2025-12-07,ST05,SKU00708,2,1.9071735
2025-12-07,ST07,SKU00710,1,1.8820117
2025-12-07,ST01,SKU00711,1,1.9429967
2025-12-07,ST16,SKU00728,1,2.1131537
2025-12-07,ST12,SKU00737,1,1.8803626
2025-12-07,ST13,SKU00738,1,1.8682324
2025-12-07,ST04,SKU00742,3,2.001155
2025-12-07,ST08,SKU00743,1,1.89512
2025-12-07,ST19,SKU00750,4,1.8896307
2025-12-07,ST09,SKU00754,1,1.9239893
2025-12-07,ST13,SKU00757,1,1.9002633
2025-12-07,ST17,SKU00758,3,1.9465516
2025-12-07,ST27,SKU00772,1,1.9412342
2025-12-07,ST23,SKU00777,1,1.9471232
2025-12-07,ST17,SKU00778,1,1.9055471
2025-12-07,ST16,SKU00787,4,1.8411434
2025-12-07,ST22,SKU00794,3,1.8990213
2025-12-07,ST18,SKU00805,1,1.9033245
2025-12-07,ST04,SKU00830,5,1.9221683
2025-12-07,ST30,SKU00832,2,1.8334041
2025-12-07,ST06,SKU00836,1,1.9504703
2025-12-07,ST25,SKU00844,1,1.9622371
2025-12-07,ST17,SKU00845,2,2.1236327
2025-12-07,ST18,SKU00861,2,1.913046
2025-12-07,ST03,SKU00874,4,1.8616837
2025-12-07,ST04,SKU00881,2,1.8025713
2025-12-07,ST14,SKU00893,2,1.9208575
2025-12-07,ST03,SKU00913,1,1.9309802
2025-12-07,ST25,SKU00914,1,1.8923218
2025-12-07,ST27,SKU00919,2,1.8722079
2025-12-07,ST11,SKU00920,2,1.9022394
2025-12-07,ST06,SKU00926,2,1.864722
2025-12-07,ST18,SKU00942,1,1.8604891
2025-12-07,ST19,SKU00949,1,1.877633
2025-12-07,ST28,SKU00953,1,1.8849012
2025-12-07,ST11,SKU00965,3,1.9024092
2025-12-07,ST08,SKU00969,1,1.8610687
2025-12-07,ST27,SKU00974,1,2.1166437
2025-12-07,ST19,SKU00976,1,1.8879558
2025-12-07,ST16,SKU00981,1,1.7859066
2025-12-07,ST21,SKU00985,1,1.9034028
2025-12-07,ST14,SKU00986,2,1.8919427
2025-12-07,ST22,SKU00988,1,1.8900142
2025-12-07,ST10,SKU00992,4,1.9065585
2025-12-07,ST25,SKU00994,2,1.8297994
2025-12-07,ST22,SKU00997,1,1.8843869
2025-12-07,ST27,SKU01009,6,3.9562006
2025-12-07,ST05,SKU01010,1,1.8979654
2025-12-07,ST04,SKU01012,1,1.7429312
2025-12-07,ST11,SKU01014,3,1.8463594
2025-12-07,ST19,SKU01015,4,1.8740655
2025-12-07,ST17,SKU01018,1,2.0031087
2025-12-07,ST30,SKU01021,2,1.8161077
2025-12-07,ST09,SKU01030,1,1.9120841
2025-12-07,ST27,SKU01037,1,1.8625022
2025-12-07,ST28,SKU01045,2,1.8347486
2025-12-07,ST23,SKU01046,2,1.7803046
2025-12-07,ST03,SKU01064,1,1.878654
2025-12-07,ST07,SKU01084,2,1.8812791
2025-12-07,ST06,SKU01085,1,1.8918881
2025-12-07,ST27,SKU01088,5,1.8118094
2025-12-07,ST10,SKU01092,4,1.8608574
2025-12-07,ST24,SKU01115,1,1.8861098
2025-12-07,ST04,SKU01122,4,1.9178295
2025-12-07,ST05,SKU01139,1,1.9172816
2025-12-07,ST28,SKU01141,5,1.8541098
2025-12-07,ST22,SKU01149,3,1.8961835
2025-12-07,ST06,SKU01152,1,2.0132008
2025-12-07,ST17,SKU01164,1,1.9179661
2025-12-07,ST03,SKU01165,1,1.9072691
2025-12-07,ST21,SKU01170,4,1.813775
2025-12-07,ST17,SKU01172,1,1.8744054
2025-12-07,ST03,SKU01181,2,1.8823007
2025-12-07,ST22,SKU01189,1,1.8993832
2025-12-07,ST27,SKU01191,3,1.8567518
2025-12-07,ST09,SKU01204,2,1.9012749
2025-12-07,ST30,SKU01205,1,1.9055161
2025-12-07,ST08,SKU01207,5,1.8758978
2025-12-07,ST08,SKU01209,5,1.9042159
2025-12-07,ST08,SKU01212,2,1.832665
2025-12-07,ST18,SKU01218,2,1.8817055
2025-12-07,ST11,SKU01220,1,1.8281633
2025-12-07,ST30,SKU01232,3,3.846503
2025-12-07,ST08,SKU01238,1,1.874099
2025-12-07,ST08,SKU01245,2,1.9109333
2025-12-07,ST21,SKU01248,2,1.8909129
2025-12-07,ST29,SKU01249,4,1.8638005
2025-12-07,ST21,SKU01260,1,1.8639096
2025-12-07,ST20,SKU01267,2,1.8347884
2025-12-07,ST21,SKU01278,1,1.8610091
2025-12-07,ST12,SKU01280,1,1.882148
2025-12-07,ST11,SKU01281,4,1.8748283
2025-12-07,ST29,SKU01289,2,1.8961887
2025-12-07,ST05,SKU01293,4,1.9050527
2025-12-07,ST09,SKU01294,1,1.8366684
2025-12-07,ST09,SKU01317,3,1.7984927
2025-12-07,ST30,SKU01323,3,1.8546377
2025-12-07,ST05,SKU01326,1,1.8690555
2025-12-07,ST20,SKU01335,1,1.8128781
2025-12-07,ST11,SKU01341,3,1.9407736
2025-12-07,ST29,SKU01371,4,1.8512352
2025-12-07,ST16,SKU01374,1,1.8217869
2025-12-07,ST15,SKU01383,1,1.8744305
2025-12-07,ST09,SKU01388,1,1.9251875
2025-12-07,ST28,SKU01391,3,1.8556579
2025-12-07,ST16,SKU01395,3,1.9405512
2025-12-07,ST01,SKU01408,1,1.7778733
2025-12-07,ST04,SKU01410,1,1.8088117
2025-12-07,ST29,SKU01411,3,1.9060987
2025-12-07,ST16,SKU01420,1,1.8492643
2025-12-07,ST23,SKU01426,3,1.8929302
2025-12-07,ST28,SKU01432,1,1.8964665
2025-12-07,ST04,SKU01446,1,1.9202435
2025-12-07,ST30,SKU01457,2,1.9351267
2025-12-07,ST22,SKU01469,5,1.9662385
2025-12-07,ST26,SKU01475,4,1.8213205
2025-12-07,ST03,SKU01478,1,1.8474107
2025-12-07,ST07,SKU01479,2,1.8972532
2025-12-07,ST26,SKU01482,2,2.0223296
2025-12-07,ST09,SKU01485,3,1.8793393
2025-12-07,ST01,SKU01490,2,1.9155922
2025-12-07,ST09,SKU01499,3,1.8575608
2025-12-07,ST09,SKU01504,3,1.830707
2025-12-07,ST28,SKU01507,1,1.8149388
2025-12-07,ST14,SKU01527,3,1.9321294
2025-12-07,ST20,SKU01529,1,1.8536892
2025-12-07,ST12,SKU01536,4,1.9445378
2025-12-07,ST06,SKU01547,2,1.9464589
2025-12-07,ST08,SKU01556,2,1.8491704
2025-12-07,ST30,SKU01575,1,1.8699584
2025-12-07,ST09,SKU01601,1,1.8353403
2025-12-07,ST12,SKU01604,2,1.8735545
2025-12-07,ST21,SKU01613,1,2.0232012
2025-12-07,ST03,SKU01652,1,1.80723
2025-12-07,ST19,SKU01655,3,1.9048036
2025-12-07,ST18,SKU01658,2,1.8800495
2025-12-07,ST02,SKU01662,1,1.9432718
2025-12-07,ST02,SKU01673,1,1.9703367
2025-12-07,ST12,SKU01677,2,1.9309461
2025-12-07,ST18,SKU01683,3,1.8973066
2025-12-07,ST28,SKU01685,1,1.9021758
2025-12-07,ST21,SKU01688,1,2.05359
2025-12-07,ST06,SKU01691,3,1.8793514
2025-12-07,ST04,SKU01693,1,1.8619268
2025-12-07,ST10,SKU01701,2,1.9922862
2025-12-07,ST03,SKU01711,1,1.8695786
2025-12-07,ST26,SKU01715,4,1.8534902
2025-12-07,ST21,SKU01720,1,1.9511685
2025-12-07,ST04,SKU01724,1,1.8808826
2025-12-07,ST04,SKU01725,1,1.9238504
2025-12-07,ST12,SKU01730,5,1.890457
2025-12-07,ST06,SKU01732,1,1.9024343
2025-12-07,ST26,SKU01741,1,1.8572372
2025-12-07,ST28,SKU01760,2,1.9796544
2025-12-07,ST24,SKU01775,1,1.9184875
2025-12-07,ST20,SKU01778,1,1.8642
2025-12-07,ST23,SKU01788,1,1.9028643
2025-12-07,ST06,SKU01791,3,1.81166
2025-12-07,ST04,SKU01820,1,1.8520117
2025-12-07,ST08,SKU01842,1,1.8874346
2025-12-07,ST13,SKU01860,1,1.8664927
2025-12-07,ST28,SKU01866,2,1.9527669
2025-12-07,ST20,SKU01880,1,1.8723718
2025-12-07,ST05,SKU01882,4,1.9155713
2025-12-07,ST09,SKU01895,1,1.9065132
2025-12-07,ST04,SKU01947,3,1.9830383
2025-12-07,ST11,SKU01950,4,1.8164347
2025-12-07,ST14,SKU01957,3,2.0006201
2025-12-07,ST07,SKU01961,4,1.9270829
2025-12-07,ST30,SKU01964,1,1.8994224
2025-12-07,ST06,SKU01988,1,1.9100734
2025-12-07,ST21,SKU01989,4,1.8497773
2025-12-07,ST09,SKU01993,1,1.8337703
2025-12-07,ST11,SKU01996,1,1.9566051
2025-12-07,ST04,SKU02004,1,1.9527004
2025-12-07,ST09,SKU02018,2,1.8283507
2025-12-07,ST22,SKU02027,3,1.9285952
2025-12-07,ST07,SKU02029,5,1.8772932
2025-12-07,ST09,SKU02038,1,1.9192467
2025-12-07,ST29,SKU02040,1,1.8590798
2025-12-07,ST22,SKU02050,4,1.9811592
2025-12-07,ST29,SKU02052,3,1.8419963
2025-12-07,ST28,SKU02079,1,1.9279772
2025-12-07,ST04,SKU02098,1,1.913053
2025-12-07,ST04,SKU02106,1,1.8986146
2025-12-07,ST02,SKU02111,3,1.9293683
2025-12-07,ST16,SKU02127,1,1.8901376
2025-12-07,ST25,SKU02136,2,1.8095635
2025-12-07,ST21,SKU02139,1,1.9131095
2025-12-07,ST21,SKU02141,1,1.9592168
2025-12-07,ST29,SKU02143,1,1.798352
2025-12-07,ST04,SKU02144,1,1.9049636
2025-12-07,ST30,SKU02155,1,1.818409
2025-12-07,ST13,SKU02163,4,1.8484001
2025-12-07,ST19,SKU02176,1,1.996663
2025-12-07,ST29,SKU02178,1,1.7929157
2025-12-07,ST28,SKU02183,1,1.9385527
2025-12-07,ST09,SKU02187,4,1.9122163
2025-12-07,ST23,SKU02188,2,1.7896147
2025-12-07,ST11,SKU02189,5,1.987692
2025-12-07,ST15,SKU02196,2,1.8489823
2025-12-07,ST22,SKU02197,3,1.7199101
2025-12-07,ST02,SKU02201,3,1.9233981
2025-12-07,ST02,SKU02203,1,1.8541862
2025-12-07,ST21,SKU02215,1,1.7695949
2025-12-07,ST14,SKU02232,2,1.8617647
2025-12-07,ST05,SKU02236,1,1.8536777
2025-12-07,ST22,SKU02247,1,1.7785019
2025-12-07,ST20,SKU02271,2,1.9240973
2025-12-07,ST28,SKU02272,2,1.8315545
2025-12-07,ST21,SKU02283,4,1.8633392
2025-12-07,ST22,SKU02285,2,1.8737035
2025-12-07,ST21,SKU02288,2,1.8080662
2025-12-07,ST21,SKU02289,1,1.8528794
2025-12-07,ST05,SKU02297,4,1.9281682
2025-12-07,ST23,SKU02300,2,1.9330516
2025-12-07,ST20,SKU02313,1,1.8760797
2025-12-07,ST13,SKU02318,2,1.8214972
2025-12-07,ST22,SKU02320,3,1.7789731
2025-12-07,ST07,SKU02321,2,1.9228156
2025-12-07,ST25,SKU02328,1,1.9541366
2025-12-07,ST12,SKU02335,3,1.9031895
2025-12-07,ST11,SKU02340,3,1.8970002
2025-12-07,ST08,SKU02342,1,1.8800411
2025-12-07,ST03,SKU02345,2,1.924222
2025-12-07,ST30,SKU02354,3,1.8825369
2025-12-07,ST05,SKU02355,3,1.9715662
2025-12-07,ST07,SKU02362,1,1.702947
2025-12-07,ST19,SKU02368,1,1.848534
2025-12-07,ST09,SKU02388,3,1.8966347
2025-12-07,ST11,SKU02397,2,1.8940692
2025-12-07,ST05,SKU02400,4,1.9635159
2025-12-07,ST03,SKU02402,1,1.8775636
2025-12-07,ST27,SKU02403,2,1.8595817
2025-12-07,ST03,SKU02407,1,1.9309667
2025-12-07,ST28,SKU02409,1,1.8753322
2025-12-07,ST10,SKU02415,1,1.9556174
2025-12-07,ST06,SKU02434,3,1.8891543
2025-12-07,ST03,SKU02438,1,1.9035141
2025-12-07,ST17,SKU02449,1,1.9406484
2025-12-07,ST06,SKU02450,1,1.9247599
2025-12-07,ST26,SKU02458,1,1.8822958
2025-12-07,ST19,SKU02460,2,1.8039603
2025-12-07,ST28,SKU02462,1,1.990914
2025-12-07,ST06,SKU02464,2,1.8455919
2025-12-07,ST25,SKU02474,3,1.951222
2025-12-07,ST26,SKU02482,1,1.8658211
2025-12-07,ST26,SKU02484,2,1.8974419
2025-12-07,ST18,SKU02499,4,1.8637757
2025-12-07,ST07,SKU02503,3,1.8017831
2025-12-07,ST26,SKU02520,1,1.8573104
2025-12-07,ST12,SKU02526,1,1.9498134
2025-12-07,ST10,SKU02532,2,1.8378961
2025-12-07,ST06,SKU02537,2,1.8502946
2025-12-07,ST04,SKU02538,3,2.0448918
2025-12-07,ST08,SKU02543,3,2.0079513
2025-12-07,ST23,SKU02572,1,1.8659383
2025-12-07,ST14,SKU02583,5,1.8872014
2025-12-07,ST14,SKU02594,2,1.8730905
2025-12-07,ST04,SKU02599,2,1.8569745
2025-12-07,ST11,SKU02611,1,1.8916559
2025-12-07,ST09,SKU02614,3,1.9282287
2025-12-07,ST30,SKU02622,1,1.8309232
2025-12-07,ST28,SKU02632,3,1.8150417
2025-12-07,ST30,SKU02640,3,1.8980584
2025-12-07,ST08,SKU02657,1,1.9307336
2025-12-07,ST14,SKU02668,1,1.864334
2025-12-07,ST13,SKU02681,3,2.0769486
2025-12-07,ST30,SKU02689,1,1.9821024
2025-12-07,ST18,SKU02692,2,1.8469005
2025-12-07,ST02,SKU02697,5,1.8986439
2025-12-07,ST26,SKU02704,4,3.5453284
2025-12-07,ST03,SKU02708,2,1.9776813
2025-12-07,ST06,SKU02724,3,1.8223436
2025-12-07,ST08,SKU02736,1,1.9305706
2025-12-07,ST16,SKU02738,3,1.8821927
2025-12-07,ST28,SKU02740,1,2.1347923
2025-12-07,ST02,SKU02747,2,1.9740784
2025-12-07,ST07,SKU02751,1,1.8973049
2025-12-07,ST17,SKU02753,1,1.8917005
2025-12-07,ST11,SKU02754,1,1.819993
2025-12-07,ST09,SKU02762,2,1.8918196
2025-12-07,ST12,SKU02764,4,1.9159439
2025-12-07,ST14,SKU02780,3,1.7585291
2025-12-07,ST15,SKU02785,1,1.8467234
2025-12-07,ST16,SKU02790,1,1.831151
2025-12-07,ST12,SKU02791,1,1.8923845
2025-12-07,ST28,SKU02802,3,1.9902393
2025-12-07,ST20,SKU02820,1,1.893212
2025-12-07,ST20,SKU02827,1,1.7218279
2025-12-07,ST24,SKU02830,1,2.1908855
2025-12-07,ST04,SKU02836,1,1.8270935
2025-12-07,ST12,SKU02840,1,1.991159
2025-12-07,ST21,SKU02841,3,1.8424207
2025-12-07,ST14,SKU02844,1,1.8308564
2025-12-07,ST07,SKU02854,1,1.8032408
2025-12-07,ST28,SKU02858,1,1.7689645
2025-12-07,ST20,SKU02861,1,1.8626007
2025-12-07,ST19,SKU02863,2,1.9047557
2025-12-07,ST26,SKU02872,3,1.9107211
2025-12-07,ST25,SKU02878,1,1.9571453
2025-12-07,ST06,SKU02883,1,1.938228
2025-12-07,ST11,SKU02891,3,2.0420861
2025-12-07,ST10,SKU02892,1,1.8807782
2025-12-07,ST22,SKU02898,1,1.8561281
2025-12-07,ST24,SKU02901,1,1.9096085
2025-12-07,ST14,SKU02908,2,1.8879132
2025-12-07,ST22,SKU02919,1,1.9133576
2025-12-07,ST21,SKU02923,2,1.8506335
2025-12-07,ST28,SKU02930,2,1.8732787
2025-12-07,ST16,SKU02941,2,1.888821
2025-12-07,ST04,SKU02945,1,1.8027022
2025-12-07,ST02,SKU02954,1,2.0367954
2025-12-07,ST28,SKU02957,2,1.835073
2025-12-07,ST19,SKU02958,2,1.8464817
2025-12-07,ST26,SKU02959,1,1.8773522
2025-12-07,ST21,SKU02973,2,1.8828853
2025-12-07,ST07,SKU02977,1,1.8917295
2025-12-07,ST28,SKU02980,2,1.8830009
2025-12-07,ST08,SKU02987,1,1.8281432
2025-12-07,ST15,SKU02990,1,1.94534
2025-12-07,ST01,SKU02996,1,1.8259408
2025-12-07,ST11,SKU02997,1,1.6994448
2025-12-07,ST01,SKU02998,1,1.7715111
2025-12-07,ST10,SKU03004,1,1.797477
2025-12-07,ST24,SKU03024,3,1.8335093
2025-12-07,ST29,SKU03028,3,1.9386263
2025-12-07,ST24,SKU03030,2,1.8687317
2025-12-07,ST20,SKU03034,2,1.9443445
2025-12-07,ST06,SKU03055,2,2.0060728
2025-12-07,ST16,SKU03057,2,1.8323591
2025-12-07,ST22,SKU03061,1,1.8802531
2025-12-07,ST22,SKU03062,2,2.0458183
2025-12-07,ST19,SKU03068,1,1.8957193
2025-12-07,ST30,SKU03076,1,1.8293461
2025-12-07,ST24,SKU03088,2,1.9197932
2025-12-07,ST06,SKU03097,1,1.7808131
2025-12-07,ST05,SKU03138,2,1.9044803
2025-12-07,ST21,SKU03176,1,1.9190067
2025-12-07,ST03,SKU03178,2,1.8783758
2025-12-07,ST27,SKU03179,4,1.6393515
2025-12-07,ST04,SKU03190,2,1.811801
2025-12-07,ST17,SKU03196,3,1.7817731
2025-12-07,ST08,SKU03199,1,1.8693864
2025-12-07,ST06,SKU03200,3,1.9072171
2025-12-07,ST27,SKU03213,2,2.0011108
2025-12-07,ST11,SKU03219,3,1.8382801
2025-12-07,ST23,SKU03232,2,1.8468292
2025-12-07,ST02,SKU03245,4,1.9168689
2025-12-07,ST08,SKU03246,1,1.8603865
2025-12-07,ST29,SKU03248,3,1.877252
2025-12-07,ST09,SKU03250,1,1.8846263
2025-12-07,ST22,SKU03270,1,1.9355147
2025-12-07,ST04,SKU03272,2,1.8372837
2025-12-07,ST12,SKU03274,1,1.8025485
2025-12-07,ST18,SKU03276,2,1.8920116
2025-12-07,ST06,SKU03282,2,1.8675648
2025-12-07,ST26,SKU03292,2,2.279906
2025-12-07,ST13,SKU03319,1,1.9255323
2025-12-07,ST18,SKU03324,1,1.8788772
2025-12-07,ST27,SKU03325,1,1.9816022
2025-12-07,ST28,SKU03327,5,1.8383965
2025-12-07,ST09,SKU03341,1,1.8555914
2025-12-07,ST27,SKU03353,2,1.9271303
2025-12-07,ST21,SKU03355,3,1.8939757
2025-12-07,ST09,SKU03363,1,1.8426316
2025-12-07,ST13,SKU03365,2,1.8906642
2025-12-07,ST22,SKU03371,1,1.8682739
2025-12-07,ST02,SKU03378,3,1.8631898
2025-12-07,ST03,SKU03385,2,1.8424251
2025-12-07,ST08,SKU03388,2,1.8621864
2025-12-07,ST22,SKU03391,2,1.9525064
2025-12-07,ST29,SKU03392,2,1.8530073
2025-12-07,ST08,SKU03395,1,1.8973656
2025-12-07,ST18,SKU03421,1,1.8516427
2025-12-07,ST05,SKU03425,1,1.9547964
2025-12-07,ST21,SKU03433,3,1.9749888
2025-12-07,ST12,SKU03456,2,1.9138253
2025-12-07,ST08,SKU03459,3,1.8017839
2025-12-07,ST15,SKU03463,1,1.9208434
2025-12-07,ST07,SKU03464,1,1.9877652
2025-12-07,ST28,SKU03476,2,1.9372919
2025-12-07,ST30,SKU03508,1,2.0512836
2025-12-07,ST21,SKU03517,2,1.8840182
2025-12-07,ST09,SKU03519,3,1.7984102
2025-12-07,ST28,SKU03520,3,1.8105716
2025-12-07,ST30,SKU03532,3,1.8590924
2025-12-07,ST06,SKU03535,1,1.7578098
2025-12-07,ST08,SKU03536,1,1.8426255
2025-12-07,ST08,SKU03546,1,1.8965217
2025-12-07,ST29,SKU03547,1,1.8887069
2025-12-07,ST27,SKU03550,4,1.9784129
2025-12-07,ST13,SKU03553,3,1.8138322
2025-12-07,ST20,SKU03556,3,1.9654951
2025-12-07,ST05,SKU03557,3,1.9564365
2025-12-07,ST17,SKU03566,3,1.8798281
2025-12-07,ST21,SKU03576,1,1.9471682
2025-12-07,ST21,SKU03581,1,1.8632474
2025-12-07,ST13,SKU03601,1,1.7198082
2025-12-07,ST23,SKU03603,2,1.9405549
2025-12-07,ST28,SKU03609,1,1.7023909
2025-12-07,ST16,SKU03620,1,1.8966408
2025-12-07,ST20,SKU03622,5,1.8725436
2025-12-07,ST30,SKU03626,2,1.9566523
2025-12-07,ST30,SKU03633,4,1.9614432
2025-12-07,ST29,SKU03635,1,1.9044387
2025-12-07,ST28,SKU03650,1,1.9232918
2025-12-07,ST26,SKU03656,3,1.908764
2025-12-07,ST11,SKU03666,1,1.8483189
2025-12-07,ST02,SKU03667,1,1.9299016
2025-12-07,ST05,SKU03668,1,1.8689111
2025-12-07,ST06,SKU03670,2,1.8983923
2025-12-07,ST29,SKU03673,1,1.84848
2025-12-07,ST21,SKU03682,2,2.0791962
2025-12-07,ST08,SKU03683,1,1.9170933
2025-12-07,ST22,SKU03685,2,1.7578641
2025-12-07,ST08,SKU03688,1,1.8736198
2025-12-07,ST18,SKU03691,2,1.9997213
2025-12-07,ST08,SKU03693,3,2.0874765
2025-12-07,ST23,SKU03702,1,1.8809439
2025-12-07,ST03,SKU03715,2,1.8667856
2025-12-07,ST20,SKU03717,1,1.9114013
2025-12-07,ST29,SKU03719,1,1.7976832
2025-12-07,ST30,SKU03727,3,1.9838297
2025-12-07,ST25,SKU03738,1,1.916592
2025-12-07,ST28,SKU03743,1,1.8023306
2025-12-07,ST05,SKU03747,2,1.8986058
2025-12-07,ST22,SKU03759,3,1.9170675
2025-12-07,ST10,SKU03764,2,1.9188524
2025-12-07,ST08,SKU03785,4,1.834933
2025-12-07,ST01,SKU03791,2,1.9361336
2025-12-07,ST16,SKU03794,2,1.9196702
2025-12-07,ST28,SKU03798,3,1.8763378
2025-12-07,ST16,SKU03799,2,1.9162177
2025-12-07,ST21,SKU03800,2,1.9940605
2025-12-07,ST13,SKU03806,1,1.9409628
2025-12-07,ST22,SKU03809,5,1.9897826
2025-12-07,ST20,SKU03812,1,1.8019729
2025-12-07,ST21,SKU03835,1,2.1049192
2025-12-07,ST03,SKU03836,2,1.8707988
2025-12-07,ST30,SKU03840,2,1.9005761
2025-12-07,ST30,SKU03841,1,1.8229516
2025-12-07,ST13,SKU03844,1,1.810105
2025-12-07,ST28,SKU03851,1,2.0276177
2025-12-07,ST11,SKU03861,4,1.8506408
2025-12-07,ST23,SKU03867,3,1.9273372
2025-12-07,ST14,SKU03877,1,1.8493268
2025-12-07,ST07,SKU03878,4,1.9378904
2025-12-07,ST29,SKU03893,1,1.8086758
2025-12-07,ST10,SKU03902,1,1.8420551
2025-12-07,ST25,SKU03907,1,1.8334842
2025-12-07,ST21,SKU03914,1,1.9022793
2025-12-07,ST28,SKU03915,2,1.8833631
2025-12-07,ST21,SKU03931,2,1.864838
2025-12-07,ST27,SKU03941,1,1.9132144
2025-12-07,ST03,SKU03945,2,1.9426377
2025-12-07,ST12,SKU03947,1,1.9434172
2025-12-07,ST28,SKU03954,2,2.0668662
2025-12-07,ST15,SKU03956,2,1.877558
2025-12-07,ST14,SKU03973,3,1.9510796
2025-12-07,ST07,SKU03988,3,1.8573251
2025-12-07,ST23,SKU03990,2,1.8744801
2025-12-07,ST21,SKU03992,1,1.8806157
2025-12-07,ST12,SKU03994,3,1.8513454
2025-12-07,ST29,SKU04002,4,1.9052414
2025-12-07,ST01,SKU04003,3,1.8826367
2025-12-07,ST01,SKU04005,1,1.8860469
2025-12-07,ST16,SKU04016,1,1.8252745
2025-12-07,ST30,SKU04020,1,2.044997
2025-12-07,ST05,SKU04031,5,1.8205506
2025-12-07,ST20,SKU04034,1,1.907342
2025-12-07,ST25,SKU04041,1,1.8217849
2025-12-07,ST21,SKU04056,1,2.1270595
2025-12-07,ST09,SKU04064,1,2.0528781
2025-12-07,ST17,SKU04067,3,1.8251457
2025-12-07,ST19,SKU04071,2,1.8835324
2025-12-07,ST25,SKU04072,2,1.8537018
2025-12-07,ST29,SKU04078,1,1.8363718
2025-12-07,ST18,SKU04085,1,2.0142968
2025-12-07,ST14,SKU04091,3,1.8912624
2025-12-07,ST13,SKU04097,2,1.7618989
2025-12-07,ST07,SKU04099,2,1.9215367
2025-12-07,ST17,SKU04103,1,1.8789581
2025-12-07,ST29,SKU04104,2,1.8685423
2025-12-07,ST18,SKU04105,1,1.8655999
2025-12-07,ST11,SKU04115,2,1.864524
2025-12-07,ST09,SKU04125,3,1.9272043
2025-12-07,ST30,SKU04130,2,1.8575275
2025-12-07,ST22,SKU04143,3,1.9165
2025-12-07,ST15,SKU04145,3,2.3377767
2025-12-07,ST28,SKU04154,2,1.8588488
2025-12-07,ST08,SKU04156,2,1.8593152
2025-12-07,ST16,SKU04157,1,1.7707905
2025-12-07,ST06,SKU04161,1,1.9556459
2025-12-07,ST26,SKU04165,3,1.8606035
2025-12-07,ST15,SKU04177,1,1.8642614
2025-12-07,ST25,SKU04191,1,1.8286009
2025-12-07,ST18,SKU04196,1,1.8620412
2025-12-07,ST20,SKU04201,4,1.7666392
2025-12-07,ST27,SKU04217,3,1.8171029
2025-12-07,ST21,SKU04225,1,1.8944192
2025-12-07,ST08,SKU04227,1,1.9234126
2025-12-07,ST08,SKU04233,1,1.86269
2025-12-07,ST13,SKU04234,1,1.8040679
2025-12-07,ST14,SKU04241,1,2.0001233
2025-12-07,ST07,SKU04256,1,2.0306964
2025-12-07,ST22,SKU04257,5,1.9432722
2025-12-07,ST07,SKU04264,3,1.9470872
2025-12-07,ST28,SKU04269,1,1.9233255
2025-12-07,ST02,SKU04273,1,1.9368322
2025-12-07,ST30,SKU04274,4,1.8509345
2025-12-07,ST16,SKU04283,1,1.9085109
2025-12-07,ST18,SKU04294,2,1.8870462
2025-12-07,ST12,SKU04299,1,1.8816011
2025-12-07,ST13,SKU04302,2,1.9102868
2025-12-07,ST28,SKU04305,5,1.8540821
2025-12-07,ST05,SKU04306,2,1.9375793
2025-12-07,ST22,SKU04308,2,1.8853287
2025-12-07,ST05,SKU04315,1,1.968397
2025-12-07,ST30,SKU04321,4,8.9801235
2025-12-07,ST23,SKU04322,2,1.9151927
2025-12-07,ST06,SKU04330,2,1.9115626
2025-12-07,ST22,SKU04332,2,1.916575
2025-12-07,ST17,SKU04339,2,1.8559124
2025-12-07,ST01,SKU04344,1,1.9013498
2025-12-07,ST10,SKU04345,1,1.8590047
2025-12-07,ST22,SKU04347,1,1.8682618
2025-12-07,ST07,SKU04350,3,1.9035794
2025-12-07,ST07,SKU04354,3,1.8475903
2025-12-07,ST22,SKU04360,1,1.8923335
2025-12-07,ST25,SKU04362,2,1.8158482
2025-12-07,ST21,SKU04369,2,1.8829706
2025-12-07,ST21,SKU04380,1,1.8293608
2025-12-07,ST18,SKU04381,3,1.9059223
2025-12-07,ST07,SKU04388,2,1.8863252
2025-12-07,ST29,SKU04391,3,1.9201517
2025-12-07,ST10,SKU04392,4,1.8971244
2025-12-07,ST13,SKU04396,3,1.8494942
2025-12-07,ST17,SKU04398,1,1.8862114
2025-12-07,ST30,SKU04418,1,1.8712517
2025-12-07,ST03,SKU04422,1,1.9331946
2025-12-07,ST11,SKU04423,1,1.9104873
2025-12-07,ST06,SKU04426,1,1.8956604
2025-12-07,ST20,SKU04440,1,1.9267272
2025-12-07,ST20,SKU04447,3,1.9481889
2025-12-07,ST06,SKU04452,3,1.8600162
2025-12-07,ST06,SKU04461,1,1.8390875
2025-12-07,ST05,SKU04464,1,1.885886
2025-12-07,ST12,SKU04477,4,1.9771472
2025-12-07,ST03,SKU04479,1,1.8490946
2025-12-07,ST09,SKU04485,2,1.9060345
2025-12-07,ST06,SKU04489,1,1.8750064
2025-12-07,ST07,SKU04508,1,1.8789928
2025-12-07,ST04,SKU04516,3,1.8374901
2025-12-07,ST20,SKU04518,3,1.8592064
2025-12-07,ST20,SKU04519,1,1.8810799
2025-12-07,ST04,SKU04521,2,1.9584506
2025-12-07,ST06,SKU04537,2,1.9135518
2025-12-07,ST25,SKU04538,5,1.8675351
2025-12-07,ST18,SKU04556,3,1.8418168
2025-12-07,ST03,SKU04561,1,1.8801812
2025-12-07,ST29,SKU04571,1,1.7949334
2025-12-07,ST06,SKU04574,2,2.0007656
2025-12-07,ST29,SKU04577,2,1.8860761
2025-12-07,ST29,SKU04596,1,1.9042828
2025-12-07,ST10,SKU04599,3,1.9342866
2025-12-07,ST08,SKU04602,2,1.8742517
2025-12-07,ST21,SKU04626,1,1.8853465
2025-12-07,ST03,SKU04646,1,1.8344758
2025-12-07,ST23,SKU04650,1,1.8638961
2025-12-07,ST08,SKU04652,3,1.8056079
2025-12-07,ST17,SKU04662,1,1.9239036
2025-12-07,ST29,SKU04663,1,1.8589976
2025-12-07,ST30,SKU04665,2,1.9353795
2025-12-07,ST21,SKU04670,1,1.8415195
2025-12-07,ST03,SKU04671,4,1.8220377
2025-12-07,ST20,SKU04676,1,1.8587743
2025-12-07,ST16,SKU04682,2,1.9034799
2025-12-07,ST30,SKU04695,2,1.8975505
2025-12-07,ST21,SKU04702,5,1.8485296
2025-12-07,ST27,SKU04710,2,1.8185945
2025-12-07,ST22,SKU04714,1,1.8699037
2025-12-07,ST29,SKU04721,1,1.9731025
2025-12-07,ST30,SKU04749,3,1.8962183
2025-12-07,ST28,SKU04750,3,1.8105444
2025-12-07,ST21,SKU04754,3,1.9677513
2025-12-07,ST21,SKU04756,1,1.8434507
2025-12-07,ST08,SKU04772,1,1.8677374
2025-12-07,ST24,SKU04781,1,1.9247977
2025-12-07,ST04,SKU04782,4,1.8886533
2025-12-07,ST09,SKU04783,3,2.1877246
2025-12-07,ST20,SKU04796,1,1.8600428
2025-12-07,ST04,SKU04806,1,1.9781737
2025-12-07,ST07,SKU04808,2,1.9707242
2025-12-07,ST07,SKU04819,4,1.8593553
2025-12-07,ST09,SKU04824,1,1.8904526
2025-12-07,ST18,SKU04836,2,1.8606673
2025-12-07,ST03,SKU04837,4,1.922571
2025-12-07,ST20,SKU04844,3,1.8743542
2025-12-07,ST21,SKU04847,1,1.8776569
2025-12-07,ST06,SKU04854,1,1.8057499
2025-12-07,ST08,SKU04856,2,1.6867371
2025-12-07,ST26,SKU04873,1,1.8528104
2025-12-07,ST21,SKU04877,3,1.8553224
2025-12-07,ST02,SKU04882,1,1.8518825
2025-12-07,ST24,SKU04883,1,1.9229369
2025-12-07,ST08,SKU04884,4,1.8755628
2025-12-07,ST20,SKU04888,2,1.8770845
2025-12-07,ST11,SKU04893,2,1.9327154
2025-12-07,ST29,SKU04903,3,1.9528197
2025-12-07,ST30,SKU04913,3,1.7754061
2025-12-07,ST29,SKU04916,4,1.8275683
2025-12-07,ST21,SKU04921,4,1.9395968
2025-12-07,ST08,SKU04924,1,1.9263195
2025-12-07,ST28,SKU04926,2,1.8863215
2025-12-07,ST06,SKU04937,1,1.875013
2025-12-07,ST28,SKU04939,1,1.8351591
2025-12-07,ST20,SKU04940,2,1.8998971
2025-12-07,ST03,SKU04944,2,1.8913131
2025-12-07,ST14,SKU04946,1,1.9209951
2025-12-07,ST04,SKU04954,1,1.9092419
2025-12-07,ST30,SKU04957,1,1.863767
2025-12-07,ST06,SKU04963,1,1.8991804
2025-12-07,ST20,SKU04978,1,1.8768243
2025-12-07,ST30,SKU04997,2,1.8546869
2025-12-08,ST09,SKU00003,1,1.8560476
2025-12-08,ST09,SKU00004,3,1.8750236
2025-12-08,ST08,SKU00020,2,1.8087469
2025-12-08,ST12,SKU00024,2,1.7583555
2025-12-08,ST24,SKU00042,1,1.8250812
2025-12-08,ST16,SKU00055,2,1.8062073
2025-12-08,ST23,SKU00060,3,1.8309872
2025-12-08,ST27,SKU00062,3,1.8537853
2025-12-08,ST09,SKU00070,2,1.8476944
2025-12-08,ST21,SKU00077,5,1.8724498
2025-12-08,ST04,SKU00079,1,1.7722827
2025-12-08,ST24,SKU00084,1,1.8274108
2025-12-08,ST22,SKU00103,3,2.0845852
2025-12-08,ST22,SKU00109,2,1.8899423
2025-12-08,ST13,SKU00116,1,1.8463141
2025-12-08,ST16,SKU00120,3,1.8338962
2025-12-08,ST10,SKU00124,2,1.8670045
2025-12-08,ST05,SKU00125,1,1.8903223
2025-12-08,ST07,SKU00126,1,1.8356842
2025-12-08,ST11,SKU00127,5,1.8811016
2025-12-08,ST04,SKU00133,1,1.863606
2025-12-08,ST24,SKU00135,2,1.8307345
2025-12-08,ST20,SKU00138,1,1.8650652
2025-12-08,ST21,SKU00150,2,1.5820436
2025-12-08,ST27,SKU00154,3,1.7500155
2025-12-08,ST23,SKU00163,2,1.7989846
2025-12-08,ST03,SKU00164,2,1.8528243
2025-12-08,ST12,SKU00169,1,1.8197623
2025-12-08,ST21,SKU00172,1,1.8637568
2025-12-08,ST27,SKU00178,2,1.8779404
2025-12-08,ST25,SKU00179,1,1.810149
2025-12-08,ST20,SKU00180,4,1.9309468
2025-12-08,ST10,SKU00186,1,2.0782683
2025-12-08,ST29,SKU00190,1,1.9571842
2025-12-08,ST18,SKU00196,1,1.8097554
2025-12-08,ST03,SKU00200,2,1.8372293
2025-12-08,ST18,SKU00209,1,1.8298969
2025-12-08,ST28,SKU00216,1,1.8889192
2025-12-08,ST14,SKU00233,1,1.8626353
2025-12-08,ST25,SKU00243,4,1.8378434
2025-12-08,ST30,SKU00249,2,1.9272617
2025-12-08,ST06,SKU00264,2,1.8453127
2025-12-08,ST07,SKU00265,3,1.8788537
2025-12-08,ST07,SKU00276,1,1.7141685
2025-12-08,ST28,SKU00280,2,1.8132627
2025-12-08,ST29,SKU00285,1,1.9345841
2025-12-08,ST29,SKU00286,4,4.026018
2025-12-08,ST19,SKU00306,4,1.8887924
2025-12-08,ST01,SKU00312,1,1.8091799
2025-12-08,ST29,SKU00319,4,1.8840053
2025-12-08,ST15,SKU00328,3,1.7655965
2025-12-08,ST20,SKU00333,1,1.9222747
2025-12-08,ST03,SKU00345,1,1.8494374
2025-12-08,ST07,SKU00369,1,1.867033
2025-12-08,ST18,SKU00376,3,1.8997238
2025-12-08,ST13,SKU00378,3,1.874296
2025-12-08,ST28,SKU00389,2,2.0403576
2025-12-08,ST10,SKU00402,2,1.8124163
2025-12-08,ST06,SKU00405,3,1.8544893
2025-12-08,ST24,SKU00411,1,1.9107265
2025-12-08,ST09,SKU00419,2,1.8317802
2025-12-08,ST20,SKU00420,3,1.9373417
2025-12-08,ST15,SKU00422,1,1.8890615
2025-12-08,ST05,SKU00429,1,1.8730664
2025-12-08,ST21,SKU00436,4,1.869475
2025-12-08,ST06,SKU00441,3,1.9144465
2025-12-08,ST14,SKU00461,1,1.836564
2025-12-08,ST11,SKU00476,1,1.8541607
2025-12-08,ST21,SKU00478,1,1.9778315
2025-12-08,ST12,SKU00484,5,1.9414339
2025-12-08,ST12,SKU00487,1,1.8656889
2025-12-08,ST19,SKU00491,2,1.9123279
2025-12-08,ST07,SKU00500,1,1.9282175
2025-12-08,ST26,SKU00510,2,1.8581494
2025-12-08,ST26,SKU00517,3,1.8283086
2025-12-08,ST15,SKU00522,5,1.8494476
2025-12-08,ST30,SKU00526,1,2.000455
2025-12-08,ST25,SKU00531,2,1.8565593
2025-12-08,ST06,SKU00538,1,1.807713
2025-12-08,ST21,SKU00558,1,1.631356
2025-12-08,ST03,SKU00561,1,1.8677231
2025-12-08,ST23,SKU00562,1,1.8511493
2025-12-08,ST17,SKU00572,2,1.8291796
2025-12-08,ST06,SKU00573,1,1.8768797
2025-12-08,ST23,SKU00596,1,1.8275337
2025-12-08,ST10,SKU00600,3,1.9257308
2025-12-08,ST22,SKU00603,1,1.8709339
2025-12-08,ST30,SKU00618,2,1.9856529
2025-12-08,ST25,SKU00623,2,1.8241794
2025-12-08,ST08,SKU00628,1,1.9858402
2025-12-08,ST23,SKU00631,1,1.8568147
2025-12-08,ST28,SKU00633,4,1.9120915
2025-12-08,ST30,SKU00634,1,1.854181
2025-12-08,ST12,SKU00643,1,1.8718613
2025-12-08,ST10,SKU00669,3,1.8386148
2025-12-08,ST25,SKU00680,1,1.8382024
2025-12-08,ST10,SKU00689,1,1.8992276
2025-12-08,ST27,SKU00692,1,2.0035102
2025-12-08,ST26,SKU00694,3,1.8572835
2025-12-08,ST11,SKU00707,3,1.815367
2025-12-08,ST26,SKU00710,1,1.8596369
2025-12-08,ST20,SKU00716,1,1.8469179
2025-12-08,ST29,SKU00718,2,1.8218583
2025-12-08,ST17,SKU00724,2,1.9366639
2025-12-08,ST04,SKU00728,1,1.9501176
2025-12-08,ST10,SKU00729,1,1.8867095
2025-12-08,ST06,SKU00730,2,1.84164
2025-12-08,ST05,SKU00741,3,1.8574002
2025-12-08,ST23,SKU00743,1,1.7838211
2025-12-08,ST03,SKU00746,4,1.8757573
2025-12-08,ST01,SKU00749,2,1.8755016
2025-12-08,ST28,SKU00757,2,1.8663118
2025-12-08,ST06,SKU00768,2,1.8746783
2025-12-08,ST14,SKU00771,3,1.8138474
2025-12-08,ST25,SKU00782,4,1.8064038
2025-12-08,ST01,SKU00801,1,1.8017694
2025-12-08,ST30,SKU00806,2,1.8951234
2025-12-08,ST17,SKU00812,2,1.9379736
2025-12-08,ST06,SKU00813,1,1.8322603
2025-12-08,ST21,SKU00827,3,1.8725708
2025-12-08,ST29,SKU00830,3,1.8602575
2025-12-08,ST27,SKU00840,2,1.849853
2025-12-08,ST23,SKU00845,1,1.8777584
2025-12-08,ST05,SKU00847,1,1.8604642
2025-12-08,ST05,SKU00854,1,1.8652589
2025-12-08,ST09,SKU00865,1,1.8419813
2025-12-08,ST11,SKU00866,1,1.8870437
2025-12-08,ST27,SKU00872,1,1.8640971
2025-12-08,ST03,SKU00891,1,1.703452
2025-12-08,ST30,SKU00893,3,1.8343878
2025-12-08,ST30,SKU00896,4,1.9431847
2025-12-08,ST24,SKU00903,3,1.8469163
2025-12-08,ST03,SKU00910,1,1.9240612
2025-12-08,ST29,SKU00919,1,1.8362242
2025-12-08,ST15,SKU00920,1,1.8586615
2025-12-08,ST15,SKU00928,2,1.899552
2025-12-08,ST23,SKU00929,2,2.0714483
2025-12-08,ST06,SKU00934,2,1.8539529
2025-12-08,ST25,SKU00942,1,2.0724463
2025-12-08,ST14,SKU00945,3,1.8835174
2025-12-08,ST06,SKU00947,1,1.8428874
2025-12-08,ST07,SKU00952,1,1.9110706
2025-12-08,ST23,SKU00953,1,1.9104325
2025-12-08,ST23,SKU00963,1,1.8615628
2025-12-08,ST06,SKU00964,1,1.8706232
2025-12-08,ST26,SKU00972,2,1.8459811
2025-12-08,ST20,SKU00974,1,2.0921464
2025-12-08,ST25,SKU00977,1,1.8394585
2025-12-08,ST29,SKU00982,1,1.905369
2025-12-08,ST08,SKU00983,2,1.9875596
2025-12-08,ST29,SKU00988,3,1.83451
2025-12-08,ST07,SKU00989,2,1.8929591
2025-12-08,ST29,SKU00994,3,1.8605044
2025-12-08,ST07,SKU01000,1,1.8192825
2025-12-08,ST09,SKU01005,4,1.8591174
2025-12-08,ST25,SKU01007,1,1.9678462
2025-12-08,ST27,SKU01009,1,1.8873402
2025-12-08,ST06,SKU01010,1,1.9468609
2025-12-08,ST24,SKU01013,1,1.8584651
2025-12-08,ST03,SKU01027,1,1.8638428
2025-12-08,ST19,SKU01032,2,1.9315823
2025-12-08,ST09,SKU01037,1,1.8987385
2025-12-08,ST28,SKU01045,2,1.9302173
2025-12-08,ST21,SKU01048,2,1.828874
2025-12-08,ST30,SKU01057,1,1.8338767
2025-12-08,ST26,SKU01065,1,1.9045808
2025-12-08,ST21,SKU01079,1,1.8654574
2025-12-08,ST24,SKU01112,1,1.8204782
2025-12-08,ST14,SKU01136,3,1.8311591
2025-12-08,ST17,SKU01137,2,1.9220678
2025-12-08,ST10,SKU01138,1,1.9605885
2025-12-08,ST29,SKU01143,1,1.8814864
2025-12-08,ST23,SKU01148,1,1.884498
2025-12-08,ST30,SKU01152,3,1.8846884
2025-12-08,ST04,SKU01153,1,1.8172095
2025-12-08,ST23,SKU01157,1,1.8591388
2025-12-08,ST30,SKU01164,1,1.8235428
2025-12-08,ST01,SKU01165,1,1.8453444
2025-12-08,ST02,SKU01166,1,1.8774668
2025-12-08,ST14,SKU01172,2,1.8924106
2025-12-08,ST06,SKU01183,1,1.8594323
2025-12-08,ST28,SKU01189,2,1.9448955
2025-12-08,ST30,SKU01193,1,1.8556237
2025-12-08,ST10,SKU01194,1,1.8833083
2025-12-08,ST16,SKU01200,1,1.8607951
2025-12-08,ST22,SKU01202,3,1.8449651
2025-12-08,ST30,SKU01207,2,1.9074854
2025-12-08,ST22,SKU01213,1,1.8469088
2025-12-08,ST09,SKU01223,1,1.9151708
2025-12-08,ST13,SKU01232,3,1.8628309
2025-12-08,ST22,SKU01233,1,1.8478744
2025-12-08,ST20,SKU01237,1,1.8278707
2025-12-08,ST29,SKU01248,1,1.9940327
2025-12-08,ST22,SKU01255,1,1.7911155
2025-12-08,ST04,SKU01271,3,1.876581
2025-12-08,ST27,SKU01280,2,1.855085
2025-12-08,ST14,SKU01297,1,1.8757519
2025-12-08,ST12,SKU01298,2,1.912325
2025-12-08,ST22,SKU01315,4,1.8877558
2025-12-08,ST30,SKU01317,1,1.7723162
2025-12-08,ST23,SKU01319,1,1.9059067
2025-12-08,ST09,SKU01329,2,1.9061856
2025-12-08,ST08,SKU01358,1,1.8204856
2025-12-08,ST13,SKU01359,1,1.85509
2025-12-08,ST30,SKU01371,1,1.8600304
2025-12-08,ST12,SKU01382,2,1.8098305
2025-12-08,ST14,SKU01383,1,1.859092
2025-12-08,ST25,SKU01386,1,1.929439
2025-12-08,ST04,SKU01411,3,1.8355554
2025-12-08,ST18,SKU01414,2,1.8494313
2025-12-08,ST23,SKU01420,1,1.7323979
2025-12-08,ST18,SKU01427,2,1.8342897
2025-12-08,ST03,SKU01438,1,1.8563142
2025-12-08,ST29,SKU01439,1,1.8230784
2025-12-08,ST17,SKU01443,4,2.000773
2025-12-08,ST18,SKU01459,1,1.8808492
2025-12-08,ST01,SKU01462,2,1.9122591
2025-12-08,ST22,SKU01470,5,1.9036113
2025-12-08,ST27,SKU01486,2,1.8733264
2025-12-08,ST29,SKU01493,1,1.8327378
2025-12-08,ST09,SKU01503,1,1.8395146
2025-12-08,ST11,SKU01507,1,1.9085121
2025-12-08,ST11,SKU01514,2,1.865334
2025-12-08,ST14,SKU01520,4,1.8589187
2025-12-08,ST06,SKU01537,1,1.8527888
2025-12-08,ST10,SKU01543,3,1.9165952
2025-12-08,ST24,SKU01547,2,1.9987473
2025-12-08,ST29,SKU01552,4,1.8519493
2025-12-08,ST30,SKU01555,3,2.0252032
2025-12-08,ST27,SKU01578,3,1.9317293
2025-12-08,ST04,SKU01579,1,1.8541214
2025-12-08,ST01,SKU01583,1,1.859842
2025-12-08,ST28,SKU01600,2,1.9694315
2025-12-08,ST27,SKU01617,1,1.8075936
2025-12-08,ST07,SKU01623,2,1.8701129
2025-12-08,ST18,SKU01627,1,1.8535459
2025-12-08,ST22,SKU01628,1,1.8680313
2025-12-08,ST17,SKU01629,1,1.8253121
2025-12-08,ST13,SKU01635,1,1.82928
2025-12-08,ST21,SKU01648,2,1.8303468
2025-12-08,ST17,SKU01660,2,1.7809476
2025-12-08,ST22,SKU01662,2,1.9043713
2025-12-08,ST29,SKU01664,1,1.8504627
2025-12-08,ST20,SKU01667,1,1.8372188
2025-12-08,ST22,SKU01671,2,1.8740747
2025-12-08,ST08,SKU01677,1,1.8648877
2025-12-08,ST27,SKU01685,2,1.8540528
2025-12-08,ST11,SKU01688,3,1.9198813
2025-12-08,ST25,SKU01700,1,1.8489312
2025-12-08,ST21,SKU01714,4,1.8183312
2025-12-08,ST27,SKU01730,1,1.8719909
2025-12-08,ST14,SKU01734,5,1.9030441
2025-12-08,ST14,SKU01738,1,1.8904897
2025-12-08,ST22,SKU01739,1,1.8767439
2025-12-08,ST07,SKU01748,2,1.8410627
2025-12-08,ST25,SKU01751,2,1.878112
2025-12-08,ST30,SKU01756,2,1.8140728
2025-12-08,ST04,SKU01761,1,1.8547758
2025-12-08,ST11,SKU01769,1,1.8747982
2025-12-08,ST24,SKU01772,2,2.0168006
2025-12-08,ST26,SKU01775,2,1.8922176
2025-12-08,ST19,SKU01784,3,1.8341405
2025-12-08,ST29,SKU01794,1,1.9696935
2025-12-08,ST10,SKU01797,3,1.8339801
2025-12-08,ST25,SKU01804,1,1.9326895
2025-12-08,ST23,SKU01823,1,1.9422348
2025-12-08,ST17,SKU01850,1,1.8693354
2025-12-08,ST13,SKU01856,1,1.9111536
2025-12-08,ST04,SKU01870,1,1.9115379
2025-12-08,ST19,SKU01873,1,1.7882626
2025-12-08,ST10,SKU01876,4,1.7926323
2025-12-08,ST30,SKU01878,1,1.8234931
2025-12-08,ST27,SKU01903,5,1.845731
2025-12-08,ST17,SKU01917,2,1.8666945
2025-12-08,ST30,SKU01920,1,1.8915763
2025-12-08,ST16,SKU01921,3,1.8655908
2025-12-08,ST29,SKU01937,4,1.8026485
2025-12-08,ST01,SKU01965,1,1.7821344
2025-12-08,ST23,SKU01982,1,1.7674434
2025-12-08,ST11,SKU01987,2,1.9578794
2025-12-08,ST12,SKU01988,3,1.7961013
2025-12-08,ST18,SKU01993,3,1.8242544
2025-12-08,ST19,SKU02001,2,1.8543341
2025-12-08,ST05,SKU02008,2,1.859017
2025-12-08,ST19,SKU02014,1,1.8301532
2025-12-08,ST18,SKU02015,4,1.8624887
2025-12-08,ST25,SKU02018,2,1.8889964
2025-12-08,ST20,SKU02024,2,3.4771464
2025-12-08,ST04,SKU02036,3,1.8587008
2025-12-08,ST29,SKU02046,1,2.0848477
2025-12-08,ST17,SKU02050,2,1.8365294
2025-12-08,ST25,SKU02056,3,1.7646147
2025-12-08,ST20,SKU02058,2,1.8228984
2025-12-08,ST04,SKU02070,3,1.8528672
2025-12-08,ST27,SKU02088,3,1.6760482
2025-12-08,ST01,SKU02091,1,1.9285249
2025-12-08,ST06,SKU02102,1,1.8742982
2025-12-08,ST02,SKU02138,2,1.960246
2025-12-08,ST30,SKU02141,1,1.8730836
2025-12-08,ST28,SKU02152,4,1.8503261
2025-12-08,ST18,SKU02154,1,1.9382564
2025-12-08,ST07,SKU02161,1,1.8791858
2025-12-08,ST13,SKU02167,3,1.8651161
2025-12-08,ST12,SKU02176,1,1.8536502
2025-12-08,ST15,SKU02201,1,1.8719834
2025-12-08,ST11,SKU02215,3,1.879339
2025-12-08,ST08,SKU02226,1,1.834907
2025-12-08,ST29,SKU02227,1,1.8559266
2025-12-08,ST05,SKU02231,4,1.9540075
2025-12-08,ST24,SKU02234,1,1.8637494
2025-12-08,ST11,SKU02239,3,1.8747313
2025-12-08,ST10,SKU02243,2,1.8939312
2025-12-08,ST11,SKU02247,1,1.8415962
2025-12-08,ST18,SKU02250,2,1.9764112
2025-12-08,ST23,SKU02254,2,1.8289131
2025-12-08,ST08,SKU02258,4,1.7976093
2025-12-08,ST19,SKU02272,2,1.8129928
2025-12-08,ST23,SKU02283,2,1.7876092
2025-12-08,ST03,SKU02284,1,1.8798487
2025-12-08,ST17,SKU02299,1,1.9060333
2025-12-08,ST20,SKU02300,1,1.8714166
2025-12-08,ST04,SKU02303,2,1.7877735
2025-12-08,ST23,SKU02308,1,1.7439227
2025-12-08,ST30,SKU02314,3,1.7710736
2025-12-08,ST29,SKU02320,1,1.8588705
2025-12-08,ST27,SKU02330,2,1.9161539
2025-12-08,ST19,SKU02336,1,1.8481966
2025-12-08,ST08,SKU02345,1,1.9335216
2025-12-08,ST09,SKU02353,1,1.8694524
2025-12-08,ST08,SKU02363,2,1.7008518
2025-12-08,ST14,SKU02368,1,1.7275685
2025-12-08,ST24,SKU02372,4,3.7838416
2025-12-08,ST27,SKU02381,2,1.9496741
2025-12-08,ST29,SKU02398,1,1.8547101
2025-12-08,ST10,SKU02407,1,1.9197054
2025-12-08,ST06,SKU02412,4,1.9348166
2025-12-08,ST07,SKU02417,1,1.8837047
2025-12-08,ST04,SKU02428,2,1.8780998
2025-12-08,ST04,SKU02431,2,1.9180468
2025-12-08,ST20,SKU02439,3,3.8065233
2025-12-08,ST15,SKU02452,3,1.7491477
2025-12-08,ST24,SKU02462,3,2.018308
2025-12-08,ST29,SKU02467,2,1.8598086
2025-12-08,ST01,SKU02470,2,1.817307
2025-12-08,ST07,SKU02474,1,1.8676479
2025-12-08,ST02,SKU02476,5,1.8055401
2025-12-08,ST03,SKU02479,1,1.8997922
2025-12-08,ST20,SKU02482,2,1.8525844
2025-12-08,ST03,SKU02485,3,1.8807594
2025-12-08,ST06,SKU02486,2,1.8824085
2025-12-08,ST26,SKU02490,2,1.9308344
2025-12-08,ST27,SKU02500,3,2.1868446
2025-12-08,ST15,SKU02503,3,1.7562842
2025-12-08,ST07,SKU02505,2,1.8328093
2025-12-08,ST29,SKU02523,1,1.8711414
2025-12-08,ST20,SKU02531,2,1.9296343
2025-12-08,ST15,SKU02532,1,1.9289172
2025-12-08,ST02,SKU02537,1,1.7896299
2025-12-08,ST21,SKU02538,3,1.831987
2025-12-08,ST29,SKU02540,1,1.8443656
2025-12-08,ST02,SKU02545,2,1.8946067
2025-12-08,ST02,SKU02557,1,1.8019987
2025-12-08,ST27,SKU02567,1,1.7192072
2025-12-08,ST14,SKU02569,2,1.8257251
2025-12-08,ST03,SKU02583,1,1.8475991
2025-12-08,ST27,SKU02603,1,1.8668503
2025-12-08,ST16,SKU02614,1,1.9276004
2025-12-08,ST05,SKU02617,2,1.934794
2025-12-08,ST17,SKU02621,1,1.882355
2025-12-08,ST09,SKU02631,1,1.863967
2025-12-08,ST18,SKU02633,2,1.9004636
2025-12-08,ST06,SKU02637,1,1.8117553
2025-12-08,ST26,SKU02640,2,1.7570716
2025-12-08,ST19,SKU02642,3,2.0010867
2025-12-08,ST07,SKU02648,2,1.8445611
2025-12-08,ST04,SKU02649,2,1.9600211
2025-12-08,ST29,SKU02660,2,1.8926235
2025-12-08,ST24,SKU02683,1,1.8963008
2025-12-08,ST28,SKU02691,3,1.8348929
2025-12-08,ST07,SKU02692,2,1.8868332
2025-12-08,ST10,SKU02700,2,1.781404
2025-12-08,ST27,SKU02705,3,1.9839379
2025-12-08,ST30,SKU02709,2,2.0626123
2025-12-08,ST21,SKU02737,3,2.0556026
2025-12-08,ST29,SKU02738,2,1.81527
2025-12-08,ST06,SKU02740,1,1.7310812
2025-12-08,ST23,SKU02746,1,1.8691484
2025-12-08,ST08,SKU02747,4,1.7617675
2025-12-08,ST01,SKU02750,4,1.8825378
2025-12-08,ST08,SKU02757,1,1.9029704
2025-12-08,ST22,SKU02764,1,1.8782601
2025-12-08,ST23,SKU02766,3,1.8796579
2025-12-08,ST04,SKU02773,1,1.8838315
2025-12-08,ST03,SKU02776,3,1.9066781
2025-12-08,ST14,SKU02778,1,1.8498696
2025-12-08,ST03,SKU02781,1,1.8899218
2025-12-08,ST13,SKU02785,3,1.8562152
2025-12-08,ST30,SKU02805,3,1.8825264
2025-12-08,ST01,SKU02812,4,1.8440461
2025-12-08,ST18,SKU02813,1,1.843272
2025-12-08,ST08,SKU02819,3,1.8443305
2025-12-08,ST27,SKU02820,2,1.9907765
2025-12-08,ST14,SKU02821,1,1.8968047
2025-12-08,ST22,SKU02825,1,1.9837171
2025-12-08,ST10,SKU02837,1,2.1669264
2025-12-08,ST14,SKU02840,1,1.8143996
2025-12-08,ST28,SKU02843,2,1.8925896
2025-12-08,ST21,SKU02844,1,1.8584812
2025-12-08,ST26,SKU02848,3,1.8339554
2025-12-08,ST11,SKU02849,3,1.9153836
2025-12-08,ST29,SKU02858,2,1.7288278
2025-12-08,ST20,SKU02859,4,1.8527095
2025-12-08,ST07,SKU02860,3,1.8857299
2025-12-08,ST17,SKU02889,2,1.9233519
2025-12-08,ST16,SKU02891,1,1.8116618
2025-12-08,ST10,SKU02892,3,1.8577878
2025-12-08,ST29,SKU02903,3,1.7157228
2025-12-08,ST16,SKU02904,2,1.9234648
2025-12-08,ST10,SKU02909,1,1.8092446
2025-12-08,ST21,SKU02910,2,1.8704796
2025-12-08,ST24,SKU02912,1,1.9108042
2025-12-08,ST29,SKU02914,2,1.8776618
2025-12-08,ST27,SKU02920,1,2.1397974
2025-12-08,ST20,SKU02930,1,1.797798
2025-12-08,ST17,SKU02931,2,1.9762657
2025-12-08,ST21,SKU02937,3,1.8494055
2025-12-08,ST07,SKU02943,5,1.8000762
2025-12-08,ST26,SKU02949,5,1.8517703
2025-12-08,ST05,SKU02950,4,1.8603755
2025-12-08,ST03,SKU02952,3,1.8600112
2025-12-08,ST06,SKU02954,2,1.8889912
2025-12-08,ST16,SKU02965,2,1.8319453
2025-12-08,ST20,SKU02968,2,1.8392943
2025-12-08,ST24,SKU02970,1,1.8712957
2025-12-08,ST17,SKU02971,2,1.8161546
2025-12-08,ST29,SKU02973,3,1.8539299
2025-12-08,ST14,SKU02980,1,1.8710747
2025-12-08,ST27,SKU02989,2,1.8811674
2025-12-08,ST25,SKU02992,3,1.8851552
2025-12-08,ST11,SKU02995,4,1.883095
2025-12-08,ST20,SKU02998,1,1.8314849
2025-12-08,ST14,SKU02999,1,1.8534844
2025-12-08,ST20,SKU03007,1,1.7639155
2025-12-08,ST29,SKU03034,2,1.7617642
2025-12-08,ST18,SKU03037,1,1.8701326
2025-12-08,ST13,SKU03040,1,2.098053
2025-12-08,ST25,SKU03041,1,1.8314384
2025-12-08,ST18,SKU03052,3,1.9751648
2025-12-08,ST28,SKU03053,1,1.8745189
2025-12-08,ST16,SKU03061,1,1.8686916
2025-12-08,ST27,SKU03077,2,1.8321618
2025-12-08,ST21,SKU03088,2,1.8983773
2025-12-08,ST06,SKU03090,1,1.9840965
2025-12-08,ST21,SKU03096,1,1.8791224
2025-12-08,ST20,SKU03110,1,1.7820969
2025-12-08,ST05,SKU03117,1,1.9942847
2025-12-08,ST21,SKU03129,1,1.8421388
2025-12-08,ST20,SKU03130,1,1.7596146
2025-12-08,ST29,SKU03134,2,1.8294873
2025-12-08,ST28,SKU03135,1,1.8585258
2025-12-08,ST11,SKU03138,2,1.7993041
2025-12-08,ST21,SKU03154,1,1.7919847
2025-12-08,ST25,SKU03157,2,1.8731481
2025-12-08,ST17,SKU03158,1,1.8467349
2025-12-08,ST27,SKU03166,3,1.8285578
2025-12-08,ST12,SKU03174,1,1.8264451
2025-12-08,ST27,SKU03180,1,1.8478132
2025-12-08,ST14,SKU03185,1,1.8676504
2025-12-08,ST29,SKU03190,1,1.832847
2025-12-08,ST25,SKU03193,1,1.8369639
2025-12-08,ST05,SKU03194,1,1.8718916
2025-12-08,ST23,SKU03196,1,1.7526157
2025-12-08,ST24,SKU03198,1,1.8641862
2025-12-08,ST29,SKU03203,2,1.8553518
2025-12-08,ST02,SKU03206,1,1.882573
2025-12-08,ST30,SKU03209,3,1.8438463
2025-12-08,ST28,SKU03213,2,1.9079456
2025-12-08,ST29,SKU03228,4,1.8684502
2025-12-08,ST10,SKU03232,1,1.9573222
2025-12-08,ST14,SKU03246,2,1.9407467
2025-12-08,ST23,SKU03247,2,1.8187861
2025-12-08,ST24,SKU03256,4,1.8899444
2025-12-08,ST25,SKU03259,4,1.9631383
2025-12-08,ST25,SKU03262,1,1.8352418
2025-12-08,ST13,SKU03274,1,1.7854625
2025-12-08,ST20,SKU03277,1,1.8054237
2025-12-08,ST21,SKU03279,1,1.759772
2025-12-08,ST28,SKU03292,2,1.8966863
2025-12-08,ST14,SKU03298,2,1.8808724
2025-12-08,ST17,SKU03302,4,1.9187638
2025-12-08,ST20,SKU03312,2,1.8242463
2025-12-08,ST30,SKU03319,2,1.9290771
2025-12-08,ST21,SKU03323,1,2.153696
2025-12-08,ST17,SKU03324,1,1.8795855
2025-12-08,ST14,SKU03327,1,1.9456702
2025-12-08,ST28,SKU03340,1,1.9938556
2025-12-08,ST30,SKU03345,4,1.8172609
2025-12-08,ST08,SKU03351,3,1.9333799
2025-12-08,ST04,SKU03355,3,1.7832077
2025-12-08,ST12,SKU03356,1,1.8744084
2025-12-08,ST30,SKU03358,1,1.8478671
2025-12-08,ST02,SKU03368,3,1.7860097
2025-12-08,ST09,SKU03374,1,1.8612481
2025-12-08,ST14,SKU03379,2,2.1743796
2025-12-08,ST06,SKU03382,1,1.8859984
2025-12-08,ST02,SKU03385,5,1.8335327
2025-12-08,ST12,SKU03387,1,1.8484013
2025-12-08,ST17,SKU03389,2,1.8401933
2025-12-08,ST23,SKU03391,4,1.7933185
2025-12-08,ST27,SKU03392,2,1.948198
2025-12-08,ST07,SKU03402,1,1.8981752
2025-12-08,ST17,SKU03414,1,1.9258282
2025-12-08,ST18,SKU03417,1,1.8088216
2025-12-08,ST19,SKU03433,1,1.8623824
2025-12-08,ST03,SKU03439,2,1.8277841
2025-12-08,ST27,SKU03455,2,1.8050346
2025-12-08,ST28,SKU03464,2,1.9299895
2025-12-08,ST14,SKU03465,2,1.8823394
2025-12-08,ST29,SKU03476,2,1.8741168
2025-12-08,ST13,SKU03488,4,2.0071878
2025-12-08,ST21,SKU03495,1,1.8305668
2025-12-08,ST10,SKU03500,1,1.899154
2025-12-08,ST15,SKU03501,1,1.8589175
2025-12-08,ST30,SKU03522,1,1.8765388
2025-12-08,ST04,SKU03524,1,1.844914
2025-12-08,ST22,SKU03527,2,1.9095124
2025-12-08,ST18,SKU03528,4,1.8719398
2025-12-08,ST22,SKU03535,2,1.808264
2025-12-08,ST13,SKU03536,2,1.7002765
2025-12-08,ST23,SKU03550,2,1.7446203
2025-12-08,ST14,SKU03566,2,1.8764191
2025-12-08,ST12,SKU03567,1,1.8661422
2025-12-08,ST01,SKU03569,1,1.9515405
2025-12-08,ST21,SKU03578,2,1.8196378
2025-12-08,ST17,SKU03584,1,1.8784016
2025-12-08,ST18,SKU03589,3,1.7555287
2025-12-08,ST29,SKU03601,1,1.793952
2025-12-08,ST23,SKU03610,3,1.8000913
2025-12-08,ST29,SKU03616,1,2.0174623
2025-12-08,ST17,SKU03617,1,1.8266424
2025-12-08,ST29,SKU03620,1,1.8534275
2025-12-08,ST13,SKU03621,1,1.831884
2025-12-08,ST29,SKU03622,3,1.9305775
2025-12-08,ST05,SKU03632,4,1.8139166
2025-12-08,ST30,SKU03633,1,1.9878662
2025-12-08,ST06,SKU03640,1,1.9088074
2025-12-08,ST06,SKU03647,2,2.0049102
2025-12-08,ST10,SKU03648,1,1.8146998
2025-12-08,ST25,SKU03661,4,1.7659543
2025-12-08,ST21,SKU03668,2,1.888064
2025-12-08,ST06,SKU03669,2,1.8909631
2025-12-08,ST07,SKU03675,2,1.8519688
2025-12-08,ST07,SKU03687,3,1.8140484
2025-12-08,ST21,SKU03688,2,1.8586079
2025-12-08,ST23,SKU03702,5,1.8268092
2025-12-08,ST13,SKU03711,1,1.9594399
2025-12-08,ST11,SKU03714,2,1.8637083
2025-12-08,ST22,SKU03725,1,1.8885745
2025-12-08,ST30,SKU03727,2,3.8159833
2025-12-08,ST10,SKU03728,1,1.8217542
2025-12-08,ST16,SKU03734,1,1.8756497
2025-12-08,ST19,SKU03747,2,1.8831887
2025-12-08,ST02,SKU03766,1,1.7731323
2025-12-08,ST10,SKU03770,4,1.9603878
2025-12-08,ST10,SKU03783,1,1.9289534
2025-12-08,ST20,SKU03789,1,1.8684988
2025-12-08,ST21,SKU03791,1,1.8853699
2025-12-08,ST21,SKU03800,3,1.8888345
2025-12-08,ST02,SKU03810,3,1.8586998
2025-12-08,ST13,SKU03813,2,2.0274699
2025-12-08,ST21,SKU03817,2,1.8633555
2025-12-08,ST27,SKU03820,3,1.8974894
2025-12-08,ST21,SKU03827,1,1.8847651
2025-12-08,ST21,SKU03829,1,1.8612524
2025-12-08,ST07,SKU03836,1,1.7384001
2025-12-08,ST29,SKU03838,5,1.8561776
2025-12-08,ST27,SKU03840,3,1.8606182
2025-12-08,ST27,SKU03843,2,1.8531526
2025-12-08,ST08,SKU03847,2,1.9141638
2025-12-08,ST28,SKU03850,1,1.8833088
2025-12-08,ST26,SKU03851,1,1.8713368
2025-12-08,ST14,SKU03866,1,1.924906
2025-12-08,ST30,SKU03876,1,1.8780155
2025-12-08,ST21,SKU03877,2,1.7732111
2025-12-08,ST11,SKU03891,1,1.8228447
2025-12-08,ST20,SKU03895,2,1.8463018
2025-12-08,ST01,SKU03896,5,1.9424164
2025-12-08,ST26,SKU03901,3,1.9194928
2025-12-08,ST20,SKU03902,2,1.8398211
2025-12-08,ST17,SKU03907,1,1.8853723
2025-12-08,ST20,SKU03909,1,1.7831848
2025-12-08,ST27,SKU03910,2,1.847535
2025-12-08,ST17,SKU03928,2,1.8551953
2025-12-08,ST28,SKU03933,1,1.8059045
2025-12-08,ST22,SKU03937,2,1.8719611
2025-12-08,ST27,SKU03943,3,2.056583
2025-12-08,ST21,SKU03955,1,1.7323529
2025-12-08,ST26,SKU03958,1,1.8935535
2025-12-08,ST22,SKU03969,3,1.8492947
2025-12-08,ST07,SKU03976,1,1.8583592
2025-12-08,ST10,SKU03980,1,1.8443716
2025-12-08,ST18,SKU03983,1,2.0682344
2025-12-08,ST11,SKU03990,4,1.8265764
2025-12-08,ST17,SKU03995,2,1.8922553
2025-12-08,ST19,SKU04003,4,1.8740151
2025-12-08,ST12,SKU04010,1,1.8561134
2025-12-08,ST11,SKU04020,3,2.153679
2025-12-08,ST17,SKU04031,1,1.855317
2025-12-08,ST22,SKU04032,2,1.8712189
2025-12-08,ST27,SKU04040,5,1.8600088
2025-12-08,ST16,SKU04042,3,1.87802
2025-12-08,ST29,SKU04046,3,1.9130126
2025-12-08,ST11,SKU04055,2,1.8500043
2025-12-08,ST26,SKU04060,3,1.894135
2025-12-08,ST08,SKU04061,2,1.8124168
2025-12-08,ST30,SKU04063,1,1.9002526
2025-12-08,ST30,SKU04071,3,1.8887918
2025-12-08,ST07,SKU04080,4,1.8794413
2025-12-08,ST04,SKU04087,1,1.8268381
2025-12-08,ST14,SKU04102,2,1.857866
2025-12-08,ST30,SKU04103,2,1.9346169
2025-12-08,ST11,SKU04104,1,1.8342305
2025-12-08,ST19,SKU04105,2,2.0629816
2025-12-08,ST27,SKU04108,1,1.8790133
2025-12-08,ST11,SKU04113,1,1.8922175
2025-12-08,ST29,SKU04115,1,1.8431376
2025-12-08,ST30,SKU04126,1,1.9511894
2025-12-08,ST19,SKU04132,1,1.8498447
2025-12-08,ST05,SKU04152,1,1.8152989
2025-12-08,ST22,SKU04153,3,2.0529
2025-12-08,ST30,SKU04154,6,3.7373025
2025-12-08,ST26,SKU04157,1,1.8332329
2025-12-08,ST09,SKU04162,5,1.8372444
2025-12-08,ST26,SKU04166,3,1.8708178
2025-12-08,ST22,SKU04167,2,1.9274608
2025-12-08,ST13,SKU04170,1,1.8777316
2025-12-08,ST28,SKU04181,2,2.0497985
2025-12-08,ST25,SKU04183,2,1.864904
2025-12-08,ST22,SKU04189,1,1.907443
2025-12-08,ST21,SKU04191,1,1.7754227
2025-12-08,ST06,SKU04193,2,1.8768015
2025-12-08,ST14,SKU04197,1,1.9128604
2025-12-08,ST22,SKU04202,2,1.8473685
2025-12-08,ST26,SKU04204,1,1.8172677
2025-12-08,ST29,SKU04206,1,1.9155769
2025-12-08,ST30,SKU04208,2,1.8292006
2025-12-08,ST20,SKU04211,2,1.8362546
2025-12-08,ST07,SKU04221,1,1.8623432
2025-12-08,ST28,SKU04234,1,1.8103304
2025-12-08,ST30,SKU04245,1,1.9271961
2025-12-08,ST17,SKU04275,1,1.9804382
2025-12-08,ST16,SKU04276,1,1.859985
2025-12-08,ST30,SKU04280,1,1.9090483
2025-12-08,ST29,SKU04284,3,1.8385457
2025-12-08,ST29,SKU04299,1,1.9004557
2025-12-08,ST27,SKU04305,3,1.8360543
2025-12-08,ST17,SKU04318,1,1.902072
2025-12-08,ST21,SKU04320,2,2.0095093
2025-12-08,ST30,SKU04321,5,3.9160614
2025-12-08,ST18,SKU04329,1,2.181561
2025-12-08,ST30,SKU04339,3,1.809048
2025-12-08,ST23,SKU04344,5,1.9309222
2025-12-08,ST13,SKU04346,2,2.0030293
2025-12-08,ST22,SKU04349,1,1.8747056
2025-12-08,ST05,SKU04356,1,1.85558
2025-12-08,ST21,SKU04358,1,1.8352973
2025-12-08,ST28,SKU04359,2,1.884899
2025-12-08,ST24,SKU04362,3,1.9551579
2025-12-08,ST16,SKU04381,2,1.8856826
2025-12-08,ST23,SKU04390,3,1.8601193
2025-12-08,ST08,SKU04393,4,1.8559105
2025-12-08,ST13,SKU04400,1,2.0843441
2025-12-08,ST14,SKU04408,1,1.8310177
2025-12-08,ST30,SKU04432,3,1.7888385
2025-12-08,ST15,SKU04440,1,1.9062803
2025-12-08,ST17,SKU04454,1,1.9585242
2025-12-08,ST07,SKU04456,1,1.8163894
2025-12-08,ST04,SKU04468,4,1.8200405
2025-12-08,ST07,SKU04470,2,1.8570648
2025-12-08,ST15,SKU04474,4,1.8202777
2025-12-08,ST04,SKU04478,1,1.861288
2025-12-08,ST21,SKU04482,2,1.8858466
2025-12-08,ST08,SKU04483,1,1.754175
2025-12-08,ST01,SKU04489,2,1.6468554
2025-12-08,ST02,SKU04491,4,1.8811549
2025-12-08,ST13,SKU04502,4,1.8541465
2025-12-08,ST12,SKU04508,2,1.8737674
2025-12-08,ST05,SKU04527,4,1.8495196
2025-12-08,ST04,SKU04531,3,1.7724338
2025-12-08,ST13,SKU04537,1,1.8513306
2025-12-08,ST14,SKU04553,3,1.8597493
2025-12-08,ST13,SKU04562,2,2.0024242
2025-12-08,ST28,SKU04569,2,1.9325225
2025-12-08,ST22,SKU04571,2,3.8062415
2025-12-08,ST29,SKU04572,4,1.8404242
2025-12-08,ST14,SKU04592,2,2.0822372
2025-12-08,ST30,SKU04596,3,2.0162597
2025-12-08,ST26,SKU04606,4,1.9629227
2025-12-08,ST30,SKU04609,1,1.8646939
2025-12-08,ST11,SKU04610,2,1.7886018
2025-12-08,ST03,SKU04627,1,1.8797356
2025-12-08,ST22,SKU04629,4,1.9054639
2025-12-08,ST14,SKU04633,1,1.8521402
2025-12-08,ST09,SKU04643,3,2.05934
2025-12-08,ST03,SKU04657,1,1.8787588
2025-12-08,ST09,SKU04662,2,2.0551138
2025-12-08,ST10,SKU04676,1,1.8603917
2025-12-08,ST23,SKU04682,1,1.8778929
2025-12-08,ST26,SKU04689,5,1.8931416
2025-12-08,ST22,SKU04710,1,1.853407
2025-12-08,ST14,SKU04712,3,1.7730981
2025-12-08,ST06,SKU04735,4,1.8249155
2025-12-08,ST17,SKU04753,3,1.8400276
2025-12-08,ST25,SKU04756,1,1.8171914
2025-12-08,ST05,SKU04758,1,1.8599942
2025-12-08,ST02,SKU04778,2,1.7797021
2025-12-08,ST06,SKU04779,3,1.8564978
2025-12-08,ST16,SKU04780,1,1.7692295
2025-12-08,ST05,SKU04782,2,1.8670121
2025-12-08,ST28,SKU04783,3,4.0683594
2025-12-08,ST06,SKU04786,1,1.870077
2025-12-08,ST28,SKU04796,2,1.9173343
2025-12-08,ST19,SKU04818,1,1.8705267
2025-12-08,ST06,SKU04825,1,1.8220366
2025-12-08,ST15,SKU04835,3,1.7836288
2025-12-08,ST06,SKU04843,2,1.8773308
2025-12-08,ST25,SKU04847,1,1.8586534
2025-12-08,ST25,SKU04855,2,1.8896232
2025-12-08,ST14,SKU04860,1,1.7859739
2025-12-08,ST28,SKU04866,2,1.8930206
2025-12-08,ST21,SKU04873,3,1.8701206
2025-12-08,ST07,SKU04882,2,1.8633984
2025-12-08,ST27,SKU04892,2,1.8401964
2025-12-08,ST21,SKU04893,4,1.8906614
2025-12-08,ST23,SKU04895,5,1.8682827
2025-12-08,ST13,SKU04901,1,1.8689806
2025-12-08,ST24,SKU04904,2,1.8440233
2025-12-08,ST04,SKU04913,3,1.8024074
2025-12-08,ST11,SKU04915,1,1.8406986
2025-12-08,ST27,SKU04916,1,1.8988744
2025-12-08,ST06,SKU04934,1,1.6349323
2025-12-08,ST06,SKU04936,2,1.8749621
2025-12-08,ST19,SKU04969,1,1.8497251
2025-12-08,ST02,SKU04973,3,1.8689127
2025-12-08,ST13,SKU04975,1,1.8680384
2025-12-08,ST12,SKU04978,3,1.8791666
2025-12-08,ST30,SKU04980,1,1.7784748
2025-12-08,ST21,SKU04985,3,1.8387692
2025-12-08,ST26,SKU04986,1,1.8554387
2025-12-08,ST07,SKU04987,2,1.8666642
2025-12-08,ST15,SKU04992,1,1.8669868
2025-12-09,ST08,SKU00002,1,1.8211327
2025-12-09,ST11,SKU00006,3,1.8752006
2025-12-09,ST11,SKU00008,1,1.8535004
2025-12-09,ST22,SKU00016,1,1.9560179
2025-12-09,ST29,SKU00020,2,1.9005221
2025-12-09,ST01,SKU00022,1,1.8550253
2025-12-09,ST25,SKU00026,1,1.8405691
2025-12-09,ST17,SKU00033,2,1.8471246
2025-12-09,ST08,SKU00041,1,1.9296391
2025-12-09,ST23,SKU00050,2,1.927851
2025-12-09,ST25,SKU00059,1,1.9182175
2025-12-09,ST18,SKU00060,1,1.8911092
2025-12-09,ST08,SKU00063,2,1.8435282
2025-12-09,ST26,SKU00064,2,1.7935737
2025-12-09,ST18,SKU00067,1,1.8305435
2025-12-09,ST09,SKU00071,2,1.8618164
2025-12-09,ST19,SKU00076,1,1.8922554
2025-12-09,ST23,SKU00077,1,1.8342016
2025-12-09,ST04,SKU00079,4,3.7490144
2025-12-09,ST26,SKU00088,5,1.8654011
2025-12-09,ST15,SKU00109,1,1.9049774
2025-12-09,ST15,SKU00116,1,1.829402
2025-12-09,ST22,SKU00121,3,1.8740559
2025-12-09,ST17,SKU00125,1,1.8655207
2025-12-09,ST04,SKU00126,2,1.9053497
2025-12-09,ST18,SKU00129,4,1.9492254
2025-12-09,ST04,SKU00149,1,1.9672481
2025-12-09,ST12,SKU00169,1,1.8188543
2025-12-09,ST06,SKU00177,1,1.9186567
2025-12-09,ST29,SKU00178,1,1.8825716
2025-12-09,ST26,SKU00190,2,1.8478756
2025-12-09,ST29,SKU00201,1,1.8488746
2025-12-09,ST09,SKU00205,1,1.8989737
2025-12-09,ST22,SKU00207,1,1.9187461
2025-12-09,ST06,SKU00209,1,1.8238791
2025-12-09,ST09,SKU00216,4,1.9725201
2025-12-09,ST19,SKU00219,2,1.8565059
2025-12-09,ST26,SKU00237,1,1.9990287
2025-12-09,ST12,SKU00238,1,1.8479182
2025-12-09,ST20,SKU00243,1,1.8082316
2025-12-09,ST05,SKU00254,3,2.006632
2025-12-09,ST09,SKU00263,5,1.8802254
2025-12-09,ST29,SKU00264,5,1.9719254
2025-12-09,ST22,SKU00270,3,1.8783542
2025-12-09,ST29,SKU00277,3,1.8463739
2025-12-09,ST17,SKU00278,2,1.8528726
2025-12-09,ST16,SKU00297,1,1.8520666
2025-12-09,ST19,SKU00313,1,1.9216334
2025-12-09,ST15,SKU00314,2,1.8743949
2025-12-09,ST02,SKU00327,3,1.8904715
2025-12-09,ST20,SKU00338,1,1.820362
2025-12-09,ST18,SKU00356,1,1.8685566
2025-12-09,ST09,SKU00363,1,2.046169
2025-12-09,ST14,SKU00369,1,1.8378938
2025-12-09,ST17,SKU00372,3,1.7585603
2025-12-09,ST01,SKU00373,1,1.887286
2025-12-09,ST19,SKU00375,1,1.8887498
2025-12-09,ST07,SKU00376,3,1.8274132
2025-12-09,ST30,SKU00381,1,2.0393202
2025-12-09,ST18,SKU00390,5,1.9154292
2025-12-09,ST13,SKU00409,2,1.8608636
2025-12-09,ST16,SKU00410,5,1.8865302
2025-12-09,ST18,SKU00413,1,1.8675297
2025-12-09,ST18,SKU00414,1,1.8573911
2025-12-09,ST01,SKU00418,3,1.8841673
2025-12-09,ST20,SKU00432,1,1.9304987
2025-12-09,ST06,SKU00436,1,2.0699296
2025-12-09,ST24,SKU00440,2,1.8948016
2025-12-09,ST18,SKU00445,1,1.8811781
2025-12-09,ST08,SKU00447,1,1.8395643
2025-12-09,ST23,SKU00450,1,1.9099178
2025-12-09,ST09,SKU00451,2,1.8790071
2025-12-09,ST01,SKU00452,1,1.8364727
2025-12-09,ST03,SKU00455,3,1.8778703
2025-12-09,ST13,SKU00482,3,1.876503
2025-12-09,ST20,SKU00490,1,1.9137108
2025-12-09,ST04,SKU00496,2,1.895299
2025-12-09,ST29,SKU00506,2,1.8929433
2025-12-09,ST06,SKU00508,2,1.8531541
2025-12-09,ST06,SKU00519,1,1.8283213
2025-12-09,ST22,SKU00525,1,1.8228031
2025-12-09,ST09,SKU00530,3,1.861055
2025-12-09,ST29,SKU00531,3,2.017145
2025-12-09,ST29,SKU00534,1,1.8027561
2025-12-09,ST18,SKU00539,1,1.7792739
2025-12-09,ST13,SKU00541,2,1.9354368
2025-12-09,ST30,SKU00542,1,1.8851715
2025-12-09,ST11,SKU00549,2,1.858108
2025-12-09,ST30,SKU00554,1,1.8890642
2025-12-09,ST08,SKU00556,1,1.8941807
2025-12-09,ST20,SKU00565,3,1.9444747
2025-12-09,ST29,SKU00570,1,1.8787796
2025-12-09,ST22,SKU00577,1,1.906844
2025-12-09,ST10,SKU00580,1,1.8899784
2025-12-09,ST20,SKU00587,2,1.6324803
2025-12-09,ST25,SKU00588,1,1.7440974
2025-12-09,ST29,SKU00596,2,1.8248872
2025-12-09,ST16,SKU00598,1,1.8640137
2025-12-09,ST02,SKU00599,1,2.0609286
2025-12-09,ST27,SKU00608,2,1.878786
2025-12-09,ST30,SKU00609,1,1.8711612
2025-12-09,ST09,SKU00628,3,1.8379307
2025-12-09,ST21,SKU00636,1,1.8972058
2025-12-09,ST28,SKU00643,5,1.9204336
2025-12-09,ST17,SKU00645,1,1.7524953
2025-12-09,ST30,SKU00669,1,1.8670586
2025-12-09,ST22,SKU00670,1,1.9362073
2025-12-09,ST20,SKU00684,4,1.8842392
2025-12-09,ST27,SKU00685,2,1.9559762
2025-12-09,ST04,SKU00686,1,1.8789113
2025-12-09,ST22,SKU00692,3,1.8411143
2025-12-09,ST29,SKU00697,3,1.8546364
2025-12-09,ST05,SKU00701,1,1.8751544
2025-12-09,ST11,SKU00711,3,1.9513968
2025-12-09,ST03,SKU00728,1,1.9904267
2025-12-09,ST30,SKU00740,3,1.8188341
2025-12-09,ST02,SKU00742,1,1.962279
2025-12-09,ST11,SKU00745,1,1.8001195
2025-12-09,ST13,SKU00752,1,1.9035282
2025-12-09,ST07,SKU00760,1,1.8822321
2025-12-09,ST13,SKU00762,5,2.0624764
2025-12-09,ST30,SKU00763,2,1.9080968
2025-12-09,ST08,SKU00769,4,1.8842237
2025-12-09,ST21,SKU00770,1,2.0555654
2025-12-09,ST07,SKU00774,4,1.8380047
2025-12-09,ST16,SKU00782,2,1.8653994
2025-12-09,ST19,SKU00788,2,1.8634378
2025-12-09,ST02,SKU00791,1,1.8452597
2025-12-09,ST06,SKU00819,4,1.9533136
2025-12-09,ST21,SKU00823,3,1.860072
2025-12-09,ST09,SKU00828,5,1.8387377
2025-12-09,ST01,SKU00836,2,1.8962924
2025-12-09,ST18,SKU00838,2,1.861628
2025-12-09,ST29,SKU00841,1,1.883477
2025-12-09,ST30,SKU00845,2,1.9099212
2025-12-09,ST07,SKU00854,2,1.8537647
2025-12-09,ST30,SKU00866,2,1.8830507
2025-12-09,ST20,SKU00867,3,1.8732382
2025-12-09,ST02,SKU00869,1,1.8805971
2025-12-09,ST11,SKU00870,2,1.8632818
2025-12-09,ST15,SKU00873,1,1.8764615
2025-12-09,ST23,SKU00874,1,1.9818099
2025-12-09,ST04,SKU00877,1,1.8803145
2025-12-09,ST22,SKU00882,3,1.9267287
2025-12-09,ST29,SKU00886,2,1.8076154
2025-12-09,ST25,SKU00898,2,1.8599715
2025-12-09,ST04,SKU00918,1,1.8992983
2025-12-09,ST04,SKU00923,2,1.8368922
2025-12-09,ST22,SKU00924,1,1.8546293
2025-12-09,ST10,SKU00929,3,1.8641641
2025-12-09,ST02,SKU00937,1,1.8671597
2025-12-09,ST22,SKU00942,1,1.888861
2025-12-09,ST24,SKU00953,1,1.9314625
2025-12-09,ST29,SKU00966,2,1.8698242
2025-12-09,ST07,SKU00974,3,2.085308
2025-12-09,ST20,SKU00976,2,1.8663718
2025-12-09,ST06,SKU00980,1,1.8966948
2025-12-09,ST19,SKU00982,2,1.923318
2025-12-09,ST22,SKU00994,1,1.9311247
2025-12-09,ST30,SKU00996,1,1.8983575
2025-12-09,ST09,SKU01001,1,1.9108167
2025-12-09,ST30,SKU01009,2,1.9335039
2025-12-09,ST22,SKU01018,1,1.9429915
2025-12-09,ST29,SKU01021,1,1.7905469
2025-12-09,ST13,SKU01030,1,1.8383205
2025-12-09,ST29,SKU01037,1,1.9243834
2025-12-09,ST28,SKU01040,1,1.9589621
2025-12-09,ST18,SKU01048,3,1.8089278
2025-12-09,ST08,SKU01056,2,1.8774297
2025-12-09,ST26,SKU01064,2,1.8959465
2025-12-09,ST18,SKU01067,2,1.8316095
2025-12-09,ST04,SKU01069,2,1.8783469
2025-12-09,ST08,SKU01078,2,1.8996058
2025-12-09,ST23,SKU01083,1,1.8921678
2025-12-09,ST26,SKU01088,2,1.8450453
2025-12-09,ST30,SKU01116,5,1.8974881
2025-12-09,ST26,SKU01129,3,1.8485659
2025-12-09,ST26,SKU01136,2,1.8852686
2025-12-09,ST17,SKU01137,1,1.9438454
2025-12-09,ST07,SKU01138,1,1.8674928
2025-12-09,ST22,SKU01152,5,1.9134452
2025-12-09,ST18,SKU01156,2,1.8705055
2025-12-09,ST29,SKU01162,2,1.7932938
2025-12-09,ST05,SKU01164,1,1.9626428
2025-12-09,ST05,SKU01166,1,1.8859686
2025-12-09,ST04,SKU01186,3,1.8085968
2025-12-09,ST17,SKU01189,1,1.8179878
2025-12-09,ST27,SKU01225,4,1.882621
2025-12-09,ST25,SKU01227,1,1.8948177
2025-12-09,ST21,SKU01234,1,1.9337308
2025-12-09,ST05,SKU01235,3,1.8751949
2025-12-09,ST20,SKU01239,1,1.7681518
2025-12-09,ST18,SKU01245,3,1.827921
2025-12-09,ST25,SKU01249,2,1.8160876
2025-12-09,ST16,SKU01255,1,1.8438108
2025-12-09,ST17,SKU01261,2,1.8644537
2025-12-09,ST09,SKU01274,1,1.8730662
2025-12-09,ST27,SKU01278,2,1.8344804
2025-12-09,ST17,SKU01280,2,1.8824863
2025-12-09,ST11,SKU01285,2,1.8673366
2025-12-09,ST03,SKU01293,1,1.8978653
2025-12-09,ST27,SKU01294,2,1.8259519
2025-12-09,ST19,SKU01297,2,1.9475024
2025-12-09,ST27,SKU01299,1,1.8802922
2025-12-09,ST06,SKU01314,1,1.8356428
2025-12-09,ST28,SKU01315,2,1.8530253
2025-12-09,ST23,SKU01317,2,1.7011979
2025-12-09,ST09,SKU01322,1,1.9036819
2025-12-09,ST22,SKU01336,3,1.7817143
2025-12-09,ST09,SKU01355,2,1.8920425
2025-12-09,ST04,SKU01356,1,1.851214
2025-12-09,ST03,SKU01359,1,1.8807447
2025-12-09,ST13,SKU01363,1,1.7746834
2025-12-09,ST08,SKU01365,1,1.9647832
2025-12-09,ST27,SKU01367,1,1.8917326
2025-12-09,ST07,SKU01370,1,1.8685186
2025-12-09,ST11,SKU01371,1,1.7185265
2025-12-09,ST17,SKU01379,2,1.8940779
2025-12-09,ST15,SKU01414,3,1.9048318
2025-12-09,ST17,SKU01415,2,1.8569449
2025-12-09,ST14,SKU01422,1,1.9733315
2025-12-09,ST07,SKU01433,2,1.9116806
2025-12-09,ST05,SKU01438,2,1.911156
2025-12-09,ST01,SKU01440,1,1.8667223
2025-12-09,ST22,SKU01458,1,1.8495681
2025-12-09,ST04,SKU01466,2,1.8128867
2025-12-09,ST21,SKU01468,1,1.9200475
2025-12-09,ST30,SKU01470,3,1.8849254
2025-12-09,ST16,SKU01482,1,2.0182104
2025-12-09,ST29,SKU01484,1,1.8529452
2025-12-09,ST30,SKU01490,2,1.8799528
2025-12-09,ST18,SKU01492,3,1.8727394
2025-12-09,ST28,SKU01496,3,1.9287368
2025-12-09,ST06,SKU01507,5,1.8408262
2025-12-09,ST27,SKU01510,1,1.854619
2025-12-09,ST06,SKU01514,4,1.8854127
2025-12-09,ST20,SKU01521,1,1.8589666
2025-12-09,ST20,SKU01526,1,1.7978603
2025-12-09,ST30,SKU01536,1,1.9311776
2025-12-09,ST08,SKU01545,4,1.9055586
2025-12-09,ST04,SKU01546,2,1.8562679
2025-12-09,ST16,SKU01547,1,1.9728826
2025-12-09,ST29,SKU01555,1,1.867735
2025-12-09,ST02,SKU01578,1,1.8698405
2025-12-09,ST28,SKU01589,1,1.8327507
2025-12-09,ST15,SKU01596,1,1.9226885
2025-12-09,ST26,SKU01598,1,1.8949043
2025-12-09,ST12,SKU01603,1,1.8381352
2025-12-09,ST21,SKU01609,1,1.8431563
2025-12-09,ST18,SKU01613,1,1.9003114
2025-12-09,ST07,SKU01614,5,1.8460253
2025-12-09,ST29,SKU01622,2,1.8907368
2025-12-09,ST05,SKU01629,3,1.8860868
2025-12-09,ST18,SKU01634,3,1.8906336
2025-12-09,ST22,SKU01638,2,1.908266
2025-12-09,ST03,SKU01644,3,1.8638241
2025-12-09,ST04,SKU01656,1,1.852528
2025-12-09,ST20,SKU01658,1,1.777491
2025-12-09,ST05,SKU01660,4,1.8023525
2025-12-09,ST15,SKU01661,2,1.8844227
2025-12-09,ST13,SKU01662,1,1.9836333
2025-12-09,ST30,SKU01669,5,1.9074916
2025-12-09,ST24,SKU01690,1,1.8317387
2025-12-09,ST17,SKU01702,1,1.8653332
2025-12-09,ST29,SKU01713,3,1.9205405
2025-12-09,ST10,SKU01714,3,1.8321263
2025-12-09,ST11,SKU01730,3,1.9001783
2025-12-09,ST17,SKU01731,1,1.8712567
2025-12-09,ST02,SKU01732,1,1.9025224
2025-12-09,ST27,SKU01746,1,1.9955214
2025-12-09,ST18,SKU01762,2,1.8644941
2025-12-09,ST08,SKU01765,2,1.9016054
2025-12-09,ST27,SKU01775,1,1.894211
2025-12-09,ST15,SKU01782,1,1.8866175
2025-12-09,ST28,SKU01784,2,1.7638599
2025-12-09,ST15,SKU01787,2,1.8623726
2025-12-09,ST29,SKU01802,2,1.9186755
2025-12-09,ST08,SKU01815,1,1.9095384
2025-12-09,ST03,SKU01819,3,1.8568138
2025-12-09,ST06,SKU01823,4,3.7580059
2025-12-09,ST07,SKU01827,3,1.7947166
2025-12-09,ST29,SKU01828,4,1.8524524
2025-12-09,ST06,SKU01836,1,1.8881078
2025-12-09,ST22,SKU01837,2,1.8586695
2025-12-09,ST20,SKU01839,2,1.8759035
2025-12-09,ST22,SKU01852,1,1.9042671
2025-12-09,ST13,SKU01856,3,1.8514152
2025-12-09,ST24,SKU01857,3,1.9026473
2025-12-09,ST17,SKU01865,2,1.9043212
2025-12-09,ST28,SKU01868,3,1.898226
2025-12-09,ST25,SKU01870,1,1.7729948
2025-12-09,ST05,SKU01879,1,1.8590046
2025-12-09,ST22,SKU01882,2,1.8345929
2025-12-09,ST29,SKU01885,1,1.8664895
2025-12-09,ST27,SKU01890,1,1.9214761
2025-12-09,ST27,SKU01918,1,1.8718036
2025-12-09,ST06,SKU01922,4,1.878664
2025-12-09,ST09,SKU01929,1,1.7642769
2025-12-09,ST27,SKU01933,1,1.8439445
2025-12-09,ST19,SKU01938,1,1.9356804
2025-12-09,ST20,SKU01953,1,1.8266023
2025-12-09,ST20,SKU01967,1,1.8775916
2025-12-09,ST26,SKU01972,2,1.8850026
2025-12-09,ST05,SKU01984,3,1.8453217
2025-12-09,ST30,SKU01990,3,1.8317884
2025-12-09,ST13,SKU01993,1,1.7951227
2025-12-09,ST11,SKU02003,3,1.8484318
2025-12-09,ST04,SKU02008,5,1.8645641
2025-12-09,ST27,SKU02018,1,1.8996483
2025-12-09,ST13,SKU02022,1,1.8383868
2025-12-09,ST10,SKU02028,1,1.914925
2025-12-09,ST15,SKU02033,2,1.8487712
2025-12-09,ST30,SKU02034,1,1.8531798
2025-12-09,ST08,SKU02047,3,1.8625231
2025-12-09,ST14,SKU02048,1,1.8739502
2025-12-09,ST08,SKU02052,2,1.8761029
2025-12-09,ST30,SKU02054,2,1.9268702
2025-12-09,ST30,SKU02056,1,1.858233
2025-12-09,ST18,SKU02068,3,1.9166584
2025-12-09,ST16,SKU02071,1,2.0618634
2025-12-09,ST11,SKU02077,1,1.917023
2025-12-09,ST27,SKU02087,2,2.0064292
2025-12-09,ST14,SKU02088,1,1.6972474
2025-12-09,ST23,SKU02090,1,1.8849512
2025-12-09,ST03,SKU02091,2,1.9218102
2025-12-09,ST28,SKU02093,1,1.9256078
2025-12-09,ST07,SKU02098,3,1.8357273
2025-12-09,ST04,SKU02100,1,1.8646767
2025-12-09,ST07,SKU02105,1,1.8194363
2025-12-09,ST12,SKU02117,1,1.963705
2025-12-09,ST14,SKU02118,1,1.8808371
2025-12-09,ST21,SKU02132,3,1.8875943
2025-12-09,ST22,SKU02141,2,3.698382
2025-12-09,ST12,SKU02145,1,1.8717668
2025-12-09,ST21,SKU02146,3,1.9284642
2025-12-09,ST07,SKU02167,1,1.9248031
2025-12-09,ST19,SKU02176,2,1.948253
2025-12-09,ST06,SKU02187,2,1.9252514
2025-12-09,ST06,SKU02191,1,1.9249738
2025-12-09,ST09,SKU02196,1,1.881411
2025-12-09,ST25,SKU02198,4,1.9180743
2025-12-09,ST13,SKU02213,1,1.8968902
2025-12-09,ST01,SKU02217,2,1.9227549
2025-12-09,ST16,SKU02233,1,1.8776826
2025-12-09,ST22,SKU02239,3,1.8977332
2025-12-09,ST22,SKU02247,4,1.9035615
2025-12-09,ST20,SKU02255,2,1.8814896
2025-12-09,ST03,SKU02265,2,1.8985877
2025-12-09,ST10,SKU02268,1,1.908354
2025-12-09,ST18,SKU02283,4,1.8097018
2025-12-09,ST30,SKU02285,4,1.9282357
2025-12-09,ST03,SKU02296,4,1.8700433
2025-12-09,ST29,SKU02304,1,1.8493601
2025-12-09,ST06,SKU02306,1,1.8024333
2025-12-09,ST11,SKU02310,4,1.8789582
2025-12-09,ST20,SKU02311,2,1.8419087
2025-12-09,ST28,SKU02312,2,1.9049419
2025-12-09,ST02,SKU02318,3,1.8822318
2025-12-09,ST22,SKU02322,2,1.8590263
2025-12-09,ST17,SKU02330,2,1.9005191
2025-12-09,ST20,SKU02333,1,1.8815657
2025-12-09,ST29,SKU02334,2,1.8919417
2025-12-09,ST13,SKU02335,1,1.9699528
2025-12-09,ST29,SKU02340,1,1.8539624
2025-12-09,ST16,SKU02354,1,2.0012445
2025-12-09,ST19,SKU02362,1,1.957439
2025-12-09,ST17,SKU02368,2,1.9090241
2025-12-09,ST14,SKU02381,1,1.8448169
2025-12-09,ST02,SKU02382,1,1.9895077
2025-12-09,ST18,SKU02391,4,1.81424
2025-12-09,ST25,SKU02400,3,1.8921002
2025-12-09,ST21,SKU02404,2,1.7818036
2025-12-09,ST17,SKU02415,2,1.6409595
2025-12-09,ST30,SKU02449,1,1.9957167
2025-12-09,ST30,SKU02463,1,1.9275868
2025-12-09,ST18,SKU02468,3,1.8277164
2025-12-09,ST09,SKU02470,1,1.8247979
2025-12-09,ST19,SKU02482,4,1.8659807
2025-12-09,ST13,SKU02483,2,1.8612204
2025-12-09,ST20,SKU02488,2,1.9992338
2025-12-09,ST21,SKU02495,1,1.8513831
2025-12-09,ST28,SKU02503,1,1.849887
2025-12-09,ST04,SKU02522,1,1.9189123
2025-12-09,ST18,SKU02528,1,1.7832526
2025-12-09,ST20,SKU02532,2,1.8651495
2025-12-09,ST05,SKU02536,5,1.8646941
2025-12-09,ST20,SKU02537,1,1.8532059
2025-12-09,ST29,SKU02543,2,1.8948257
2025-12-09,ST13,SKU02544,2,1.890076
2025-12-09,ST17,SKU02547,2,1.8961064
2025-12-09,ST17,SKU02549,1,1.9202744
2025-12-09,ST29,SKU02554,1,1.8622493
2025-12-09,ST27,SKU02568,2,1.8789437
2025-12-09,ST26,SKU02569,1,1.8880903
2025-12-09,ST17,SKU02580,5,1.8509246
2025-12-09,ST27,SKU02591,3,1.8611995
2025-12-09,ST11,SKU02596,2,1.9111792
2025-12-09,ST05,SKU02609,1,1.9195887
2025-12-09,ST04,SKU02611,1,1.88418
2025-12-09,ST21,SKU02613,2,1.8568125
2025-12-09,ST19,SKU02638,3,1.8703195
2025-12-09,ST30,SKU02655,1,1.7593027
2025-12-09,ST27,SKU02657,3,1.9915617
2025-12-09,ST15,SKU02660,4,1.8131682
2025-12-09,ST17,SKU02663,3,1.8226948
2025-12-09,ST19,SKU02665,1,1.9075195
2025-12-09,ST30,SKU02683,2,2.084086
2025-12-09,ST20,SKU02686,1,1.862534
2025-12-09,ST15,SKU02691,2,1.8654274
2025-12-09,ST08,SKU02692,2,3.7940643
2025-12-09,ST18,SKU02701,3,1.8402265
2025-12-09,ST28,SKU02711,1,1.8739717
2025-12-09,ST29,SKU02714,1,1.8403674
2025-12-09,ST27,SKU02717,1,1.791663
2025-12-09,ST02,SKU02732,1,1.8425537
2025-12-09,ST11,SKU02733,3,1.8914738
2025-12-09,ST28,SKU02734,2,1.863826
2025-12-09,ST05,SKU02736,3,1.9050748
2025-12-09,ST29,SKU02737,2,1.9222127
2025-12-09,ST30,SKU02740,1,1.9498104
2025-12-09,ST06,SKU02747,2,1.8562245
2025-12-09,ST10,SKU02750,2,1.832695
2025-12-09,ST20,SKU02751,2,1.800225
2025-12-09,ST03,SKU02776,1,1.8653126
2025-12-09,ST11,SKU02785,1,1.8484064
2025-12-09,ST20,SKU02786,4,1.8198524
2025-12-09,ST09,SKU02790,1,1.8705293
2025-12-09,ST20,SKU02795,2,1.8552971
2025-12-09,ST06,SKU02813,3,1.8484106
2025-12-09,ST30,SKU02816,5,1.7767658
2025-12-09,ST22,SKU02817,3,1.9193257
2025-12-09,ST24,SKU02819,1,1.8607036
2025-12-09,ST09,SKU02820,1,1.8428159
2025-12-09,ST09,SKU02831,2,1.9254851
2025-12-09,ST29,SKU02833,4,1.7149963
2025-12-09,ST22,SKU02839,1,1.9130346
2025-12-09,ST28,SKU02840,3,2.1124532
2025-12-09,ST28,SKU02847,2,1.9080987
2025-12-09,ST07,SKU02848,2,1.8476549
2025-12-09,ST27,SKU02850,2,1.9618889
2025-12-09,ST22,SKU02858,4,3.4268565
2025-12-09,ST14,SKU02883,2,1.9527723
2025-12-09,ST14,SKU02892,2,1.8860282
2025-12-09,ST29,SKU02894,1,1.853279
2025-12-09,ST06,SKU02899,2,1.841696
2025-12-09,ST02,SKU02908,3,1.8767527
2025-12-09,ST10,SKU02918,2,1.8441948
2025-12-09,ST13,SKU02923,1,1.8717475
2025-12-09,ST17,SKU02930,4,1.8213198
2025-12-09,ST26,SKU02946,3,1.8779548
2025-12-09,ST07,SKU02950,4,3.6433227
2025-12-09,ST27,SKU02952,1,1.8589321
2025-12-09,ST26,SKU02954,1,1.9839365
2025-12-09,ST21,SKU02960,1,1.7645949
2025-12-09,ST10,SKU02961,1,1.9865463
2025-12-09,ST30,SKU02968,1,1.8827332
2025-12-09,ST03,SKU02972,3,1.9137856
2025-12-09,ST25,SKU02973,1,1.9198529
2025-12-09,ST20,SKU02977,1,1.8973658
2025-12-09,ST30,SKU02986,1,1.8532534
2025-12-09,ST10,SKU02993,2,1.846501
2025-12-09,ST18,SKU03002,2,1.9162878
2025-12-09,ST29,SKU03009,2,1.7506828
2025-12-09,ST18,SKU03022,3,1.86224
2025-12-09,ST30,SKU03030,1,1.7659892
2025-12-09,ST28,SKU03047,1,1.8883513
2025-12-09,ST05,SKU03052,3,1.9803665
2025-12-09,ST30,SKU03053,1,1.8460994
2025-12-09,ST08,SKU03055,1,1.9364144
2025-12-09,ST06,SKU03057,1,2.00392
2025-12-09,ST19,SKU03058,1,1.7610245
2025-12-09,ST01,SKU03064,1,1.952461
2025-12-09,ST16,SKU03077,3,1.8523725
2025-12-09,ST08,SKU03088,1,1.8879207
2025-12-09,ST22,SKU03098,1,1.8716984
2025-12-09,ST01,SKU03100,3,1.8967528
2025-12-09,ST18,SKU03102,2,1.900703
2025-12-09,ST14,SKU03111,2,1.8914931
2025-12-09,ST03,SKU03119,1,1.837428
2025-12-09,ST09,SKU03133,2,1.8917077
2025-12-09,ST26,SKU03144,2,1.8895802
2025-12-09,ST08,SKU03159,2,1.8796412
2025-12-09,ST15,SKU03163,2,1.862014
2025-12-09,ST03,SKU03164,1,1.8285432
2025-12-09,ST29,SKU03170,1,1.8641658
2025-12-09,ST27,SKU03176,1,1.8917528
2025-12-09,ST06,SKU03184,1,1.8674464
2025-12-09,ST03,SKU03186,2,1.7750899
2025-12-09,ST19,SKU03187,1,1.6617734
2025-12-09,ST21,SKU03190,1,1.7275832
2025-12-09,ST19,SKU03194,3,1.8967316
2025-12-09,ST30,SKU03196,3,1.8816078
2025-12-09,ST03,SKU03199,1,1.8658919
2025-12-09,ST27,SKU03201,1,1.7728051
2025-12-09,ST05,SKU03208,3,1.8843606
2025-12-09,ST23,SKU03222,1,1.8528454
2025-12-09,ST17,SKU03225,1,1.7701129
2025-12-09,ST23,SKU03228,2,1.8361605
2025-12-09,ST22,SKU03230,1,1.8770711
2025-12-09,ST22,SKU03240,2,1.9608798
2025-12-09,ST28,SKU03242,3,3.661767
2025-12-09,ST07,SKU03247,1,1.8409573
2025-12-09,ST09,SKU03252,1,1.9009588
2025-12-09,ST27,SKU03257,3,1.8573122
2025-12-09,ST29,SKU03259,1,1.8029448
2025-12-09,ST07,SKU03276,1,1.8805543
2025-12-09,ST05,SKU03278,1,1.8696644
2025-12-09,ST15,SKU03285,1,1.9960154
2025-12-09,ST10,SKU03290,1,1.8781692
2025-12-09,ST29,SKU03292,1,2.001048
2025-12-09,ST27,SKU03300,3,1.8960811
2025-12-09,ST28,SKU03302,1,1.7701766
2025-12-09,ST13,SKU03309,2,2.1777692
2025-12-09,ST10,SKU03314,1,1.8978673
2025-12-09,ST09,SKU03324,1,1.8686638
2025-12-09,ST27,SKU03331,1,1.8544748
2025-12-09,ST09,SKU03339,3,1.8420056
2025-12-09,ST29,SKU03340,1,1.8902633
2025-12-09,ST02,SKU03358,1,1.8480525
2025-12-09,ST22,SKU03360,2,1.8317745
2025-12-09,ST30,SKU03368,3,1.8327901
2025-12-09,ST11,SKU03385,1,1.6860325
2025-12-09,ST15,SKU03418,1,1.87148
2025-12-09,ST13,SKU03423,1,1.9003693
2025-12-09,ST20,SKU03425,4,1.8874282
2025-12-09,ST11,SKU03429,1,1.8587415
2025-12-09,ST27,SKU03437,1,1.9537709
2025-12-09,ST20,SKU03445,1,1.908149
2025-12-09,ST23,SKU03449,1,1.8844512
2025-12-09,ST22,SKU03452,2,1.8962419
2025-12-09,ST06,SKU03453,1,1.8786598
2025-12-09,ST08,SKU03461,1,1.8623797
2025-12-09,ST22,SKU03463,4,1.855954
2025-12-09,ST03,SKU03464,3,1.9244937
2025-12-09,ST16,SKU03482,1,1.9098285
2025-12-09,ST18,SKU03491,1,1.8962432
2025-12-09,ST29,SKU03510,1,1.9379321
2025-12-09,ST09,SKU03513,5,1.8750476
2025-12-09,ST13,SKU03519,2,1.8064697
2025-12-09,ST30,SKU03524,2,1.88818
2025-12-09,ST28,SKU03526,1,1.8742634
2025-12-09,ST28,SKU03535,1,1.8566177
2025-12-09,ST21,SKU03544,1,1.8935645
2025-12-09,ST10,SKU03545,3,1.8978223
2025-12-09,ST05,SKU03560,2,2.2349143
2025-12-09,ST06,SKU03569,3,1.9944621
2025-12-09,ST13,SKU03571,1,1.8344812
2025-12-09,ST03,SKU03572,2,1.8568196
2025-12-09,ST08,SKU03574,1,1.6913352
2025-12-09,ST26,SKU03578,2,1.8917931
2025-12-09,ST20,SKU03586,1,1.8661666
2025-12-09,ST04,SKU03587,1,1.9601567
2025-12-09,ST18,SKU03611,1,1.7876779
2025-12-09,ST06,SKU03617,2,1.8259307
2025-12-09,ST21,SKU03625,1,1.86548
2025-12-09,ST22,SKU03633,2,1.8292482
2025-12-09,ST22,SKU03642,3,1.8585303
2025-12-09,ST20,SKU03668,1,1.907558
2025-12-09,ST26,SKU03700,1,1.790341
2025-12-09,ST30,SKU03702,1,1.8597745
2025-12-09,ST09,SKU03706,1,1.8281993
2025-12-09,ST22,SKU03716,3,1.8116944
2025-12-09,ST25,SKU03717,3,1.9323575
2025-12-09,ST19,SKU03722,2,1.8962291
2025-12-09,ST26,SKU03727,2,1.7641578
2025-12-09,ST04,SKU03733,1,1.8418305
2025-12-09,ST20,SKU03738,1,1.8898164
2025-12-09,ST09,SKU03741,1,2.4030216
2025-12-09,ST19,SKU03743,3,1.9343444
2025-12-09,ST07,SKU03745,2,1.865831
2025-12-09,ST20,SKU03749,3,1.922196
2025-12-09,ST14,SKU03750,4,1.8332723
2025-12-09,ST07,SKU03753,1,1.8524144
2025-12-09,ST25,SKU03793,1,1.8355936
2025-12-09,ST07,SKU03800,2,1.8652666
2025-12-09,ST21,SKU03827,3,1.8827778
2025-12-09,ST09,SKU03830,1,1.8869292
2025-12-09,ST23,SKU03836,3,1.9067427
2025-12-09,ST15,SKU03838,1,1.8907449
2025-12-09,ST23,SKU03840,2,1.9083328
2025-12-09,ST23,SKU03851,1,1.9032356
2025-12-09,ST14,SKU03878,2,1.7232184
2025-12-09,ST18,SKU03887,2,1.8979886
2025-12-09,ST04,SKU03889,1,1.861677
2025-12-09,ST05,SKU03890,2,2.05615
2025-12-09,ST22,SKU03891,1,1.85716
2025-12-09,ST22,SKU03893,3,1.9979198
2025-12-09,ST03,SKU03901,1,1.9979625
2025-12-09,ST19,SKU03907,4,1.7881404
2025-12-09,ST30,SKU03911,2,1.8671802
2025-12-09,ST10,SKU03916,3,1.8362381
2025-12-09,ST09,SKU03927,2,1.8512775
2025-12-09,ST18,SKU03930,5,1.9013741
2025-12-09,ST09,SKU03937,1,1.911665
2025-12-09,ST18,SKU03943,1,1.8985629
2025-12-09,ST19,SKU03949,2,1.8591727
2025-12-09,ST22,SKU03962,4,1.8391619
2025-12-09,ST24,SKU03969,1,1.852582
2025-12-09,ST20,SKU03981,1,1.8977035
2025-12-09,ST09,SKU04007,1,1.9158722
2025-12-09,ST21,SKU04010,1,1.8295286
2025-12-09,ST07,SKU04026,1,1.7981482
2025-12-09,ST27,SKU04030,1,1.8330892
2025-12-09,ST17,SKU04031,2,1.8075883
2025-12-09,ST01,SKU04032,2,1.8041542
2025-12-09,ST10,SKU04038,2,1.8527453
2025-12-09,ST04,SKU04040,2,1.8235792
2025-12-09,ST23,SKU04053,1,1.6850506
2025-12-09,ST12,SKU04063,2,2.0590365
2025-12-09,ST09,SKU04065,2,1.9634674
2025-12-09,ST29,SKU04070,1,1.8169247
2025-12-09,ST05,SKU04080,1,1.928577
2025-12-09,ST06,SKU04084,1,1.6697915
2025-12-09,ST22,SKU04091,2,1.8719293
2025-12-09,ST19,SKU04099,4,1.9304684
2025-12-09,ST19,SKU04105,2,1.9738023
2025-12-09,ST07,SKU04121,1,1.8985231
2025-12-09,ST22,SKU04126,1,1.8355856
2025-12-09,ST06,SKU04130,2,1.8569515
2025-12-09,ST25,SKU04133,4,1.8302886
2025-12-09,ST30,SKU04134,3,1.8245856
2025-12-09,ST20,SKU04151,1,1.9135507
2025-12-09,ST29,SKU04154,1,1.7170544
2025-12-09,ST16,SKU04155,2,1.8558565
2025-12-09,ST22,SKU04157,2,1.8867425
2025-12-09,ST10,SKU04159,1,2.0563917
2025-12-09,ST27,SKU04161,1,1.8976862
2025-12-09,ST25,SKU04166,2,1.9004126
2025-12-09,ST02,SKU04173,1,1.8769945
2025-12-09,ST08,SKU04188,1,1.8721641
2025-12-09,ST10,SKU04189,3,1.7870743
2025-12-09,ST21,SKU04191,1,1.8610976
2025-12-09,ST17,SKU04193,1,1.84691
2025-12-09,ST08,SKU04197,1,1.9052379
2025-12-09,ST26,SKU04203,3,1.9524959
2025-12-09,ST06,SKU04211,1,1.8410066
2025-12-09,ST13,SKU04222,2,1.595171
2025-12-09,ST09,SKU04223,1,1.8508987
2025-12-09,ST30,SKU04234,3,1.8410214
2025-12-09,ST06,SKU04242,1,1.9062884
2025-12-09,ST18,SKU04246,2,1.8901374
2025-12-09,ST14,SKU04247,3,1.8375862
2025-12-09,ST11,SKU04264,1,2.1373372
2025-12-09,ST21,SKU04267,1,1.8185486
2025-12-09,ST13,SKU04272,1,1.866502
2025-12-09,ST24,SKU04283,1,1.9062575
2025-12-09,ST09,SKU04286,2,1.7468952
2025-12-09,ST06,SKU04299,3,1.9119203
2025-12-09,ST08,SKU04302,1,1.889923
2025-12-09,ST14,SKU04305,1,1.8309252
2025-12-09,ST13,SKU04307,1,1.875766
2025-12-09,ST25,SKU04312,1,1.7470942
2025-12-09,ST20,SKU04315,1,1.8527001
2025-12-09,ST03,SKU04318,3,1.8689706
2025-12-09,ST30,SKU04321,3,4.6240463
2025-12-09,ST22,SKU04329,3,2.0175765
2025-12-09,ST08,SKU04334,3,1.8055575
2025-12-09,ST06,SKU04341,2,1.8431333
2025-12-09,ST15,SKU04343,3,1.8715738
2025-12-09,ST06,SKU04348,4,1.8729894
2025-12-09,ST03,SKU04350,3,1.9943001
2025-12-09,ST30,SKU04362,1,1.8749843
2025-12-09,ST23,SKU04373,1,1.9203291
2025-12-09,ST18,SKU04375,2,1.9197108
2025-12-09,ST28,SKU04380,2,1.8921236
2025-12-09,ST26,SKU04388,2,1.8130515
2025-12-09,ST16,SKU04397,1,1.8512346
2025-12-09,ST13,SKU04408,1,1.8792992
2025-12-09,ST25,SKU04412,1,1.8669829
2025-12-09,ST17,SKU04416,1,1.8717817
2025-12-09,ST20,SKU04423,1,1.888568
2025-12-09,ST07,SKU04430,1,1.8118991
2025-12-09,ST20,SKU04433,1,1.8343121
2025-12-09,ST29,SKU04441,5,2.053632
2025-12-09,ST13,SKU04444,1,1.8847669
2025-12-09,ST08,SKU04450,1,1.8375539
2025-12-09,ST14,SKU04453,1,1.8934069
2025-12-09,ST26,SKU04456,2,1.8759135
2025-12-09,ST21,SKU04461,1,1.8615006
2025-12-09,ST26,SKU04483,2,1.8336034
2025-12-09,ST05,SKU04489,3,1.8658154
2025-12-09,ST28,SKU04508,2,2.0000222
2025-12-09,ST23,SKU04521,1,1.8592288
2025-12-09,ST24,SKU04539,3,1.8413556
2025-12-09,ST24,SKU04548,1,1.8943185
2025-12-09,ST06,SKU04556,1,1.875366
2025-12-09,ST01,SKU04560,2,1.8681096
2025-12-09,ST02,SKU04562,1,1.8710485
2025-12-09,ST15,SKU04563,3,1.8793845
2025-12-09,ST30,SKU04571,1,2.083859
2025-12-09,ST27,SKU04574,2,1.923279
2025-12-09,ST18,SKU04579,2,1.8388424
2025-12-09,ST30,SKU04582,1,1.9997622
2025-12-09,ST15,SKU04592,1,1.9433621
2025-12-09,ST25,SKU04596,2,1.8960217
2025-12-09,ST17,SKU04604,1,1.8230914
2025-12-09,ST05,SKU04626,4,1.8980942
2025-12-09,ST20,SKU04627,2,1.8613043
2025-12-09,ST22,SKU04629,1,1.83963
2025-12-09,ST03,SKU04633,2,1.9231634
2025-12-09,ST03,SKU04644,1,1.8428755
2025-12-09,ST15,SKU04646,2,1.8875679
2025-12-09,ST21,SKU04663,1,1.722178
2025-12-09,ST22,SKU04681,4,1.8241755
2025-12-09,ST17,SKU04686,2,1.8974154
2025-12-09,ST06,SKU04689,2,1.9035393
2025-12-09,ST28,SKU04702,2,1.9287112
2025-12-09,ST28,SKU04708,1,1.814957
2025-12-09,ST22,SKU04710,2,1.878974
2025-12-09,ST05,SKU04713,1,1.7854354
2025-12-09,ST13,SKU04718,3,2.1051903
2025-12-09,ST16,SKU04734,4,1.9209852
2025-12-09,ST22,SKU04736,3,1.8627003
2025-12-09,ST16,SKU04740,2,1.8854438
2025-12-09,ST26,SKU04754,3,1.8993064
2025-12-09,ST20,SKU04756,2,1.829342
2025-12-09,ST05,SKU04786,1,1.8841604
2025-12-09,ST17,SKU04795,3,1.7377784
2025-12-09,ST05,SKU04800,1,1.869069
2025-12-09,ST11,SKU04821,2,1.8251318
2025-12-09,ST30,SKU04830,4,1.9173373
2025-12-09,ST22,SKU04832,3,1.8427181
2025-12-09,ST10,SKU04840,1,1.8835635
2025-12-09,ST29,SKU04858,1,1.8438871
2025-12-09,ST29,SKU04859,1,1.8430716
2025-12-09,ST13,SKU04866,1,1.9133388
2025-12-09,ST10,SKU04868,3,1.8821522
2025-12-09,ST09,SKU04872,2,1.7024155
2025-12-09,ST14,SKU04876,3,1.8816541
2025-12-09,ST03,SKU04898,4,1.858406
2025-12-09,ST22,SKU04906,1,1.813494
2025-12-09,ST05,SKU04907,2,1.8672384
2025-12-09,ST21,SKU04926,3,2.019861
2025-12-09,ST22,SKU04943,1,1.8639717
2025-12-09,ST08,SKU04945,1,1.7940681
2025-12-09,ST24,SKU04954,5,1.9074534
2025-12-09,ST01,SKU04960,1,1.8996788
2025-12-09,ST30,SKU04964,2,1.8801224
2025-12-09,ST10,SKU04966,3,1.9338366
2025-12-09,ST25,SKU04973,1,1.7784446
2025-12-09,ST14,SKU04975,4,1.9105036
2025-12-09,ST17,SKU04976,3,1.8444006
2025-12-09,ST11,SKU04979,2,1.8148223
2025-12-09,ST16,SKU04984,3,1.927764
2025-12-09,ST23,SKU04993,2,1.8622944
2025-12-10,ST21,SKU00002,3,2.1444855
2025-12-10,ST02,SKU00004,1,1.9208958
2025-12-10,ST05,SKU00016,1,1.9533453
2025-12-10,ST06,SKU00023,1,2.0319235
2025-12-10,ST19,SKU00029,1,1.907588
2025-12-10,ST19,SKU00032,2,1.8338286
2025-12-10,ST13,SKU00036,1,1.870526
2025-12-10,ST26,SKU00051,2,1.9141976
2025-12-10,ST17,SKU00056,1,1.8833585
2025-12-10,ST20,SKU00062,5,1.8737414
2025-12-10,ST09,SKU00069,1,1.9766262
2025-12-10,ST10,SKU00073,1,1.8321941
2025-12-10,ST06,SKU00075,2,2.019621
2025-12-10,ST11,SKU00079,3,1.8691151
2025-12-10,ST14,SKU00080,2,1.830946
2025-12-10,ST14,SKU00104,3,1.8742453
2025-12-10,ST06,SKU00105,2,1.8689622
2025-12-10,ST27,SKU00107,1,2.0435333
2025-12-10,ST14,SKU00125,1,1.8682749
2025-12-10,ST22,SKU00128,2,1.8920394
2025-12-10,ST30,SKU00129,1,1.9011987
2025-12-10,ST22,SKU00137,1,1.8706446
2025-12-10,ST29,SKU00149,2,1.9312717
2025-12-10,ST08,SKU00167,5,1.8783886
2025-12-10,ST19,SKU00169,1,1.7795268
2025-12-10,ST29,SKU00175,1,1.8357608
2025-12-10,ST08,SKU00180,4,1.8607283
2025-12-10,ST21,SKU00190,1,2.065563
2025-12-10,ST29,SKU00191,5,1.8551977
2025-12-10,ST21,SKU00193,2,1.8597567
2025-12-10,ST03,SKU00194,1,1.8907754
2025-12-10,ST23,SKU00207,2,2.0670042
2025-12-10,ST07,SKU00214,1,1.8290306
2025-12-10,ST27,SKU00216,2,1.9223793
2025-12-10,ST22,SKU00239,3,1.8621858
2025-12-10,ST30,SKU00255,1,2.1173751
2025-12-10,ST04,SKU00259,1,1.7922003
2025-12-10,ST21,SKU00264,1,1.8689784
2025-12-10,ST03,SKU00265,2,1.8797559
2025-12-10,ST27,SKU00273,3,1.8962274
2025-12-10,ST28,SKU00286,3,1.746856
2025-12-10,ST05,SKU00287,1,1.8465446
2025-12-10,ST05,SKU00300,4,1.853378
2025-12-10,ST07,SKU00317,1,1.9228008
2025-12-10,ST11,SKU00327,4,1.891703
2025-12-10,ST03,SKU00328,1,1.8242804
2025-12-10,ST07,SKU00333,2,1.8939722
2025-12-10,ST03,SKU00336,2,1.7732044
2025-12-10,ST17,SKU00338,1,1.823001
2025-12-10,ST04,SKU00363,1,2.0639145
2025-12-10,ST30,SKU00370,1,1.8812864
2025-12-10,ST06,SKU00373,3,1.907469
2025-12-10,ST27,SKU00376,2,1.8133006
2025-12-10,ST23,SKU00378,1,1.8718328
2025-12-10,ST16,SKU00383,2,1.9719576
2025-12-10,ST30,SKU00386,4,1.8749789
2025-12-10,ST08,SKU00388,3,1.7759839
2025-12-10,ST30,SKU00396,2,1.8906235
2025-12-10,ST28,SKU00400,2,1.874567
2025-12-10,ST20,SKU00404,1,1.8922571
2025-12-10,ST07,SKU00405,3,1.93597
2025-12-10,ST12,SKU00408,2,1.9021689
2025-12-10,ST16,SKU00414,4,1.9005721
2025-12-10,ST15,SKU00416,1,1.9823582
2025-12-10,ST20,SKU00418,3,1.7961484
2025-12-10,ST19,SKU00422,1,1.840563
2025-12-10,ST05,SKU00428,2,1.8807176
2025-12-10,ST19,SKU00450,4,1.8286173
2025-12-10,ST05,SKU00460,1,2.0627446
2025-12-10,ST09,SKU00462,1,1.8582462
2025-12-10,ST07,SKU00467,1,1.8605397
2025-12-10,ST05,SKU00472,1,1.8513408
2025-12-10,ST28,SKU00479,4,1.860598
2025-12-10,ST25,SKU00482,1,1.9248317
2025-12-10,ST20,SKU00500,3,1.8745346
2025-12-10,ST21,SKU00506,2,1.9163996
2025-12-10,ST21,SKU00516,4,2.1309829
2025-12-10,ST03,SKU00518,3,1.8832283
2025-12-10,ST23,SKU00523,1,1.8297107
2025-12-10,ST25,SKU00539,2,1.9030042
2025-12-10,ST29,SKU00540,1,1.7725351
2025-12-10,ST11,SKU00563,4,1.9325502
2025-12-10,ST07,SKU00566,1,1.7420839
2025-12-10,ST05,SKU00567,1,1.8715761
2025-12-10,ST29,SKU00569,2,2.0441194
2025-12-10,ST22,SKU00576,1,1.8762484
2025-12-10,ST22,SKU00595,4,1.8649244
2025-12-10,ST25,SKU00601,3,1.8616326
2025-12-10,ST27,SKU00613,5,1.7916514
2025-12-10,ST30,SKU00620,1,1.8603061
2025-12-10,ST23,SKU00630,2,1.8133967
2025-12-10,ST09,SKU00635,3,1.8900937
2025-12-10,ST09,SKU00670,1,1.9325557
2025-12-10,ST16,SKU00677,1,1.8954804
2025-12-10,ST22,SKU00683,1,1.9261441
2025-12-10,ST24,SKU00684,1,1.8821615
2025-12-10,ST17,SKU00685,1,1.9712741
2025-12-10,ST21,SKU00687,1,1.9948968
2025-12-10,ST16,SKU00693,1,1.8902097
2025-12-10,ST29,SKU00695,1,1.889748
2025-12-10,ST14,SKU00702,2,1.8853145
2025-12-10,ST06,SKU00714,1,1.9042525
2025-12-10,ST25,SKU00716,1,1.8588558
2025-12-10,ST03,SKU00718,1,1.8563777
2025-12-10,ST25,SKU00722,1,1.8567529
2025-12-10,ST11,SKU00743,2,1.8376086
2025-12-10,ST03,SKU00745,1,1.8636444
2025-12-10,ST28,SKU00750,3,1.8844248
2025-12-10,ST22,SKU00751,4,1.9002808
2025-12-10,ST28,SKU00753,3,1.8551599
2025-12-10,ST14,SKU00768,1,1.8668317
2025-12-10,ST17,SKU00770,3,1.9158021
2025-12-10,ST27,SKU00772,1,1.8493392
2025-12-10,ST17,SKU00778,2,1.8765684
2025-12-10,ST09,SKU00784,2,1.9023397
2025-12-10,ST14,SKU00785,3,1.8694283
2025-12-10,ST02,SKU00786,3,1.8625686
2025-12-10,ST30,SKU00788,1,1.840838
2025-12-10,ST06,SKU00794,3,1.9142709
2025-12-10,ST15,SKU00806,1,1.8772752
2025-12-10,ST23,SKU00813,2,1.8229265
2025-12-10,ST03,SKU00823,2,1.8484588
2025-12-10,ST09,SKU00830,2,1.884004
2025-12-10,ST25,SKU00831,4,1.922528
2025-12-10,ST22,SKU00832,4,1.7874477
2025-12-10,ST28,SKU00839,2,1.8157004
2025-12-10,ST08,SKU00849,1,1.8813003
2025-12-10,ST03,SKU00858,1,1.8883282
2025-12-10,ST30,SKU00859,3,1.8996313
2025-12-10,ST24,SKU00870,1,1.8691595
2025-12-10,ST07,SKU00872,1,1.8425727
2025-12-10,ST17,SKU00881,3,1.7394904
2025-12-10,ST17,SKU00893,2,1.8602142
2025-12-10,ST22,SKU00920,2,1.8947971
2025-12-10,ST25,SKU00942,1,2.0232534
2025-12-10,ST18,SKU00943,4,1.8272064
2025-12-10,ST14,SKU00952,2,1.8913705
2025-12-10,ST30,SKU00953,4,1.7861063
2025-12-10,ST09,SKU00961,3,1.857128
2025-12-10,ST19,SKU00974,1,1.9409664
2025-12-10,ST03,SKU00976,1,1.7899609
2025-12-10,ST02,SKU00977,2,1.859082
2025-12-10,ST29,SKU00994,3,1.9792827
2025-12-10,ST29,SKU00999,1,1.8427843
2025-12-10,ST19,SKU01009,1,1.9599646
2025-12-10,ST18,SKU01014,1,1.8753624
2025-12-10,ST26,SKU01018,5,1.9113524
2025-12-10,ST09,SKU01027,1,2.116523
2025-12-10,ST27,SKU01030,3,2.055841
2025-12-10,ST29,SKU01037,4,1.9638741
2025-12-10,ST11,SKU01041,1,1.8856746
2025-12-10,ST18,SKU01045,3,3.852089
2025-12-10,ST05,SKU01046,4,1.8275375
2025-12-10,ST17,SKU01048,1,1.8034239
2025-12-10,ST24,SKU01053,2,1.7674797
2025-12-10,ST09,SKU01071,1,1.8894442
2025-12-10,ST29,SKU01075,5,1.7749381
2025-12-10,ST05,SKU01076,1,1.9368117
2025-12-10,ST17,SKU01085,1,1.8967474
2025-12-10,ST25,SKU01089,1,1.9166582
2025-12-10,ST08,SKU01115,3,1.9007434
2025-12-10,ST16,SKU01116,1,1.8409826
2025-12-10,ST11,SKU01143,5,1.8547136
2025-12-10,ST24,SKU01153,1,1.9794168
2025-12-10,ST20,SKU01155,1,1.8937856
2025-12-10,ST30,SKU01189,2,2.0478373
2025-12-10,ST25,SKU01194,2,1.8808125
2025-12-10,ST12,SKU01196,4,1.8494947
2025-12-10,ST13,SKU01211,2,1.877056
2025-12-10,ST29,SKU01214,1,1.8826499
2025-12-10,ST18,SKU01232,1,1.889628
2025-12-10,ST23,SKU01236,1,1.7803298
2025-12-10,ST03,SKU01242,3,1.8075687
2025-12-10,ST11,SKU01244,1,1.899488
2025-12-10,ST17,SKU01249,1,1.7573019
2025-12-10,ST22,SKU01250,1,1.8332425
2025-12-10,ST09,SKU01255,1,1.9560672
2025-12-10,ST23,SKU01257,1,1.8471572
2025-12-10,ST06,SKU01269,1,2.0215993
2025-12-10,ST29,SKU01272,2,1.8898636
2025-12-10,ST14,SKU01274,1,1.9582199
2025-12-10,ST11,SKU01276,4,1.9122477
2025-12-10,ST09,SKU01281,2,1.6337506
2025-12-10,ST12,SKU01282,2,1.8538918
2025-12-10,ST23,SKU01283,2,1.7194782
2025-12-10,ST17,SKU01284,2,1.855961
2025-12-10,ST09,SKU01294,2,1.8881725
2025-12-10,ST15,SKU01301,2,1.8613256
2025-12-10,ST14,SKU01322,1,1.9283241
2025-12-10,ST19,SKU01338,1,1.8577491
2025-12-10,ST30,SKU01341,4,1.9773356
2025-12-10,ST14,SKU01344,1,1.8685172
2025-12-10,ST25,SKU01346,3,1.846031
2025-12-10,ST04,SKU01350,2,1.8333346
2025-12-10,ST29,SKU01351,2,1.8612882
2025-12-10,ST06,SKU01357,5,1.8439621
2025-12-10,ST27,SKU01358,2,1.8409239
2025-12-10,ST19,SKU01363,1,1.9296662
2025-12-10,ST06,SKU01364,2,1.9843392
2025-12-10,ST29,SKU01371,3,1.8969206
2025-12-10,ST29,SKU01379,3,1.8878834
2025-12-10,ST29,SKU01395,1,1.8678572
2025-12-10,ST19,SKU01403,1,1.864024
2025-12-10,ST28,SKU01404,1,1.8885006
2025-12-10,ST13,SKU01414,1,1.9055724
2025-12-10,ST29,SKU01420,2,1.8352169
2025-12-10,ST25,SKU01422,2,1.9739578
2025-12-10,ST29,SKU01431,1,1.863961
2025-12-10,ST05,SKU01438,2,2.0198758
2025-12-10,ST07,SKU01444,1,1.8637383
2025-12-10,ST29,SKU01446,4,1.9840442
2025-12-10,ST11,SKU01453,1,1.8813577
2025-12-10,ST27,SKU01456,4,1.8939497
2025-12-10,ST27,SKU01466,2,1.9325147
2025-12-10,ST25,SKU01468,2,1.9280499
2025-12-10,ST03,SKU01476,1,1.8323544
2025-12-10,ST03,SKU01486,1,1.8503293
2025-12-10,ST28,SKU01499,1,1.8499836
2025-12-10,ST20,SKU01507,1,1.9049485
2025-12-10,ST28,SKU01510,1,1.8293828
2025-12-10,ST19,SKU01525,5,1.7088134
2025-12-10,ST16,SKU01526,2,1.8652463
2025-12-10,ST08,SKU01527,1,1.8291156
2025-12-10,ST06,SKU01535,4,1.8455746
2025-12-10,ST06,SKU01545,1,1.9010484
2025-12-10,ST09,SKU01547,1,1.8382044
2025-12-10,ST04,SKU01552,1,1.8468028
2025-12-10,ST06,SKU01578,2,1.8661411
2025-12-10,ST24,SKU01582,1,1.8230622
2025-12-10,ST18,SKU01589,2,1.8567889
2025-12-10,ST29,SKU01591,1,1.9090145
2025-12-10,ST18,SKU01601,3,1.7834111
2025-12-10,ST21,SKU01617,2,1.7917134
2025-12-10,ST20,SKU01623,2,1.8900235
2025-12-10,ST22,SKU01656,2,1.8624054
2025-12-10,ST14,SKU01662,1,1.881908
2025-12-10,ST11,SKU01673,1,1.8800594
2025-12-10,ST20,SKU01677,1,1.8158184
2025-12-10,ST11,SKU01683,3,1.9452534
2025-12-10,ST23,SKU01690,1,1.9224758
2025-12-10,ST03,SKU01700,2,1.8756348
2025-12-10,ST19,SKU01735,2,1.8947493
2025-12-10,ST01,SKU01736,2,1.8208469
2025-12-10,ST22,SKU01740,1,1.8650239
2025-12-10,ST21,SKU01744,1,1.8664482
2025-12-10,ST23,SKU01746,2,2.0248468
2025-12-10,ST28,SKU01761,2,1.8772212
2025-12-10,ST28,SKU01769,5,1.9192103
2025-12-10,ST05,SKU01774,1,2.211302
2025-12-10,ST30,SKU01775,1,2.0238178
2025-12-10,ST06,SKU01785,2,1.8561945
2025-12-10,ST16,SKU01794,1,1.8658228
2025-12-10,ST24,SKU01800,1,2.0073485
2025-12-10,ST22,SKU01811,1,1.9379851
2025-12-10,ST12,SKU01849,1,1.8862761
2025-12-10,ST29,SKU01868,2,1.9099126
2025-12-10,ST07,SKU01870,1,1.832803
2025-12-10,ST05,SKU01878,4,1.867468
2025-12-10,ST20,SKU01895,2,1.878176
2025-12-10,ST12,SKU01910,1,1.8591815
2025-12-10,ST30,SKU01928,2,1.8753982
2025-12-10,ST11,SKU01941,2,1.8955894
2025-12-10,ST13,SKU01960,1,1.8196846
2025-12-10,ST05,SKU01961,2,1.8901026
2025-12-10,ST17,SKU01962,1,1.8541023
2025-12-10,ST05,SKU01966,1,1.8963078
2025-12-10,ST14,SKU01968,1,1.9329748
2025-12-10,ST25,SKU01983,1,1.8824003
2025-12-10,ST29,SKU01987,1,1.8210092
2025-12-10,ST14,SKU01988,1,1.7696413
2025-12-10,ST19,SKU01990,3,1.8865627
2025-12-10,ST06,SKU01993,2,1.9070028
2025-12-10,ST24,SKU02008,4,2.074718
2025-12-10,ST14,SKU02009,1,1.8895916
2025-12-10,ST07,SKU02012,1,1.8370405
2025-12-10,ST05,SKU02015,1,1.8318549
2025-12-10,ST17,SKU02016,5,1.8637353
2025-12-10,ST24,SKU02018,1,1.8505989
2025-12-10,ST26,SKU02027,5,1.9207084
2025-12-10,ST25,SKU02031,1,1.9272599
2025-12-10,ST21,SKU02040,1,1.9017024
2025-12-10,ST27,SKU02046,4,2.061584
2025-12-10,ST28,SKU02052,1,1.8415766
2025-12-10,ST03,SKU02065,1,1.855011
2025-12-10,ST06,SKU02068,4,1.9154483
2025-12-10,ST05,SKU02071,1,1.9190115
2025-12-10,ST13,SKU02079,1,1.9131136
2025-12-10,ST08,SKU02084,1,1.8669873
2025-12-10,ST10,SKU02085,1,1.8740195
2025-12-10,ST18,SKU02086,2,1.8840632
2025-12-10,ST11,SKU02087,3,1.9275142
2025-12-10,ST20,SKU02107,3,1.9382391
2025-12-10,ST25,SKU02130,4,1.8447418
2025-12-10,ST22,SKU02131,5,1.8840433
2025-12-10,ST25,SKU02140,1,1.8139743
2025-12-10,ST29,SKU02141,4,1.8822529
2025-12-10,ST11,SKU02143,1,1.9186671
2025-12-10,ST08,SKU02161,2,1.8771085
2025-12-10,ST23,SKU02163,1,1.817516
2025-12-10,ST22,SKU02166,1,1.8653904
2025-12-10,ST29,SKU02167,5,1.870003
2025-12-10,ST04,SKU02169,1,1.8977242
2025-12-10,ST21,SKU02174,1,1.8981762
2025-12-10,ST23,SKU02180,3,1.8010942
2025-12-10,ST08,SKU02189,1,1.8390131
2025-12-10,ST06,SKU02211,2,1.8853383
2025-12-10,ST26,SKU02216,1,1.7486535
2025-12-10,ST28,SKU02224,2,1.845138
2025-12-10,ST23,SKU02228,2,1.8240229
2025-12-10,ST06,SKU02231,1,1.933361
2025-12-10,ST12,SKU02233,1,1.861641
2025-12-10,ST24,SKU02234,1,1.850004
2025-12-10,ST25,SKU02247,1,1.8681437
2025-12-10,ST09,SKU02250,1,1.923231
2025-12-10,ST17,SKU02258,2,1.8872199
2025-12-10,ST29,SKU02268,4,1.8651301
2025-12-10,ST21,SKU02270,4,1.9039395
2025-12-10,ST06,SKU02274,4,1.8790205
2025-12-10,ST29,SKU02300,1,1.8912004
2025-12-10,ST30,SKU02318,2,1.9366285
2025-12-10,ST03,SKU02322,1,1.8804859
2025-12-10,ST22,SKU02334,5,1.8946924
2025-12-10,ST17,SKU02335,2,1.9059044
2025-12-10,ST05,SKU02338,1,1.8881043
2025-12-10,ST29,SKU02344,2,1.8963625
2025-12-10,ST11,SKU02351,2,1.8261269
2025-12-10,ST03,SKU02365,2,1.9827852
2025-12-10,ST23,SKU02368,1,1.9069514
2025-12-10,ST21,SKU02371,1,1.8694898
2025-12-10,ST30,SKU02372,4,1.9425081
2025-12-10,ST27,SKU02377,2,1.880363
2025-12-10,ST12,SKU02382,1,1.9669496
2025-12-10,ST27,SKU02384,2,1.8966451
2025-12-10,ST21,SKU02389,1,1.891717
2025-12-10,ST21,SKU02396,1,1.8666594
2025-12-10,ST21,SKU02401,2,1.892518
2025-12-10,ST07,SKU02406,2,1.8827345
2025-12-10,ST01,SKU02407,2,1.9455218
2025-12-10,ST13,SKU02428,2,1.8493096
2025-12-10,ST14,SKU02433,1,1.8636963
2025-12-10,ST29,SKU02434,2,3.936956
2025-12-10,ST18,SKU02449,5,1.9002742
2025-12-10,ST22,SKU02453,1,1.7942656
2025-12-10,ST29,SKU02456,5,1.9015135
2025-12-10,ST28,SKU02462,4,2.0350566
2025-12-10,ST27,SKU02465,3,1.8811105
2025-12-10,ST12,SKU02476,1,1.7320693
2025-12-10,ST16,SKU02477,3,1.8888497
2025-12-10,ST28,SKU02488,3,1.94837
2025-12-10,ST13,SKU02489,1,1.8228552
2025-12-10,ST21,SKU02504,2,1.8577964
2025-12-10,ST20,SKU02505,3,1.9152808
2025-12-10,ST22,SKU02508,4,1.8668009
2025-12-10,ST13,SKU02515,5,1.863234
2025-12-10,ST25,SKU02524,3,1.870738
2025-12-10,ST25,SKU02531,3,1.9101441
2025-12-10,ST06,SKU02532,3,2.0629435
2025-12-10,ST17,SKU02535,2,1.904239
2025-12-10,ST09,SKU02540,1,1.8267312
2025-12-10,ST28,SKU02542,4,1.8214632
2025-12-10,ST08,SKU02543,4,3.5682702
2025-12-10,ST08,SKU02561,3,1.9180957
2025-12-10,ST18,SKU02581,2,1.8447288
2025-12-10,ST28,SKU02583,5,1.877287
2025-12-10,ST18,SKU02595,3,1.8936954
2025-12-10,ST27,SKU02601,1,2.013681
2025-12-10,ST09,SKU02607,2,1.8402493
2025-12-10,ST26,SKU02611,2,1.9425881
2025-12-10,ST27,SKU02614,1,1.8529782
2025-12-10,ST22,SKU02615,4,3.5797627
2025-12-10,ST16,SKU02622,2,1.9136212
2025-12-10,ST03,SKU02636,2,1.884174
2025-12-10,ST07,SKU02651,1,1.9019594
2025-12-10,ST20,SKU02654,1,1.8860273
2025-12-10,ST22,SKU02658,1,1.8656627
2025-12-10,ST27,SKU02659,2,1.8750873
2025-12-10,ST30,SKU02660,1,1.9050176
2025-12-10,ST07,SKU02666,1,1.7830743
2025-12-10,ST22,SKU02671,2,1.8603673
2025-12-10,ST18,SKU02676,2,1.8744818
2025-12-10,ST06,SKU02683,1,1.9140368
2025-12-10,ST24,SKU02692,1,1.9442693
2025-12-10,ST08,SKU02695,1,1.9713322
2025-12-10,ST30,SKU02706,2,1.9126936
2025-12-10,ST30,SKU02712,1,1.8962361
2025-12-10,ST06,SKU02714,1,1.876064
2025-12-10,ST06,SKU02715,1,1.8908573
2025-12-10,ST23,SKU02724,1,1.8712916
2025-12-10,ST08,SKU02729,1,1.8753983
2025-12-10,ST28,SKU02737,1,1.9162169
2025-12-10,ST29,SKU02740,3,1.874018
2025-12-10,ST17,SKU02764,3,1.8457351
2025-12-10,ST10,SKU02767,1,1.9374005
2025-12-10,ST19,SKU02785,1,1.9847002
2025-12-10,ST29,SKU02802,1,1.9269943
2025-12-10,ST10,SKU02803,1,1.8001921
2025-12-10,ST19,SKU02808,1,1.8775127
2025-12-10,ST05,SKU02809,1,1.8606924
2025-12-10,ST17,SKU02818,2,1.8673284
2025-12-10,ST30,SKU02830,4,1.8431401
2025-12-10,ST08,SKU02837,2,2.2711549
2025-12-10,ST14,SKU02840,2,1.8890632
2025-12-10,ST08,SKU02841,3,1.9310887
2025-12-10,ST21,SKU02848,4,1.8939835
2025-12-10,ST30,SKU02858,4,1.7911512
2025-12-10,ST21,SKU02863,2,1.949106
2025-12-10,ST19,SKU02864,2,1.8543793
2025-12-10,ST21,SKU02868,1,1.9248161
2025-12-10,ST06,SKU02870,3,1.8755028
2025-12-10,ST25,SKU02883,1,1.9236922
2025-12-10,ST06,SKU02893,3,1.8623865
2025-12-10,ST24,SKU02909,5,1.9398439
2025-12-10,ST28,SKU02912,1,1.921098
2025-12-10,ST27,SKU02923,1,1.8525589
2025-12-10,ST14,SKU02930,2,1.9484001
2025-12-10,ST17,SKU02939,1,1.8564296
2025-12-10,ST06,SKU02943,2,1.9108666
2025-12-10,ST29,SKU02954,2,2.0024316
2025-12-10,ST08,SKU02955,1,1.8749748
2025-12-10,ST29,SKU02971,2,1.7000988
2025-12-10,ST18,SKU02986,2,1.9600408
2025-12-10,ST17,SKU02997,1,1.8352389
2025-12-10,ST11,SKU03013,1,1.8755444
2025-12-10,ST17,SKU03016,1,1.9147389
2025-12-10,ST14,SKU03030,3,1.8078356
2025-12-10,ST03,SKU03032,1,1.8877499
2025-12-10,ST06,SKU03053,1,1.7407987
2025-12-10,ST22,SKU03054,1,1.909496
2025-12-10,ST14,SKU03055,1,1.977993
2025-12-10,ST11,SKU03057,1,1.78843
2025-12-10,ST25,SKU03065,1,1.8818903
2025-12-10,ST14,SKU03070,1,1.8091177
2025-12-10,ST25,SKU03076,1,1.9063462
2025-12-10,ST22,SKU03088,4,1.898308
2025-12-10,ST05,SKU03092,2,1.7920116
2025-12-10,ST20,SKU03095,1,1.8681844
2025-12-10,ST21,SKU03098,2,1.855178
2025-12-10,ST21,SKU03107,1,1.8785863
2025-12-10,ST29,SKU03108,1,1.7953777
2025-12-10,ST14,SKU03121,3,2.010832
2025-12-10,ST14,SKU03123,2,1.8513899
2025-12-10,ST07,SKU03130,1,1.8118685
2025-12-10,ST07,SKU03132,2,1.8277394
2025-12-10,ST11,SKU03133,1,1.7945714
2025-12-10,ST24,SKU03137,2,1.8702453
2025-12-10,ST09,SKU03141,1,1.8815242
2025-12-10,ST17,SKU03152,1,1.9799403
2025-12-10,ST24,SKU03154,2,1.8243027
2025-12-10,ST24,SKU03171,1,1.8184314
2025-12-10,ST29,SKU03174,2,1.8897916
2025-12-10,ST05,SKU03183,2,1.874708
2025-12-10,ST15,SKU03185,2,1.884293
2025-12-10,ST29,SKU03193,3,1.8899941
2025-12-10,ST23,SKU03198,1,1.8965292
2025-12-10,ST23,SKU03200,2,1.9009501
2025-12-10,ST28,SKU03203,2,1.8277342
2025-12-10,ST18,SKU03211,1,1.9109526
2025-12-10,ST07,SKU03213,3,1.9761127
2025-12-10,ST25,SKU03218,1,1.7860165
2025-12-10,ST30,SKU03223,2,1.8526785
2025-12-10,ST09,SKU03228,1,1.8786055
2025-12-10,ST20,SKU03232,1,1.8505841
2025-12-10,ST17,SKU03233,1,1.8657569
2025-12-10,ST03,SKU03234,2,1.8549331
2025-12-10,ST19,SKU03243,1,1.8628063
2025-12-10,ST17,SKU03246,3,1.92627
2025-12-10,ST30,SKU03249,4,1.857422
2025-12-10,ST10,SKU03271,1,1.9033759
2025-12-10,ST22,SKU03274,1,1.7952738
2025-12-10,ST13,SKU03279,3,1.8646837
2025-12-10,ST06,SKU03286,1,1.8857707
2025-12-10,ST21,SKU03288,1,1.8841071
2025-12-10,ST25,SKU03292,1,1.8772495
2025-12-10,ST29,SKU03297,1,1.8958479
2025-12-10,ST18,SKU03302,1,1.9301213
2025-12-10,ST22,SKU03323,3,2.2200122
2025-12-10,ST10,SKU03334,1,1.7842524
2025-12-10,ST05,SKU03335,1,1.8600664
2025-12-10,ST26,SKU03337,1,1.9239547
2025-12-10,ST27,SKU03367,1,1.721854
2025-12-10,ST07,SKU03370,1,1.8253077
2025-12-10,ST15,SKU03378,1,1.8535452
2025-12-10,ST04,SKU03380,3,2.2633185
2025-12-10,ST15,SKU03381,2,1.7629547
2025-12-10,ST11,SKU03382,3,1.9299479
2025-12-10,ST08,SKU03383,3,1.9166229
2025-12-10,ST25,SKU03386,5,1.9188932
2025-12-10,ST18,SKU03392,1,1.8401318
2025-12-10,ST27,SKU03402,3,1.8972828
2025-12-10,ST24,SKU03408,1,1.8883606
2025-12-10,ST14,SKU03425,1,1.9547181
2025-12-10,ST20,SKU03450,1,1.9033514
2025-12-10,ST23,SKU03455,1,1.8568562
2025-12-10,ST11,SKU03456,2,1.8993381
2025-12-10,ST17,SKU03460,2,1.7737422
2025-12-10,ST01,SKU03461,1,1.8876475
2025-12-10,ST22,SKU03463,1,1.8582714
2025-12-10,ST29,SKU03465,1,1.8720406
2025-12-10,ST08,SKU03467,3,1.8812257
2025-12-10,ST26,SKU03474,1,1.8699511
2025-12-10,ST22,SKU03476,1,1.8999804
2025-12-10,ST06,SKU03483,1,1.8690557
2025-12-10,ST07,SKU03486,2,1.8343835
2025-12-10,ST26,SKU03492,1,2.1102262
2025-12-10,ST21,SKU03495,1,1.8333539
2025-12-10,ST08,SKU03505,3,2.0128372
2025-12-10,ST14,SKU03522,1,1.9716623
2025-12-10,ST18,SKU03526,1,1.8114964
2025-12-10,ST17,SKU03528,2,1.889893
2025-12-10,ST21,SKU03536,2,1.8396367
2025-12-10,ST25,SKU03537,1,1.7448732
2025-12-10,ST05,SKU03538,1,1.8801079
2025-12-10,ST08,SKU03545,2,1.922344
2025-12-10,ST28,SKU03546,2,1.881448
2025-12-10,ST13,SKU03561,4,1.8468544
2025-12-10,ST27,SKU03566,2,1.9114556
2025-12-10,ST10,SKU03571,1,1.849074
2025-12-10,ST05,SKU03590,1,2.0536466
2025-12-10,ST22,SKU03596,2,1.8945638
2025-12-10,ST28,SKU03598,2,1.8182513
2025-12-10,ST28,SKU03604,1,1.9028677
2025-12-10,ST08,SKU03616,1,1.8861395
2025-12-10,ST29,SKU03623,4,1.8770143
2025-12-10,ST21,SKU03625,1,1.876427
2025-12-10,ST19,SKU03632,1,1.8384253
2025-12-10,ST17,SKU03635,1,1.8449668
2025-12-10,ST30,SKU03639,2,1.8598818
2025-12-10,ST27,SKU03643,1,1.9172266
2025-12-10,ST03,SKU03656,1,1.8556205
2025-12-10,ST22,SKU03669,4,1.8775539
2025-12-10,ST01,SKU03673,4,1.8800846
2025-12-10,ST01,SKU03677,3,2.067183
2025-12-10,ST07,SKU03686,5,1.9207867
2025-12-10,ST07,SKU03687,1,1.8313388
2025-12-10,ST11,SKU03688,2,1.9270313
2025-12-10,ST10,SKU03689,1,1.8796365
2025-12-10,ST05,SKU03697,1,1.8689574
2025-12-10,ST14,SKU03704,2,1.8932837
2025-12-10,ST17,SKU03708,1,1.8341758
2025-12-10,ST14,SKU03712,2,1.883765
2025-12-10,ST18,SKU03717,1,1.9180849
2025-12-10,ST11,SKU03720,4,1.8434218
2025-12-10,ST29,SKU03727,3,1.8216293
2025-12-10,ST26,SKU03743,1,1.9391234
2025-12-10,ST23,SKU03747,2,1.8824345
2025-12-10,ST11,SKU03759,1,1.9518515
2025-12-10,ST24,SKU03762,2,1.9167538
2025-12-10,ST18,SKU03763,1,1.848361
2025-12-10,ST12,SKU03768,1,1.9456993
2025-12-10,ST09,SKU03787,1,1.944044
2025-12-10,ST15,SKU03798,2,1.8788142
2025-12-10,ST03,SKU03800,2,1.8910383
2025-12-10,ST06,SKU03804,2,1.918736
2025-12-10,ST07,SKU03810,4,1.823357
2025-12-10,ST29,SKU03823,3,1.8190763
2025-12-10,ST21,SKU03829,2,1.8793931
2025-12-10,ST22,SKU03831,2,1.8583481
2025-12-10,ST20,SKU03834,3,1.8846343
2025-12-10,ST21,SKU03840,2,1.8299942
2025-12-10,ST30,SKU03843,4,1.8569341
2025-12-10,ST13,SKU03851,2,1.9314234
2025-12-10,ST06,SKU03860,2,1.8711438
2025-12-10,ST06,SKU03872,3,1.8787177
2025-12-10,ST24,SKU03873,1,1.8698299
2025-12-10,ST08,SKU03874,4,1.8660959
2025-12-10,ST21,SKU03876,3,1.956198
2025-12-10,ST22,SKU03888,1,1.8578007
2025-12-10,ST25,SKU03902,1,1.8808153
2025-12-10,ST17,SKU03906,4,1.8888291
2025-12-10,ST27,SKU03907,2,1.8242525
2025-12-10,ST29,SKU03910,2,1.9173471
2025-12-10,ST21,SKU03913,4,1.9127175
2025-12-10,ST20,SKU03916,3,1.8512107
2025-12-10,ST18,SKU03919,2,1.860932
2025-12-10,ST21,SKU03931,1,1.7943766
2025-12-10,ST21,SKU03933,2,1.8010566
2025-12-10,ST18,SKU03943,1,1.9121013
2025-12-10,ST26,SKU03947,1,1.8766416
2025-12-10,ST22,SKU03952,1,1.8920821
2025-12-10,ST03,SKU03956,1,1.9103949
2025-12-10,ST18,SKU03957,1,1.8580722
2025-12-10,ST22,SKU03964,2,1.8225772
2025-12-10,ST06,SKU03965,2,1.8615812
2025-12-10,ST17,SKU03974,1,1.8727729
2025-12-10,ST06,SKU03979,2,1.919901
2025-12-10,ST14,SKU03989,5,1.860349
2025-12-10,ST20,SKU03998,1,1.8810517
2025-12-10,ST08,SKU04016,2,1.7782959
2025-12-10,ST07,SKU04017,1,1.8654568
2025-12-10,ST07,SKU04026,2,1.9182787
2025-12-10,ST30,SKU04029,4,1.8498925
2025-12-10,ST02,SKU04032,1,1.8534399
2025-12-10,ST30,SKU04035,1,1.8634638
2025-12-10,ST25,SKU04038,2,1.9672716
2025-12-10,ST28,SKU04044,1,1.8123963
2025-12-10,ST25,SKU04046,1,1.9385136
2025-12-10,ST10,SKU04047,1,1.8425287
2025-12-10,ST11,SKU04062,2,2.1605985
2025-12-10,ST14,SKU04073,1,1.8380531
2025-12-10,ST17,SKU04094,2,3.654792
2025-12-10,ST20,SKU04095,1,1.9570134
2025-12-10,ST07,SKU04096,2,1.8763202
2025-12-10,ST22,SKU04099,1,2.0180786
2025-12-10,ST07,SKU04103,3,1.8842667
2025-12-10,ST28,SKU04105,3,1.9687307
2025-12-10,ST21,SKU04110,1,1.9429027
2025-12-10,ST10,SKU04126,1,1.8228757
2025-12-10,ST29,SKU04127,2,1.8633132
2025-12-10,ST08,SKU04128,3,1.8433776
2025-12-10,ST23,SKU04135,1,1.9042916
2025-12-10,ST01,SKU04138,5,1.9064033
2025-12-10,ST30,SKU04154,1,2.075436
2025-12-10,ST07,SKU04155,2,1.8328823
2025-12-10,ST22,SKU04157,2,1.9016352
2025-12-10,ST08,SKU04165,1,1.862425
2025-12-10,ST27,SKU04166,5,1.9310358
2025-12-10,ST02,SKU04167,1,1.9117023
2025-12-10,ST07,SKU04171,1,1.8779947
2025-12-10,ST05,SKU04181,1,1.7634346
2025-12-10,ST18,SKU04188,5,1.8037026
2025-12-10,ST23,SKU04191,3,1.8538796
2025-12-10,ST26,SKU04193,5,1.8607364
2025-12-10,ST28,SKU04197,1,1.8105004
2025-12-10,ST22,SKU04202,1,1.8301027
2025-12-10,ST06,SKU04203,2,1.8660322
2025-12-10,ST23,SKU04204,2,1.922499
2025-12-10,ST14,SKU04205,1,1.8279651
2025-12-10,ST22,SKU04215,3,2.1063583
2025-12-10,ST07,SKU04218,1,1.898883
2025-12-10,ST19,SKU04224,1,1.8599075
2025-12-10,ST29,SKU04225,1,1.8664099
2025-12-10,ST29,SKU04233,3,1.8302284
2025-12-10,ST29,SKU04254,2,1.8333985
2025-12-10,ST02,SKU04255,4,1.860327
2025-12-10,ST24,SKU04266,1,1.9021006
2025-12-10,ST28,SKU04275,3,1.9896141
2025-12-10,ST28,SKU04280,1,1.9110276
2025-12-10,ST07,SKU04296,1,1.8544335
2025-12-10,ST22,SKU04306,1,1.9972284
2025-12-10,ST20,SKU04307,1,1.9331539
2025-12-10,ST30,SKU04311,1,1.8926264
2025-12-10,ST05,SKU04312,2,1.8047163
2025-12-10,ST11,SKU04317,1,1.8889683
2025-12-10,ST14,SKU04318,3,1.8979672
2025-12-10,ST30,SKU04321,4,2.1422617
2025-12-10,ST14,SKU04325,2,1.9977165
2025-12-10,ST12,SKU04326,3,1.8870968
2025-12-10,ST17,SKU04329,1,1.922382
2025-12-10,ST09,SKU04344,1,1.9074776
2025-12-10,ST21,SKU04348,3,1.9190187
2025-12-10,ST25,SKU04381,1,1.8579288
2025-12-10,ST21,SKU04390,1,1.8780655
2025-12-10,ST09,SKU04397,2,1.8557421
2025-12-10,ST21,SKU04403,1,1.9009613
2025-12-10,ST17,SKU04409,1,2.0601494
2025-12-10,ST07,SKU04411,2,1.924533
2025-12-10,ST20,SKU04414,1,1.8940737
2025-12-10,ST29,SKU04417,2,1.935477
2025-12-10,ST13,SKU04422,3,1.8945453
2025-12-10,ST27,SKU04429,3,1.8832319
2025-12-10,ST18,SKU04436,1,1.861047
2025-12-10,ST29,SKU04442,2,1.8814546
2025-12-10,ST09,SKU04446,1,1.8667281
2025-12-10,ST11,SKU04464,4,1.9051199
2025-12-10,ST19,SKU04469,4,1.8810666
2025-12-10,ST10,SKU04476,2,1.9227878
2025-12-10,ST15,SKU04481,1,1.8599885
2025-12-10,ST15,SKU04484,2,1.9275221
2025-12-10,ST07,SKU04486,2,1.9447175
2025-12-10,ST22,SKU04489,1,1.8824785
2025-12-10,ST04,SKU04496,1,1.8644463
2025-12-10,ST03,SKU04503,1,1.8813491
2025-12-10,ST24,SKU04508,1,1.9651088
2025-12-10,ST22,SKU04515,1,1.8949679
2025-12-10,ST03,SKU04519,5,1.8020363
2025-12-10,ST09,SKU04534,2,1.885168
2025-12-10,ST20,SKU04536,1,1.8578227
2025-12-10,ST11,SKU04538,1,1.8214684
2025-12-10,ST06,SKU04544,1,1.8985708
2025-12-10,ST20,SKU04551,1,1.8521751
2025-12-10,ST23,SKU04557,1,1.8710638
2025-12-10,ST11,SKU04568,3,1.8818821
2025-12-10,ST05,SKU04569,1,1.8962126
2025-12-10,ST29,SKU04571,2,1.9098597
2025-12-10,ST14,SKU04573,3,1.8545562
2025-12-10,ST21,SKU04574,4,1.926162
2025-12-10,ST22,SKU04580,2,1.7099705
2025-12-10,ST29,SKU04596,4,3.7473586
2025-12-10,ST17,SKU04601,2,1.9157699
2025-12-10,ST28,SKU04610,1,1.7909627
2025-12-10,ST21,SKU04614,1,1.8086667
2025-12-10,ST30,SKU04618,1,1.907329
2025-12-10,ST23,SKU04619,1,1.8707173
2025-12-10,ST18,SKU04624,1,1.8508037
2025-12-10,ST13,SKU04627,1,1.8838335
2025-12-10,ST07,SKU04638,1,1.882802
2025-12-10,ST04,SKU04649,1,1.8853064
2025-12-10,ST05,SKU04651,2,1.9870914
2025-12-10,ST23,SKU04660,1,1.9872917
2025-12-10,ST29,SKU04662,2,1.8934357
2025-12-10,ST20,SKU04663,2,1.913519
2025-12-10,ST21,SKU04669,2,1.8496302
2025-12-10,ST17,SKU04676,2,1.8852776
2025-12-10,ST18,SKU04677,1,1.8171997
2025-12-10,ST29,SKU04683,2,2.0424254
2025-12-10,ST05,SKU04685,3,1.837934
2025-12-10,ST04,SKU04702,1,1.9139428
2025-12-10,ST27,SKU04708,1,1.8411467
2025-12-10,ST21,SKU04711,4,1.887766
2025-12-10,ST13,SKU04735,4,1.8948137
2025-12-10,ST05,SKU04744,3,1.8604397
2025-12-10,ST10,SKU04746,4,1.8758363
2025-12-10,ST04,SKU04748,3,1.9018787
2025-12-10,ST03,SKU04757,3,1.7857293
2025-12-10,ST22,SKU04762,1,1.8343221
2025-12-10,ST02,SKU04770,1,1.8183295
2025-12-10,ST08,SKU04783,2,1.9416913
2025-12-10,ST12,SKU04784,1,1.8626261
2025-12-10,ST06,SKU04800,1,1.8397088
2025-12-10,ST14,SKU04806,3,1.9144003
2025-12-10,ST19,SKU04813,2,1.8645328
2025-12-10,ST14,SKU04816,2,1.7433263
2025-12-10,ST13,SKU04817,5,1.9519253
2025-12-10,ST17,SKU04824,2,1.9098976
2025-12-10,ST28,SKU04844,3,1.8808109
2025-12-10,ST20,SKU04868,1,1.8699957
2025-12-10,ST08,SKU04871,1,1.8609103
2025-12-10,ST05,SKU04883,1,1.8590205
2025-12-10,ST10,SKU04892,5,1.7569432
2025-12-10,ST21,SKU04907,4,1.8564246
2025-12-10,ST04,SKU04912,3,1.8115118
2025-12-10,ST08,SKU04918,1,1.8768181
2025-12-10,ST06,SKU04924,2,1.9520174
2025-12-10,ST05,SKU04926,1,1.8025494
2025-12-10,ST03,SKU04933,3,1.8517852
2025-12-10,ST22,SKU04935,1,1.8297626
2025-12-10,ST29,SKU04936,2,1.8674433
2025-12-10,ST09,SKU04956,1,1.89235
2025-12-10,ST13,SKU04963,3,1.870334
2025-12-10,ST28,SKU04971,1,1.9018042
2025-12-10,ST18,SKU04972,1,1.8317637
2025-12-10,ST17,SKU04976,1,1.8802952
2025-12-10,ST25,SKU04997,1,1.8939906
2025-12-11,ST17,SKU00001,3,1.8698392
2025-12-11,ST30,SKU00002,3,1.864038
2025-12-11,ST29,SKU00015,1,1.9554601
2025-12-11,ST26,SKU00016,1,1.7333491
2025-12-11,ST18,SKU00018,1,1.9866611
2025-12-11,ST07,SKU00027,1,1.890559
2025-12-11,ST29,SKU00036,2,1.9214365
2025-12-11,ST23,SKU00053,2,1.8815901
2025-12-11,ST18,SKU00057,2,2.0623581
2025-12-11,ST16,SKU00063,1,1.8480268
2025-12-11,ST04,SKU00064,1,1.8835367
2025-12-11,ST29,SKU00065,1,1.8099618
2025-12-11,ST18,SKU00068,1,1.9335824
2025-12-11,ST29,SKU00079,7,3.6757374
2025-12-11,ST13,SKU00096,1,1.9262544
2025-12-11,ST09,SKU00103,3,1.9098682
2025-12-11,ST07,SKU00104,1,1.8867571
2025-12-11,ST21,SKU00114,1,1.8721131
2025-12-11,ST14,SKU00117,2,1.8805218
2025-12-11,ST04,SKU00119,2,1.8266803
2025-12-11,ST22,SKU00129,2,1.8924448
2025-12-11,ST11,SKU00152,1,1.8488475
2025-12-11,ST23,SKU00166,1,1.861588
2025-12-11,ST08,SKU00178,2,1.8692418
2025-12-11,ST29,SKU00180,1,1.87234
2025-12-11,ST24,SKU00189,1,1.8604941
2025-12-11,ST22,SKU00190,1,1.8973668
2025-12-11,ST07,SKU00195,1,1.9614478
2025-12-11,ST11,SKU00198,3,1.8767563
2025-12-11,ST10,SKU00225,1,1.8933096
2025-12-11,ST29,SKU00227,3,1.9337717
2025-12-11,ST03,SKU00238,3,1.862472
2025-12-11,ST21,SKU00263,1,1.9043812
2025-12-11,ST01,SKU00264,1,1.8977674
2025-12-11,ST22,SKU00270,1,1.9582405
2025-12-11,ST17,SKU00274,2,1.8884249
2025-12-11,ST29,SKU00282,1,1.9966234
2025-12-11,ST30,SKU00285,2,1.8487196
2025-12-11,ST29,SKU00286,1,1.8391533
2025-12-11,ST29,SKU00293,1,1.8643293
2025-12-11,ST27,SKU00306,2,1.8935953
2025-12-11,ST09,SKU00328,1,1.8757724
2025-12-11,ST13,SKU00329,2,1.907056
2025-12-11,ST09,SKU00338,1,1.8299124
2025-12-11,ST29,SKU00353,2,1.7552636
2025-12-11,ST27,SKU00361,2,1.8711272
2025-12-11,ST29,SKU00363,1,2.030219
2025-12-11,ST29,SKU00376,4,1.8701962
2025-12-11,ST09,SKU00383,3,1.841264
2025-12-11,ST06,SKU00386,2,1.8681141
2025-12-11,ST10,SKU00388,1,1.836643
2025-12-11,ST25,SKU00400,4,1.8506937
2025-12-11,ST14,SKU00404,2,1.8776702
2025-12-11,ST13,SKU00416,5,1.8022938
2025-12-11,ST21,SKU00426,2,1.8163005
2025-12-11,ST26,SKU00432,3,1.9924128
2025-12-11,ST08,SKU00440,1,1.8746963
2025-12-11,ST16,SKU00444,2,1.8591676
2025-12-11,ST07,SKU00454,4,1.8680942
2025-12-11,ST29,SKU00469,3,1.8532269
2025-12-11,ST30,SKU00472,2,1.8608793
2025-12-11,ST27,SKU00478,1,1.9044986
2025-12-11,ST27,SKU00484,1,1.8011434
2025-12-11,ST09,SKU00489,3,2.0299141
2025-12-11,ST06,SKU00492,3,1.8515279
2025-12-11,ST27,SKU00498,2,1.8031682
2025-12-11,ST04,SKU00500,3,1.9026991
2025-12-11,ST24,SKU00504,3,1.7529601
2025-12-11,ST29,SKU00519,2,2.1064785
2025-12-11,ST29,SKU00539,1,1.9110001
2025-12-11,ST04,SKU00552,1,1.8481003
2025-12-11,ST08,SKU00554,2,1.8346839
2025-12-11,ST01,SKU00565,1,1.8942854
2025-12-11,ST07,SKU00575,2,1.9164057
2025-12-11,ST06,SKU00591,3,1.863536
2025-12-11,ST26,SKU00595,1,1.9416432
2025-12-11,ST03,SKU00604,1,1.8721179
2025-12-11,ST21,SKU00605,1,1.939902
2025-12-11,ST29,SKU00607,3,1.8428651
2025-12-11,ST20,SKU00625,1,1.8811233
2025-12-11,ST24,SKU00636,3,1.8860695
2025-12-11,ST20,SKU00639,3,1.8521589
2025-12-11,ST10,SKU00648,4,1.8651905
2025-12-11,ST28,SKU00661,1,1.8332132
2025-12-11,ST29,SKU00671,2,1.8317842
2025-12-11,ST24,SKU00676,5,1.9271215
2025-12-11,ST05,SKU00678,3,1.8923769
2025-12-11,ST17,SKU00690,3,1.8873181
2025-12-11,ST23,SKU00692,1,1.8834926
2025-12-11,ST30,SKU00700,1,1.780969
2025-12-11,ST08,SKU00704,2,1.8797288
2025-12-11,ST28,SKU00710,2,1.8753685
2025-12-11,ST11,SKU00711,1,1.856052
2025-12-11,ST27,SKU00715,3,1.9005668
2025-12-11,ST26,SKU00731,2,1.916354
2025-12-11,ST07,SKU00745,5,1.8671083
2025-12-11,ST09,SKU00748,1,1.8837899
2025-12-11,ST08,SKU00762,2,1.8893256
2025-12-11,ST30,SKU00770,1,2.0265863
2025-12-11,ST02,SKU00774,1,1.8495996
2025-12-11,ST09,SKU00787,2,1.8900605
2025-12-11,ST29,SKU00790,4,1.9770924
2025-12-11,ST08,SKU00793,1,1.8672652
2025-12-11,ST27,SKU00795,1,1.8224967
2025-12-11,ST13,SKU00803,1,1.9228063
2025-12-11,ST09,SKU00816,1,1.8757281
2025-12-11,ST10,SKU00823,1,1.7988715
2025-12-11,ST28,SKU00829,4,1.879407
2025-12-11,ST20,SKU00836,2,1.8517098
2025-12-11,ST29,SKU00845,2,1.8752527
2025-12-11,ST22,SKU00850,4,1.9063491
2025-12-11,ST11,SKU00853,1,1.8683401
2025-12-11,ST20,SKU00864,1,1.941849
2025-12-11,ST14,SKU00870,3,1.8592976
2025-12-11,ST08,SKU00880,1,1.8008962
2025-12-11,ST20,SKU00882,3,1.8761635
2025-12-11,ST21,SKU00893,1,2.1014655
2025-12-11,ST10,SKU00895,1,1.8825792
2025-12-11,ST26,SKU00896,1,1.9073856
2025-12-11,ST07,SKU00898,3,1.8639905
2025-12-11,ST07,SKU00901,4,1.872489
2025-12-11,ST30,SKU00908,3,1.9663888
2025-12-11,ST17,SKU00920,1,1.829305
2025-12-11,ST13,SKU00921,2,1.6376423
2025-12-11,ST05,SKU00929,1,2.1588616
2025-12-11,ST28,SKU00942,1,1.9982471
2025-12-11,ST08,SKU00945,2,1.968408
2025-12-11,ST30,SKU00953,2,1.8628883
2025-12-11,ST22,SKU00962,1,1.8553741
2025-12-11,ST14,SKU00963,3,1.853757
2025-12-11,ST18,SKU00970,1,1.9185172
2025-12-11,ST11,SKU00971,1,1.858981
2025-12-11,ST25,SKU00974,2,2.1738653
2025-12-11,ST23,SKU00975,3,1.8556603
2025-12-11,ST13,SKU00981,1,1.809873
2025-12-11,ST10,SKU00982,2,4.0989857
2025-12-11,ST29,SKU00994,1,1.9344856
2025-12-11,ST29,SKU00997,2,1.8988839
2025-12-11,ST08,SKU01000,3,1.890669
2025-12-11,ST27,SKU01005,1,1.8603587
2025-12-11,ST08,SKU01009,4,1.8752339
2025-12-11,ST18,SKU01014,1,1.8617555
2025-12-11,ST05,SKU01021,1,1.9152628
2025-12-11,ST12,SKU01022,2,1.7835846
2025-12-11,ST17,SKU01024,2,1.9165523
2025-12-11,ST29,SKU01027,1,1.9187412
2025-12-11,ST09,SKU01037,3,1.897674
2025-12-11,ST19,SKU01043,1,1.8322088
2025-12-11,ST22,SKU01045,1,1.7298982
2025-12-11,ST02,SKU01047,1,1.8580121
2025-12-11,ST07,SKU01048,1,1.8644707
2025-12-11,ST22,SKU01059,3,1.8609705
2025-12-11,ST13,SKU01088,2,1.8444314
2025-12-11,ST11,SKU01091,3,1.8488734
2025-12-11,ST28,SKU01110,4,1.8927981
2025-12-11,ST21,SKU01115,2,1.8588345
2025-12-11,ST29,SKU01134,3,1.8819904
2025-12-11,ST05,SKU01135,1,1.8896477
2025-12-11,ST15,SKU01137,1,1.9433622
2025-12-11,ST22,SKU01138,1,1.8093282
2025-12-11,ST09,SKU01140,1,1.9257901
2025-12-11,ST18,SKU01152,1,1.8966651
2025-12-11,ST10,SKU01155,2,1.9458073
2025-12-11,ST08,SKU01156,1,1.841732
2025-12-11,ST24,SKU01164,1,1.9022385
2025-12-11,ST07,SKU01169,2,1.8698875
2025-12-11,ST14,SKU01176,1,1.8963983
2025-12-11,ST21,SKU01184,4,1.8972665
2025-12-11,ST15,SKU01189,3,1.9707291
2025-12-11,ST27,SKU01192,1,1.8623081
2025-12-11,ST22,SKU01196,3,1.902389
2025-12-11,ST17,SKU01198,2,1.9153732
2025-12-11,ST14,SKU01213,2,1.8839126
2025-12-11,ST01,SKU01217,1,1.8149539
2025-12-11,ST22,SKU01219,1,1.8702947
2025-12-11,ST09,SKU01221,4,1.8467202
2025-12-11,ST18,SKU01223,3,1.8640195
2025-12-11,ST08,SKU01246,1,1.9066522
2025-12-11,ST27,SKU01248,1,1.880883
2025-12-11,ST08,SKU01266,2,1.7971145
2025-12-11,ST05,SKU01271,1,1.8790752
2025-12-11,ST19,SKU01273,4,1.9086199
2025-12-11,ST07,SKU01278,1,1.8650315
2025-12-11,ST24,SKU01281,4,1.788446
2025-12-11,ST29,SKU01289,1,1.943416
2025-12-11,ST27,SKU01295,1,1.8529341
2025-12-11,ST04,SKU01300,3,1.9048096
2025-12-11,ST08,SKU01301,2,1.8742679
2025-12-11,ST07,SKU01304,2,1.9244667
2025-12-11,ST08,SKU01305,1,1.8591645
2025-12-11,ST26,SKU01306,1,1.891791
2025-12-11,ST17,SKU01317,1,1.8002208
2025-12-11,ST19,SKU01324,1,1.8430784
2025-12-11,ST18,SKU01331,1,1.8891767
2025-12-11,ST28,SKU01343,1,1.8540754
2025-12-11,ST06,SKU01360,4,1.8823211
2025-12-11,ST21,SKU01371,1,1.8757952
2025-12-11,ST26,SKU01383,2,1.8975148
2025-12-11,ST08,SKU01386,1,1.9606171
2025-12-11,ST18,SKU01395,3,1.9182925
2025-12-11,ST08,SKU01401,1,1.885068
2025-12-11,ST23,SKU01403,3,1.8387043
2025-12-11,ST29,SKU01414,2,1.9141852
2025-12-11,ST29,SKU01415,2,1.86244
2025-12-11,ST23,SKU01418,1,1.9172537
2025-12-11,ST28,SKU01420,1,1.8225342
2025-12-11,ST09,SKU01443,3,2.002526
2025-12-11,ST08,SKU01451,1,1.9466168
2025-12-11,ST06,SKU01464,1,1.9318664
2025-12-11,ST21,SKU01466,1,1.8716674
2025-12-11,ST13,SKU01485,2,1.8330032
2025-12-11,ST29,SKU01491,2,1.8029809
2025-12-11,ST08,SKU01511,3,1.883596
2025-12-11,ST05,SKU01522,2,1.8894048
2025-12-11,ST18,SKU01524,2,1.8558444
2025-12-11,ST08,SKU01534,1,1.9908099
2025-12-11,ST04,SKU01535,1,1.8784769
2025-12-11,ST26,SKU01547,1,1.9206446
2025-12-11,ST21,SKU01549,2,1.840512
2025-12-11,ST20,SKU01552,1,1.8536878
2025-12-11,ST25,SKU01555,4,1.836347
2025-12-11,ST24,SKU01578,1,1.8932303
2025-12-11,ST23,SKU01586,1,1.980614
2025-12-11,ST06,SKU01596,1,1.9213388
2025-12-11,ST20,SKU01600,2,2.1529968
2025-12-11,ST14,SKU01601,2,1.8421072
2025-12-11,ST28,SKU01606,4,1.9202046
2025-12-11,ST11,SKU01610,2,1.8754922
2025-12-11,ST04,SKU01613,2,1.821964
2025-12-11,ST30,SKU01614,1,1.8382553
2025-12-11,ST18,SKU01619,2,1.8695225
2025-12-11,ST12,SKU01622,4,1.894776
2025-12-11,ST21,SKU01626,2,1.8640379
2025-12-11,ST30,SKU01633,2,1.8767508
2025-12-11,ST07,SKU01635,1,1.8233285
2025-12-11,ST14,SKU01640,1,1.8954036
2025-12-11,ST08,SKU01662,1,1.9064658
2025-12-11,ST07,SKU01664,1,1.9145063
2025-12-11,ST06,SKU01675,1,1.827175
2025-12-11,ST07,SKU01704,1,1.8746434
2025-12-11,ST28,SKU01709,2,1.8430743
2025-12-11,ST03,SKU01730,1,1.8380389
2025-12-11,ST30,SKU01737,4,1.9430909
2025-12-11,ST11,SKU01738,3,1.88567
2025-12-11,ST22,SKU01743,5,1.9062382
2025-12-11,ST14,SKU01749,1,1.8847893
2025-12-11,ST30,SKU01751,2,1.8975542
2025-12-11,ST17,SKU01769,1,1.8850619
2025-12-11,ST10,SKU01774,1,2.0022666
2025-12-11,ST16,SKU01775,3,1.8719555
2025-12-11,ST09,SKU01781,1,1.8849171
2025-12-11,ST27,SKU01784,1,1.7693282
2025-12-11,ST29,SKU01791,4,1.8055283
2025-12-11,ST04,SKU01795,2,1.9177995
2025-12-11,ST22,SKU01796,3,1.8216342
2025-12-11,ST07,SKU01798,1,1.8475864
2025-12-11,ST29,SKU01804,1,2.019409
2025-12-11,ST27,SKU01824,3,1.8007162
2025-12-11,ST23,SKU01829,3,1.8791666
2025-12-11,ST25,SKU01831,1,1.8261948
2025-12-11,ST04,SKU01832,4,1.9426016
2025-12-11,ST20,SKU01836,2,1.9374073
2025-12-11,ST16,SKU01860,1,1.891687
2025-12-11,ST19,SKU01876,3,1.588627
2025-12-11,ST29,SKU01892,1,1.9205981
2025-12-11,ST14,SKU01894,1,1.9241335
2025-12-11,ST25,SKU01896,2,1.8524623
2025-12-11,ST06,SKU01902,1,2.0298684
2025-12-11,ST18,SKU01907,2,1.9089168
2025-12-11,ST13,SKU01917,2,1.8150262
2025-12-11,ST29,SKU01918,1,1.8749897
2025-12-11,ST15,SKU01939,4,1.962744
2025-12-11,ST05,SKU01950,2,1.960707
2025-12-11,ST19,SKU01957,1,1.8865604
2025-12-11,ST20,SKU01964,1,2.0887234
2025-12-11,ST09,SKU01965,1,1.7866082
2025-12-11,ST29,SKU01979,3,1.8696017
2025-12-11,ST05,SKU01980,2,1.8552423
2025-12-11,ST30,SKU01982,2,1.8731166
2025-12-11,ST13,SKU01984,2,1.933925
2025-12-11,ST01,SKU01987,1,1.8264002
2025-12-11,ST27,SKU01988,2,1.9052044
2025-12-11,ST21,SKU01995,2,1.8238207
2025-12-11,ST05,SKU02002,1,1.8660226
2025-12-11,ST03,SKU02011,2,1.8223833
2025-12-11,ST09,SKU02015,1,1.8970999
2025-12-11,ST03,SKU02019,1,1.8299394
2025-12-11,ST22,SKU02026,4,3.7771444
2025-12-11,ST22,SKU02029,4,1.7989645
2025-12-11,ST16,SKU02038,3,1.6723326
2025-12-11,ST05,SKU02045,1,1.9107279
2025-12-11,ST28,SKU02046,1,2.0129313
2025-12-11,ST05,SKU02049,2,1.8739324
2025-12-11,ST01,SKU02052,1,1.860813
2025-12-11,ST17,SKU02053,4,1.8964317
2025-12-11,ST13,SKU02063,2,1.8914965
2025-12-11,ST03,SKU02064,3,1.7811563
2025-12-11,ST03,SKU02068,2,1.8839014
2025-12-11,ST07,SKU02071,4,1.87857
2025-12-11,ST26,SKU02074,3,1.8423891
2025-12-11,ST28,SKU02079,2,1.9755732
2025-12-11,ST28,SKU02086,4,3.9509664
2025-12-11,ST30,SKU02087,1,1.9183817
2025-12-11,ST06,SKU02097,1,1.901272
2025-12-11,ST03,SKU02100,1,1.887245
2025-12-11,ST01,SKU02111,1,1.9195318
2025-12-11,ST20,SKU02117,1,2.0004616
2025-12-11,ST29,SKU02125,2,1.965519
2025-12-11,ST16,SKU02133,1,1.8669854
2025-12-11,ST28,SKU02141,2,1.7747209
2025-12-11,ST01,SKU02150,2,1.9012604
2025-12-11,ST06,SKU02156,2,1.9418784
2025-12-11,ST27,SKU02162,2,1.9019421
2025-12-11,ST29,SKU02163,1,1.8008661
2025-12-11,ST25,SKU02165,1,1.8846368
2025-12-11,ST27,SKU02176,1,1.8521241
2025-12-11,ST20,SKU02182,4,1.8152587
2025-12-11,ST14,SKU02191,2,1.9188653
2025-12-11,ST14,SKU02201,2,1.8689522
2025-12-11,ST09,SKU02204,1,1.9112636
2025-12-11,ST17,SKU02205,1,1.8344487
2025-12-11,ST10,SKU02212,3,1.8542882
2025-12-11,ST28,SKU02222,1,1.9892031
2025-12-11,ST10,SKU02223,2,1.8383493
2025-12-11,ST24,SKU02230,2,1.9310563
2025-12-11,ST29,SKU02231,1,1.7479044
2025-12-11,ST18,SKU02244,1,1.829044
2025-12-11,ST22,SKU02247,1,1.841828
2025-12-11,ST27,SKU02258,1,1.7772992
2025-12-11,ST30,SKU02265,1,1.8956318
2025-12-11,ST29,SKU02270,2,1.8400946
2025-12-11,ST09,SKU02282,1,1.8618145
2025-12-11,ST22,SKU02286,4,1.8766935
2025-12-11,ST16,SKU02307,3,1.8700864
2025-12-11,ST14,SKU02314,1,1.8199335
2025-12-11,ST26,SKU02335,3,1.9090053
2025-12-11,ST07,SKU02342,2,1.8853039
2025-12-11,ST13,SKU02360,2,1.832562
2025-12-11,ST29,SKU02368,1,1.8533815
2025-12-11,ST17,SKU02372,4,1.8667103
2025-12-11,ST04,SKU02379,1,1.9406593
2025-12-11,ST29,SKU02381,1,1.9205754
2025-12-11,ST07,SKU02401,1,1.9018455
2025-12-11,ST14,SKU02407,1,1.9619151
2025-12-11,ST11,SKU02409,2,1.9040506
2025-12-11,ST07,SKU02412,3,1.8030528
2025-12-11,ST01,SKU02432,2,1.8616296
2025-12-11,ST20,SKU02438,1,1.8299575
2025-12-11,ST09,SKU02449,2,1.8722056
2025-12-11,ST18,SKU02450,1,1.8975741
2025-12-11,ST24,SKU02460,3,1.9427025
2025-12-11,ST18,SKU02469,3,1.8895116
2025-12-11,ST26,SKU02470,2,1.8030281
2025-12-11,ST03,SKU02482,1,1.8585842
2025-12-11,ST11,SKU02487,1,1.8429883
2025-12-11,ST24,SKU02488,2,1.9509121
2025-12-11,ST25,SKU02507,2,1.8851392
2025-12-11,ST06,SKU02521,3,1.9075828
2025-12-11,ST14,SKU02525,1,1.9051911
2025-12-11,ST08,SKU02526,1,1.8057936
2025-12-11,ST05,SKU02531,1,1.8709607
2025-12-11,ST29,SKU02532,2,1.9255726
2025-12-11,ST23,SKU02536,4,1.8869206
2025-12-11,ST04,SKU02544,1,1.9291337
2025-12-11,ST09,SKU02548,1,1.9258981
2025-12-11,ST13,SKU02551,2,1.9205631
2025-12-11,ST01,SKU02560,1,1.8629911
2025-12-11,ST11,SKU02614,1,1.8917112
2025-12-11,ST02,SKU02615,3,1.8897489
2025-12-11,ST10,SKU02627,1,1.8030435
2025-12-11,ST11,SKU02634,2,2.1981244
2025-12-11,ST20,SKU02640,3,1.819784
2025-12-11,ST08,SKU02642,2,1.808081
2025-12-11,ST14,SKU02645,3,1.8727536
2025-12-11,ST30,SKU02648,2,1.8769728
2025-12-11,ST02,SKU02659,2,1.9206243
2025-12-11,ST29,SKU02660,1,1.8069999
2025-12-11,ST29,SKU02665,1,1.8806994
2025-12-11,ST26,SKU02669,2,1.8901932
2025-12-11,ST15,SKU02671,1,1.8665739
2025-12-11,ST07,SKU02684,2,1.8302112
2025-12-11,ST01,SKU02691,1,1.8893316
2025-12-11,ST28,SKU02692,3,1.7160037
2025-12-11,ST03,SKU02713,2,1.7680041
2025-12-11,ST08,SKU02714,2,1.8841922
2025-12-11,ST28,SKU02716,1,1.8660116
2025-12-11,ST05,SKU02720,1,1.883336
2025-12-11,ST18,SKU02721,4,1.8700904
2025-12-11,ST09,SKU02732,1,1.8470372
2025-12-11,ST26,SKU02734,1,1.8504066
2025-12-11,ST07,SKU02737,1,1.9549025
2025-12-11,ST08,SKU02738,3,1.9056019
2025-12-11,ST22,SKU02740,4,1.8498026
2025-12-11,ST24,SKU02751,1,1.9208534
2025-12-11,ST14,SKU02753,3,1.8973962
2025-12-11,ST20,SKU02759,1,1.925403
2025-12-11,ST07,SKU02765,1,1.9076593
2025-12-11,ST09,SKU02771,1,1.8597296
2025-12-11,ST09,SKU02778,2,1.8464549
2025-12-11,ST14,SKU02790,2,1.8983785
2025-12-11,ST30,SKU02793,1,1.8435663
2025-12-11,ST05,SKU02803,4,1.8015507
2025-12-11,ST08,SKU02805,2,1.8425101
2025-12-11,ST15,SKU02819,3,1.8592452
2025-12-11,ST28,SKU02820,1,1.8325374
2025-12-11,ST29,SKU02821,4,1.8107741
2025-12-11,ST27,SKU02825,2,3.844725
2025-12-11,ST15,SKU02826,1,1.9720283
2025-12-11,ST25,SKU02827,1,1.8225462
2025-12-11,ST11,SKU02829,1,1.9299033
2025-12-11,ST06,SKU02843,2,1.8731197
2025-12-11,ST28,SKU02845,4,1.7694038
2025-12-11,ST29,SKU02848,1,1.8955866
2025-12-11,ST09,SKU02849,1,1.9026235
2025-12-11,ST04,SKU02854,3,1.769125
2025-12-11,ST21,SKU02856,1,1.8554002
2025-12-11,ST17,SKU02858,1,1.878713
2025-12-11,ST09,SKU02868,2,1.8715581
2025-12-11,ST22,SKU02880,3,1.9729053
2025-12-11,ST24,SKU02885,2,1.8695248
2025-12-11,ST23,SKU02888,1,1.8427896
2025-12-11,ST10,SKU02891,3,1.8749158
2025-12-11,ST21,SKU02892,1,1.7954971
2025-12-11,ST29,SKU02895,4,1.8568729
2025-12-11,ST22,SKU02898,1,2.0305717
2025-12-11,ST30,SKU02900,2,1.8752449
2025-12-11,ST25,SKU02908,1,1.8840206
2025-12-11,ST08,SKU02913,1,1.8658642
2025-12-11,ST14,SKU02915,1,2.0970016
2025-12-11,ST29,SKU02920,3,1.8818008
2025-12-11,ST06,SKU02922,1,1.876595
2025-12-11,ST27,SKU02930,3,1.922914
2025-12-11,ST09,SKU02931,2,1.8857429
2025-12-11,ST05,SKU02933,3,1.8573617
2025-12-11,ST19,SKU02941,1,1.8799059
2025-12-11,ST05,SKU02949,4,1.9312716
2025-12-11,ST14,SKU02950,1,1.8632445
2025-12-11,ST29,SKU02954,5,1.866615
2025-12-11,ST11,SKU02956,1,1.8718532
2025-12-11,ST29,SKU02957,1,1.827812
2025-12-11,ST07,SKU02968,2,1.8437526
2025-12-11,ST14,SKU02978,1,1.9357018
2025-12-11,ST29,SKU02984,1,1.8582463
2025-12-11,ST22,SKU02988,2,1.8747094
2025-12-11,ST26,SKU02991,3,1.8075327
2025-12-11,ST12,SKU03004,1,1.8769397
2025-12-11,ST06,SKU03005,3,1.7261786
2025-12-11,ST30,SKU03010,2,1.8261358
2025-12-11,ST30,SKU03014,3,2.1629376
2025-12-11,ST08,SKU03024,2,1.8629937
2025-12-11,ST17,SKU03025,1,1.8924505
2025-12-11,ST08,SKU03030,2,1.7963903
2025-12-11,ST04,SKU03036,2,1.8914937
2025-12-11,ST29,SKU03040,1,1.8924617
2025-12-11,ST29,SKU03043,1,1.8548868
2025-12-11,ST22,SKU03045,3,1.9697473
2025-12-11,ST11,SKU03053,2,1.7019811
2025-12-11,ST03,SKU03063,1,1.906027
2025-12-11,ST01,SKU03064,1,1.9183571
2025-12-11,ST27,SKU03066,1,1.8667554
2025-12-11,ST27,SKU03076,1,1.9219092
2025-12-11,ST08,SKU03082,2,1.9660039
2025-12-11,ST22,SKU03088,2,1.8642857
2025-12-11,ST17,SKU03098,1,1.8334492
2025-12-11,ST21,SKU03110,3,1.8666952
2025-12-11,ST07,SKU03117,1,2.055905
2025-12-11,ST11,SKU03119,2,1.8645637
2025-12-11,ST23,SKU03120,3,1.8939962
2025-12-11,ST09,SKU03157,5,1.8988525
2025-12-11,ST18,SKU03167,2,1.8550664
2025-12-11,ST05,SKU03203,1,1.882236
2025-12-11,ST03,SKU03213,1,1.9814556
2025-12-11,ST13,SKU03217,1,1.8990935
2025-12-11,ST15,SKU03218,2,1.8564926
2025-12-11,ST19,SKU03239,1,1.8578881
2025-12-11,ST27,SKU03240,1,1.8976943
2025-12-11,ST22,SKU03246,4,1.8914969
2025-12-11,ST03,SKU03248,1,1.9066757
2025-12-11,ST26,SKU03254,1,1.7701805
2025-12-11,ST07,SKU03255,2,1.9440305
2025-12-11,ST22,SKU03259,3,1.8161649
2025-12-11,ST08,SKU03262,1,1.8199756
2025-12-11,ST21,SKU03274,1,1.8407086
2025-12-11,ST28,SKU03286,1,1.8835018
2025-12-11,ST27,SKU03289,2,1.862041
2025-12-11,ST24,SKU03292,2,1.8192823
2025-12-11,ST01,SKU03302,1,2.0452359
2025-12-11,ST03,SKU03303,2,1.881905
2025-12-11,ST30,SKU03304,3,1.800229
2025-12-11,ST17,SKU03305,1,1.859109
2025-12-11,ST20,SKU03321,1,1.8462918
2025-12-11,ST15,SKU03328,1,1.8835837
2025-12-11,ST22,SKU03331,1,1.8636626
2025-12-11,ST11,SKU03333,1,1.8374705
2025-12-11,ST28,SKU03348,3,1.9260864
2025-12-11,ST07,SKU03355,1,1.8540279
2025-12-11,ST23,SKU03368,5,1.7488422
2025-12-11,ST14,SKU03374,1,1.9009278
2025-12-11,ST07,SKU03379,3,1.6979054
2025-12-11,ST04,SKU03382,2,1.9249139
2025-12-11,ST07,SKU03408,1,1.8968529
2025-12-11,ST20,SKU03439,2,1.8148993
2025-12-11,ST05,SKU03440,3,1.7675841
2025-12-11,ST30,SKU03443,1,1.8886281
2025-12-11,ST16,SKU03445,1,2.0281827
2025-12-11,ST14,SKU03458,1,1.8899664
2025-12-11,ST19,SKU03460,2,1.910943
2025-12-11,ST09,SKU03464,4,1.8951116
2025-12-11,ST29,SKU03466,1,1.8638911
2025-12-11,ST05,SKU03471,1,1.9305061
2025-12-11,ST29,SKU03476,3,1.894852
2025-12-11,ST20,SKU03499,2,1.8705498
2025-12-11,ST28,SKU03502,1,1.8773966
2025-12-11,ST22,SKU03507,1,1.8393228
2025-12-11,ST20,SKU03509,4,1.8763417
2025-12-11,ST05,SKU03511,1,1.7981418
2025-12-11,ST05,SKU03520,5,2.021878
2025-12-11,ST27,SKU03521,1,1.7858123
2025-12-11,ST11,SKU03526,1,1.8321908
2025-12-11,ST10,SKU03531,4,1.8687238
2025-12-11,ST04,SKU03535,1,1.8621106
2025-12-11,ST28,SKU03542,2,1.9095507
2025-12-11,ST15,SKU03546,1,1.8949589
2025-12-11,ST08,SKU03565,1,1.8683623
2025-12-11,ST22,SKU03571,5,1.8249221
2025-12-11,ST18,SKU03582,1,1.8764846
2025-12-11,ST09,SKU03589,2,1.7972871
2025-12-11,ST17,SKU03592,3,1.8419242
2025-12-11,ST24,SKU03603,1,1.7968391
2025-12-11,ST18,SKU03612,3,1.8030767
2025-12-11,ST04,SKU03620,1,1.9078443
2025-12-11,ST11,SKU03622,4,1.8316193
2025-12-11,ST09,SKU03632,2,1.8251578
2025-12-11,ST20,SKU03648,1,1.8695959
2025-12-11,ST22,SKU03680,2,1.8413723
2025-12-11,ST04,SKU03685,2,1.800427
2025-12-11,ST13,SKU03691,1,1.8940582
2025-12-11,ST14,SKU03693,1,1.924449
2025-12-11,ST25,SKU03696,2,1.6768734
2025-12-11,ST30,SKU03702,2,1.8608403
2025-12-11,ST18,SKU03724,1,1.926668
2025-12-11,ST26,SKU03725,1,1.8936611
2025-12-11,ST25,SKU03727,3,3.313406
2025-12-11,ST08,SKU03728,1,1.8510736
2025-12-11,ST07,SKU03738,1,1.9455924
2025-12-11,ST11,SKU03743,1,1.9325333
2025-12-11,ST22,SKU03749,1,1.8218096
2025-12-11,ST07,SKU03755,2,1.919979
2025-12-11,ST05,SKU03759,1,1.9146568
2025-12-11,ST17,SKU03768,2,2.0018961
2025-12-11,ST24,SKU03777,1,1.89755
2025-12-11,ST30,SKU03785,2,1.8770679
2025-12-11,ST26,SKU03787,1,1.9436573
2025-12-11,ST17,SKU03793,3,1.8564373
2025-12-11,ST20,SKU03812,4,1.8637261
2025-12-11,ST07,SKU03815,2,1.8595363
2025-12-11,ST16,SKU03828,2,1.8543552
2025-12-11,ST04,SKU03835,3,1.8332812
2025-12-11,ST28,SKU03836,1,1.8005636
2025-12-11,ST03,SKU03839,2,1.8730274
2025-12-11,ST29,SKU03844,4,1.7828366
2025-12-11,ST18,SKU03851,1,2.1661143
2025-12-11,ST03,SKU03855,3,1.9113913
2025-12-11,ST24,SKU03869,1,1.8496964
2025-12-11,ST29,SKU03873,2,1.8831497
2025-12-11,ST05,SKU03880,1,1.8774772
2025-12-11,ST20,SKU03891,1,1.8477452
2025-12-11,ST03,SKU03897,2,1.9113518
2025-12-11,ST01,SKU03901,4,1.9733834
2025-12-11,ST21,SKU03907,3,1.8382998
2025-12-11,ST20,SKU03910,2,1.8554348
2025-12-11,ST18,SKU03937,1,1.9314597
2025-12-11,ST22,SKU03938,1,1.8561891
2025-12-11,ST11,SKU03946,5,1.9034834
2025-12-11,ST21,SKU03950,2,1.8388896
2025-12-11,ST09,SKU03953,1,1.7885104
2025-12-11,ST08,SKU03957,2,1.7270697
2025-12-11,ST21,SKU03966,3,1.9270246
2025-12-11,ST22,SKU03988,3,1.8689792
2025-12-11,ST21,SKU03998,2,1.8991381
2025-12-11,ST21,SKU04010,2,1.9205064
2025-12-11,ST09,SKU04016,3,1.8583412
2025-12-11,ST07,SKU04032,2,1.8816637
2025-12-11,ST11,SKU04033,1,1.8574499
2025-12-11,ST28,SKU04034,1,1.8816555
2025-12-11,ST09,SKU04046,1,1.7850634
2025-12-11,ST11,SKU04049,3,1.8879404
2025-12-11,ST07,SKU04055,1,1.8946644
2025-12-11,ST17,SKU04056,2,1.9943774
2025-12-11,ST03,SKU04061,3,1.9358622
2025-12-11,ST14,SKU04070,3,2.0788279
2025-12-11,ST20,SKU04073,1,1.9261944
2025-12-11,ST09,SKU04077,1,1.8591428
2025-12-11,ST27,SKU04079,4,1.8949485
2025-12-11,ST05,SKU04084,2,1.6685113
2025-12-11,ST29,SKU04086,3,1.8878714
2025-12-11,ST07,SKU04088,3,1.8896816
2025-12-11,ST21,SKU04094,1,1.8647506
2025-12-11,ST11,SKU04099,1,1.9842935
2025-12-11,ST04,SKU04115,2,1.8740344
2025-12-11,ST25,SKU04133,3,1.8526638
2025-12-11,ST29,SKU04154,2,2.1984375
2025-12-11,ST21,SKU04155,1,1.8572567
2025-12-11,ST29,SKU04157,2,1.8051258
2025-12-11,ST08,SKU04161,2,1.8242031
2025-12-11,ST20,SKU04165,5,1.893957
2025-12-11,ST27,SKU04166,2,1.9694217
2025-12-11,ST26,SKU04168,2,1.8167069
2025-12-11,ST06,SKU04175,1,1.8319262
2025-12-11,ST27,SKU04181,2,1.7723566
2025-12-11,ST20,SKU04195,2,1.9077034
2025-12-11,ST05,SKU04196,1,1.8746831
2025-12-11,ST05,SKU04198,2,1.7652599
2025-12-11,ST06,SKU04201,5,1.8594941
2025-12-11,ST02,SKU04204,1,1.9196935
2025-12-11,ST01,SKU04205,2,1.8315357
2025-12-11,ST01,SKU04214,1,1.8898406
2025-12-11,ST29,SKU04218,1,1.9050585
2025-12-11,ST02,SKU04232,1,1.842843
2025-12-11,ST07,SKU04234,1,1.802715
2025-12-11,ST05,SKU04236,2,1.8698232
2025-12-11,ST24,SKU04240,1,1.8798836
2025-12-11,ST11,SKU04241,1,1.8954833
2025-12-11,ST01,SKU04242,1,1.891469
2025-12-11,ST27,SKU04243,3,1.9110096
2025-12-11,ST22,SKU04248,1,1.8527808
2025-12-11,ST08,SKU04252,1,1.8759391
2025-12-11,ST30,SKU04258,2,1.9446
2025-12-11,ST18,SKU04266,1,1.9028087
2025-12-11,ST09,SKU04268,1,1.818932
2025-12-11,ST29,SKU04272,4,1.8603117
2025-12-11,ST22,SKU04280,5,1.9606164
2025-12-11,ST15,SKU04291,1,1.8920197
2025-12-11,ST20,SKU04305,1,1.8712918
2025-12-11,ST07,SKU04306,4,2.0109332
2025-12-11,ST21,SKU04307,2,1.9091798
2025-12-11,ST28,SKU04309,1,1.886224
2025-12-11,ST01,SKU04312,3,1.7869867
2025-12-11,ST09,SKU04315,1,1.8851315
2025-12-11,ST07,SKU04317,1,1.8557749
2025-12-11,ST28,SKU04318,3,1.7957959
2025-12-11,ST30,SKU04321,2,2.4913943
2025-12-11,ST26,SKU04322,2,1.95193
2025-12-11,ST27,SKU04350,1,1.8882489
2025-12-11,ST04,SKU04362,5,1.8273687
2025-12-11,ST30,SKU04366,2,1.9447938
2025-12-11,ST23,SKU04390,4,1.9346949
2025-12-11,ST03,SKU04400,4,1.8297936
2025-12-11,ST09,SKU04403,5,1.9080262
2025-12-11,ST04,SKU04406,2,1.8685925
2025-12-11,ST17,SKU04408,2,1.878646
2025-12-11,ST08,SKU04416,2,1.8869098
2025-12-11,ST25,SKU04417,1,2.1118546
2025-12-11,ST19,SKU04422,2,1.8608106
2025-12-11,ST27,SKU04423,2,1.8905071
2025-12-11,ST08,SKU04426,3,1.8926127
2025-12-11,ST07,SKU04430,2,1.8448619
2025-12-11,ST14,SKU04436,1,1.8780082
2025-12-11,ST06,SKU04445,1,1.8918215
2025-12-11,ST04,SKU04447,3,1.8953332
2025-12-11,ST29,SKU04453,1,1.8515763
2025-12-11,ST07,SKU04459,2,2.0523355
2025-12-11,ST14,SKU04465,2,1.9327202
2025-12-11,ST13,SKU04481,4,1.8423654
2025-12-11,ST21,SKU04488,1,1.8834282
2025-12-11,ST10,SKU04508,2,1.9205018
2025-12-11,ST29,SKU04534,2,1.9109917
2025-12-11,ST24,SKU04537,1,1.933196
2025-12-11,ST27,SKU04547,5,1.950363
2025-12-11,ST12,SKU04551,1,1.8589846
2025-12-11,ST18,SKU04562,1,2.0231009
2025-12-11,ST03,SKU04563,1,1.8375021
2025-12-11,ST09,SKU04564,1,1.799814
2025-12-11,ST02,SKU04565,1,1.8717537
2025-12-11,ST14,SKU04571,1,1.9866315
2025-12-11,ST29,SKU04572,3,1.8781385
2025-12-11,ST30,SKU04596,6,5.0627666
2025-12-11,ST07,SKU04604,3,1.765241
2025-12-11,ST28,SKU04616,1,1.8982517
2025-12-11,ST28,SKU04621,2,1.9581954
2025-12-11,ST29,SKU04626,4,1.9454391
2025-12-11,ST30,SKU04633,3,1.9051963
2025-12-11,ST03,SKU04634,2,1.8584557
2025-12-11,ST29,SKU04644,3,1.8811909
2025-12-11,ST08,SKU04647,2,1.9053671
2025-12-11,ST29,SKU04657,4,1.89224
2025-12-11,ST29,SKU04660,1,1.9636879
2025-12-11,ST30,SKU04662,4,1.8424137
2025-12-11,ST30,SKU04663,2,1.804736
2025-12-11,ST09,SKU04670,2,1.8260577
2025-12-11,ST15,SKU04677,1,1.8761178
2025-12-11,ST26,SKU04691,4,1.8848375
2025-12-11,ST27,SKU04696,1,1.8593341
2025-12-11,ST09,SKU04702,3,1.908203
2025-12-11,ST24,SKU04711,1,2.082992
2025-12-11,ST08,SKU04712,1,1.8709531
2025-12-11,ST21,SKU04713,1,1.8189262
2025-12-11,ST27,SKU04714,3,1.8763384
2025-12-11,ST05,SKU04715,4,1.9244655
2025-12-11,ST24,SKU04720,1,2.0455294
2025-12-11,ST29,SKU04735,1,1.8482552
2025-12-11,ST01,SKU04743,2,1.9115345
2025-12-11,ST09,SKU04749,1,1.8585886
2025-12-11,ST29,SKU04750,2,1.908963
2025-12-11,ST18,SKU04763,2,1.8915387
2025-12-11,ST24,SKU04778,3,1.8494687
2025-12-11,ST29,SKU04779,1,1.82936
2025-12-11,ST18,SKU04783,3,1.862294
2025-12-11,ST14,SKU04790,1,1.8848047
2025-12-11,ST30,SKU04793,4,1.841608
2025-12-11,ST21,SKU04805,1,1.869293
2025-12-11,ST29,SKU04806,1,1.8790723
2025-12-11,ST16,SKU04813,3,1.9051541
2025-12-11,ST11,SKU04819,1,1.8882369
2025-12-11,ST20,SKU04822,1,1.9084316
2025-12-11,ST02,SKU04824,2,1.9161392
2025-12-11,ST29,SKU04830,4,1.8698086
2025-12-11,ST20,SKU04837,1,1.916986
2025-12-11,ST27,SKU04841,4,1.8540685
2025-12-11,ST06,SKU04849,1,2.026538
2025-12-11,ST22,SKU04872,5,1.8348452
2025-12-11,ST01,SKU04892,1,1.7507834
2025-12-11,ST05,SKU04896,3,1.8466283
2025-12-11,ST09,SKU04901,1,1.848471
2025-12-11,ST29,SKU04908,2,1.8880635
2025-12-11,ST09,SKU04910,1,1.8997636
2025-12-11,ST13,SKU04913,3,1.8564429
2025-12-11,ST10,SKU04921,1,1.8894669
2025-12-11,ST06,SKU04926,4,1.8604894
2025-12-11,ST10,SKU04969,1,1.872045
2025-12-11,ST30,SKU04973,2,1.8030051
2025-12-11,ST14,SKU04979,1,1.949065
2025-12-11,ST22,SKU04985,1,1.8689773
2025-12-11,ST12,SKU04987,1,1.9414842
2025-12-11,ST29,SKU04991,1,1.7608373
2025-12-12,ST22,SKU00002,3,1.7959442
2025-12-12,ST23,SKU00004,2,1.9221662
2025-12-12,ST07,SKU00016,2,1.9438273
2025-12-12,ST21,SKU00023,3,2.106417
2025-12-12,ST11,SKU00027,2,1.871323
2025-12-12,ST27,SKU00031,4,1.9959117
2025-12-12,ST21,SKU00033,2,1.8898683
2025-12-12,ST09,SKU00039,3,1.8405896
2025-12-12,ST18,SKU00055,3,1.8616966
2025-12-12,ST14,SKU00060,3,1.9982249
2025-12-12,ST29,SKU00062,4,1.9200068
2025-12-12,ST30,SKU00079,1,1.9019092
2025-12-12,ST03,SKU00092,2,1.8183638
2025-12-12,ST15,SKU00095,1,1.8979192
2025-12-12,ST20,SKU00096,1,1.9172568
2025-12-12,ST06,SKU00100,1,1.8296012
2025-12-12,ST24,SKU00116,2,1.8920126
2025-12-12,ST29,SKU00136,1,1.8302287
2025-12-12,ST03,SKU00142,1,1.8845986
2025-12-12,ST12,SKU00147,1,1.8188872
2025-12-12,ST12,SKU00148,1,1.8683052
2025-12-12,ST22,SKU00153,1,1.894821
2025-12-12,ST20,SKU00161,1,1.7811663
2025-12-12,ST29,SKU00166,1,1.8502102
2025-12-12,ST08,SKU00167,2,1.93664
2025-12-12,ST21,SKU00169,2,1.8538682
2025-12-12,ST14,SKU00174,1,1.8570172
2025-12-12,ST30,SKU00177,2,1.9920313
2025-12-12,ST07,SKU00180,1,1.8467278
2025-12-12,ST04,SKU00184,3,1.7779112
2025-12-12,ST22,SKU00190,2,3.6998818
2025-12-12,ST29,SKU00211,4,1.8476964
2025-12-12,ST16,SKU00216,5,1.9280084
2025-12-12,ST30,SKU00226,1,1.9898534
2025-12-12,ST01,SKU00234,1,1.7916259
2025-12-12,ST29,SKU00264,2,1.9370172
2025-12-12,ST20,SKU00270,2,1.8384451
2025-12-12,ST07,SKU00278,3,1.8225452
2025-12-12,ST30,SKU00285,1,1.8486475
2025-12-12,ST07,SKU00286,1,1.7917358
2025-12-12,ST17,SKU00292,1,1.9361765
2025-12-12,ST12,SKU00310,2,2.051377
2025-12-12,ST22,SKU00313,3,2.0283077
2025-12-12,ST01,SKU00323,4,1.8566482
2025-12-12,ST19,SKU00328,2,1.8896966
2025-12-12,ST06,SKU00340,1,1.7595593
2025-12-12,ST23,SKU00354,1,1.7146314
2025-12-12,ST14,SKU00365,2,1.8957514
2025-12-12,ST24,SKU00366,1,1.8473463
2025-12-12,ST21,SKU00368,3,1.9781709
2025-12-12,ST29,SKU00369,2,1.8575742
2025-12-12,ST27,SKU00370,5,1.9214729
2025-12-12,ST27,SKU00376,1,1.8318753
2025-12-12,ST22,SKU00400,1,1.8450454
2025-12-12,ST24,SKU00402,2,1.8660971
2025-12-12,ST17,SKU00418,2,1.8545893
2025-12-12,ST26,SKU00426,2,1.8477113
2025-12-12,ST06,SKU00427,1,2.0610774
2025-12-12,ST03,SKU00455,1,1.8818257
2025-12-12,ST22,SKU00469,5,1.8760891
2025-12-12,ST14,SKU00475,1,1.9108255
2025-12-12,ST25,SKU00484,3,1.9635099
2025-12-12,ST21,SKU00496,1,1.9578766
2025-12-12,ST10,SKU00499,5,1.8022455
2025-12-12,ST12,SKU00500,2,1.9148263
2025-12-12,ST03,SKU00504,1,1.8050052
2025-12-12,ST22,SKU00505,4,1.8633552
2025-12-12,ST22,SKU00516,2,1.9108319
2025-12-12,ST18,SKU00518,1,1.8740642
2025-12-12,ST18,SKU00522,4,1.8784776
2025-12-12,ST15,SKU00529,1,1.8595086
2025-12-12,ST30,SKU00531,2,1.9264019
2025-12-12,ST24,SKU00539,1,2.1215377
2025-12-12,ST25,SKU00559,1,1.8414361
2025-12-12,ST11,SKU00562,1,1.8835028
2025-12-12,ST14,SKU00570,1,1.8644813
2025-12-12,ST21,SKU00572,2,1.8802925
2025-12-12,ST05,SKU00576,4,1.8740982
2025-12-12,ST08,SKU00590,1,1.9290322
2025-12-12,ST08,SKU00599,3,1.96865
2025-12-12,ST14,SKU00618,4,2.0168297
2025-12-12,ST22,SKU00621,1,1.8653848
2025-12-12,ST20,SKU00639,2,1.8857086
2025-12-12,ST01,SKU00644,4,1.9150715
2025-12-12,ST06,SKU00646,1,1.8786695
2025-12-12,ST30,SKU00659,3,1.852986
2025-12-12,ST24,SKU00660,2,1.8702213
2025-12-12,ST12,SKU00668,3,1.9159213
2025-12-12,ST20,SKU00678,3,1.8038719
2025-12-12,ST18,SKU00680,1,1.8720424
2025-12-12,ST20,SKU00685,2,2.0117478
2025-12-12,ST09,SKU00687,1,1.9167154
2025-12-12,ST29,SKU00692,2,1.83397
2025-12-12,ST24,SKU00694,1,1.883053
2025-12-12,ST30,SKU00707,1,1.8728865
2025-12-12,ST28,SKU00717,2,1.9505405
2025-12-12,ST18,SKU00723,2,1.9153728
2025-12-12,ST23,SKU00725,2,1.8899992
2025-12-12,ST09,SKU00728,1,2.077511
2025-12-12,ST29,SKU00730,1,1.8894416
2025-12-12,ST27,SKU00744,1,1.8843237
2025-12-12,ST20,SKU00746,2,1.936355
2025-12-12,ST28,SKU00753,3,1.9138265
2025-12-12,ST07,SKU00770,2,2.0200179
2025-12-12,ST04,SKU00779,2,1.9036416
2025-12-12,ST12,SKU00795,1,1.810037
2025-12-12,ST06,SKU00798,5,1.935875
2025-12-12,ST06,SKU00811,2,1.8553827
2025-12-12,ST22,SKU00827,1,1.8742956
2025-12-12,ST07,SKU00832,1,1.842242
2025-12-12,ST17,SKU00845,1,2.133878
2025-12-12,ST22,SKU00849,1,1.9086473
2025-12-12,ST06,SKU00854,1,1.8730443
2025-12-12,ST17,SKU00875,3,1.8317407
2025-12-12,ST21,SKU00881,1,1.910264
2025-12-12,ST28,SKU00886,4,1.7722726
2025-12-12,ST28,SKU00887,1,1.8885363
2025-12-12,ST24,SKU00891,1,1.7246346
2025-12-12,ST30,SKU00893,3,1.8709708
2025-12-12,ST15,SKU00899,1,1.9116633
2025-12-12,ST29,SKU00901,4,1.8847961
2025-12-12,ST08,SKU00910,3,1.9500675
2025-12-12,ST09,SKU00916,2,1.8969702
2025-12-12,ST17,SKU00920,1,1.8508148
2025-12-12,ST03,SKU00922,1,1.8683543
2025-12-12,ST22,SKU00929,3,1.8855441
2025-12-12,ST21,SKU00941,2,1.95728
2025-12-12,ST29,SKU00942,4,1.7478462
2025-12-12,ST29,SKU00953,2,1.9309769
2025-12-12,ST22,SKU00960,3,1.8629642
2025-12-12,ST24,SKU00966,3,1.8689355
2025-12-12,ST04,SKU00974,1,1.838549
2025-12-12,ST06,SKU00982,2,1.9292604
2025-12-12,ST25,SKU00994,1,1.8524487
2025-12-12,ST22,SKU00995,1,1.8586739
2025-12-12,ST25,SKU01009,3,1.8351754
2025-12-12,ST24,SKU01016,1,1.9182528
2025-12-12,ST01,SKU01023,1,1.8687149
2025-12-12,ST29,SKU01027,1,1.6813983
2025-12-12,ST18,SKU01030,1,1.8904412
2025-12-12,ST29,SKU01037,2,1.9794271
2025-12-12,ST19,SKU01041,2,1.9190596
2025-12-12,ST18,SKU01045,3,1.7819037
2025-12-12,ST20,SKU01048,2,1.901854
2025-12-12,ST05,SKU01055,3,1.8789366
2025-12-12,ST28,SKU01056,2,1.8755256
2025-12-12,ST09,SKU01071,1,1.8949009
2025-12-12,ST17,SKU01079,1,1.9231075
2025-12-12,ST22,SKU01083,4,1.8989327
2025-12-12,ST30,SKU01085,1,1.9362664
2025-12-12,ST16,SKU01105,2,1.8736062
2025-12-12,ST22,SKU01115,4,1.8810407
2025-12-12,ST08,SKU01121,1,1.9368008
2025-12-12,ST29,SKU01122,4,1.9235531
2025-12-12,ST16,SKU01134,3,1.8972343
2025-12-12,ST30,SKU01147,1,1.8992391
2025-12-12,ST07,SKU01151,3,1.897812
2025-12-12,ST09,SKU01158,1,1.9864467
2025-12-12,ST15,SKU01164,1,1.9028797
2025-12-12,ST15,SKU01184,3,1.8496207
2025-12-12,ST12,SKU01189,2,1.8758067
2025-12-12,ST24,SKU01194,1,1.882859
2025-12-12,ST20,SKU01197,1,1.9068627
2025-12-12,ST14,SKU01198,1,1.84053
2025-12-12,ST22,SKU01209,1,1.8565389
2025-12-12,ST05,SKU01210,1,1.902244
2025-12-12,ST30,SKU01218,1,1.9136231
2025-12-12,ST06,SKU01232,5,1.9006256
2025-12-12,ST04,SKU01239,2,1.745334
2025-12-12,ST01,SKU01240,1,1.8980697
2025-12-12,ST21,SKU01248,4,1.8824071
2025-12-12,ST10,SKU01249,3,1.7805138
2025-12-12,ST17,SKU01273,2,1.934625
2025-12-12,ST04,SKU01274,1,1.8180184
2025-12-12,ST28,SKU01280,1,1.8582419
2025-12-12,ST30,SKU01291,2,1.8744775
2025-12-12,ST25,SKU01293,4,1.987327
2025-12-12,ST03,SKU01301,1,1.8256001
2025-12-12,ST06,SKU01306,1,1.8928305
2025-12-12,ST08,SKU01310,2,1.9308119
2025-12-12,ST18,SKU01317,1,1.869004
2025-12-12,ST04,SKU01319,1,1.8244305
2025-12-12,ST10,SKU01321,1,1.908879
2025-12-12,ST16,SKU01343,1,1.8876041
2025-12-12,ST20,SKU01349,2,1.8999496
2025-12-12,ST28,SKU01351,2,1.8897004
2025-12-12,ST07,SKU01357,1,1.949251
2025-12-12,ST01,SKU01358,3,1.8644112
2025-12-12,ST28,SKU01359,1,1.9092234
2025-12-12,ST09,SKU01363,1,1.8633007
2025-12-12,ST29,SKU01386,1,1.8174542
2025-12-12,ST05,SKU01408,5,1.7861156
2025-12-12,ST02,SKU01411,4,1.8326898
2025-12-12,ST21,SKU01414,3,1.8976191
2025-12-12,ST29,SKU01420,1,2.0492852
2025-12-12,ST13,SKU01423,2,1.8206998
2025-12-12,ST20,SKU01432,1,1.8812103
2025-12-12,ST28,SKU01438,3,1.9054712
2025-12-12,ST21,SKU01447,1,1.8230888
2025-12-12,ST18,SKU01448,2,1.8685673
2025-12-12,ST28,SKU01456,1,1.8835566
2025-12-12,ST16,SKU01462,4,1.9464297
2025-12-12,ST19,SKU01464,1,1.9009292
2025-12-12,ST17,SKU01468,1,1.9072311
2025-12-12,ST03,SKU01469,1,1.7939954
2025-12-12,ST21,SKU01478,1,1.8331938
2025-12-12,ST09,SKU01482,3,2.0329595
2025-12-12,ST04,SKU01485,1,1.8594689
2025-12-12,ST16,SKU01490,1,1.9050976
2025-12-12,ST30,SKU01493,1,1.9081107
2025-12-12,ST27,SKU01501,1,1.9085617
2025-12-12,ST02,SKU01504,2,1.8569021
2025-12-12,ST21,SKU01507,1,1.9051205
2025-12-12,ST21,SKU01514,1,1.8051369
2025-12-12,ST14,SKU01516,2,1.8717887
2025-12-12,ST21,SKU01522,3,1.9017448
2025-12-12,ST05,SKU01523,3,1.8872465
2025-12-12,ST19,SKU01524,5,1.8408209
2025-12-12,ST16,SKU01534,4,1.9940057
2025-12-12,ST19,SKU01535,3,1.9057993
2025-12-12,ST03,SKU01539,1,1.8872494
2025-12-12,ST21,SKU01540,1,1.8792664
2025-12-12,ST24,SKU01549,2,1.885864
2025-12-12,ST13,SKU01551,1,1.8907384
2025-12-12,ST04,SKU01554,5,1.885253
2025-12-12,ST27,SKU01555,1,1.8119863
2025-12-12,ST21,SKU01563,1,1.8765142
2025-12-12,ST06,SKU01598,1,1.878542
2025-12-12,ST28,SKU01600,1,1.9657807
2025-12-12,ST07,SKU01601,1,1.8632712
2025-12-12,ST01,SKU01606,1,1.9158891
2025-12-12,ST09,SKU01608,3,1.8903188
2025-12-12,ST22,SKU01621,2,1.8950738
2025-12-12,ST08,SKU01634,1,1.9196931
2025-12-12,ST20,SKU01635,1,1.81047
2025-12-12,ST09,SKU01638,1,1.9860973
2025-12-12,ST22,SKU01643,2,1.8625234
2025-12-12,ST23,SKU01657,2,1.9110762
2025-12-12,ST12,SKU01662,2,2.0032415
2025-12-12,ST09,SKU01675,2,1.7107584
2025-12-12,ST12,SKU01677,3,1.8900809
2025-12-12,ST28,SKU01680,1,1.6710103
2025-12-12,ST05,SKU01681,2,1.8818083
2025-12-12,ST04,SKU01730,1,1.8713323
2025-12-12,ST01,SKU01748,1,1.9411718
2025-12-12,ST24,SKU01754,1,2.0512242
2025-12-12,ST06,SKU01769,1,1.8437973
2025-12-12,ST27,SKU01775,3,1.9027449
2025-12-12,ST25,SKU01780,1,1.9356279
2025-12-12,ST06,SKU01794,1,1.9347956
2025-12-12,ST07,SKU01795,1,1.8726395
2025-12-12,ST19,SKU01804,1,1.9871441
2025-12-12,ST04,SKU01811,3,1.862568
2025-12-12,ST11,SKU01817,1,1.8070164
2025-12-12,ST07,SKU01819,4,1.8813016
2025-12-12,ST08,SKU01820,2,1.8374487
2025-12-12,ST28,SKU01823,1,1.9214393
2025-12-12,ST11,SKU01831,2,1.8089111
2025-12-12,ST25,SKU01832,3,1.8948544
2025-12-12,ST22,SKU01833,2,1.9219446
2025-12-12,ST19,SKU01837,1,1.8357567
2025-12-12,ST21,SKU01844,1,1.9039458
2025-12-12,ST06,SKU01856,2,1.9199504
2025-12-12,ST10,SKU01865,1,1.9589863
2025-12-12,ST30,SKU01877,1,1.882743
2025-12-12,ST12,SKU01879,1,1.8625852
2025-12-12,ST24,SKU01890,1,1.9126455
2025-12-12,ST22,SKU01902,2,1.9430625
2025-12-12,ST29,SKU01903,1,1.8452362
2025-12-12,ST29,SKU01912,3,1.848804
2025-12-12,ST01,SKU01919,5,1.8305117
2025-12-12,ST18,SKU01920,3,1.9273168
2025-12-12,ST01,SKU01932,1,1.9087571
2025-12-12,ST22,SKU01935,2,1.9208527
2025-12-12,ST26,SKU01938,1,1.9805225
2025-12-12,ST27,SKU01953,1,1.9566455
2025-12-12,ST24,SKU01960,5,1.8177979
2025-12-12,ST26,SKU01968,1,1.8417559
2025-12-12,ST30,SKU01978,3,1.8702548
2025-12-12,ST20,SKU01982,4,1.796469
2025-12-12,ST22,SKU01983,1,1.8677633
2025-12-12,ST20,SKU01988,1,1.8984777
2025-12-12,ST29,SKU02000,2,1.8897768
2025-12-12,ST15,SKU02018,3,1.9000212
2025-12-12,ST30,SKU02026,3,1.8897501
2025-12-12,ST15,SKU02028,1,1.863011
2025-12-12,ST13,SKU02029,2,1.8003253
2025-12-12,ST28,SKU02032,1,1.855921
2025-12-12,ST19,SKU02034,1,1.8652387
2025-12-12,ST17,SKU02040,3,1.8460433
2025-12-12,ST09,SKU02043,2,1.9302006
2025-12-12,ST01,SKU02050,5,1.8674831
2025-12-12,ST29,SKU02054,1,1.9464873
2025-12-12,ST11,SKU02079,1,1.9570835
2025-12-12,ST13,SKU02087,2,1.9724164
2025-12-12,ST28,SKU02088,1,1.7241486
2025-12-12,ST28,SKU02091,2,1.8131185
2025-12-12,ST06,SKU02100,1,1.9082178
2025-12-12,ST07,SKU02107,1,1.8411847
2025-12-12,ST17,SKU02108,2,1.9973503
2025-12-12,ST21,SKU02111,1,1.9188272
2025-12-12,ST20,SKU02112,1,1.8982117
2025-12-12,ST29,SKU02141,3,1.7971027
2025-12-12,ST30,SKU02155,4,1.8421807
2025-12-12,ST22,SKU02156,1,1.9032011
2025-12-12,ST07,SKU02181,2,1.8542506
2025-12-12,ST20,SKU02192,1,1.8988853
2025-12-12,ST21,SKU02195,3,1.9585028
2025-12-12,ST04,SKU02208,1,1.8938615
2025-12-12,ST27,SKU02210,2,1.8177835
2025-12-12,ST03,SKU02211,2,2.0297973
2025-12-12,ST24,SKU02218,1,1.9323902
2025-12-12,ST20,SKU02220,2,1.8511218
2025-12-12,ST26,SKU02236,1,1.8814254
2025-12-12,ST30,SKU02243,2,1.8624103
2025-12-12,ST07,SKU02249,1,1.8392979
2025-12-12,ST27,SKU02250,4,1.979226
2025-12-12,ST25,SKU02262,4,1.8811364
2025-12-12,ST03,SKU02279,4,1.6727957
2025-12-12,ST02,SKU02283,3,1.8678946
2025-12-12,ST03,SKU02284,1,1.8556695
2025-12-12,ST07,SKU02298,2,1.8578123
2025-12-12,ST19,SKU02307,1,1.8786
2025-12-12,ST30,SKU02308,3,1.8559251
2025-12-12,ST20,SKU02311,4,1.9366064
2025-12-12,ST21,SKU02316,3,1.8793703
2025-12-12,ST03,SKU02322,3,1.8910844
2025-12-12,ST13,SKU02335,1,1.9154477
2025-12-12,ST15,SKU02336,4,1.8887799
2025-12-12,ST18,SKU02338,2,1.9306823
2025-12-12,ST28,SKU02344,1,1.9002863
2025-12-12,ST19,SKU02346,1,1.9074711
2025-12-12,ST22,SKU02354,1,1.9039776
2025-12-12,ST14,SKU02372,2,1.5646118
2025-12-12,ST17,SKU02376,1,1.8251151
2025-12-12,ST12,SKU02381,3,1.8251264
2025-12-12,ST12,SKU02409,2,1.8866032
2025-12-12,ST23,SKU02412,1,2.0234022
2025-12-12,ST26,SKU02414,1,1.8634955
2025-12-12,ST18,SKU02417,1,1.9097265
2025-12-12,ST09,SKU02422,2,1.9368312
2025-12-12,ST11,SKU02425,2,1.731928
2025-12-12,ST30,SKU02431,3,4.152925
2025-12-12,ST20,SKU02433,3,1.7640862
2025-12-12,ST21,SKU02439,1,1.8657696
2025-12-12,ST22,SKU02440,2,1.8338405
2025-12-12,ST15,SKU02446,1,1.8431326
2025-12-12,ST24,SKU02449,2,1.8153422
2025-12-12,ST08,SKU02457,2,1.8207974
2025-12-12,ST16,SKU02462,4,1.9238309
2025-12-12,ST07,SKU02470,1,1.8823555
2025-12-12,ST05,SKU02473,2,1.8965633
2025-12-12,ST22,SKU02477,3,1.881076
2025-12-12,ST18,SKU02478,3,1.8972832
2025-12-12,ST07,SKU02479,2,1.8066953
2025-12-12,ST21,SKU02482,1,1.9701085
2025-12-12,ST08,SKU02486,1,1.8679649
2025-12-12,ST01,SKU02488,2,1.9399885
2025-12-12,ST24,SKU02502,1,1.9871988
2025-12-12,ST13,SKU02503,1,1.8700793
2025-12-12,ST29,SKU02509,1,1.9429163
2025-12-12,ST26,SKU02510,2,1.864182
2025-12-12,ST28,SKU02512,3,1.8496418
2025-12-12,ST19,SKU02515,1,1.8564761
2025-12-12,ST19,SKU02526,1,1.7795504
2025-12-12,ST05,SKU02532,1,1.8844873
2025-12-12,ST07,SKU02537,1,1.8572601
2025-12-12,ST13,SKU02544,3,1.9198604
2025-12-12,ST19,SKU02549,2,1.8969262
2025-12-12,ST29,SKU02557,1,1.8302716
2025-12-12,ST24,SKU02588,3,1.8211606
2025-12-12,ST08,SKU02598,1,1.8824867
2025-12-12,ST27,SKU02601,2,1.7564516
2025-12-12,ST05,SKU02603,1,1.8663514
2025-12-12,ST09,SKU02605,1,1.8667421
2025-12-12,ST13,SKU02607,1,1.8657562
2025-12-12,ST22,SKU02608,4,1.8660232
2025-12-12,ST20,SKU02614,2,1.9387195
2025-12-12,ST03,SKU02637,4,1.876767
2025-12-12,ST17,SKU02640,4,1.8353715
2025-12-12,ST19,SKU02642,3,1.8546666
2025-12-12,ST29,SKU02648,1,1.877547
2025-12-12,ST07,SKU02653,3,1.90929
2025-12-12,ST07,SKU02654,1,1.8635341
2025-12-12,ST12,SKU02655,1,1.85325
2025-12-12,ST06,SKU02665,1,1.8789477
2025-12-12,ST21,SKU02666,1,1.7794724
2025-12-12,ST07,SKU02669,1,1.7874674
2025-12-12,ST22,SKU02671,1,1.8802543
2025-12-12,ST20,SKU02678,3,1.9609141
2025-12-12,ST17,SKU02685,1,1.8768495
2025-12-12,ST12,SKU02690,5,1.900794
2025-12-12,ST20,SKU02692,1,1.8213009
2025-12-12,ST07,SKU02700,3,1.8666656
2025-12-12,ST17,SKU02711,2,1.9005446
2025-12-12,ST05,SKU02713,1,1.817145
2025-12-12,ST13,SKU02719,1,1.8436579
2025-12-12,ST15,SKU02720,1,1.9137495
2025-12-12,ST10,SKU02732,3,1.8476285
2025-12-12,ST04,SKU02734,1,1.9326092
2025-12-12,ST09,SKU02740,1,2.0714962
2025-12-12,ST06,SKU02745,2,1.8465952
2025-12-12,ST14,SKU02747,1,1.8452352
2025-12-12,ST21,SKU02751,1,1.8953598
2025-12-12,ST22,SKU02754,2,1.8417931
2025-12-12,ST27,SKU02759,2,1.9078137
2025-12-12,ST22,SKU02770,5,1.8726052
2025-12-12,ST09,SKU02771,1,1.8797668
2025-12-12,ST23,SKU02812,4,1.8787122
2025-12-12,ST21,SKU02826,1,1.9335607
2025-12-12,ST25,SKU02828,4,1.8993033
2025-12-12,ST21,SKU02840,4,1.8599104
2025-12-12,ST20,SKU02843,4,1.914303
2025-12-12,ST04,SKU02849,2,1.9526714
2025-12-12,ST17,SKU02851,1,1.8374754
2025-12-12,ST21,SKU02858,2,1.8061999
2025-12-12,ST30,SKU02891,2,1.8797685
2025-12-12,ST30,SKU02892,4,1.8258454
2025-12-12,ST17,SKU02906,2,1.9451252
2025-12-12,ST11,SKU02919,2,1.9622163
2025-12-12,ST17,SKU02922,1,1.9462584
2025-12-12,ST22,SKU02923,2,1.8708007
2025-12-12,ST30,SKU02931,4,1.9146122
2025-12-12,ST28,SKU02947,1,1.8226947
2025-12-12,ST11,SKU02952,1,1.9462036
2025-12-12,ST22,SKU02953,1,1.8738055
2025-12-12,ST29,SKU02954,1,1.826064
2025-12-12,ST03,SKU02983,1,1.6858647
2025-12-12,ST06,SKU02986,2,1.8484801
2025-12-12,ST24,SKU02996,4,1.813122
2025-12-12,ST19,SKU02998,1,1.9238651
2025-12-12,ST29,SKU03027,2,1.8516438
2025-12-12,ST08,SKU03035,1,1.881223
2025-12-12,ST06,SKU03044,2,1.8890561
2025-12-12,ST17,SKU03048,2,1.8638288
2025-12-12,ST16,SKU03058,3,1.8624747
2025-12-12,ST06,SKU03062,1,1.8937714
2025-12-12,ST28,SKU03075,1,1.8918797
2025-12-12,ST28,SKU03077,1,1.8951366
2025-12-12,ST23,SKU03083,1,1.957694
2025-12-12,ST18,SKU03086,3,1.897019
2025-12-12,ST07,SKU03088,1,2.0109544
2025-12-12,ST11,SKU03095,1,1.8626616
2025-12-12,ST17,SKU03125,1,1.9283284
2025-12-12,ST05,SKU03134,1,1.8953241
2025-12-12,ST05,SKU03162,3,1.9374391
2025-12-12,ST03,SKU03174,3,1.9530685
2025-12-12,ST07,SKU03175,2,2.004633
2025-12-12,ST13,SKU03189,2,1.8695498
2025-12-12,ST12,SKU03194,5,1.8943955
2025-12-12,ST28,SKU03195,1,1.8947654
2025-12-12,ST05,SKU03199,1,1.857798
2025-12-12,ST23,SKU03203,4,1.8901416
2025-12-12,ST27,SKU03212,2,1.9057775
2025-12-12,ST03,SKU03217,1,1.9042851
2025-12-12,ST04,SKU03221,2,1.8785633
2025-12-12,ST13,SKU03226,3,1.8813382
2025-12-12,ST19,SKU03232,2,1.9445313
2025-12-12,ST21,SKU03238,2,1.8911297
2025-12-12,ST11,SKU03258,3,1.799786
2025-12-12,ST13,SKU03263,1,1.9584643
2025-12-12,ST08,SKU03268,1,1.8707705
2025-12-12,ST28,SKU03276,4,1.944944
2025-12-12,ST03,SKU03282,2,1.8203584
2025-12-12,ST04,SKU03285,1,2.0283005
2025-12-12,ST25,SKU03292,3,1.9825206
2025-12-12,ST22,SKU03318,1,1.8877277
2025-12-12,ST21,SKU03323,1,2.0284362
2025-12-12,ST24,SKU03327,2,1.9172899
2025-12-12,ST09,SKU03344,1,1.8703878
2025-12-12,ST07,SKU03348,1,1.9077182
2025-12-12,ST13,SKU03353,1,2.1071699
2025-12-12,ST07,SKU03355,3,1.8974069
2025-12-12,ST06,SKU03363,3,1.8232429
2025-12-12,ST07,SKU03365,1,1.8830826
2025-12-12,ST29,SKU03368,1,1.8033234
2025-12-12,ST25,SKU03375,1,1.8050251
2025-12-12,ST30,SKU03380,1,1.8040009
2025-12-12,ST24,SKU03391,4,1.8752812
2025-12-12,ST28,SKU03393,1,1.907435
2025-12-12,ST07,SKU03394,5,1.9807699
2025-12-12,ST06,SKU03395,1,1.8718748
2025-12-12,ST07,SKU03411,1,1.854992
2025-12-12,ST20,SKU03418,2,1.8395735
2025-12-12,ST13,SKU03422,1,1.806417
2025-12-12,ST16,SKU03425,1,1.8855733
2025-12-12,ST07,SKU03432,2,1.9165329
2025-12-12,ST21,SKU03456,1,1.8927253
2025-12-12,ST04,SKU03468,4,1.9317802
2025-12-12,ST09,SKU03476,2,1.9176042
2025-12-12,ST28,SKU03507,2,1.9509223
2025-12-12,ST15,SKU03509,1,1.9253613
2025-12-12,ST19,SKU03522,1,1.9215896
2025-12-12,ST21,SKU03524,2,1.8886641
2025-12-12,ST19,SKU03531,2,1.8318777
2025-12-12,ST18,SKU03532,3,1.8698527
2025-12-12,ST05,SKU03543,5,1.8647381
2025-12-12,ST26,SKU03546,1,1.9259522
2025-12-12,ST11,SKU03550,1,1.8702593
2025-12-12,ST05,SKU03555,1,1.8951641
2025-12-12,ST30,SKU03561,1,1.8179572
2025-12-12,ST17,SKU03565,4,1.9741845
2025-12-12,ST17,SKU03566,3,1.8067226
2025-12-12,ST05,SKU03567,1,1.8871468
2025-12-12,ST20,SKU03579,1,1.8302658
2025-12-12,ST08,SKU03587,1,1.931563
2025-12-12,ST30,SKU03591,4,1.8299274
2025-12-12,ST21,SKU03597,2,1.8385402
2025-12-12,ST07,SKU03598,2,1.8459705
2025-12-12,ST12,SKU03603,3,1.8373163
2025-12-12,ST29,SKU03604,1,1.9315885
2025-12-12,ST07,SKU03621,4,2.0029752
2025-12-12,ST27,SKU03622,1,1.8816199
2025-12-12,ST07,SKU03623,1,1.8961904
2025-12-12,ST21,SKU03626,4,1.8870473
2025-12-12,ST29,SKU03639,1,1.8525237
2025-12-12,ST09,SKU03648,1,2.0064673
2025-12-12,ST22,SKU03654,2,1.8612169
2025-12-12,ST04,SKU03657,2,1.9034563
2025-12-12,ST26,SKU03660,3,1.8464185
2025-12-12,ST30,SKU03666,1,1.899209
2025-12-12,ST28,SKU03674,1,1.8915994
2025-12-12,ST28,SKU03680,4,2.0526748
2025-12-12,ST04,SKU03685,1,1.8590461
2025-12-12,ST03,SKU03688,2,1.8894267
2025-12-12,ST21,SKU03690,1,1.9720643
2025-12-12,ST17,SKU03704,1,1.925303
2025-12-12,ST05,SKU03710,1,1.8760568
2025-12-12,ST27,SKU03723,1,1.8269556
2025-12-12,ST26,SKU03725,3,1.9214805
2025-12-12,ST20,SKU03727,4,3.703221
2025-12-12,ST09,SKU03734,1,1.94438
2025-12-12,ST20,SKU03751,1,1.924741
2025-12-12,ST21,SKU03760,1,1.9033352
2025-12-12,ST29,SKU03784,2,1.9727867
2025-12-12,ST07,SKU03800,1,1.8991525
2025-12-12,ST24,SKU03813,1,1.8551748
2025-12-12,ST08,SKU03815,1,1.8688953
2025-12-12,ST21,SKU03820,4,2.0660315
2025-12-12,ST19,SKU03840,3,1.8865331
2025-12-12,ST04,SKU03849,1,1.916078
2025-12-12,ST03,SKU03851,2,2.1193495
2025-12-12,ST22,SKU03862,2,1.8624932
2025-12-12,ST12,SKU03870,1,2.028994
2025-12-12,ST19,SKU03891,1,1.8690466
2025-12-12,ST06,SKU03903,1,1.9065646
2025-12-12,ST27,SKU03930,1,1.9537878
2025-12-12,ST12,SKU03943,1,1.9534925
2025-12-12,ST29,SKU03945,1,1.8662716
2025-12-12,ST04,SKU03961,2,1.7992495
2025-12-12,ST20,SKU03962,1,1.88189
2025-12-12,ST10,SKU03968,1,1.9184265
2025-12-12,ST14,SKU03980,1,1.8982527
2025-12-12,ST03,SKU03981,2,1.8993384
2025-12-12,ST15,SKU03982,1,1.8833977
2025-12-12,ST07,SKU03985,2,1.9068238
2025-12-12,ST21,SKU03993,2,1.9880184
2025-12-12,ST30,SKU04019,1,1.6720953
2025-12-12,ST28,SKU04027,3,1.92546
2025-12-12,ST20,SKU04029,1,1.858318
2025-12-12,ST11,SKU04032,1,1.9183277
2025-12-12,ST21,SKU04039,2,1.8757555
2025-12-12,ST27,SKU04041,4,1.8783225
2025-12-12,ST07,SKU04042,2,1.8601477
2025-12-12,ST28,SKU04044,3,1.8848217
2025-12-12,ST24,SKU04045,2,1.9130774
2025-12-12,ST01,SKU04046,1,1.907829
2025-12-12,ST04,SKU04050,3,1.9335375
2025-12-12,ST10,SKU04055,1,1.8751501
2025-12-12,ST28,SKU04061,3,1.9271152
2025-12-12,ST18,SKU04063,5,1.9142016
2025-12-12,ST26,SKU04079,4,1.9141355
2025-12-12,ST28,SKU04098,1,1.8439256
2025-12-12,ST17,SKU04105,2,2.0039752
2025-12-12,ST21,SKU04117,1,1.8510782
2025-12-12,ST29,SKU04124,2,1.8315672
2025-12-12,ST16,SKU04125,1,1.8943319
2025-12-12,ST26,SKU04154,1,1.7790327
2025-12-12,ST29,SKU04155,2,1.855891
2025-12-12,ST22,SKU04161,3,1.8607577
2025-12-12,ST11,SKU04162,2,1.8758539
2025-12-12,ST30,SKU04166,2,1.8840592
2025-12-12,ST22,SKU04180,2,1.8617218
2025-12-12,ST18,SKU04185,2,1.8296696
2025-12-12,ST07,SKU04191,3,1.8224008
2025-12-12,ST04,SKU04193,1,1.8468349
2025-12-12,ST27,SKU04197,2,2.283996
2025-12-12,ST13,SKU04201,1,1.8585083
2025-12-12,ST14,SKU04227,1,1.8703308
2025-12-12,ST30,SKU04229,2,1.8829951
2025-12-12,ST09,SKU04234,1,1.7934253
2025-12-12,ST22,SKU04249,2,1.9266505
2025-12-12,ST22,SKU04255,2,1.8560853
2025-12-12,ST17,SKU04273,1,1.8814981
2025-12-12,ST29,SKU04279,1,1.9395832
2025-12-12,ST18,SKU04296,1,1.8722782
2025-12-12,ST28,SKU04301,2,1.8784972
2025-12-12,ST06,SKU04307,1,1.9186195
2025-12-12,ST04,SKU04309,2,1.9168108
2025-12-12,ST13,SKU04311,1,1.9015418
2025-12-12,ST25,SKU04314,3,1.9135171
2025-12-12,ST09,SKU04317,1,1.7338774
2025-12-12,ST21,SKU04318,1,1.7092087
2025-12-12,ST30,SKU04320,2,1.9869179
2025-12-12,ST30,SKU04321,5,4.967169
2025-12-12,ST29,SKU04331,2,1.8689718
2025-12-12,ST20,SKU04333,1,1.8395491
2025-12-12,ST08,SKU04335,1,1.8584453
2025-12-12,ST04,SKU04344,1,1.9238089
2025-12-12,ST26,SKU04346,4,1.9179409
2025-12-12,ST07,SKU04350,2,1.8920839
2025-12-12,ST29,SKU04357,2,1.8935535
2025-12-12,ST14,SKU04358,1,1.9056158
2025-12-12,ST20,SKU04377,1,1.917957
2025-12-12,ST29,SKU04381,1,1.8945748
2025-12-12,ST27,SKU04395,3,1.8923917
2025-12-12,ST09,SKU04400,2,1.9257569
2025-12-12,ST22,SKU04402,1,1.9711041
2025-12-12,ST29,SKU04404,3,1.9223362
2025-12-12,ST17,SKU04406,3,1.8891292
2025-12-12,ST17,SKU04408,4,1.8821719
2025-12-12,ST11,SKU04417,2,1.9071506
2025-12-12,ST17,SKU04447,1,1.9009916
2025-12-12,ST15,SKU04453,2,1.8570368
2025-12-12,ST29,SKU04455,2,1.8960348
2025-12-12,ST18,SKU04458,2,1.8645254
2025-12-12,ST29,SKU04459,2,1.8870718
2025-12-12,ST30,SKU04472,1,1.873755
2025-12-12,ST28,SKU04486,1,1.8947192
2025-12-12,ST27,SKU04489,3,1.876244
2025-12-12,ST12,SKU04492,1,1.914067
2025-12-12,ST19,SKU04499,1,1.8813533
2025-12-12,ST03,SKU04508,1,1.8734227
2025-12-12,ST07,SKU04513,2,1.8363575
2025-12-12,ST14,SKU04524,4,1.9054203
2025-12-12,ST27,SKU04538,1,2.0820591
2025-12-12,ST27,SKU04539,1,1.8657893
2025-12-12,ST29,SKU04547,1,1.8884894
2025-12-12,ST29,SKU04548,5,1.9016826
2025-12-12,ST06,SKU04551,1,1.8824744
2025-12-12,ST05,SKU04570,1,1.8814169
2025-12-12,ST30,SKU04571,2,1.862453
2025-12-12,ST17,SKU04591,2,1.8078679
2025-12-12,ST07,SKU04592,2,2.0701594
2025-12-12,ST30,SKU04596,7,2.9903176
2025-12-12,ST14,SKU04604,2,1.8276354
2025-12-12,ST29,SKU04610,3,1.8292471
2025-12-12,ST12,SKU04615,2,1.8788726
2025-12-12,ST26,SKU04626,1,1.9152112
2025-12-12,ST05,SKU04633,1,1.879393
2025-12-12,ST07,SKU04641,1,1.8767593
2025-12-12,ST01,SKU04642,1,1.8941981
2025-12-12,ST12,SKU04643,2,1.9086809
2025-12-12,ST28,SKU04653,5,1.8946134
2025-12-12,ST14,SKU04677,3,1.8299662
2025-12-12,ST29,SKU04686,1,1.8887169
2025-12-12,ST14,SKU04692,1,1.87313
2025-12-12,ST17,SKU04699,1,2.0019848
2025-12-12,ST09,SKU04704,1,1.94839
2025-12-12,ST25,SKU04705,4,1.9364955
2025-12-12,ST09,SKU04711,1,1.8827547
2025-12-12,ST03,SKU04721,2,1.9270221
2025-12-12,ST19,SKU04735,1,1.9465859
2025-12-12,ST20,SKU04737,1,1.8802958
2025-12-12,ST08,SKU04750,1,1.8868173
2025-12-12,ST17,SKU04756,1,1.8794644
2025-12-12,ST09,SKU04759,1,1.8684374
2025-12-12,ST24,SKU04778,1,1.816837
2025-12-12,ST28,SKU04783,2,1.9356507
2025-12-12,ST27,SKU04789,1,1.7610141
2025-12-12,ST17,SKU04795,3,1.8087244
2025-12-12,ST20,SKU04796,1,1.883723
2025-12-12,ST07,SKU04815,1,1.863608
2025-12-12,ST06,SKU04817,3,1.8720891
2025-12-12,ST11,SKU04825,3,1.8346866
2025-12-12,ST06,SKU04839,2,1.7607235
2025-12-12,ST07,SKU04840,4,1.7878507
2025-12-12,ST05,SKU04847,1,1.9191152
2025-12-12,ST03,SKU04853,4,1.8804651
2025-12-12,ST03,SKU04867,1,1.8515348
2025-12-12,ST28,SKU04884,1,1.8665444
2025-12-12,ST03,SKU04891,3,1.8510134
2025-12-12,ST10,SKU04903,2,1.8490101
2025-12-12,ST13,SKU04907,1,1.8810105
2025-12-12,ST09,SKU04910,2,1.891131
2025-12-12,ST10,SKU04913,2,1.8263155
2025-12-12,ST15,SKU04917,2,1.8437946
2025-12-12,ST29,SKU04924,1,1.8936478
2025-12-12,ST08,SKU04926,1,1.9261504
2025-12-12,ST25,SKU04959,2,1.9283967
2025-12-12,ST29,SKU04961,5,1.8835219
2025-12-12,ST17,SKU04973,1,1.817028
2025-12-12,ST28,SKU04982,1,1.9233521
2025-12-12,ST12,SKU04998,3,1.8996179
2025-12-13,ST28,SKU00001,1,1.7888086
2025-12-13,ST27,SKU00002,3,1.811087
2025-12-13,ST19,SKU00007,3,1.8715342
2025-12-13,ST21,SKU00013,1,1.9636763
2025-12-13,ST05,SKU00015,1,1.8962921
2025-12-13,ST11,SKU00019,1,1.9103266
2025-12-13,ST20,SKU00021,2,1.9425501
2025-12-13,ST03,SKU00025,1,1.8638495
2025-12-13,ST27,SKU00031,2,1.7378184
2025-12-13,ST22,SKU00032,3,1.8829131
2025-12-13,ST28,SKU00036,1,1.9252187
2025-12-13,ST13,SKU00042,1,1.8806709
2025-12-13,ST05,SKU00049,3,1.8329262
2025-12-13,ST23,SKU00050,4,1.8469421
2025-12-13,ST14,SKU00055,2,1.860964
2025-12-13,ST10,SKU00060,1,1.8763471
2025-12-13,ST03,SKU00061,1,1.933207
2025-12-13,ST29,SKU00062,2,1.871139
2025-12-13,ST29,SKU00071,1,1.8706716
2025-12-13,ST07,SKU00079,2,1.7874101
2025-12-13,ST08,SKU00082,2,1.8732628
2025-12-13,ST29,SKU00102,2,1.7523301
2025-12-13,ST10,SKU00120,5,1.8784415
2025-12-13,ST05,SKU00124,1,1.9073981
2025-12-13,ST28,SKU00125,2,1.9903231
2025-12-13,ST06,SKU00126,2,1.9258366
2025-12-13,ST03,SKU00127,1,1.9532318
2025-12-13,ST05,SKU00129,1,1.9098064
2025-12-13,ST27,SKU00131,2,1.8006048
2025-12-13,ST30,SKU00143,3,1.8058789
2025-12-13,ST08,SKU00150,2,1.9018438
2025-12-13,ST07,SKU00154,3,1.750359
2025-12-13,ST12,SKU00165,1,1.6261727
2025-12-13,ST21,SKU00169,1,1.8371677
2025-12-13,ST28,SKU00190,1,1.8908997
2025-12-13,ST22,SKU00197,1,1.9134284
2025-12-13,ST09,SKU00207,4,1.8897623
2025-12-13,ST14,SKU00226,1,1.9992648
2025-12-13,ST01,SKU00229,1,1.8681425
2025-12-13,ST11,SKU00232,1,1.791818
2025-12-13,ST24,SKU00240,3,1.8136872
2025-12-13,ST21,SKU00243,1,1.8742915
2025-12-13,ST29,SKU00263,2,1.8407772
2025-12-13,ST30,SKU00264,1,1.9039148
2025-12-13,ST20,SKU00283,1,1.9289693
2025-12-13,ST29,SKU00286,4,1.7401528
2025-12-13,ST04,SKU00291,3,1.9024022
2025-12-13,ST16,SKU00295,1,1.8387067
2025-12-13,ST08,SKU00296,1,1.8557891
2025-12-13,ST20,SKU00304,3,1.8852863
2025-12-13,ST05,SKU00328,1,1.8801396
2025-12-13,ST06,SKU00333,1,1.9762969
2025-12-13,ST29,SKU00353,2,1.9115793
2025-12-13,ST20,SKU00356,1,1.8682437
2025-12-13,ST18,SKU00369,1,1.8249916
2025-12-13,ST20,SKU00373,2,1.8993309
2025-12-13,ST21,SKU00376,1,1.7546237
2025-12-13,ST29,SKU00388,1,1.8737345
2025-12-13,ST29,SKU00394,2,1.8749918
2025-12-13,ST13,SKU00404,3,1.8753015
2025-12-13,ST10,SKU00412,1,1.8876337
2025-12-13,ST20,SKU00429,1,1.8819408
2025-12-13,ST03,SKU00432,3,1.9912833
2025-12-13,ST02,SKU00438,2,1.859978
2025-12-13,ST07,SKU00446,1,1.9759558
2025-12-13,ST28,SKU00450,3,1.7888945
2025-12-13,ST17,SKU00453,3,1.845108
2025-12-13,ST22,SKU00455,1,1.8584052
2025-12-13,ST20,SKU00471,3,1.8682019
2025-12-13,ST27,SKU00476,1,1.8182168
2025-12-13,ST17,SKU00492,2,1.9699678
2025-12-13,ST26,SKU00496,2,1.7674068
2025-12-13,ST14,SKU00500,1,1.8839766
2025-12-13,ST01,SKU00506,4,1.9262474
2025-12-13,ST14,SKU00508,4,1.9041152
2025-12-13,ST12,SKU00511,1,1.8425468
2025-12-13,ST03,SKU00521,2,1.8558071
2025-12-13,ST14,SKU00524,1,1.9312081
2025-12-13,ST27,SKU00528,1,1.9337486
2025-12-13,ST26,SKU00533,1,1.9100891
2025-12-13,ST27,SKU00541,1,1.9597942
2025-12-13,ST11,SKU00565,4,1.8587204
2025-12-13,ST13,SKU00570,3,1.8964957
2025-12-13,ST30,SKU00573,1,1.9256864
2025-12-13,ST22,SKU00583,1,1.9218558
2025-12-13,ST25,SKU00599,1,1.9964236
2025-12-13,ST15,SKU00605,4,1.9514587
2025-12-13,ST08,SKU00613,1,2.1061249
2025-12-13,ST20,SKU00614,1,1.8876443
2025-12-13,ST21,SKU00623,2,1.883659
2025-12-13,ST14,SKU00627,2,1.9420168
2025-12-13,ST09,SKU00628,1,1.8971393
2025-12-13,ST14,SKU00642,1,1.8295735
2025-12-13,ST19,SKU00644,1,2.061394
2025-12-13,ST12,SKU00653,2,1.9297051
2025-12-13,ST20,SKU00656,1,1.9392065
2025-12-13,ST15,SKU00668,1,1.8902684
2025-12-13,ST29,SKU00672,1,1.8316109
2025-12-13,ST25,SKU00678,2,1.815086
2025-12-13,ST07,SKU00688,1,1.96906
2025-12-13,ST17,SKU00690,1,1.91012
2025-12-13,ST09,SKU00692,3,1.7981492
2025-12-13,ST16,SKU00695,1,1.8851045
2025-12-13,ST13,SKU00713,1,1.8728664
2025-12-13,ST04,SKU00721,1,1.7006927
2025-12-13,ST26,SKU00728,1,2.2377617
2025-12-13,ST12,SKU00731,3,1.9436778
2025-12-13,ST28,SKU00737,3,1.9216295
2025-12-13,ST02,SKU00743,2,1.9396942
2025-12-13,ST19,SKU00747,1,1.8152053
2025-12-13,ST06,SKU00762,1,1.8791606
2025-12-13,ST07,SKU00770,1,1.9734851
2025-12-13,ST22,SKU00774,3,1.8366365
2025-12-13,ST15,SKU00775,1,1.829286
2025-12-13,ST27,SKU00776,1,1.8852812
2025-12-13,ST12,SKU00781,3,1.9282118
2025-12-13,ST15,SKU00782,2,1.8760794
2025-12-13,ST23,SKU00783,2,1.8596961
2025-12-13,ST28,SKU00799,1,1.8059244
2025-12-13,ST14,SKU00811,1,1.868357
2025-12-13,ST28,SKU00813,2,1.8248615
2025-12-13,ST08,SKU00822,2,1.9607073
2025-12-13,ST10,SKU00823,1,1.831964
2025-12-13,ST12,SKU00830,4,1.7457875
2025-12-13,ST25,SKU00838,1,1.8815026
2025-12-13,ST29,SKU00845,2,1.9081914
2025-12-13,ST03,SKU00850,1,1.9287896
2025-12-13,ST04,SKU00853,4,1.8598777
2025-12-13,ST01,SKU00854,2,1.9346021
2025-12-13,ST09,SKU00856,1,1.8672266
2025-12-13,ST11,SKU00862,2,2.0987136
2025-12-13,ST18,SKU00864,4,1.8812423
2025-12-13,ST27,SKU00868,2,1.847412
2025-12-13,ST18,SKU00869,2,1.8957688
2025-12-13,ST03,SKU00870,1,1.8869002
2025-12-13,ST06,SKU00872,1,1.9845486
2025-12-13,ST14,SKU00879,1,1.8326838
2025-12-13,ST29,SKU00886,1,1.8013825
2025-12-13,ST15,SKU00891,3,1.8241873
2025-12-13,ST30,SKU00896,4,1.9976571
2025-12-13,ST12,SKU00902,3,1.8342607
2025-12-13,ST23,SKU00910,3,1.8588712
2025-12-13,ST05,SKU00914,1,1.8764966
2025-12-13,ST06,SKU00915,1,1.8815397
2025-12-13,ST05,SKU00917,1,1.8934195
2025-12-13,ST29,SKU00920,1,1.7990899
2025-12-13,ST17,SKU00921,2,2.138389
2025-12-13,ST03,SKU00930,2,1.8593968
2025-12-13,ST30,SKU00942,1,1.9490161
2025-12-13,ST29,SKU00952,1,1.9073414
2025-12-13,ST30,SKU00953,4,1.8868023
2025-12-13,ST26,SKU00961,1,1.8845898
2025-12-13,ST10,SKU00965,5,1.9343854
2025-12-13,ST23,SKU00974,1,1.9086145
2025-12-13,ST14,SKU00977,1,1.9036994
2025-12-13,ST06,SKU00983,2,1.821038
2025-12-13,ST02,SKU00986,1,1.9701635
2025-12-13,ST13,SKU00987,1,1.6654024
2025-12-13,ST23,SKU00993,1,1.9047614
2025-12-13,ST30,SKU00994,3,1.861003
2025-12-13,ST29,SKU00996,1,1.8961674
2025-12-13,ST07,SKU01001,1,1.7839776
2025-12-13,ST30,SKU01003,1,1.8931212
2025-12-13,ST05,SKU01006,3,1.932455
2025-12-13,ST24,SKU01009,1,1.8073186
2025-12-13,ST20,SKU01018,1,1.9843668
2025-12-13,ST09,SKU01021,3,1.8856081
2025-12-13,ST15,SKU01028,3,1.9473886
2025-12-13,ST29,SKU01030,1,1.9662312
2025-12-13,ST08,SKU01037,1,1.8664795
2025-12-13,ST24,SKU01041,5,1.8584291
2025-12-13,ST21,SKU01045,2,1.8687513
2025-12-13,ST11,SKU01046,1,1.9673388
2025-12-13,ST17,SKU01048,1,1.7900658
2025-12-13,ST22,SKU01071,1,1.8573864
2025-12-13,ST27,SKU01080,2,1.8428216
2025-12-13,ST30,SKU01084,1,1.8535239
2025-12-13,ST17,SKU01088,4,1.8585223
2025-12-13,ST20,SKU01090,2,1.8895907
2025-12-13,ST20,SKU01092,1,1.898459
2025-12-13,ST04,SKU01107,1,1.8064811
2025-12-13,ST20,SKU01110,1,1.9813125
2025-12-13,ST17,SKU01114,1,1.8861634
2025-12-13,ST20,SKU01115,1,1.8340387
2025-12-13,ST27,SKU01117,2,1.8362973
2025-12-13,ST30,SKU01135,1,1.9110167
2025-12-13,ST13,SKU01136,1,1.9490316
2025-12-13,ST13,SKU01142,1,1.9148866
2025-12-13,ST29,SKU01146,1,2.0021641
2025-12-13,ST01,SKU01151,1,1.9521935
2025-12-13,ST30,SKU01153,1,1.9148132
2025-12-13,ST18,SKU01155,2,1.9408185
2025-12-13,ST26,SKU01157,1,1.9106321
2025-12-13,ST29,SKU01176,1,1.895591
2025-12-13,ST07,SKU01189,4,1.7423178
2025-12-13,ST04,SKU01209,2,1.846291
2025-12-13,ST13,SKU01225,1,1.8967711
2025-12-13,ST16,SKU01229,1,1.8676603
2025-12-13,ST07,SKU01231,2,1.8231465
2025-12-13,ST14,SKU01233,2,1.9279195
2025-12-13,ST05,SKU01244,1,1.9313989
2025-12-13,ST05,SKU01248,3,1.881241
2025-12-13,ST18,SKU01255,2,1.8569376
2025-12-13,ST05,SKU01256,1,1.8487288
2025-12-13,ST10,SKU01258,5,1.7796665
2025-12-13,ST08,SKU01269,1,1.9057775
2025-12-13,ST21,SKU01272,1,1.9335202
2025-12-13,ST17,SKU01293,2,1.8846585
2025-12-13,ST06,SKU01300,1,1.8859048
2025-12-13,ST30,SKU01305,1,2.1138053
2025-12-13,ST30,SKU01318,1,1.5690609
2025-12-13,ST25,SKU01321,4,1.889574
2025-12-13,ST29,SKU01325,1,1.8928206
2025-12-13,ST03,SKU01341,1,1.8193209
2025-12-13,ST17,SKU01344,3,1.8821056
2025-12-13,ST07,SKU01359,3,1.9505379
2025-12-13,ST19,SKU01363,4,1.8339527
2025-12-13,ST11,SKU01370,1,1.8865145
2025-12-13,ST21,SKU01371,1,1.9558916
2025-12-13,ST20,SKU01373,1,1.882418
2025-12-13,ST11,SKU01374,2,1.9129226
2025-12-13,ST22,SKU01377,2,1.9367763
2025-12-13,ST15,SKU01392,5,1.9361006
2025-12-13,ST11,SKU01395,4,1.8343811
2025-12-13,ST21,SKU01398,1,1.8970233
2025-12-13,ST09,SKU01410,1,1.7927915
2025-12-13,ST29,SKU01414,2,1.880052
2025-12-13,ST02,SKU01416,3,1.9054188
2025-12-13,ST21,SKU01420,1,2.086602
2025-12-13,ST24,SKU01422,4,1.9292343
2025-12-13,ST27,SKU01428,1,1.8229209
2025-12-13,ST27,SKU01436,1,1.900142
2025-12-13,ST07,SKU01440,2,1.891839
2025-12-13,ST30,SKU01468,1,1.9310675
2025-12-13,ST21,SKU01470,1,1.8933542
2025-12-13,ST09,SKU01482,1,1.9521939
2025-12-13,ST25,SKU01485,2,1.8948525
2025-12-13,ST16,SKU01490,2,1.9345417
2025-12-13,ST27,SKU01507,3,1.8930326
2025-12-13,ST11,SKU01510,1,1.9370688
2025-12-13,ST02,SKU01520,4,1.9304714
2025-12-13,ST19,SKU01547,1,1.902784
2025-12-13,ST16,SKU01556,1,1.9142784
2025-12-13,ST15,SKU01564,2,1.8041344
2025-12-13,ST12,SKU01575,2,3.5797372
2025-12-13,ST29,SKU01578,1,1.9544522
2025-12-13,ST16,SKU01579,1,1.8911173
2025-12-13,ST09,SKU01595,1,1.840548
2025-12-13,ST27,SKU01601,1,1.8488603
2025-12-13,ST18,SKU01602,1,1.85576
2025-12-13,ST08,SKU01610,1,1.8918672
2025-12-13,ST03,SKU01611,1,1.8811636
2025-12-13,ST27,SKU01642,1,1.8642312
2025-12-13,ST12,SKU01643,2,1.9058385
2025-12-13,ST21,SKU01654,3,2.020192
2025-12-13,ST10,SKU01657,1,1.8631833
2025-12-13,ST12,SKU01664,1,1.9124631
2025-12-13,ST30,SKU01677,1,1.8860959
2025-12-13,ST27,SKU01679,1,1.869052
2025-12-13,ST30,SKU01685,5,1.9913229
2025-12-13,ST24,SKU01704,2,1.8915908
2025-12-13,ST25,SKU01714,2,1.8213359
2025-12-13,ST30,SKU01716,1,1.9030601
2025-12-13,ST11,SKU01730,1,1.7956723
2025-12-13,ST24,SKU01731,1,1.8814039
2025-12-13,ST17,SKU01734,4,2.0049832
2025-12-13,ST07,SKU01736,2,1.856656
2025-12-13,ST28,SKU01743,2,1.9219923
2025-12-13,ST21,SKU01751,1,1.9381895
2025-12-13,ST24,SKU01775,1,1.8150012
2025-12-13,ST27,SKU01784,1,1.8638879
2025-12-13,ST11,SKU01797,2,1.8549472
2025-12-13,ST17,SKU01804,1,1.9341339
2025-12-13,ST22,SKU01816,1,2.1678448
2025-12-13,ST14,SKU01818,3,1.7901149
2025-12-13,ST15,SKU01820,2,1.8654197
2025-12-13,ST07,SKU01836,4,1.9704741
2025-12-13,ST18,SKU01842,2,1.8818344
2025-12-13,ST18,SKU01850,1,1.8993329
2025-12-13,ST26,SKU01854,2,1.8452159
2025-12-13,ST21,SKU01856,1,2.0214362
2025-12-13,ST20,SKU01860,2,1.8839271
2025-12-13,ST21,SKU01870,1,1.7624967
2025-12-13,ST14,SKU01887,2,1.835493
2025-12-13,ST05,SKU01890,1,1.9989504
2025-12-13,ST02,SKU01904,4,1.8468955
2025-12-13,ST21,SKU01908,2,1.8401179
2025-12-13,ST03,SKU01933,1,1.8382313
2025-12-13,ST07,SKU01938,1,2.0125709
2025-12-13,ST11,SKU01952,2,1.8389537
2025-12-13,ST16,SKU01953,1,1.8022677
2025-12-13,ST01,SKU01954,1,1.8720554
2025-12-13,ST30,SKU01955,2,1.7813902
2025-12-13,ST12,SKU01960,5,1.8607852
2025-12-13,ST20,SKU01972,2,2.0290275
2025-12-13,ST18,SKU01974,2,1.8758646
2025-12-13,ST29,SKU01988,3,1.9236596
2025-12-13,ST21,SKU01993,1,1.881794
2025-12-13,ST14,SKU01998,1,1.914879
2025-12-13,ST03,SKU01999,2,1.882167
2025-12-13,ST07,SKU02007,1,1.9291939
2025-12-13,ST22,SKU02018,5,1.8934991
2025-12-13,ST01,SKU02020,4,1.8694631
2025-12-13,ST07,SKU02022,5,1.8245058
2025-12-13,ST29,SKU02025,1,1.9105281
2025-12-13,ST25,SKU02036,3,1.8896234
2025-12-13,ST03,SKU02040,1,1.8364465
2025-12-13,ST28,SKU02049,1,1.8542683
2025-12-13,ST14,SKU02050,2,1.9253646
2025-12-13,ST10,SKU02052,1,2.109538
2025-12-13,ST22,SKU02054,1,2.0386486
2025-12-13,ST01,SKU02060,2,1.9027141
2025-12-13,ST29,SKU02061,5,1.8391752
2025-12-13,ST23,SKU02062,1,1.8389804
2025-12-13,ST08,SKU02079,1,1.9649191
2025-12-13,ST08,SKU02082,1,1.9068805
2025-12-13,ST28,SKU02088,1,1.9374841
2025-12-13,ST28,SKU02096,2,1.8873041
2025-12-13,ST07,SKU02098,1,1.8472114
2025-12-13,ST12,SKU02105,5,1.9347688
2025-12-13,ST10,SKU02107,1,1.8234802
2025-12-13,ST20,SKU02108,1,1.8841307
2025-12-13,ST28,SKU02109,1,1.8482323
2025-12-13,ST14,SKU02116,4,1.9359939
2025-12-13,ST20,SKU02121,1,1.8740551
2025-12-13,ST24,SKU02141,1,1.9039196
2025-12-13,ST01,SKU02146,2,1.9345044
2025-12-13,ST30,SKU02155,2,1.8071755
2025-12-13,ST30,SKU02160,2,1.8483205
2025-12-13,ST21,SKU02163,5,1.8089304
2025-12-13,ST20,SKU02165,1,1.8398665
2025-12-13,ST07,SKU02176,1,1.8690188
2025-12-13,ST22,SKU02177,2,1.870988
2025-12-13,ST27,SKU02191,1,1.8806529
2025-12-13,ST03,SKU02196,1,1.8883771
2025-12-13,ST06,SKU02201,1,1.80151
2025-12-13,ST05,SKU02224,2,1.8428808
2025-12-13,ST12,SKU02226,1,1.8205597
2025-12-13,ST21,SKU02231,1,1.853695
2025-12-13,ST24,SKU02238,1,1.9420472
2025-12-13,ST24,SKU02247,1,1.8396171
2025-12-13,ST30,SKU02249,1,1.8438425
2025-12-13,ST22,SKU02261,4,1.8990136
2025-12-13,ST29,SKU02264,1,1.8741275
2025-12-13,ST22,SKU02267,1,1.7765516
2025-12-13,ST24,SKU02268,3,1.8585982
2025-12-13,ST26,SKU02270,1,1.848266
2025-12-13,ST03,SKU02278,1,1.8650072
2025-12-13,ST05,SKU02283,1,1.8296567
2025-12-13,ST22,SKU02285,2,1.875756
2025-12-13,ST30,SKU02297,1,1.9088686
2025-12-13,ST29,SKU02298,1,1.9264964
2025-12-13,ST07,SKU02305,1,1.7305596
2025-12-13,ST23,SKU02309,1,1.9031805
2025-12-13,ST30,SKU02333,2,1.8015131
2025-12-13,ST22,SKU02336,2,1.8630015
2025-12-13,ST24,SKU02337,1,1.8572305
2025-12-13,ST26,SKU02338,4,1.8839949
2025-12-13,ST03,SKU02342,1,1.8757353
2025-12-13,ST11,SKU02344,2,1.8617575
2025-12-13,ST03,SKU02345,3,1.8831961
2025-12-13,ST21,SKU02363,4,1.7320774
2025-12-13,ST29,SKU02368,1,1.7802056
2025-12-13,ST19,SKU02381,3,1.6993301
2025-12-13,ST26,SKU02384,1,1.8913604
2025-12-13,ST06,SKU02389,1,1.9036615
2025-12-13,ST14,SKU02400,1,1.8973607
2025-12-13,ST22,SKU02409,1,1.931701
2025-12-13,ST13,SKU02411,1,1.9233134
2025-12-13,ST08,SKU02431,1,1.972827
2025-12-13,ST28,SKU02438,1,1.8958601
2025-12-13,ST26,SKU02443,1,1.9619534
2025-12-13,ST24,SKU02449,2,1.8744023
2025-12-13,ST30,SKU02453,4,1.8195448
2025-12-13,ST25,SKU02462,1,1.8937066
2025-12-13,ST23,SKU02475,4,1.8367977
2025-12-13,ST02,SKU02482,1,1.8194475
2025-12-13,ST30,SKU02493,1,2.1210852
2025-12-13,ST26,SKU02498,2,1.8457037
2025-12-13,ST26,SKU02506,3,1.8179635
2025-12-13,ST07,SKU02511,1,1.9218549
2025-12-13,ST16,SKU02516,3,1.9975681
2025-12-13,ST15,SKU02526,1,1.890332
2025-12-13,ST22,SKU02531,1,1.8953187
2025-12-13,ST23,SKU02549,1,1.9039257
2025-12-13,ST14,SKU02551,1,1.8987294
2025-12-13,ST29,SKU02563,1,1.7609977
2025-12-13,ST19,SKU02564,1,1.8825164
2025-12-13,ST13,SKU02575,1,1.8636365
2025-12-13,ST21,SKU02582,2,1.8833336
2025-12-13,ST23,SKU02589,1,1.8878584
2025-12-13,ST11,SKU02617,2,1.7994976
2025-12-13,ST02,SKU02619,1,1.9743184
2025-12-13,ST24,SKU02634,1,1.8674773
2025-12-13,ST21,SKU02637,4,1.8641014
2025-12-13,ST11,SKU02639,3,1.7770826
2025-12-13,ST28,SKU02641,1,1.7829279
2025-12-13,ST13,SKU02654,1,1.841558
2025-12-13,ST14,SKU02656,1,1.8883579
2025-12-13,ST10,SKU02657,2,1.97611
2025-12-13,ST21,SKU02658,1,1.8419939
2025-12-13,ST29,SKU02665,1,1.8597777
2025-12-13,ST13,SKU02669,1,2.008789
2025-12-13,ST26,SKU02673,1,1.9218323
2025-12-13,ST20,SKU02689,4,1.9497684
2025-12-13,ST21,SKU02690,3,1.874812
2025-12-13,ST17,SKU02692,1,1.9986857
2025-12-13,ST06,SKU02717,4,1.8531493
2025-12-13,ST21,SKU02720,4,2.1397548
2025-12-13,ST28,SKU02722,2,1.8483855
2025-12-13,ST11,SKU02728,2,1.7474952
2025-12-13,ST30,SKU02738,1,1.8771223
2025-12-13,ST08,SKU02745,1,1.8439618
2025-12-13,ST27,SKU02776,2,1.8482071
2025-12-13,ST18,SKU02781,1,1.9262922
2025-12-13,ST04,SKU02782,1,1.8701437
2025-12-13,ST21,SKU02783,1,1.8617709
2025-12-13,ST20,SKU02805,1,1.8441216
2025-12-13,ST30,SKU02807,1,1.928534
2025-12-13,ST30,SKU02812,1,1.8523492
2025-12-13,ST16,SKU02813,2,1.8471785
2025-12-13,ST11,SKU02825,3,1.874165
2025-12-13,ST18,SKU02833,1,1.9885024
2025-12-13,ST28,SKU02835,3,1.8186177
2025-12-13,ST05,SKU02840,5,1.8941921
2025-12-13,ST17,SKU02845,2,1.8201557
2025-12-13,ST28,SKU02848,2,1.878493
2025-12-13,ST26,SKU02849,3,1.9319222
2025-12-13,ST10,SKU02858,2,1.8316531
2025-12-13,ST21,SKU02868,5,1.8946309
2025-12-13,ST28,SKU02877,1,1.8890514
2025-12-13,ST29,SKU02891,2,1.882494
2025-12-13,ST08,SKU02897,1,1.889318
2025-12-13,ST30,SKU02902,2,1.8841705
2025-12-13,ST04,SKU02918,4,1.8665403
2025-12-13,ST07,SKU02920,2,1.9063114
2025-12-13,ST18,SKU02925,4,1.9261457
2025-12-13,ST27,SKU02929,1,1.8334389
2025-12-13,ST29,SKU02930,3,1.6552589
2025-12-13,ST19,SKU02932,1,1.8470926
2025-12-13,ST25,SKU02933,1,1.8768972
2025-12-13,ST03,SKU02945,1,1.7935388
2025-12-13,ST26,SKU02947,1,1.8989406
2025-12-13,ST21,SKU02949,3,1.8866988
2025-12-13,ST22,SKU02951,1,1.8921039
2025-12-13,ST29,SKU02954,4,1.8931732
2025-12-13,ST22,SKU02961,1,1.8506426
2025-12-13,ST24,SKU02972,1,1.8741012
2025-12-13,ST21,SKU02973,4,1.8982377
2025-12-13,ST07,SKU02981,3,1.9294869
2025-12-13,ST17,SKU03010,1,1.8525733
2025-12-13,ST03,SKU03021,3,1.8964545
2025-12-13,ST20,SKU03025,1,1.8985333
2025-12-13,ST05,SKU03030,1,1.8559617
2025-12-13,ST22,SKU03055,2,1.9303591
2025-12-13,ST07,SKU03063,1,1.8937639
2025-12-13,ST27,SKU03064,1,1.9467053
2025-12-13,ST05,SKU03068,1,1.8959191
2025-12-13,ST24,SKU03071,4,1.88901
2025-12-13,ST27,SKU03077,1,1.8469467
2025-12-13,ST03,SKU03082,2,2.1005006
2025-12-13,ST07,SKU03083,1,1.9624306
2025-12-13,ST10,SKU03084,2,1.8900506
2025-12-13,ST11,SKU03087,3,1.8475575
2025-12-13,ST11,SKU03088,3,1.9564427
2025-12-13,ST14,SKU03118,1,1.8652371
2025-12-13,ST21,SKU03130,3,1.8266542
2025-12-13,ST11,SKU03133,1,1.9553124
2025-12-13,ST28,SKU03136,2,1.8661591
2025-12-13,ST21,SKU03140,2,1.8431747
2025-12-13,ST12,SKU03142,1,1.8469069
2025-12-13,ST16,SKU03151,3,1.8477317
2025-12-13,ST26,SKU03157,3,1.8601273
2025-12-13,ST22,SKU03159,1,1.8941113
2025-12-13,ST01,SKU03168,3,1.916811
2025-12-13,ST13,SKU03171,1,1.8447348
2025-12-13,ST29,SKU03172,2,1.8131864
2025-12-13,ST28,SKU03174,4,1.9045972
2025-12-13,ST18,SKU03183,2,1.8856543
2025-12-13,ST01,SKU03199,4,1.7502338
2025-12-13,ST11,SKU03201,1,1.7398468
2025-12-13,ST22,SKU03206,1,1.8773885
2025-12-13,ST01,SKU03213,1,1.9762713
2025-12-13,ST28,SKU03215,2,1.8593203
2025-12-13,ST20,SKU03226,1,1.8805138
2025-12-13,ST30,SKU03232,1,1.7718179
2025-12-13,ST07,SKU03246,1,1.834216
2025-12-13,ST15,SKU03254,1,1.8846831
2025-12-13,ST30,SKU03259,2,1.782812
2025-12-13,ST10,SKU03261,2,1.8964238
2025-12-13,ST22,SKU03285,4,2.0295975
2025-12-13,ST23,SKU03289,1,1.9503994
2025-12-13,ST28,SKU03292,1,1.8847101
2025-12-13,ST24,SKU03295,1,1.8774788
2025-12-13,ST08,SKU03298,4,1.9145945
2025-12-13,ST25,SKU03302,2,1.9556719
2025-12-13,ST04,SKU03313,3,1.8869699
2025-12-13,ST11,SKU03319,4,1.8803048
2025-12-13,ST27,SKU03323,4,2.1691663
2025-12-13,ST30,SKU03353,2,1.9274565
2025-12-13,ST21,SKU03360,2,1.8633627
2025-12-13,ST22,SKU03365,1,1.8415351
2025-12-13,ST16,SKU03368,1,1.733104
2025-12-13,ST17,SKU03378,3,1.8534178
2025-12-13,ST21,SKU03379,1,1.861168
2025-12-13,ST04,SKU03393,2,1.9279492
2025-12-13,ST21,SKU03401,1,1.8430971
2025-12-13,ST21,SKU03405,1,1.8936486
2025-12-13,ST07,SKU03410,1,1.8646636
2025-12-13,ST28,SKU03423,1,1.8977098
2025-12-13,ST27,SKU03425,1,1.8778633
2025-12-13,ST06,SKU03426,1,1.8644273
2025-12-13,ST15,SKU03443,1,1.8985317
2025-12-13,ST27,SKU03453,2,1.9347919
2025-12-13,ST19,SKU03460,1,1.7802074
2025-12-13,ST26,SKU03468,3,1.8685094
2025-12-13,ST16,SKU03472,3,1.873458
2025-12-13,ST22,SKU03496,1,2.1710289
2025-12-13,ST13,SKU03503,1,1.8740803
2025-12-13,ST19,SKU03512,1,1.9138403
2025-12-13,ST10,SKU03520,2,1.7633299
2025-12-13,ST05,SKU03525,4,1.8605905
2025-12-13,ST12,SKU03527,2,1.9276924
2025-12-13,ST04,SKU03528,2,1.8480812
2025-12-13,ST20,SKU03532,2,1.83415
2025-12-13,ST16,SKU03545,1,1.9699205
2025-12-13,ST29,SKU03546,3,1.8801408
2025-12-13,ST02,SKU03547,1,1.9415987
2025-12-13,ST21,SKU03567,1,1.9093438
2025-12-13,ST06,SKU03571,2,1.8814899
2025-12-13,ST30,SKU03572,1,1.8944867
2025-12-13,ST18,SKU03578,1,1.9028003
2025-12-13,ST09,SKU03587,1,1.8760083
2025-12-13,ST29,SKU03595,1,1.8620547
2025-12-13,ST11,SKU03611,4,1.778322
2025-12-13,ST22,SKU03612,1,1.846455
2025-12-13,ST21,SKU03622,1,1.7589995
2025-12-13,ST17,SKU03631,1,1.8543135
2025-12-13,ST09,SKU03633,1,1.8475338
2025-12-13,ST13,SKU03638,1,1.8944042
2025-12-13,ST15,SKU03639,1,1.8475612
2025-12-13,ST28,SKU03653,1,1.9232476
2025-12-13,ST05,SKU03665,2,1.8272711
2025-12-13,ST05,SKU03668,4,1.8843311
2025-12-13,ST14,SKU03682,2,1.7408928
2025-12-13,ST14,SKU03685,4,1.7577155
2025-12-13,ST25,SKU03686,2,1.8877792
2025-12-13,ST12,SKU03689,1,1.9488292
2025-12-13,ST17,SKU03691,1,1.8970586
2025-12-13,ST09,SKU03702,2,1.9159254
2025-12-13,ST09,SKU03703,1,1.9049407
2025-12-13,ST29,SKU03721,1,1.8726048
2025-12-13,ST22,SKU03727,2,2.0688963
2025-12-13,ST20,SKU03731,1,1.8570285
2025-12-13,ST20,SKU03733,3,1.9953862
2025-12-13,ST14,SKU03734,3,1.9645196
2025-12-13,ST29,SKU03741,1,1.8562095
2025-12-13,ST23,SKU03743,2,1.9237127
2025-12-13,ST17,SKU03749,3,1.8587704
2025-12-13,ST29,SKU03753,2,1.8901552
2025-12-13,ST06,SKU03759,1,1.9334315
2025-12-13,ST12,SKU03768,2,1.9152049
2025-12-13,ST14,SKU03769,1,1.8736844
2025-12-13,ST03,SKU03776,1,1.960929
2025-12-13,ST11,SKU03785,2,1.8883784
2025-12-13,ST05,SKU03786,1,1.8652365
2025-12-13,ST11,SKU03792,2,1.9232183
2025-12-13,ST20,SKU03796,2,1.859693
2025-12-13,ST19,SKU03799,2,1.9310447
2025-12-13,ST22,SKU03814,2,1.9262801
2025-12-13,ST06,SKU03815,3,1.8570595
2025-12-13,ST23,SKU03820,2,1.921036
2025-12-13,ST09,SKU03829,1,1.9032669
2025-12-13,ST29,SKU03840,2,3.8821998
2025-12-13,ST01,SKU03863,1,1.8024609
2025-12-13,ST19,SKU03867,3,1.8766081
2025-12-13,ST07,SKU03876,2,1.8845291
2025-12-13,ST23,SKU03907,2,1.7957994
2025-12-13,ST15,SKU03910,2,1.8377525
2025-12-13,ST07,SKU03911,3,1.8735285
2025-12-13,ST25,SKU03912,1,1.852191
2025-12-13,ST03,SKU03919,2,1.880421
2025-12-13,ST28,SKU03935,1,1.8833532
2025-12-13,ST22,SKU03943,3,1.99265
2025-12-13,ST07,SKU03945,3,1.9188889
2025-12-13,ST07,SKU03957,1,1.8806992
2025-12-13,ST10,SKU03969,1,1.8994865
2025-12-13,ST20,SKU03973,1,1.9331688
2025-12-13,ST25,SKU03976,1,1.8975989
2025-12-13,ST13,SKU03977,1,1.854406
2025-12-13,ST28,SKU03978,3,1.8387992
2025-12-13,ST29,SKU03991,4,1.8023752
2025-12-13,ST13,SKU04006,1,1.811914
2025-12-13,ST05,SKU04010,3,1.9517109
2025-12-13,ST25,SKU04014,1,2.163471
2025-12-13,ST21,SKU04015,1,1.8382347
2025-12-13,ST14,SKU04028,1,1.7744013
2025-12-13,ST14,SKU04032,1,1.9961861
2025-12-13,ST11,SKU04035,2,1.9106508
2025-12-13,ST22,SKU04041,3,2.008658
2025-12-13,ST25,SKU04042,2,1.904431
2025-12-13,ST26,SKU04063,2,2.0158188
2025-12-13,ST22,SKU04071,1,1.8716145
2025-12-13,ST07,SKU04073,2,2.031968
2025-12-13,ST30,SKU04079,4,1.8429935
2025-12-13,ST21,SKU04080,3,1.9064182
2025-12-13,ST17,SKU04105,2,1.9965686
2025-12-13,ST07,SKU04106,3,1.8777839
2025-12-13,ST11,SKU04126,1,1.7959106
2025-12-13,ST19,SKU04127,1,1.895582
2025-12-13,ST11,SKU04132,1,1.9339514
2025-12-13,ST30,SKU04136,4,1.9256285
2025-12-13,ST03,SKU04141,2,1.8672998
2025-12-13,ST30,SKU04154,3,1.7737007
2025-12-13,ST28,SKU04157,1,1.8407046
2025-12-13,ST22,SKU04158,3,1.9033785
2025-12-13,ST04,SKU04162,2,1.8748887
2025-12-13,ST10,SKU04163,3,1.8675925
2025-12-13,ST22,SKU04165,1,1.8482003
2025-12-13,ST24,SKU04166,3,2.126079
2025-12-13,ST17,SKU04170,1,1.9077538
2025-12-13,ST01,SKU04176,3,1.8824065
2025-12-13,ST04,SKU04181,1,2.003267
2025-12-13,ST21,SKU04186,2,1.8773566
2025-12-13,ST28,SKU04191,2,1.8337166
2025-12-13,ST28,SKU04196,3,1.9000791
2025-12-13,ST30,SKU04198,2,1.8237454
2025-12-13,ST07,SKU04204,1,1.8985026
2025-12-13,ST11,SKU04214,1,1.8017
2025-12-13,ST24,SKU04215,1,1.9264746
2025-12-13,ST05,SKU04226,5,1.8765867
2025-12-13,ST22,SKU04227,5,1.9268563
2025-12-13,ST22,SKU04245,1,1.8864821
2025-12-13,ST21,SKU04248,2,1.8554904
2025-12-13,ST07,SKU04253,1,1.8741382
2025-12-13,ST21,SKU04254,1,1.7952775
2025-12-13,ST27,SKU04257,1,1.9262464
2025-12-13,ST11,SKU04267,3,1.9101892
2025-12-13,ST22,SKU04273,4,1.8831143
2025-12-13,ST20,SKU04275,1,1.9106789
2025-12-13,ST27,SKU04276,1,1.9186113
2025-12-13,ST22,SKU04290,1,1.8774122
2025-12-13,ST29,SKU04309,1,1.907101
2025-12-13,ST30,SKU04313,1,1.8467026
2025-12-13,ST11,SKU04314,1,1.8989794
2025-12-13,ST29,SKU04318,2,1.8586478
2025-12-13,ST16,SKU04320,2,1.9797387
2025-12-13,ST30,SKU04321,11,6.730498
2025-12-13,ST08,SKU04328,1,1.9329824
2025-12-13,ST01,SKU04329,3,1.7888924
2025-12-13,ST22,SKU04332,2,1.8832594
2025-12-13,ST29,SKU04341,1,1.9562843
2025-12-13,ST22,SKU04345,2,1.9056125
2025-12-13,ST22,SKU04349,1,2.0666828
2025-12-13,ST21,SKU04361,4,1.867766
2025-12-13,ST05,SKU04365,2,1.891224
2025-12-13,ST30,SKU04381,2,1.903061
2025-12-13,ST08,SKU04384,1,1.9123356
2025-12-13,ST11,SKU04396,1,1.8739965
2025-12-13,ST06,SKU04418,1,1.8376088
2025-12-13,ST11,SKU04424,2,1.9272634
2025-12-13,ST06,SKU04428,5,1.9409676
2025-12-13,ST21,SKU04429,3,1.8404975
2025-12-13,ST20,SKU04444,1,1.8814061
2025-12-13,ST30,SKU04446,1,1.9431509
2025-12-13,ST26,SKU04451,2,1.8890187
2025-12-13,ST04,SKU04453,1,1.8447601
2025-12-13,ST18,SKU04456,4,1.9039209
2025-12-13,ST17,SKU04463,3,1.8278357
2025-12-13,ST06,SKU04472,3,1.8392513
2025-12-13,ST18,SKU04481,3,1.8616757
2025-12-13,ST29,SKU04488,1,1.8847442
2025-12-13,ST19,SKU04489,2,1.8391558
2025-12-13,ST07,SKU04494,3,1.9447641
2025-12-13,ST04,SKU04496,1,1.8665361
2025-12-13,ST07,SKU04502,1,1.9323274
2025-12-13,ST20,SKU04507,3,1.6773012
2025-12-13,ST17,SKU04508,1,1.9157691
2025-12-13,ST21,SKU04516,1,1.8697608
2025-12-13,ST20,SKU04518,1,1.8813683
2025-12-13,ST20,SKU04519,1,1.8116188
2025-12-13,ST08,SKU04521,2,1.8755423
2025-12-13,ST21,SKU04537,1,1.9865966
2025-12-13,ST04,SKU04547,1,1.8805449
2025-12-13,ST25,SKU04550,2,1.8501215
2025-12-13,ST26,SKU04551,3,1.9259572
2025-12-13,ST27,SKU04553,2,1.8501534
2025-12-13,ST03,SKU04558,1,1.8928691
2025-12-13,ST17,SKU04569,2,1.8808049
2025-12-13,ST29,SKU04571,1,1.9008676
2025-12-13,ST25,SKU04576,3,1.8662632
2025-12-13,ST07,SKU04589,2,1.7614325
2025-12-13,ST20,SKU04591,1,1.7737116
2025-12-13,ST30,SKU04596,6,3.0499008
2025-12-13,ST28,SKU04600,1,1.7348942
2025-12-13,ST09,SKU04603,2,1.8667578
2025-12-13,ST23,SKU04610,1,1.8559121
2025-12-13,ST10,SKU04622,2,1.8967421
2025-12-13,ST07,SKU04633,1,1.7631928
2025-12-13,ST29,SKU04663,2,1.8641334
2025-12-13,ST27,SKU04668,1,1.9414924
2025-12-13,ST20,SKU04677,2,1.8635949
2025-12-13,ST26,SKU04683,3,1.9008987
2025-12-13,ST05,SKU04690,1,1.9432701
2025-12-13,ST07,SKU04710,1,1.9036103
2025-12-13,ST12,SKU04735,3,1.9087819
2025-12-13,ST26,SKU04746,4,1.9649365
2025-12-13,ST08,SKU04748,1,1.9514132
2025-12-13,ST24,SKU04749,1,1.9569186
2025-12-13,ST16,SKU04755,2,1.8666077
2025-12-13,ST16,SKU04759,1,1.8588396
2025-12-13,ST07,SKU04778,2,1.9205186
2025-12-13,ST28,SKU04795,1,1.9278063
2025-12-13,ST22,SKU04799,2,1.888898
2025-12-13,ST21,SKU04813,1,1.9119542
2025-12-13,ST20,SKU04815,4,1.8721454
2025-12-13,ST17,SKU04819,4,1.8562785
2025-12-13,ST11,SKU04823,4,1.8568296
2025-12-13,ST20,SKU04828,2,1.9518187
2025-12-13,ST29,SKU04830,2,1.9210345
2025-12-13,ST10,SKU04833,3,1.8913791
2025-12-13,ST04,SKU04835,2,1.9588009
2025-12-13,ST14,SKU04881,1,1.8673922
2025-12-13,ST22,SKU04891,4,1.8387519
2025-12-13,ST21,SKU04903,3,1.8817087
2025-12-13,ST18,SKU04904,3,1.8827487
2025-12-13,ST26,SKU04929,2,1.9138664
2025-12-13,ST22,SKU04937,2,1.8486271
2025-12-13,ST10,SKU04954,2,1.9245894
2025-12-13,ST06,SKU04957,2,1.8564541
2025-12-13,ST01,SKU04960,1,1.8578581
2025-12-13,ST24,SKU04969,4,1.8630602
2025-12-13,ST30,SKU04978,2,1.8697022
2025-12-13,ST14,SKU04994,1,1.9106569
2025-12-13,ST21,SKU04998,1,1.8827906
2025-12-14,ST30,SKU00001,2,1.8697145
2025-12-14,ST26,SKU00002,4,1.8987659
2025-12-14,ST25,SKU00017,1,1.8782418
2025-12-14,ST01,SKU00022,4,1.8522271
2025-12-14,ST22,SKU00026,1,1.8510623
2025-12-14,ST24,SKU00035,1,1.9928303
2025-12-14,ST22,SKU00055,1,1.9127862
2025-12-14,ST06,SKU00058,3,1.838477
2025-12-14,ST01,SKU00060,3,1.8584003
2025-12-14,ST29,SKU00074,2,1.8698289
2025-12-14,ST28,SKU00075,1,1.97313
2025-12-14,ST29,SKU00079,1,1.8574172
2025-12-14,ST22,SKU00089,2,1.8014725
2025-12-14,ST28,SKU00092,1,1.8527242
2025-12-14,ST23,SKU00098,1,1.8291032
2025-12-14,ST12,SKU00102,1,1.7919995
2025-12-14,ST02,SKU00149,2,1.9210007
2025-12-14,ST24,SKU00158,5,1.8953785
2025-12-14,ST30,SKU00159,1,1.8676457
2025-12-14,ST06,SKU00165,1,1.6265395
2025-12-14,ST30,SKU00166,1,1.9084259
2025-12-14,ST17,SKU00169,2,1.8127469
2025-12-14,ST06,SKU00173,1,1.8852913
2025-12-14,ST06,SKU00177,2,1.99793
2025-12-14,ST14,SKU00180,1,1.8458637
2025-12-14,ST22,SKU00188,1,1.6696512
2025-12-14,ST18,SKU00190,1,1.9218863
2025-12-14,ST21,SKU00194,3,1.8338974
2025-12-14,ST30,SKU00209,1,1.8869115
2025-12-14,ST29,SKU00232,3,1.8499207
2025-12-14,ST04,SKU00237,1,1.8079902
2025-12-14,ST06,SKU00249,1,1.9171222
2025-12-14,ST01,SKU00255,3,1.8642409
2025-12-14,ST29,SKU00259,1,1.8663503
2025-12-14,ST03,SKU00261,1,1.9697787
2025-12-14,ST25,SKU00263,2,1.7988831
2025-12-14,ST30,SKU00264,1,1.8684161
2025-12-14,ST01,SKU00265,1,1.873392
2025-12-14,ST29,SKU00266,2,1.7503319
2025-12-14,ST08,SKU00270,4,1.8925718
2025-12-14,ST28,SKU00277,2,1.8485594
2025-12-14,ST22,SKU00280,1,1.8207836
2025-12-14,ST26,SKU00285,2,1.9006197
2025-12-14,ST18,SKU00286,2,1.6278471
2025-12-14,ST22,SKU00291,1,2.0156412
2025-12-14,ST06,SKU00294,1,2.0216064
2025-12-14,ST17,SKU00321,2,1.850615
2025-12-14,ST09,SKU00328,1,1.8865532
2025-12-14,ST28,SKU00334,1,1.7983283
2025-12-14,ST28,SKU00347,3,1.8111161
2025-12-14,ST09,SKU00357,2,1.8869349
2025-12-14,ST24,SKU00364,1,1.9192655
2025-12-14,ST27,SKU00365,3,1.911824
2025-12-14,ST20,SKU00373,2,1.9311944
2025-12-14,ST29,SKU00376,2,1.8259836
2025-12-14,ST07,SKU00388,1,1.9419745
2025-12-14,ST26,SKU00411,1,1.9113798
2025-12-14,ST29,SKU00412,2,1.8035606
2025-12-14,ST24,SKU00422,1,1.8070548
2025-12-14,ST18,SKU00426,2,1.8354146
2025-12-14,ST03,SKU00428,1,1.8552577
2025-12-14,ST04,SKU00432,1,1.9116495
2025-12-14,ST06,SKU00445,4,1.9593567
2025-12-14,ST06,SKU00448,1,1.8402182
2025-12-14,ST13,SKU00453,5,1.8558899
2025-12-14,ST17,SKU00455,1,1.8558191
2025-12-14,ST05,SKU00467,1,1.8522762
2025-12-14,ST22,SKU00479,4,1.78861
2025-12-14,ST05,SKU00482,1,1.9216828
2025-12-14,ST03,SKU00499,1,1.8072453
2025-12-14,ST16,SKU00500,1,2.0249746
2025-12-14,ST21,SKU00510,2,1.8596563
2025-12-14,ST30,SKU00518,2,1.8643678
2025-12-14,ST23,SKU00523,2,1.8899654
2025-12-14,ST09,SKU00532,2,1.7780104
2025-12-14,ST05,SKU00539,2,1.8972862
2025-12-14,ST08,SKU00554,1,1.7879012
2025-12-14,ST30,SKU00557,3,1.8924954
2025-12-14,ST02,SKU00558,1,1.8240018
2025-12-14,ST03,SKU00570,1,1.8387765
2025-12-14,ST22,SKU00591,1,1.8179018
2025-12-14,ST16,SKU00596,1,1.8441162
2025-12-14,ST05,SKU00599,3,1.8725326
2025-12-14,ST12,SKU00607,1,1.7508084
2025-12-14,ST20,SKU00619,1,1.9065815
2025-12-14,ST20,SKU00628,1,1.838566
2025-12-14,ST09,SKU00629,1,1.8687131
2025-12-14,ST01,SKU00636,5,1.8763688
2025-12-14,ST06,SKU00643,1,1.8662629
2025-12-14,ST27,SKU00646,3,1.9186289
2025-12-14,ST20,SKU00667,1,1.8344394
2025-12-14,ST30,SKU00680,1,1.866346
2025-12-14,ST29,SKU00689,1,1.9008272
2025-12-14,ST07,SKU00701,1,2.028126
2025-12-14,ST20,SKU00711,1,1.8494116
2025-12-14,ST11,SKU00727,3,1.8450425
2025-12-14,ST11,SKU00729,1,1.8773525
2025-12-14,ST30,SKU00742,1,2.1050398
2025-12-14,ST09,SKU00743,2,1.93101
2025-12-14,ST11,SKU00754,2,2.0913117
2025-12-14,ST29,SKU00768,1,1.8298652
2025-12-14,ST20,SKU00773,1,1.7946678
2025-12-14,ST28,SKU00774,2,1.8150125
2025-12-14,ST29,SKU00776,1,1.8877457
2025-12-14,ST01,SKU00779,4,1.8565325
2025-12-14,ST29,SKU00790,1,1.8883946
2025-12-14,ST01,SKU00806,2,1.9146674
2025-12-14,ST30,SKU00823,1,1.8511792
2025-12-14,ST18,SKU00827,1,1.9322147
2025-12-14,ST30,SKU00835,1,1.848277
2025-12-14,ST22,SKU00849,2,1.9201941
2025-12-14,ST29,SKU00850,1,1.9043418
2025-12-14,ST06,SKU00851,3,1.9744042
2025-12-14,ST26,SKU00852,1,1.8980677
2025-12-14,ST11,SKU00862,2,1.8796244
2025-12-14,ST18,SKU00863,1,1.7874508
2025-12-14,ST07,SKU00864,5,1.9451545
2025-12-14,ST26,SKU00865,1,1.8241267
2025-12-14,ST15,SKU00870,1,1.885302
2025-12-14,ST12,SKU00874,1,1.8771362
2025-12-14,ST14,SKU00877,3,1.8858682
2025-12-14,ST26,SKU00882,1,1.8756618
2025-12-14,ST30,SKU00893,1,1.8615668
2025-12-14,ST18,SKU00896,1,1.8551539
2025-12-14,ST06,SKU00902,1,1.7926344
2025-12-14,ST25,SKU00920,5,1.8401031
2025-12-14,ST11,SKU00930,5,1.8441408
2025-12-14,ST05,SKU00938,2,1.8251791
2025-12-14,ST15,SKU00940,1,1.8896167
2025-12-14,ST21,SKU00942,2,2.0078583
2025-12-14,ST07,SKU00945,1,1.9181793
2025-12-14,ST19,SKU00953,3,1.8714728
2025-12-14,ST29,SKU00966,1,1.8534118
2025-12-14,ST10,SKU00969,1,1.8413303
2025-12-14,ST07,SKU00972,1,1.8472761
2025-12-14,ST24,SKU00978,1,1.7657723
2025-12-14,ST22,SKU00982,1,1.9173528
2025-12-14,ST27,SKU00983,2,1.8471379
2025-12-14,ST30,SKU00994,1,1.8448237
2025-12-14,ST05,SKU00996,1,1.6490842
2025-12-14,ST13,SKU00999,1,1.8252208
2025-12-14,ST25,SKU01000,1,1.8185971
2025-12-14,ST03,SKU01003,3,1.8475405
2025-12-14,ST29,SKU01017,5,1.8831865
2025-12-14,ST29,SKU01023,1,1.8770014
2025-12-14,ST02,SKU01027,1,2.0834265
2025-12-14,ST17,SKU01028,1,1.9889668
2025-12-14,ST25,SKU01030,1,1.912616
2025-12-14,ST26,SKU01035,2,1.8926649
2025-12-14,ST30,SKU01045,1,1.6680163
2025-12-14,ST16,SKU01048,4,3.6874752
2025-12-14,ST20,SKU01056,1,1.8592317
2025-12-14,ST29,SKU01079,1,1.8014776
2025-12-14,ST07,SKU01088,1,1.8997427
2025-12-14,ST29,SKU01092,3,3.6010199
2025-12-14,ST16,SKU01098,2,1.8779286
2025-12-14,ST30,SKU01101,1,1.8816943
2025-12-14,ST06,SKU01118,1,1.8687081
2025-12-14,ST28,SKU01120,1,1.8590856
2025-12-14,ST26,SKU01121,1,1.8480403
2025-12-14,ST20,SKU01124,1,1.7835952
2025-12-14,ST29,SKU01127,2,1.6157589
2025-12-14,ST20,SKU01134,2,1.8553367
2025-12-14,ST27,SKU01152,2,1.9372379
2025-12-14,ST17,SKU01155,1,2.1526036
2025-12-14,ST29,SKU01157,2,1.904545
2025-12-14,ST03,SKU01159,1,1.850082
2025-12-14,ST27,SKU01162,1,1.9607302
2025-12-14,ST19,SKU01165,5,1.8427099
2025-12-14,ST20,SKU01182,5,1.8612922
2025-12-14,ST22,SKU01189,4,1.8099892
2025-12-14,ST30,SKU01190,1,1.8949273
2025-12-14,ST28,SKU01194,1,1.6525024
2025-12-14,ST17,SKU01202,1,1.8784729
2025-12-14,ST13,SKU01209,2,1.867856
2025-12-14,ST14,SKU01211,1,1.8906919
2025-12-14,ST24,SKU01212,4,1.8489478
2025-12-14,ST22,SKU01217,4,1.8060201
2025-12-14,ST09,SKU01228,1,1.8110169
2025-12-14,ST01,SKU01239,2,1.7628713
2025-12-14,ST01,SKU01246,1,1.9083968
2025-12-14,ST14,SKU01248,1,1.8889084
2025-12-14,ST22,SKU01252,3,1.8223318
2025-12-14,ST14,SKU01254,1,1.9276538
2025-12-14,ST03,SKU01257,1,1.8802674
2025-12-14,ST06,SKU01262,1,1.7872304
2025-12-14,ST26,SKU01273,2,1.92334
2025-12-14,ST13,SKU01275,3,1.8208427
2025-12-14,ST11,SKU01326,1,1.8424159
2025-12-14,ST13,SKU01331,1,1.9404618
2025-12-14,ST11,SKU01336,5,1.7928516
2025-12-14,ST27,SKU01338,2,1.9311448
2025-12-14,ST04,SKU01341,1,1.9315931
2025-12-14,ST24,SKU01351,1,1.8500835
2025-12-14,ST14,SKU01368,2,1.8561025
2025-12-14,ST10,SKU01369,1,1.8693556
2025-12-14,ST18,SKU01371,4,1.8054124
2025-12-14,ST08,SKU01376,1,1.78918
2025-12-14,ST23,SKU01383,1,1.8897223
2025-12-14,ST05,SKU01385,2,1.8387499
2025-12-14,ST18,SKU01394,1,1.8894742
2025-12-14,ST28,SKU01396,4,1.621554
2025-12-14,ST18,SKU01405,1,1.8538233
2025-12-14,ST06,SKU01414,2,1.8047502
2025-12-14,ST04,SKU01416,1,1.8157631
2025-12-14,ST06,SKU01417,3,1.8761346
2025-12-14,ST24,SKU01420,1,2.1018221
2025-12-14,ST30,SKU01428,4,1.6534005
2025-12-14,ST22,SKU01432,4,1.8254706
2025-12-14,ST20,SKU01439,2,1.8479997
2025-12-14,ST26,SKU01449,2,1.8610303
2025-12-14,ST05,SKU01459,1,1.887237
2025-12-14,ST16,SKU01462,2,1.9360602
2025-12-14,ST25,SKU01463,2,1.9829055
2025-12-14,ST13,SKU01469,3,1.7103381
2025-12-14,ST24,SKU01476,1,1.8740323
2025-12-14,ST17,SKU01479,1,1.8875946
2025-12-14,ST12,SKU01480,1,1.8865297
2025-12-14,ST06,SKU01485,1,1.821762
2025-12-14,ST08,SKU01491,1,1.8106947
2025-12-14,ST30,SKU01492,3,1.7816149
2025-12-14,ST24,SKU01501,1,1.7857745
2025-12-14,ST11,SKU01511,1,1.8657751
2025-12-14,ST21,SKU01519,1,1.8621024
2025-12-14,ST10,SKU01522,1,1.8912537
2025-12-14,ST07,SKU01532,3,1.8513727
2025-12-14,ST27,SKU01533,2,1.9772537
2025-12-14,ST20,SKU01541,1,1.8578624
2025-12-14,ST07,SKU01547,2,1.9458486
2025-12-14,ST26,SKU01549,3,1.7773161
2025-12-14,ST08,SKU01551,1,1.8869867
2025-12-14,ST10,SKU01559,1,1.9187106
2025-12-14,ST05,SKU01563,3,1.8011446
2025-12-14,ST09,SKU01576,3,2.1507502
2025-12-14,ST29,SKU01581,1,1.8747429
2025-12-14,ST13,SKU01585,3,1.8195767
2025-12-14,ST12,SKU01610,4,1.8728667
2025-12-14,ST13,SKU01615,1,1.8206753
2025-12-14,ST06,SKU01626,2,1.8853883
2025-12-14,ST07,SKU01629,4,1.8728781
2025-12-14,ST18,SKU01630,1,1.9533688
2025-12-14,ST21,SKU01631,3,1.9007436
2025-12-14,ST21,SKU01639,1,1.8964286
2025-12-14,ST29,SKU01647,1,1.8395429
2025-12-14,ST21,SKU01649,1,1.8468934
2025-12-14,ST08,SKU01652,1,1.9126912
2025-12-14,ST18,SKU01662,4,1.975612
2025-12-14,ST11,SKU01673,2,1.8967525
2025-12-14,ST11,SKU01685,2,1.984207
2025-12-14,ST11,SKU01689,1,1.8183241
2025-12-14,ST25,SKU01694,1,1.9181114
2025-12-14,ST06,SKU01695,1,1.8920138
2025-12-14,ST26,SKU01701,3,1.8668427
2025-12-14,ST23,SKU01706,1,1.7887186
2025-12-14,ST08,SKU01725,3,1.8599615
2025-12-14,ST29,SKU01727,1,1.8591975
2025-12-14,ST29,SKU01730,2,1.7740155
2025-12-14,ST05,SKU01735,2,1.9807305
2025-12-14,ST20,SKU01748,1,1.7808824
2025-12-14,ST27,SKU01751,2,1.9219686
2025-12-14,ST07,SKU01762,1,1.780689
2025-12-14,ST01,SKU01767,1,1.8491759
2025-12-14,ST04,SKU01775,3,1.8191011
2025-12-14,ST06,SKU01784,1,1.7097386
2025-12-14,ST15,SKU01804,1,1.9840928
2025-12-14,ST11,SKU01812,2,1.8876017
2025-12-14,ST30,SKU01827,1,1.748779
2025-12-14,ST18,SKU01845,1,1.7842394
2025-12-14,ST11,SKU01849,1,1.8210183
2025-12-14,ST30,SKU01856,3,1.8849965
2025-12-14,ST20,SKU01858,1,1.8427765
2025-12-14,ST10,SKU01860,1,1.8696462
2025-12-14,ST01,SKU01862,5,1.8245614
2025-12-14,ST25,SKU01872,3,1.8212491
2025-12-14,ST26,SKU01877,1,1.8578507
2025-12-14,ST03,SKU01878,1,1.8539281
2025-12-14,ST29,SKU01886,2,1.9148027
2025-12-14,ST06,SKU01908,6,3.9677749
2025-12-14,ST21,SKU01911,1,1.7856728
2025-12-14,ST29,SKU01916,2,1.8666512
2025-12-14,ST27,SKU01926,2,1.858322
2025-12-14,ST03,SKU01932,3,1.8891301
2025-12-14,ST05,SKU01938,2,1.9298388
2025-12-14,ST25,SKU01947,5,1.9451351
2025-12-14,ST06,SKU01950,2,1.7909496
2025-12-14,ST28,SKU01952,1,1.8557652
2025-12-14,ST29,SKU01955,4,1.8398747
2025-12-14,ST22,SKU01982,2,1.8059629
2025-12-14,ST21,SKU01988,2,1.9892263
2025-12-14,ST26,SKU01989,2,1.8144906
2025-12-14,ST21,SKU01993,1,1.91893
2025-12-14,ST30,SKU01996,2,1.9703043
2025-12-14,ST24,SKU02009,1,1.8150735
2025-12-14,ST19,SKU02012,2,1.7536839
2025-12-14,ST26,SKU02016,3,1.8809181
2025-12-14,ST29,SKU02027,2,1.8445839
2025-12-14,ST21,SKU02033,4,1.8353485
2025-12-14,ST16,SKU02036,2,2.0017817
2025-12-14,ST20,SKU02039,2,1.8572783
2025-12-14,ST03,SKU02046,2,2.136776
2025-12-14,ST08,SKU02052,2,1.8994337
2025-12-14,ST08,SKU02062,4,1.8445852
2025-12-14,ST19,SKU02093,1,1.9167585
2025-12-14,ST11,SKU02097,1,1.8605373
2025-12-14,ST16,SKU02107,1,1.8714792
2025-12-14,ST21,SKU02116,2,1.9424613
2025-12-14,ST01,SKU02127,2,1.8712732
2025-12-14,ST05,SKU02130,1,1.8076056
2025-12-14,ST20,SKU02131,1,1.8885906
2025-12-14,ST30,SKU02141,1,1.8920089
2025-12-14,ST11,SKU02151,1,1.8424606
2025-12-14,ST06,SKU02163,1,1.7628516
2025-12-14,ST05,SKU02167,2,1.8754143
2025-12-14,ST27,SKU02176,2,1.8471099
2025-12-14,ST27,SKU02178,3,1.9514992
2025-12-14,ST05,SKU02183,2,1.8874902
2025-12-14,ST24,SKU02197,1,1.9115182
2025-12-14,ST25,SKU02198,1,1.8438581
2025-12-14,ST09,SKU02201,1,1.8769184
2025-12-14,ST04,SKU02202,1,1.8555154
2025-12-14,ST24,SKU02204,1,1.8877208
2025-12-14,ST14,SKU02207,1,1.8241345
2025-12-14,ST22,SKU02209,1,1.8316759
2025-12-14,ST24,SKU02227,1,1.8070596
2025-12-14,ST05,SKU02241,2,1.8729149
2025-12-14,ST29,SKU02242,1,1.9367185
2025-12-14,ST02,SKU02246,2,1.817255
2025-12-14,ST16,SKU02247,1,1.9125185
2025-12-14,ST07,SKU02257,1,1.821881
2025-12-14,ST29,SKU02258,1,1.811957
2025-12-14,ST09,SKU02271,1,1.8397514
2025-12-14,ST05,SKU02272,1,1.8188579
2025-12-14,ST11,SKU02275,1,1.8844469
2025-12-14,ST14,SKU02283,2,1.8144011
2025-12-14,ST15,SKU02287,3,1.8153547
2025-12-14,ST10,SKU02297,2,1.8462918
2025-12-14,ST05,SKU02298,2,1.8909376
2025-12-14,ST22,SKU02299,2,1.8037741
2025-12-14,ST16,SKU02315,4,1.8638889
2025-12-14,ST19,SKU02317,3,1.8750348
2025-12-14,ST02,SKU02330,2,1.8780298
2025-12-14,ST29,SKU02336,1,1.8088996
2025-12-14,ST29,SKU02338,1,1.9289652
2025-12-14,ST20,SKU02368,1,1.9088932
2025-12-14,ST17,SKU02369,1,1.8486143
2025-12-14,ST06,SKU02371,1,1.8308446
2025-12-14,ST30,SKU02372,2,1.762451
2025-12-14,ST20,SKU02380,1,1.8296474
2025-12-14,ST12,SKU02381,2,1.7916135
2025-12-14,ST30,SKU02383,1,1.9420687
2025-12-14,ST05,SKU02398,5,1.8806828
2025-12-14,ST06,SKU02401,3,1.9196767
2025-12-14,ST29,SKU02404,2,2.0406291
2025-12-14,ST25,SKU02407,1,1.9319092
2025-12-14,ST22,SKU02415,2,1.8836964
2025-12-14,ST06,SKU02416,3,1.8055159
2025-12-14,ST18,SKU02417,1,1.8625426
2025-12-14,ST28,SKU02421,3,1.8357234
2025-12-14,ST22,SKU02431,1,2.0494077
2025-12-14,ST06,SKU02434,2,1.8147497
2025-12-14,ST24,SKU02460,2,1.7967411
2025-12-14,ST09,SKU02462,2,1.873704
2025-12-14,ST06,SKU02463,3,1.9078556
2025-12-14,ST17,SKU02464,4,1.842695
2025-12-14,ST23,SKU02465,1,1.8568445
2025-12-14,ST20,SKU02466,5,1.840697
2025-12-14,ST20,SKU02468,2,1.7372849
2025-12-14,ST21,SKU02472,3,1.6976388
2025-12-14,ST13,SKU02479,1,1.8648374
2025-12-14,ST16,SKU02484,2,1.8370686
2025-12-14,ST06,SKU02486,3,1.9384522
2025-12-14,ST12,SKU02497,3,2.0830545
2025-12-14,ST03,SKU02503,1,1.7540696
2025-12-14,ST13,SKU02506,5,1.8337283
2025-12-14,ST17,SKU02515,3,1.8389646
2025-12-14,ST30,SKU02521,2,1.8707238
2025-12-14,ST07,SKU02522,2,1.7969131
2025-12-14,ST30,SKU02526,1,1.8941832
2025-12-14,ST22,SKU02531,1,1.8805118
2025-12-14,ST30,SKU02532,3,1.9983885
2025-12-14,ST24,SKU02536,1,1.8503524
2025-12-14,ST09,SKU02538,1,1.8708891
2025-12-14,ST25,SKU02543,3,1.8423501
2025-12-14,ST20,SKU02544,3,1.9667447
2025-12-14,ST29,SKU02549,1,1.9018784
2025-12-14,ST05,SKU02554,1,1.8719829
2025-12-14,ST29,SKU02557,4,1.822505
2025-12-14,ST11,SKU02577,1,1.8499115
2025-12-14,ST14,SKU02587,4,1.8522062
2025-12-14,ST12,SKU02600,1,1.8477482
2025-12-14,ST12,SKU02611,1,1.9258054
2025-12-14,ST29,SKU02640,1,1.8994734
2025-12-14,ST28,SKU02648,5,1.8627206
2025-12-14,ST06,SKU02649,5,1.8426964
2025-12-14,ST06,SKU02653,2,1.8591987
2025-12-14,ST30,SKU02656,1,1.8791418
2025-12-14,ST30,SKU02657,1,1.8840953
2025-12-14,ST23,SKU02665,1,1.881825
2025-12-14,ST30,SKU02668,2,1.8931754
2025-12-14,ST25,SKU02669,1,2.0198114
2025-12-14,ST15,SKU02691,1,1.8554679
2025-12-14,ST20,SKU02692,1,1.8304887
2025-12-14,ST14,SKU02693,1,1.8804884
2025-12-14,ST15,SKU02714,2,1.9583393
2025-12-14,ST30,SKU02733,3,1.8963115
2025-12-14,ST01,SKU02735,1,1.837503
2025-12-14,ST03,SKU02736,1,1.9464483
2025-12-14,ST07,SKU02737,1,1.8962924
2025-12-14,ST28,SKU02740,1,1.9512911
2025-12-14,ST23,SKU02747,2,1.7563229
2025-12-14,ST03,SKU02758,1,1.9136388
2025-12-14,ST29,SKU02776,1,1.9099001
2025-12-14,ST09,SKU02790,1,1.9203023
2025-12-14,ST20,SKU02799,1,1.9018298
2025-12-14,ST07,SKU02812,3,1.8552108
2025-12-14,ST29,SKU02819,2,1.8445661
2025-12-14,ST13,SKU02833,1,1.675192
2025-12-14,ST20,SKU02837,3,1.9432507
2025-12-14,ST06,SKU02840,1,1.8585838
2025-12-14,ST14,SKU02849,2,1.8043665
2025-12-14,ST29,SKU02850,1,1.8902249
2025-12-14,ST07,SKU02853,2,1.8420899
2025-12-14,ST30,SKU02854,1,1.7454828
2025-12-14,ST26,SKU02858,1,1.7930782
2025-12-14,ST26,SKU02860,3,1.917056
2025-12-14,ST24,SKU02879,2,1.867498
2025-12-14,ST11,SKU02889,1,1.8753262
2025-12-14,ST26,SKU02891,1,1.9142067
2025-12-14,ST28,SKU02892,1,1.8600509
2025-12-14,ST04,SKU02920,1,1.931
2025-12-14,ST27,SKU02923,2,1.896445
2025-12-14,ST22,SKU02930,2,1.7303858
2025-12-14,ST21,SKU02931,1,1.7975768
2025-12-14,ST11,SKU02950,4,1.8996327
2025-12-14,ST06,SKU02952,3,1.8870101
2025-12-14,ST29,SKU02954,5,3.8093596
2025-12-14,ST07,SKU02967,4,1.8329074
2025-12-14,ST06,SKU02972,1,1.8763648
2025-12-14,ST18,SKU02980,4,1.9031037
2025-12-14,ST26,SKU02988,2,1.9327534
2025-12-14,ST21,SKU02996,1,1.8202449
2025-12-14,ST06,SKU02998,2,1.8596288
2025-12-14,ST29,SKU03004,2,1.8386885
2025-12-14,ST05,SKU03013,2,1.8794755
2025-12-14,ST27,SKU03016,2,1.8711045
2025-12-14,ST03,SKU03024,1,1.8991718
2025-12-14,ST15,SKU03034,1,1.874557
2025-12-14,ST06,SKU03042,1,1.84205
2025-12-14,ST16,SKU03044,2,1.879949
2025-12-14,ST28,SKU03047,1,1.8870733
2025-12-14,ST03,SKU03048,2,1.8894699
2025-12-14,ST06,SKU03055,1,1.9466476
2025-12-14,ST26,SKU03061,2,1.8731694
2025-12-14,ST03,SKU03068,1,1.8498007
2025-12-14,ST12,SKU03077,3,1.9143332
2025-12-14,ST27,SKU03081,3,1.8423983
2025-12-14,ST09,SKU03088,1,1.9317722
2025-12-14,ST11,SKU03104,1,1.910017
2025-12-14,ST15,SKU03106,1,1.5852579
2025-12-14,ST27,SKU03117,2,1.9250356
2025-12-14,ST16,SKU03121,2,1.8688809
2025-12-14,ST20,SKU03145,3,1.8987733
2025-12-14,ST29,SKU03149,2,1.9082114
2025-12-14,ST24,SKU03166,1,1.8460541
2025-12-14,ST29,SKU03169,2,1.8885157
2025-12-14,ST06,SKU03171,3,1.9729433
2025-12-14,ST18,SKU03172,1,1.7747828
2025-12-14,ST16,SKU03193,1,1.8064185
2025-12-14,ST08,SKU03194,1,1.8895499
2025-12-14,ST23,SKU03203,1,1.8500099
2025-12-14,ST06,SKU03209,1,1.881859
2025-12-14,ST06,SKU03216,1,1.8644542
2025-12-14,ST06,SKU03233,4,3.406772
2025-12-14,ST23,SKU03243,1,1.8559198
2025-12-14,ST28,SKU03248,1,1.8728527
2025-12-14,ST29,SKU03255,3,1.9132204
2025-12-14,ST20,SKU03262,2,1.82351
2025-12-14,ST04,SKU03264,1,1.8518039
2025-12-14,ST03,SKU03265,1,1.8462394
2025-12-14,ST30,SKU03273,2,1.8413795
2025-12-14,ST20,SKU03274,2,1.8880398
2025-12-14,ST21,SKU03282,4,1.8606062
2025-12-14,ST30,SKU03290,1,1.8082007
2025-12-14,ST28,SKU03292,4,1.8338189
2025-12-14,ST29,SKU03294,2,1.917331
2025-12-14,ST27,SKU03306,1,1.8814894
2025-12-14,ST07,SKU03323,2,1.7030771
2025-12-14,ST06,SKU03355,1,1.8113524
2025-12-14,ST11,SKU03379,3,1.7966189
2025-12-14,ST19,SKU03381,3,1.8253059
2025-12-14,ST05,SKU03392,1,1.8486958
2025-12-14,ST16,SKU03396,3,1.8027416
2025-12-14,ST29,SKU03407,2,1.8460988
2025-12-14,ST16,SKU03422,1,1.8299212
2025-12-14,ST01,SKU03425,1,1.8690853
2025-12-14,ST09,SKU03427,2,1.8730183
2025-12-14,ST14,SKU03438,2,1.9176717
2025-12-14,ST18,SKU03448,1,1.8185234
2025-12-14,ST06,SKU03459,1,1.8049225
2025-12-14,ST22,SKU03460,2,1.7959911
2025-12-14,ST17,SKU03462,3,3.6810384
2025-12-14,ST11,SKU03464,1,1.9011506
2025-12-14,ST03,SKU03465,2,1.8040274
2025-12-14,ST11,SKU03476,1,1.8289202
2025-12-14,ST14,SKU03478,1,1.9598867
2025-12-14,ST13,SKU03488,2,1.8957543
2025-12-14,ST22,SKU03493,2,2.1121225
2025-12-14,ST21,SKU03506,3,1.8482821
2025-12-14,ST03,SKU03515,1,1.8708078
2025-12-14,ST14,SKU03528,1,1.8837996
2025-12-14,ST18,SKU03532,1,1.7924489
2025-12-14,ST09,SKU03538,1,1.9127706
2025-12-14,ST29,SKU03548,3,1.840077
2025-12-14,ST28,SKU03559,1,1.8532598
2025-12-14,ST20,SKU03563,4,1.8492465
2025-12-14,ST04,SKU03564,1,1.846294
2025-12-14,ST08,SKU03566,2,1.8711339
2025-12-14,ST12,SKU03571,1,1.7944663
2025-12-14,ST16,SKU03606,3,1.8724474
2025-12-14,ST23,SKU03622,4,3.6516852
2025-12-14,ST01,SKU03640,4,1.822571
2025-12-14,ST18,SKU03653,2,1.9020128
2025-12-14,ST30,SKU03656,1,1.8763653
2025-12-14,ST06,SKU03665,1,1.8493233
2025-12-14,ST01,SKU03668,3,1.8501924
2025-12-14,ST29,SKU03676,2,1.879055
2025-12-14,ST30,SKU03693,4,1.9187869
2025-12-14,ST02,SKU03696,2,1.8737625
2025-12-14,ST11,SKU03702,1,1.8302096
2025-12-14,ST27,SKU03727,1,1.9508834
2025-12-14,ST02,SKU03743,1,1.9508777
2025-12-14,ST06,SKU03749,4,1.854318
2025-12-14,ST06,SKU03751,1,1.9174633
2025-12-14,ST02,SKU03759,1,1.9721695
2025-12-14,ST29,SKU03763,3,1.8060905
2025-12-14,ST08,SKU03764,1,1.91029
2025-12-14,ST05,SKU03768,3,1.8540999
2025-12-14,ST16,SKU03784,1,1.9375416
2025-12-14,ST27,SKU03785,2,1.8512528
2025-12-14,ST28,SKU03790,4,1.8441865
2025-12-14,ST30,SKU03801,4,1.8211188
2025-12-14,ST05,SKU03836,1,1.8815658
2025-12-14,ST27,SKU03840,5,1.9082177
2025-12-14,ST28,SKU03844,1,1.8309666
2025-12-14,ST05,SKU03854,1,1.9808626
2025-12-14,ST28,SKU03855,2,1.8509313
2025-12-14,ST20,SKU03856,4,1.8175241
2025-12-14,ST20,SKU03870,2,1.923083
2025-12-14,ST27,SKU03874,1,1.8717592
2025-12-14,ST18,SKU03886,1,1.9132662
2025-12-14,ST26,SKU03895,2,1.8556334
2025-12-14,ST16,SKU03904,1,1.8385893
2025-12-14,ST08,SKU03906,1,1.8669385
2025-12-14,ST22,SKU03907,4,1.8261296
2025-12-14,ST30,SKU03910,1,1.8201631
2025-12-14,ST16,SKU03911,3,2.0003028
2025-12-14,ST22,SKU03914,2,1.7878023
2025-12-14,ST20,SKU03929,2,1.8889117
2025-12-14,ST09,SKU03955,2,1.8350178
2025-12-14,ST01,SKU03960,2,1.9462335
2025-12-14,ST11,SKU03974,2,1.8754941
2025-12-14,ST07,SKU03982,1,1.9095987
2025-12-14,ST17,SKU03984,3,1.8349967
2025-12-14,ST19,SKU03987,3,1.8476562
2025-12-14,ST05,SKU03999,3,1.8505236
2025-12-14,ST10,SKU04007,4,1.9193358
2025-12-14,ST28,SKU04010,1,1.9339159
2025-12-14,ST06,SKU04020,4,1.98645
2025-12-14,ST26,SKU04026,1,1.8675206
2025-12-14,ST20,SKU04028,3,1.8546456
2025-12-14,ST05,SKU04035,2,1.9226658
2025-12-14,ST03,SKU04040,1,1.8121909
2025-12-14,ST22,SKU04042,2,1.9034414
2025-12-14,ST07,SKU04043,1,1.8382412
2025-12-14,ST09,SKU04046,3,1.8803765
2025-12-14,ST06,SKU04047,1,1.8449955
2025-12-14,ST28,SKU04060,2,1.8947718
2025-12-14,ST23,SKU04066,1,1.8580128
2025-12-14,ST26,SKU04078,1,1.8576508
2025-12-14,ST12,SKU04079,2,1.8550011
2025-12-14,ST30,SKU04086,3,1.7793758
2025-12-14,ST20,SKU04098,5,1.8507961
2025-12-14,ST28,SKU04105,4,2.0532472
2025-12-14,ST30,SKU04109,1,1.9018483
2025-12-14,ST07,SKU04115,1,1.8710798
2025-12-14,ST20,SKU04122,1,1.8493738
2025-12-14,ST09,SKU04137,2,1.8492819
2025-12-14,ST23,SKU04138,1,1.7960997
2025-12-14,ST15,SKU04140,1,1.8314071
2025-12-14,ST04,SKU04144,1,1.8766737
2025-12-14,ST30,SKU04154,2,1.7797587
2025-12-14,ST23,SKU04157,1,1.7033147
2025-12-14,ST22,SKU04159,3,1.9115021
2025-12-14,ST24,SKU04161,1,1.9076569
2025-12-14,ST21,SKU04162,1,1.8719695
2025-12-14,ST12,SKU04164,1,1.879139
2025-12-14,ST11,SKU04165,1,1.7743479
2025-12-14,ST20,SKU04166,1,1.9437296
2025-12-14,ST30,SKU04177,3,1.9550105
2025-12-14,ST21,SKU04181,1,1.9821136
2025-12-14,ST23,SKU04185,2,1.9567566
2025-12-14,ST12,SKU04191,2,1.8570949
2025-12-14,ST01,SKU04192,2,1.8432947
2025-12-14,ST20,SKU04196,4,1.8311968
2025-12-14,ST12,SKU04197,1,1.9635663
2025-12-14,ST29,SKU04198,3,1.9132546
2025-12-14,ST20,SKU04201,1,1.8072944
2025-12-14,ST25,SKU04206,3,1.81624
2025-12-14,ST06,SKU04224,2,1.8495103
2025-12-14,ST29,SKU04233,3,1.9029852
2025-12-14,ST29,SKU04237,3,1.895423
2025-12-14,ST29,SKU04240,2,1.8434241
2025-12-14,ST22,SKU04241,4,1.9554722
2025-12-14,ST22,SKU04245,2,1.8824157
2025-12-14,ST09,SKU04261,1,1.8879546
2025-12-14,ST17,SKU04275,2,1.9487408
2025-12-14,ST08,SKU04288,1,1.916462
2025-12-14,ST26,SKU04294,1,1.8584388
2025-12-14,ST26,SKU04295,2,1.8904846
2025-12-14,ST22,SKU04310,1,1.8949802
2025-12-14,ST06,SKU04314,2,1.8895617
2025-12-14,ST19,SKU04315,1,1.8234818
2025-12-14,ST05,SKU04318,2,1.8311682
2025-12-14,ST30,SKU04321,5,9.232591
2025-12-14,ST22,SKU04322,3,1.9039991
2025-12-14,ST26,SKU04327,1,1.8591863
2025-12-14,ST01,SKU04328,1,1.9129462
2025-12-14,ST27,SKU04329,1,1.719933
2025-12-14,ST12,SKU04335,1,1.8582969
2025-12-14,ST23,SKU04338,5,1.9013749
2025-12-14,ST07,SKU04339,3,1.8476284
2025-12-14,ST06,SKU04344,1,1.8757416
2025-12-14,ST06,SKU04345,1,1.8621686
2025-12-14,ST01,SKU04346,5,3.970504
2025-12-14,ST11,SKU04348,1,1.7614616
2025-12-14,ST19,SKU04357,3,1.8872783
2025-12-14,ST30,SKU04359,2,1.9382555
2025-12-14,ST30,SKU04362,1,1.8633853
2025-12-14,ST06,SKU04373,2,1.8593495
2025-12-14,ST06,SKU04381,1,1.9240391
2025-12-14,ST27,SKU04404,1,1.93409
2025-12-14,ST28,SKU04411,1,1.9753215
2025-12-14,ST06,SKU04440,1,1.8990251
2025-12-14,ST07,SKU04453,2,1.8812275
2025-12-14,ST25,SKU04454,3,1.9641408
2025-12-14,ST07,SKU04460,1,1.9020767
2025-12-14,ST08,SKU04473,1,1.8055024
2025-12-14,ST30,SKU04508,2,1.9078833
2025-12-14,ST28,SKU04515,1,1.8907679
2025-12-14,ST02,SKU04533,2,1.8426552
2025-12-14,ST07,SKU04534,1,1.8743453
2025-12-14,ST21,SKU04535,1,1.8719246
2025-12-14,ST11,SKU04539,1,1.8493733
2025-12-14,ST20,SKU04546,4,1.8614264
2025-12-14,ST17,SKU04550,1,1.8700677
2025-12-14,ST25,SKU04551,1,1.8948679
2025-12-14,ST19,SKU04554,4,1.7627659
2025-12-14,ST25,SKU04561,3,1.909419
2025-12-14,ST07,SKU04562,1,1.6890303
2025-12-14,ST30,SKU04563,3,1.8816477
2025-12-14,ST30,SKU04571,2,1.8444107
2025-12-14,ST21,SKU04572,1,1.8651531
2025-12-14,ST17,SKU04588,1,1.8507944
2025-12-14,ST09,SKU04589,1,1.8445582
2025-12-14,ST26,SKU04593,1,1.7921091
2025-12-14,ST29,SKU04596,1,1.8115288
2025-12-14,ST21,SKU04601,1,1.9476386
2025-12-14,ST12,SKU04604,1,1.8018289
2025-12-14,ST22,SKU04610,1,1.8692427
2025-12-14,ST16,SKU04615,2,1.9067135
2025-12-14,ST21,SKU04619,1,1.854979
2025-12-14,ST24,SKU04621,5,1.8561301
2025-12-14,ST07,SKU04627,2,1.9086444
2025-12-14,ST21,SKU04646,1,1.8951693
2025-12-14,ST22,SKU04649,2,1.8375784
2025-12-14,ST12,SKU04653,1,2.0546653
2025-12-14,ST26,SKU04660,3,1.9945024
2025-12-14,ST26,SKU04669,4,1.7748432
2025-12-14,ST21,SKU04670,1,1.8299437
2025-12-14,ST05,SKU04694,1,1.8357694
2025-12-14,ST28,SKU04699,1,1.9308596
2025-12-14,ST12,SKU04708,2,1.7135215
2025-12-14,ST07,SKU04715,1,1.8654306
2025-12-14,ST06,SKU04732,4,1.8474032
2025-12-14,ST17,SKU04733,1,1.829234
2025-12-14,ST23,SKU04743,1,1.8733534
2025-12-14,ST29,SKU04747,1,1.711182
2025-12-14,ST25,SKU04749,1,2.0561855
2025-12-14,ST06,SKU04756,3,1.9320678
2025-12-14,ST30,SKU04762,3,1.9286603
2025-12-14,ST17,SKU04775,1,1.8895235
2025-12-14,ST28,SKU04778,3,1.8580317
2025-12-14,ST07,SKU04789,2,1.8751267
2025-12-14,ST03,SKU04796,1,2.0177
2025-12-14,ST06,SKU04801,2,1.9174795
2025-12-14,ST07,SKU04803,3,1.8974721
2025-12-14,ST30,SKU04806,1,1.8897005
2025-12-14,ST04,SKU04813,3,1.8958453
2025-12-14,ST29,SKU04824,1,1.9463925
2025-12-14,ST17,SKU04839,2,1.8999134
2025-12-14,ST07,SKU04847,2,1.930768
2025-12-14,ST03,SKU04849,5,1.8143216
2025-12-14,ST23,SKU04853,1,1.8725506
2025-12-14,ST25,SKU04855,1,1.8729281
2025-12-14,ST30,SKU04856,1,1.7079154
2025-12-14,ST06,SKU04861,2,1.9064047
2025-12-14,ST14,SKU04873,3,1.8648511
2025-12-14,ST30,SKU04903,1,1.9007976
2025-12-14,ST28,SKU04913,3,1.6069024
2025-12-14,ST07,SKU04924,1,1.8091649
2025-12-14,ST26,SKU04926,1,1.8926328
2025-12-14,ST12,SKU04932,2,1.8768276
2025-12-14,ST09,SKU04933,2,1.8741788
2025-12-14,ST17,SKU04935,1,1.838561
2025-12-14,ST25,SKU04939,2,1.8714174
2025-12-14,ST29,SKU04942,2,1.9025214
2025-12-14,ST23,SKU04978,3,1.8500733
2025-12-14,ST11,SKU04998,1,1.8659344
2025-12-15,ST23,SKU00007,1,1.9682112
2025-12-15,ST08,SKU00030,3,1.8531022
2025-12-15,ST20,SKU00034,1,1.8489454
2025-12-15,ST21,SKU00038,1,1.8803668
2025-12-15,ST27,SKU00039,1,1.8254102
2025-12-15,ST19,SKU00043,1,1.8600886
2025-12-15,ST07,SKU00046,4,2.0595698
2025-12-15,ST12,SKU00050,3,1.9595605
2025-12-15,ST29,SKU00054,1,1.8844961
2025-12-15,ST29,SKU00062,1,1.8562518
2025-12-15,ST22,SKU00065,1,1.878814
2025-12-15,ST01,SKU00075,3,1.8769375
2025-12-15,ST24,SKU00076,2,1.8831547
2025-12-15,ST11,SKU00077,1,1.8037682
2025-12-15,ST30,SKU00079,1,1.7281468
2025-12-15,ST19,SKU00081,1,1.8410833
2025-12-15,ST15,SKU00082,2,1.9118639
2025-12-15,ST22,SKU00092,1,1.9274852
2025-12-15,ST21,SKU00097,1,1.9137958
2025-12-15,ST11,SKU00104,3,1.9309114
2025-12-15,ST27,SKU00105,3,1.8482492
2025-12-15,ST05,SKU00106,3,1.6136132
2025-12-15,ST14,SKU00108,2,1.8616055
2025-12-15,ST30,SKU00151,1,1.7248516
2025-12-15,ST14,SKU00155,1,1.7770479
2025-12-15,ST23,SKU00163,1,1.869808
2025-12-15,ST19,SKU00166,2,2.1725395
2025-12-15,ST22,SKU00169,7,4.0705137
2025-12-15,ST03,SKU00173,4,1.9266778
2025-12-15,ST17,SKU00177,1,1.9670174
2025-12-15,ST30,SKU00190,3,1.9725094
2025-12-15,ST21,SKU00218,1,1.8505459
2025-12-15,ST07,SKU00224,1,1.9325572
2025-12-15,ST21,SKU00232,1,1.8261508
2025-12-15,ST16,SKU00238,1,1.8612653
2025-12-15,ST15,SKU00242,1,1.8548566
2025-12-15,ST30,SKU00250,3,1.8197864
2025-12-15,ST07,SKU00260,4,1.8520892
2025-12-15,ST22,SKU00263,3,3.8277707
2025-12-15,ST07,SKU00264,2,1.8131328
2025-12-15,ST11,SKU00285,1,1.9497867
2025-12-15,ST09,SKU00286,1,1.834798
2025-12-15,ST13,SKU00287,1,1.82391
2025-12-15,ST23,SKU00296,2,1.8487098
2025-12-15,ST08,SKU00305,3,1.934339
2025-12-15,ST07,SKU00310,2,1.6657656
2025-12-15,ST04,SKU00320,2,1.8405395
2025-12-15,ST21,SKU00327,5,1.8792878
2025-12-15,ST03,SKU00329,3,1.93869
2025-12-15,ST06,SKU00333,1,2.0747008
2025-12-15,ST21,SKU00337,1,1.8906325
2025-12-15,ST20,SKU00341,3,1.8291153
2025-12-15,ST05,SKU00346,2,1.844674
2025-12-15,ST17,SKU00353,1,1.8981217
2025-12-15,ST18,SKU00361,4,1.8942895
2025-12-15,ST02,SKU00368,3,1.7657418
2025-12-15,ST21,SKU00369,3,1.885098
2025-12-15,ST17,SKU00385,3,1.8569099
2025-12-15,ST18,SKU00396,3,1.9247352
2025-12-15,ST21,SKU00398,1,1.8838959
2025-12-15,ST12,SKU00404,3,1.9397191
2025-12-15,ST11,SKU00426,2,1.9275374
2025-12-15,ST13,SKU00429,4,1.874917
2025-12-15,ST06,SKU00432,2,2.0035095
2025-12-15,ST03,SKU00440,4,1.8977642
2025-12-15,ST07,SKU00445,2,1.7202886
2025-12-15,ST03,SKU00450,1,1.8020709
2025-12-15,ST17,SKU00454,1,1.7541987
2025-12-15,ST05,SKU00465,1,1.7165633
2025-12-15,ST20,SKU00471,1,1.8669375
2025-12-15,ST22,SKU00480,4,1.9520576
2025-12-15,ST26,SKU00483,1,1.7928329
2025-12-15,ST01,SKU00494,1,1.8147584
2025-12-15,ST22,SKU00496,2,1.8702865
2025-12-15,ST20,SKU00500,2,1.9838637
2025-12-15,ST09,SKU00501,1,1.8414799
2025-12-15,ST01,SKU00508,2,1.8254606
2025-12-15,ST13,SKU00512,1,1.9074913
2025-12-15,ST25,SKU00519,1,1.778086
2025-12-15,ST12,SKU00530,2,1.8778778
2025-12-15,ST21,SKU00531,5,1.9382107
2025-12-15,ST06,SKU00539,2,1.8318627
2025-12-15,ST13,SKU00543,3,1.8544538
2025-12-15,ST21,SKU00547,5,1.865007
2025-12-15,ST16,SKU00569,1,2.152515
2025-12-15,ST18,SKU00573,1,1.9284735
2025-12-15,ST12,SKU00575,1,1.7947841
2025-12-15,ST12,SKU00578,3,1.862746
2025-12-15,ST08,SKU00590,3,1.9588264
2025-12-15,ST10,SKU00599,1,1.8322818
2025-12-15,ST20,SKU00600,4,1.9370439
2025-12-15,ST22,SKU00605,1,1.8930792
2025-12-15,ST14,SKU00622,4,1.8047472
2025-12-15,ST06,SKU00630,3,1.8867424
2025-12-15,ST13,SKU00633,3,1.8088516
2025-12-15,ST02,SKU00660,2,1.841824
2025-12-15,ST21,SKU00666,2,1.937716
2025-12-15,ST05,SKU00675,1,1.8289788
2025-12-15,ST30,SKU00680,1,1.7461944
2025-12-15,ST01,SKU00685,2,1.8859398
2025-12-15,ST10,SKU00686,3,1.9116012
2025-12-15,ST22,SKU00694,1,1.827048
2025-12-15,ST30,SKU00696,3,1.8808799
2025-12-15,ST29,SKU00709,1,1.9376692
2025-12-15,ST30,SKU00710,4,1.7251958
2025-12-15,ST30,SKU00715,1,1.9254657
2025-12-15,ST29,SKU00723,2,1.8232058
2025-12-15,ST05,SKU00724,2,2.0749464
2025-12-15,ST07,SKU00728,2,1.8927993
2025-12-15,ST23,SKU00743,3,1.8742956
2025-12-15,ST11,SKU00747,4,1.9315379
2025-12-15,ST04,SKU00750,3,1.9178904
2025-12-15,ST04,SKU00761,1,1.8332562
2025-12-15,ST20,SKU00772,2,1.9500581
2025-12-15,ST21,SKU00774,3,1.8453133
2025-12-15,ST18,SKU00775,4,1.8311819
2025-12-15,ST15,SKU00790,1,1.9113033
2025-12-15,ST15,SKU00805,1,1.9980919
2025-12-15,ST14,SKU00807,2,1.918127
2025-12-15,ST29,SKU00812,4,1.7929367
2025-12-15,ST23,SKU00816,2,1.850632
2025-12-15,ST04,SKU00826,1,1.8523643
2025-12-15,ST08,SKU00830,2,1.7866751
2025-12-15,ST08,SKU00836,1,1.8362226
2025-12-15,ST08,SKU00845,2,1.7045983
2025-12-15,ST15,SKU00846,2,1.8725595
2025-12-15,ST20,SKU00847,3,2.000543
2025-12-15,ST18,SKU00857,2,1.8148499
2025-12-15,ST04,SKU00862,3,2.1089025
2025-12-15,ST18,SKU00881,1,1.8656088
2025-12-15,ST02,SKU00889,2,1.9196389
2025-12-15,ST29,SKU00890,1,1.8657485
2025-12-15,ST18,SKU00893,2,1.8734918
2025-12-15,ST08,SKU00898,1,1.8560064
2025-12-15,ST14,SKU00899,3,1.8915346
2025-12-15,ST24,SKU00904,3,1.7818177
2025-12-15,ST30,SKU00905,2,1.8704374
2025-12-15,ST18,SKU00910,1,1.8557775
2025-12-15,ST07,SKU00919,2,2.1133819
2025-12-15,ST01,SKU00921,1,1.7047021
2025-12-15,ST19,SKU00937,1,1.900753
2025-12-15,ST01,SKU00939,1,1.8267031
2025-12-15,ST22,SKU00940,2,1.8309373
2025-12-15,ST29,SKU00942,1,1.806131
2025-12-15,ST05,SKU00952,3,1.9240985
2025-12-15,ST29,SKU00953,3,1.7086312
2025-12-15,ST21,SKU00966,1,1.8817655
2025-12-15,ST11,SKU00972,1,1.8428544
2025-12-15,ST15,SKU00974,2,2.1180139
2025-12-15,ST29,SKU00976,1,1.8613967
2025-12-15,ST01,SKU00978,2,1.9119192
2025-12-15,ST26,SKU00982,1,1.9207897
2025-12-15,ST18,SKU00988,4,1.9933985
2025-12-15,ST06,SKU00990,1,1.8919917
2025-12-15,ST01,SKU00992,2,1.8359421
2025-12-15,ST30,SKU00994,3,1.8702092
2025-12-15,ST18,SKU00995,4,1.8980232
2025-12-15,ST19,SKU00996,1,1.7703212
2025-12-15,ST11,SKU01002,1,1.927397
2025-12-15,ST09,SKU01003,1,1.8818061
2025-12-15,ST27,SKU01009,2,1.8390427
2025-12-15,ST27,SKU01021,1,1.8416847
2025-12-15,ST23,SKU01027,1,1.9261609
2025-12-15,ST21,SKU01030,1,1.8563163
2025-12-15,ST22,SKU01033,1,2.1667454
2025-12-15,ST05,SKU01045,1,1.8599825
2025-12-15,ST07,SKU01058,3,1.9167204
2025-12-15,ST12,SKU01095,1,1.846435
2025-12-15,ST26,SKU01115,4,1.8306198
2025-12-15,ST02,SKU01129,3,1.8723309
2025-12-15,ST22,SKU01135,1,1.9359848
2025-12-15,ST09,SKU01137,1,1.9614178
2025-12-15,ST30,SKU01144,2,1.9444354
2025-12-15,ST09,SKU01153,4,1.9459476
2025-12-15,ST06,SKU01158,2,1.7861841
2025-12-15,ST27,SKU01164,2,1.856169
2025-12-15,ST20,SKU01167,2,1.7948232
2025-12-15,ST17,SKU01170,1,1.7609346
2025-12-15,ST30,SKU01177,1,1.8828186
2025-12-15,ST19,SKU01189,1,1.7918055
2025-12-15,ST08,SKU01196,3,1.9592592
2025-12-15,ST30,SKU01212,3,1.8656852
2025-12-15,ST27,SKU01221,5,1.914074
2025-12-15,ST24,SKU01222,3,1.8825982
2025-12-15,ST11,SKU01225,1,1.8736576
2025-12-15,ST29,SKU01232,5,1.9426944
2025-12-15,ST21,SKU01239,3,1.8190093
2025-12-15,ST09,SKU01245,1,1.7004648
2025-12-15,ST10,SKU01253,1,1.8586698
2025-12-15,ST08,SKU01262,3,1.8980818
2025-12-15,ST14,SKU01265,4,1.95194
2025-12-15,ST28,SKU01274,2,1.7871369
2025-12-15,ST01,SKU01286,1,1.8550955
2025-12-15,ST24,SKU01297,3,1.8634713
2025-12-15,ST17,SKU01317,1,1.8271921
2025-12-15,ST11,SKU01320,1,1.8393505
2025-12-15,ST21,SKU01330,1,1.9224156
2025-12-15,ST08,SKU01334,1,1.8626976
2025-12-15,ST16,SKU01344,1,1.8670286
2025-12-15,ST22,SKU01354,2,1.9427525
2025-12-15,ST07,SKU01359,1,1.8428482
2025-12-15,ST16,SKU01363,3,1.702235
2025-12-15,ST29,SKU01365,3,1.9823159
2025-12-15,ST17,SKU01370,1,2.0223231
2025-12-15,ST18,SKU01371,3,1.8428897
2025-12-15,ST11,SKU01374,5,1.7837704
2025-12-15,ST28,SKU01377,2,1.9014342
2025-12-15,ST07,SKU01393,2,1.8530698
2025-12-15,ST22,SKU01410,2,1.8055224
2025-12-15,ST13,SKU01412,1,1.8830202
2025-12-15,ST13,SKU01414,1,1.7892045
2025-12-15,ST01,SKU01416,1,1.8494222
2025-12-15,ST29,SKU01419,2,1.8706348
2025-12-15,ST23,SKU01420,2,2.0380106
2025-12-15,ST18,SKU01432,2,2.0660756
2025-12-15,ST11,SKU01438,1,1.8713133
2025-12-15,ST27,SKU01441,1,1.8652916
2025-12-15,ST06,SKU01450,1,1.7747369
2025-12-15,ST14,SKU01462,2,1.9177463
2025-12-15,ST29,SKU01481,4,1.8358476
2025-12-15,ST26,SKU01485,2,1.8854207
2025-12-15,ST21,SKU01493,2,1.95117
2025-12-15,ST25,SKU01504,4,1.8470533
2025-12-15,ST22,SKU01507,2,1.9763718
2025-12-15,ST25,SKU01510,1,1.8201137
2025-12-15,ST11,SKU01514,3,1.8890039
2025-12-15,ST30,SKU01519,1,1.8955276
2025-12-15,ST07,SKU01541,1,1.8561583
2025-12-15,ST09,SKU01556,3,1.8708801
2025-12-15,ST19,SKU01557,1,1.8333211
2025-12-15,ST30,SKU01576,2,1.8935232
2025-12-15,ST30,SKU01579,1,1.9462899
2025-12-15,ST21,SKU01595,1,1.7455266
2025-12-15,ST20,SKU01603,3,1.8132987
2025-12-15,ST15,SKU01609,2,1.8434501
2025-12-15,ST01,SKU01616,1,1.7620724
2025-12-15,ST18,SKU01633,3,1.8199838
2025-12-15,ST18,SKU01636,1,1.9062461
2025-12-15,ST14,SKU01650,3,1.9298964
2025-12-15,ST19,SKU01667,1,1.8732963
2025-12-15,ST22,SKU01671,2,1.8687315
2025-12-15,ST03,SKU01679,5,1.8868021
2025-12-15,ST11,SKU01686,1,1.8372556
2025-12-15,ST22,SKU01696,1,1.9347545
2025-12-15,ST30,SKU01700,1,1.8579776
2025-12-15,ST27,SKU01701,1,1.9236635
2025-12-15,ST17,SKU01713,2,1.839197
2025-12-15,ST07,SKU01715,2,1.7364724
2025-12-15,ST03,SKU01720,1,2.0528088
2025-12-15,ST01,SKU01722,1,1.7924807
2025-12-15,ST11,SKU01730,1,1.8325464
2025-12-15,ST06,SKU01751,1,1.8235791
2025-12-15,ST07,SKU01752,1,1.9221354
2025-12-15,ST09,SKU01759,1,1.8467175
2025-12-15,ST12,SKU01763,1,1.9066105
2025-12-15,ST19,SKU01764,1,1.8810629
2025-12-15,ST20,SKU01774,1,1.8901304
2025-12-15,ST14,SKU01779,2,1.8556188
2025-12-15,ST07,SKU01803,2,1.9296632
2025-12-15,ST13,SKU01804,2,2.0465991
2025-12-15,ST07,SKU01808,1,1.8800586
2025-12-15,ST30,SKU01809,2,1.86144
2025-12-15,ST14,SKU01812,5,1.8569176
2025-12-15,ST14,SKU01819,1,1.8003424
2025-12-15,ST27,SKU01838,2,1.8061678
2025-12-15,ST23,SKU01842,2,1.8451632
2025-12-15,ST16,SKU01845,1,1.8884315
2025-12-15,ST22,SKU01852,2,1.9729631
2025-12-15,ST22,SKU01855,1,1.8720133
2025-12-15,ST09,SKU01861,2,1.8599334
2025-12-15,ST22,SKU01862,3,1.7590094
2025-12-15,ST06,SKU01889,1,1.9520965
2025-12-15,ST28,SKU01890,1,1.9635265
2025-12-15,ST20,SKU01898,2,1.8541061
2025-12-15,ST22,SKU01921,3,1.7901627
2025-12-15,ST21,SKU01923,2,1.770976
2025-12-15,ST29,SKU01928,4,1.8557175
2025-12-15,ST23,SKU01938,2,1.9045032
2025-12-15,ST30,SKU01947,1,1.9176047
2025-12-15,ST15,SKU01960,1,1.8857143
2025-12-15,ST18,SKU01963,3,1.8966799
2025-12-15,ST05,SKU01967,2,1.9030713
2025-12-15,ST20,SKU01973,1,1.8772559
2025-12-15,ST22,SKU01983,1,1.9091151
2025-12-15,ST11,SKU01987,1,1.9560075
2025-12-15,ST19,SKU01993,3,1.9072216
2025-12-15,ST29,SKU02001,3,1.8793805
2025-12-15,ST29,SKU02003,1,1.83299
2025-12-15,ST27,SKU02004,1,1.7178733
2025-12-15,ST25,SKU02015,3,1.9110599
2025-12-15,ST23,SKU02026,1,1.8407634
2025-12-15,ST17,SKU02036,4,2.0507321
2025-12-15,ST14,SKU02044,1,1.7925314
2025-12-15,ST20,SKU02046,2,1.8753797
2025-12-15,ST12,SKU02053,1,1.8543643
2025-12-15,ST06,SKU02068,1,1.8692379
2025-12-15,ST21,SKU02071,2,2.002163
2025-12-15,ST21,SKU02079,3,1.8908093
2025-12-15,ST27,SKU02093,1,2.0222754
2025-12-15,ST07,SKU02107,1,1.8968146
2025-12-15,ST29,SKU02122,1,1.8578256
2025-12-15,ST11,SKU02127,2,1.8619467
2025-12-15,ST29,SKU02141,3,3.5001674
2025-12-15,ST16,SKU02155,1,1.903064
2025-12-15,ST26,SKU02167,4,1.8951552
2025-12-15,ST30,SKU02174,1,1.9150122
2025-12-15,ST16,SKU02183,1,1.969084
2025-12-15,ST06,SKU02187,1,1.9334671
2025-12-15,ST05,SKU02189,2,1.849594
2025-12-15,ST30,SKU02196,2,1.9287369
2025-12-15,ST16,SKU02199,1,1.814971
2025-12-15,ST12,SKU02202,3,1.8894824
2025-12-15,ST21,SKU02226,1,1.8334848
2025-12-15,ST14,SKU02231,2,1.7448326
2025-12-15,ST22,SKU02241,3,1.8556721
2025-12-15,ST27,SKU02247,3,3.9293292
2025-12-15,ST06,SKU02261,1,1.8989524
2025-12-15,ST06,SKU02288,1,1.8639435
2025-12-15,ST04,SKU02297,1,1.9183569
2025-12-15,ST14,SKU02300,5,1.9922339
2025-12-15,ST21,SKU02303,3,1.7707733
2025-12-15,ST09,SKU02314,1,1.8250364
2025-12-15,ST15,SKU02315,3,1.8424152
2025-12-15,ST28,SKU02317,2,1.9851519
2025-12-15,ST04,SKU02320,1,1.7661409
2025-12-15,ST14,SKU02325,1,1.9865787
2025-12-15,ST27,SKU02333,4,1.8058745
2025-12-15,ST29,SKU02335,1,1.930911
2025-12-15,ST29,SKU02337,1,1.9268824
2025-12-15,ST05,SKU02338,4,1.9185147
2025-12-15,ST16,SKU02339,1,1.9122576
2025-12-15,ST17,SKU02340,1,1.9863218
2025-12-15,ST18,SKU02350,2,1.8690853
2025-12-15,ST16,SKU02354,1,1.8297608
2025-12-15,ST23,SKU02358,2,1.8023583
2025-12-15,ST21,SKU02369,1,1.8305166
2025-12-15,ST19,SKU02376,1,1.758364
2025-12-15,ST16,SKU02381,5,1.7950664
2025-12-15,ST13,SKU02406,1,1.9112924
2025-12-15,ST02,SKU02407,5,2.030802
2025-12-15,ST03,SKU02415,1,1.9113469
2025-12-15,ST07,SKU02419,2,1.8859708
2025-12-15,ST21,SKU02430,1,1.9359614
2025-12-15,ST22,SKU02431,1,1.9677682
2025-12-15,ST12,SKU02432,2,1.8214142
2025-12-15,ST17,SKU02435,1,1.8683814
2025-12-15,ST04,SKU02436,3,1.9000024
2025-12-15,ST09,SKU02443,1,1.9062778
2025-12-15,ST18,SKU02445,1,1.8687156
2025-12-15,ST19,SKU02449,2,1.8127956
2025-12-15,ST01,SKU02453,4,1.8587639
2025-12-15,ST13,SKU02462,1,1.9681683
2025-12-15,ST06,SKU02463,4,1.8663142
2025-12-15,ST26,SKU02464,1,1.8653302
2025-12-15,ST14,SKU02476,1,1.6705092
2025-12-15,ST23,SKU02479,3,1.9180554
2025-12-15,ST29,SKU02484,4,1.8241855
2025-12-15,ST27,SKU02486,1,1.843615
2025-12-15,ST06,SKU02515,1,1.8289323
2025-12-15,ST11,SKU02516,1,1.9797816
2025-12-15,ST06,SKU02525,1,1.8333693
2025-12-15,ST09,SKU02538,1,1.8316946
2025-12-15,ST15,SKU02543,1,1.8746272
2025-12-15,ST10,SKU02544,2,1.8026506
2025-12-15,ST05,SKU02556,1,1.701936
2025-12-15,ST21,SKU02557,2,1.8049619
2025-12-15,ST24,SKU02583,4,1.754937
2025-12-15,ST23,SKU02586,1,1.8047733
2025-12-15,ST06,SKU02593,1,1.8314698
2025-12-15,ST21,SKU02601,1,1.8188242
2025-12-15,ST15,SKU02611,1,1.867267
2025-12-15,ST05,SKU02613,2,1.8470318
2025-12-15,ST30,SKU02628,1,2.008297
2025-12-15,ST07,SKU02635,1,1.8718624
2025-12-15,ST14,SKU02642,1,1.8601723
2025-12-15,ST27,SKU02648,4,1.8773421
2025-12-15,ST23,SKU02657,2,1.9265229
2025-12-15,ST15,SKU02669,1,1.7789094
2025-12-15,ST15,SKU02672,2,1.8493227
2025-12-15,ST09,SKU02676,1,1.838785
2025-12-15,ST10,SKU02685,2,1.997078
2025-12-15,ST29,SKU02692,1,1.7999789
2025-12-15,ST30,SKU02706,1,1.9428375
2025-12-15,ST03,SKU02720,3,1.8840228
2025-12-15,ST11,SKU02733,2,1.8691328
2025-12-15,ST06,SKU02735,2,1.8379235
2025-12-15,ST07,SKU02737,1,1.8982105
2025-12-15,ST06,SKU02740,1,1.7949643
2025-12-15,ST17,SKU02741,2,1.8498772
2025-12-15,ST29,SKU02744,1,1.8940175
2025-12-15,ST15,SKU02745,1,1.9267383
2025-12-15,ST26,SKU02748,1,1.8911791
2025-12-15,ST18,SKU02749,2,1.8541327
2025-12-15,ST11,SKU02753,2,1.9224471
2025-12-15,ST21,SKU02794,1,1.8563458
2025-12-15,ST17,SKU02804,1,1.8474752
2025-12-15,ST05,SKU02812,1,1.8340415
2025-12-15,ST04,SKU02825,2,1.8976898
2025-12-15,ST16,SKU02832,1,1.8555411
2025-12-15,ST11,SKU02833,1,1.8138813
2025-12-15,ST29,SKU02840,3,1.8652719
2025-12-15,ST20,SKU02843,3,1.8950617
2025-12-15,ST17,SKU02844,1,1.8699545
2025-12-15,ST12,SKU02845,1,1.9060017
2025-12-15,ST05,SKU02846,1,1.8885988
2025-12-15,ST08,SKU02849,2,1.8109757
2025-12-15,ST25,SKU02858,1,1.802405
2025-12-15,ST11,SKU02868,2,1.819131
2025-12-15,ST07,SKU02870,2,1.9169563
2025-12-15,ST03,SKU02876,2,1.9004949
2025-12-15,ST22,SKU02885,3,1.8324192
2025-12-15,ST27,SKU02890,3,1.8108596
2025-12-15,ST30,SKU02892,1,1.7869589
2025-12-15,ST16,SKU02921,2,1.9224768
2025-12-15,ST07,SKU02923,3,1.8375175
2025-12-15,ST29,SKU02930,1,1.790919
2025-12-15,ST14,SKU02931,2,1.8619007
2025-12-15,ST30,SKU02937,2,1.8383492
2025-12-15,ST30,SKU02943,1,1.8217832
2025-12-15,ST10,SKU02945,1,1.8043913
2025-12-15,ST19,SKU02947,1,1.8492466
2025-12-15,ST04,SKU02948,2,1.8649828
2025-12-15,ST15,SKU02950,3,1.8599079
2025-12-15,ST29,SKU02951,3,1.8820392
2025-12-15,ST05,SKU02953,1,1.8897871
2025-12-15,ST30,SKU02954,6,4.009516
2025-12-15,ST20,SKU02960,3,1.9100418
2025-12-15,ST23,SKU02961,1,2.0086863
2025-12-15,ST26,SKU02971,1,1.8373488
2025-12-15,ST25,SKU02973,2,1.8813789
2025-12-15,ST13,SKU02975,1,1.8327411
2025-12-15,ST19,SKU02998,1,1.8634189
2025-12-15,ST22,SKU02999,4,1.7564193
2025-12-15,ST20,SKU03010,3,1.8459877
2025-12-15,ST23,SKU03014,1,1.9138749
2025-12-15,ST18,SKU03016,2,1.833285
2025-12-15,ST08,SKU03019,1,2.003009
2025-12-15,ST17,SKU03024,2,1.886796
2025-12-15,ST09,SKU03029,1,2.1106212
2025-12-15,ST22,SKU03030,1,1.822762
2025-12-15,ST11,SKU03034,3,1.8988978
2025-12-15,ST09,SKU03049,1,1.9002208
2025-12-15,ST04,SKU03050,1,2.0263383
2025-12-15,ST11,SKU03051,1,1.8679076
2025-12-15,ST12,SKU03052,1,1.9317687
2025-12-15,ST21,SKU03057,2,1.918058
2025-12-15,ST17,SKU03065,5,1.9159048
2025-12-15,ST22,SKU03075,1,1.8733609
2025-12-15,ST07,SKU03076,1,2.0427725
2025-12-15,ST16,SKU03084,1,1.9483305
2025-12-15,ST25,SKU03088,2,1.8784997
2025-12-15,ST02,SKU03094,2,1.8315028
2025-12-15,ST13,SKU03095,1,1.8320673
2025-12-15,ST26,SKU03117,1,1.8045481
2025-12-15,ST29,SKU03118,4,1.9036589
2025-12-15,ST09,SKU03134,1,1.8408252
2025-12-15,ST16,SKU03139,2,1.6700124
2025-12-15,ST07,SKU03156,2,1.8257406
2025-12-15,ST29,SKU03168,2,1.837988
2025-12-15,ST02,SKU03171,1,1.8596879
2025-12-15,ST21,SKU03186,3,1.8826891
2025-12-15,ST17,SKU03209,1,1.8772207
2025-12-15,ST01,SKU03212,1,1.9474499
2025-12-15,ST22,SKU03213,3,1.9257042
2025-12-15,ST22,SKU03228,5,1.9026445
2025-12-15,ST30,SKU03229,1,1.7766304
2025-12-15,ST18,SKU03232,1,1.9108108
2025-12-15,ST22,SKU03240,1,2.1905005
2025-12-15,ST13,SKU03259,2,1.8198421
2025-12-15,ST21,SKU03271,1,1.7905159
2025-12-15,ST21,SKU03274,4,1.8622938
2025-12-15,ST28,SKU03292,3,1.8583598
2025-12-15,ST12,SKU03297,1,1.9862394
2025-12-15,ST21,SKU03298,3,1.8640254
2025-12-15,ST27,SKU03323,1,1.9529055
2025-12-15,ST04,SKU03324,1,1.8630927
2025-12-15,ST17,SKU03328,3,1.9064393
2025-12-15,ST06,SKU03339,1,1.7911206
2025-12-15,ST17,SKU03340,1,1.8915057
2025-12-15,ST29,SKU03353,1,2.0345879
2025-12-15,ST28,SKU03358,2,1.8601077
2025-12-15,ST07,SKU03367,1,1.8643551
2025-12-15,ST06,SKU03379,1,1.8264315
2025-12-15,ST07,SKU03392,3,1.8550081
2025-12-15,ST08,SKU03393,2,1.9093771
2025-12-15,ST01,SKU03422,2,1.9602188
2025-12-15,ST03,SKU03434,1,1.8878685
2025-12-15,ST23,SKU03442,3,1.9327604
2025-12-15,ST22,SKU03446,2,1.8649473
2025-12-15,ST14,SKU03450,1,1.9251612
2025-12-15,ST22,SKU03455,3,1.8759226
2025-12-15,ST12,SKU03459,1,1.938727
2025-12-15,ST11,SKU03464,1,2.0571654
2025-12-15,ST14,SKU03466,2,1.8420231
2025-12-15,ST05,SKU03474,2,1.846647
2025-12-15,ST22,SKU03478,3,1.8568673
2025-12-15,ST30,SKU03481,3,1.8741128
2025-12-15,ST18,SKU03491,3,1.8774053
2025-12-15,ST13,SKU03496,1,1.9367967
2025-12-15,ST29,SKU03503,1,1.8445631
2025-12-15,ST04,SKU03507,2,1.965542
2025-12-15,ST07,SKU03521,3,1.7885404
2025-12-15,ST07,SKU03523,1,1.8949369
2025-12-15,ST22,SKU03524,1,1.937705
2025-12-15,ST25,SKU03526,3,1.8584803
2025-12-15,ST26,SKU03529,4,1.8697988
2025-12-15,ST20,SKU03531,3,1.8001285
2025-12-15,ST23,SKU03532,3,1.8574878
2025-12-15,ST25,SKU03537,2,1.6210557
2025-12-15,ST14,SKU03546,1,1.8702012
2025-12-15,ST01,SKU03550,1,1.8981739
2025-12-15,ST09,SKU03556,3,1.8939861
2025-12-15,ST04,SKU03558,2,1.9074061
2025-12-15,ST04,SKU03566,2,1.6749578
2025-12-15,ST08,SKU03567,3,1.9792938
2025-12-15,ST18,SKU03571,1,1.8813962
2025-12-15,ST03,SKU03578,3,1.8278298
2025-12-15,ST05,SKU03583,2,1.8410661
2025-12-15,ST08,SKU03597,1,1.8652482
2025-12-15,ST28,SKU03604,1,1.8503814
2025-12-15,ST17,SKU03611,1,1.6764992
2025-12-15,ST22,SKU03622,2,1.8967854
2025-12-15,ST09,SKU03625,3,1.9934547
2025-12-15,ST11,SKU03629,3,1.9246277
2025-12-15,ST08,SKU03630,2,1.9073374
2025-12-15,ST08,SKU03631,1,1.8453472
2025-12-15,ST04,SKU03633,1,1.8682169
2025-12-15,ST05,SKU03640,1,1.8588696
2025-12-15,ST10,SKU03666,1,2.1099746
2025-12-15,ST27,SKU03676,2,1.8587027
2025-12-15,ST12,SKU03685,1,1.7065791
2025-12-15,ST11,SKU03693,5,1.9128566
2025-12-15,ST23,SKU03724,1,1.8887899
2025-12-15,ST30,SKU03727,1,1.9279715
2025-12-15,ST06,SKU03729,2,1.8301101
2025-12-15,ST14,SKU03730,4,1.8874247
2025-12-15,ST06,SKU03736,1,1.996883
2025-12-15,ST07,SKU03739,1,1.806568
2025-12-15,ST05,SKU03770,3,1.8853486
2025-12-15,ST17,SKU03779,2,1.9082305
2025-12-15,ST07,SKU03781,3,1.8086464
2025-12-15,ST29,SKU03795,4,1.875657
2025-12-15,ST06,SKU03809,3,1.8323534
2025-12-15,ST23,SKU03815,1,1.8444103
2025-12-15,ST14,SKU03835,2,1.8614223
2025-12-15,ST29,SKU03836,1,1.8349267
2025-12-15,ST01,SKU03838,3,1.7958391
2025-12-15,ST14,SKU03840,1,2.032389
2025-12-15,ST16,SKU03844,2,1.766412
2025-12-15,ST27,SKU03851,1,1.8753399
2025-12-15,ST25,SKU03854,2,1.9140474
2025-12-15,ST22,SKU03870,1,1.940237
2025-12-15,ST03,SKU03871,1,1.8303564
2025-12-15,ST08,SKU03872,5,1.878005
2025-12-15,ST30,SKU03876,1,1.9004064
2025-12-15,ST07,SKU03881,3,1.9376396
2025-12-15,ST15,SKU03883,3,1.7771074
2025-12-15,ST18,SKU03886,1,2.0354218
2025-12-15,ST16,SKU03893,1,1.9178605
2025-12-15,ST01,SKU03900,1,1.9295524
2025-12-15,ST08,SKU03907,1,1.9284687
2025-12-15,ST21,SKU03908,1,1.9218132
2025-12-15,ST29,SKU03910,1,1.8651005
2025-12-15,ST29,SKU03912,6,3.6011574
2025-12-15,ST11,SKU03914,2,1.9751021
2025-12-15,ST05,SKU03919,1,1.879712
2025-12-15,ST18,SKU03936,1,1.9591044
2025-12-15,ST04,SKU03940,1,1.9101807
2025-12-15,ST07,SKU03946,3,1.8475204
2025-12-15,ST14,SKU03950,2,1.8011538
2025-12-15,ST29,SKU03954,2,1.9712294
2025-12-15,ST29,SKU03956,1,1.9093118
2025-12-15,ST30,SKU03960,1,1.9966474
2025-12-15,ST29,SKU03970,9,3.691198
2025-12-15,ST16,SKU03982,2,1.8994012
2025-12-15,ST21,SKU04009,1,1.798772
2025-12-15,ST27,SKU04012,1,1.8982203
2025-12-15,ST08,SKU04014,1,1.888149
2025-12-15,ST09,SKU04017,3,1.8401614
2025-12-15,ST10,SKU04031,1,1.854845
2025-12-15,ST14,SKU04032,2,1.7829473
2025-12-15,ST08,SKU04033,2,1.9580573
2025-12-15,ST01,SKU04038,1,1.8466502
2025-12-15,ST14,SKU04041,2,1.9069835
2025-12-15,ST30,SKU04042,2,1.892024
2025-12-15,ST20,SKU04055,1,1.8976247
2025-12-15,ST16,SKU04082,1,1.7322379
2025-12-15,ST15,SKU04085,1,2.1035635
2025-12-15,ST21,SKU04088,2,1.8594946
2025-12-15,ST08,SKU04091,3,1.8965389
2025-12-15,ST03,SKU04094,1,1.8852859
2025-12-15,ST18,SKU04095,1,1.9470614
2025-12-15,ST11,SKU04105,1,2.0832334
2025-12-15,ST08,SKU04109,1,1.8722844
2025-12-15,ST18,SKU04120,2,1.847914
2025-12-15,ST04,SKU04124,1,1.7949628
2025-12-15,ST11,SKU04126,2,1.9536041
2025-12-15,ST23,SKU04143,1,1.9960016
2025-12-15,ST25,SKU04154,3,1.9827143
2025-12-15,ST21,SKU04156,2,1.8846947
2025-12-15,ST17,SKU04157,4,3.526093
2025-12-15,ST13,SKU04160,1,1.8776195
2025-12-15,ST15,SKU04162,1,1.8130325
2025-12-15,ST24,SKU04166,1,2.0141263
2025-12-15,ST09,SKU04168,4,1.8639169
2025-12-15,ST15,SKU04175,3,1.8998566
2025-12-15,ST27,SKU04191,1,1.9785976
2025-12-15,ST02,SKU04193,2,1.838495
2025-12-15,ST21,SKU04195,1,1.87254
2025-12-15,ST29,SKU04197,3,2.059765
2025-12-15,ST04,SKU04202,3,1.8476495
2025-12-15,ST27,SKU04211,3,1.8625433
2025-12-15,ST19,SKU04214,1,1.8947282
2025-12-15,ST16,SKU04220,2,1.8972396
2025-12-15,ST23,SKU04234,1,1.8778117
2025-12-15,ST30,SKU04240,3,1.9325552
2025-12-15,ST29,SKU04243,2,1.8693472
2025-12-15,ST30,SKU04245,2,1.9168373
2025-12-15,ST18,SKU04255,1,1.8435159
2025-12-15,ST11,SKU04260,1,1.8464044
2025-12-15,ST09,SKU04266,4,1.9564531
2025-12-15,ST15,SKU04272,1,1.8867499
2025-12-15,ST13,SKU04275,5,1.9271867
2025-12-15,ST10,SKU04279,3,1.9006742
2025-12-15,ST13,SKU04283,4,1.9177881
2025-12-15,ST15,SKU04286,4,1.794585
2025-12-15,ST08,SKU04309,3,1.86912
2025-12-15,ST16,SKU04315,3,1.9328338
2025-12-15,ST30,SKU04318,1,1.8667786
2025-12-15,ST30,SKU04321,13,13.480561
2025-12-15,ST04,SKU04328,5,1.8543972
2025-12-15,ST17,SKU04337,5,1.9393044
2025-12-15,ST15,SKU04338,3,1.7962712
2025-12-15,ST14,SKU04340,1,1.8368831
2025-12-15,ST28,SKU04341,2,1.877561
2025-12-15,ST23,SKU04346,1,2.499028
2025-12-15,ST26,SKU04357,2,1.8696551
2025-12-15,ST27,SKU04362,2,1.9704034
2025-12-15,ST06,SKU04368,1,2.0918753
2025-12-15,ST03,SKU04377,1,1.8272063
2025-12-15,ST30,SKU04381,1,2.0850408
2025-12-15,ST14,SKU04383,1,1.9008999
2025-12-15,ST06,SKU04400,3,1.9610946
2025-12-15,ST24,SKU04406,2,1.8411677
2025-12-15,ST15,SKU04413,1,1.703646
2025-12-15,ST16,SKU04423,3,1.9109694
2025-12-15,ST28,SKU04427,2,1.7954127
2025-12-15,ST30,SKU04444,1,1.9007465
2025-12-15,ST08,SKU04450,2,1.8544785
2025-12-15,ST16,SKU04453,2,1.9367285
2025-12-15,ST23,SKU04455,1,1.8494501
2025-12-15,ST20,SKU04466,4,1.8439157
2025-12-15,ST20,SKU04476,2,1.8772612
2025-12-15,ST27,SKU04484,1,1.9347625
2025-12-15,ST07,SKU04489,1,1.9017591
2025-12-15,ST20,SKU04495,5,1.9784517
2025-12-15,ST18,SKU04508,2,1.7908633
2025-12-15,ST26,SKU04516,2,1.8571827
2025-12-15,ST22,SKU04536,3,1.8071272
2025-12-15,ST25,SKU04538,2,2.0391626
2025-12-15,ST01,SKU04551,1,1.9433535
2025-12-15,ST23,SKU04556,2,1.898759
2025-12-15,ST14,SKU04560,4,1.8854222
2025-12-15,ST10,SKU04563,1,1.9326128
2025-12-15,ST24,SKU04571,1,1.8306986
2025-12-15,ST07,SKU04572,3,1.9059432
2025-12-15,ST12,SKU04581,2,1.843991
2025-12-15,ST20,SKU04586,3,1.8150696
2025-12-15,ST10,SKU04589,2,1.922072
2025-12-15,ST27,SKU04596,8,5.56813
2025-12-15,ST21,SKU04599,1,1.9127107
2025-12-15,ST29,SKU04604,2,1.9057716
2025-12-15,ST09,SKU04606,1,1.9076431
2025-12-15,ST01,SKU04610,3,2.0287056
2025-12-15,ST12,SKU04622,1,1.880244
2025-12-15,ST24,SKU04627,2,1.9235921
2025-12-15,ST22,SKU04633,4,1.8402181
2025-12-15,ST04,SKU04642,1,1.9779845
2025-12-15,ST11,SKU04646,3,1.8801278
2025-12-15,ST12,SKU04650,3,1.8664838
2025-12-15,ST14,SKU04655,2,1.8906801
2025-12-15,ST05,SKU04661,2,1.7905173
2025-12-15,ST14,SKU04668,1,1.8828772
2025-12-15,ST17,SKU04684,4,1.8249795
2025-12-15,ST29,SKU04702,1,1.8609892
2025-12-15,ST29,SKU04706,1,1.8451306
2025-12-15,ST09,SKU04709,3,1.9750907
2025-12-15,ST16,SKU04710,4,1.8301984
2025-12-15,ST10,SKU04712,1,1.859371
2025-12-15,ST07,SKU04714,1,1.8509164
2025-12-15,ST22,SKU04734,1,1.8757929
2025-12-15,ST30,SKU04735,2,1.9662226
2025-12-15,ST12,SKU04736,1,1.8930827
2025-12-15,ST17,SKU04750,1,1.9407208
2025-12-15,ST15,SKU04752,1,1.8706545
2025-12-15,ST30,SKU04755,2,1.8379257
2025-12-15,ST13,SKU04764,4,1.9705887
2025-12-15,ST22,SKU04772,4,1.8559327
2025-12-15,ST08,SKU04777,1,1.9107417
2025-12-15,ST17,SKU04778,2,1.9164737
2025-12-15,ST15,SKU04783,1,1.8616625
2025-12-15,ST05,SKU04787,1,1.7687898
2025-12-15,ST16,SKU04808,1,1.920798
2025-12-15,ST08,SKU04824,2,1.8556043
2025-12-15,ST02,SKU04825,2,1.8343481
2025-12-15,ST04,SKU04830,1,1.9689912
2025-12-15,ST22,SKU04843,1,1.9419546
2025-12-15,ST01,SKU04849,1,1.8024857
2025-12-15,ST22,SKU04870,1,1.8150698
2025-12-15,ST24,SKU04878,2,1.8129256
2025-12-15,ST10,SKU04879,5,1.903462
2025-12-15,ST01,SKU04894,2,1.8185925
2025-12-15,ST03,SKU04895,3,1.8555284
2025-12-15,ST06,SKU04896,1,1.843398
2025-12-15,ST22,SKU04903,1,1.8638753
2025-12-15,ST19,SKU04904,1,1.9153454
2025-12-15,ST11,SKU04910,1,1.8894011
2025-12-15,ST26,SKU04912,1,1.8279752
2025-12-15,ST30,SKU04913,1,1.7084272
2025-12-15,ST29,SKU04923,1,1.8522979
2025-12-15,ST22,SKU04943,1,1.8814185
2025-12-15,ST26,SKU04945,2,1.8812401
2025-12-15,ST14,SKU04951,1,1.8516277
2025-12-15,ST27,SKU04955,1,1.8125886
2025-12-15,ST25,SKU04965,5,2.0830135
2025-12-15,ST21,SKU04969,1,1.8565272
2025-12-15,ST30,SKU04970,4,1.9169339
2025-12-15,ST08,SKU04973,3,1.879797
2025-12-15,ST20,SKU04982,1,1.9479657
2025-12-15,ST01,SKU04987,2,1.9729472
2025-12-15,ST05,SKU04996,1,1.8615493
2025-12-15,ST23,SKU04997,1,1.8020294
2025-12-15,ST12,SKU04998,2,2.067103
2025-12-16,ST30,SKU00002,2,1.7051905
2025-12-16,ST29,SKU00007,1,1.8773545
2025-12-16,ST11,SKU00016,1,1.7769111
2025-12-16,ST30,SKU00018,5,1.9381707
2025-12-16,ST03,SKU00030,1,1.9231414
2025-12-16,ST16,SKU00031,1,1.7178628
2025-12-16,ST25,SKU00036,3,1.8924688
2025-12-16,ST27,SKU00039,2,1.8071673
2025-12-16,ST29,SKU00043,1,1.9035424
2025-12-16,ST05,SKU00055,1,1.817381
2025-12-16,ST30,SKU00062,5,1.8770324
2025-12-16,ST07,SKU00068,1,1.8071471
2025-12-16,ST06,SKU00072,3,1.8332114
2025-12-16,ST28,SKU00079,3,1.9814197
2025-12-16,ST12,SKU00092,3,1.8426718
2025-12-16,ST07,SKU00096,3,1.8708441
2025-12-16,ST08,SKU00102,4,1.8197801
2025-12-16,ST19,SKU00109,2,1.8412027
2025-12-16,ST16,SKU00111,1,1.9180259
2025-12-16,ST26,SKU00115,1,1.8328366
2025-12-16,ST07,SKU00131,3,1.8459646
2025-12-16,ST29,SKU00149,3,1.9097238
2025-12-16,ST24,SKU00161,1,1.9120799
2025-12-16,ST27,SKU00163,2,1.834268
2025-12-16,ST19,SKU00166,2,1.8070034
2025-12-16,ST06,SKU00169,1,2.0913098
2025-12-16,ST20,SKU00177,1,1.9198037
2025-12-16,ST02,SKU00178,1,1.8890687
2025-12-16,ST29,SKU00188,1,1.8566844
2025-12-16,ST29,SKU00190,1,1.8983008
2025-12-16,ST26,SKU00196,1,1.8350397
2025-12-16,ST02,SKU00201,3,1.8777233
2025-12-16,ST02,SKU00205,2,1.9180838
2025-12-16,ST20,SKU00206,2,1.8946569
2025-12-16,ST20,SKU00207,1,1.8313937
2025-12-16,ST15,SKU00211,1,1.835508
2025-12-16,ST14,SKU00216,2,1.8369538
2025-12-16,ST27,SKU00221,1,1.8963722
2025-12-16,ST20,SKU00225,1,1.8989224
2025-12-16,ST11,SKU00236,1,1.7966135
2025-12-16,ST17,SKU00255,2,1.8104229
2025-12-16,ST12,SKU00264,1,1.8548367
2025-12-16,ST27,SKU00274,1,1.9532043
2025-12-16,ST13,SKU00278,3,1.9516144
2025-12-16,ST30,SKU00285,1,1.8628348
2025-12-16,ST27,SKU00286,2,1.8706782
2025-12-16,ST28,SKU00291,1,1.8669508
2025-12-16,ST30,SKU00295,1,1.8480208
2025-12-16,ST19,SKU00298,4,1.9486327
2025-12-16,ST17,SKU00318,1,1.8195055
2025-12-16,ST26,SKU00326,1,1.991668
2025-12-16,ST07,SKU00328,3,1.9663918
2025-12-16,ST07,SKU00331,1,1.5759914
2025-12-16,ST08,SKU00333,1,1.7489326
2025-12-16,ST17,SKU00363,1,1.8227836
2025-12-16,ST20,SKU00369,3,1.7631712
2025-12-16,ST09,SKU00370,4,1.8821855
2025-12-16,ST20,SKU00376,1,1.8508196
2025-12-16,ST15,SKU00388,1,1.9058025
2025-12-16,ST07,SKU00400,4,1.8544899
2025-12-16,ST12,SKU00402,1,1.8803031
2025-12-16,ST22,SKU00405,1,1.8710616
2025-12-16,ST29,SKU00411,1,2.0375612
2025-12-16,ST27,SKU00416,1,1.8994318
2025-12-16,ST06,SKU00423,1,1.8776463
2025-12-16,ST29,SKU00426,2,2.0133593
2025-12-16,ST21,SKU00429,1,2.0338366
2025-12-16,ST14,SKU00432,3,1.7780415
2025-12-16,ST06,SKU00435,3,1.8784022
2025-12-16,ST29,SKU00436,2,1.8323219
2025-12-16,ST28,SKU00442,2,1.9641106
2025-12-16,ST25,SKU00445,3,1.787097
2025-12-16,ST18,SKU00449,1,1.7750391
2025-12-16,ST21,SKU00452,1,1.8052189
2025-12-16,ST27,SKU00454,2,1.8000975
2025-12-16,ST08,SKU00481,3,1.8442285
2025-12-16,ST20,SKU00501,1,1.8452475
2025-12-16,ST30,SKU00503,1,1.92894
2025-12-16,ST29,SKU00504,2,1.849508
2025-12-16,ST05,SKU00505,1,1.8065193
2025-12-16,ST28,SKU00506,2,1.8712873
2025-12-16,ST29,SKU00516,1,1.9109325
2025-12-16,ST27,SKU00524,2,2.2509394
2025-12-16,ST30,SKU00525,1,1.8482479
2025-12-16,ST25,SKU00531,1,1.9375149
2025-12-16,ST05,SKU00536,3,1.9636455
2025-12-16,ST10,SKU00539,1,1.976977
2025-12-16,ST30,SKU00544,1,1.7956353
2025-12-16,ST22,SKU00565,4,1.872112
2025-12-16,ST30,SKU00580,1,1.8296543
2025-12-16,ST30,SKU00594,1,1.8780689
2025-12-16,ST30,SKU00595,4,1.9919975
2025-12-16,ST17,SKU00598,1,1.8597151
2025-12-16,ST30,SKU00608,2,1.9139798
2025-12-16,ST29,SKU00620,3,1.8428768
2025-12-16,ST07,SKU00624,3,1.7508492
2025-12-16,ST29,SKU00628,1,1.9164838
2025-12-16,ST28,SKU00637,2,1.8236445
2025-12-16,ST08,SKU00669,1,1.7545767
2025-12-16,ST28,SKU00675,1,1.8664906
2025-12-16,ST15,SKU00687,1,1.9793147
2025-12-16,ST07,SKU00690,1,1.8446183
2025-12-16,ST29,SKU00691,1,1.7682028
2025-12-16,ST26,SKU00697,1,1.8344706
2025-12-16,ST28,SKU00720,1,1.8388819
2025-12-16,ST28,SKU00729,2,1.8651631
2025-12-16,ST19,SKU00738,4,1.7845097
2025-12-16,ST10,SKU00747,2,1.8082644
2025-12-16,ST10,SKU00748,1,1.8384836
2025-12-16,ST29,SKU00750,3,1.8716669
2025-12-16,ST20,SKU00752,1,1.8688135
2025-12-16,ST29,SKU00766,1,1.8532001
2025-12-16,ST29,SKU00774,1,1.7729379
2025-12-16,ST21,SKU00781,3,1.8689389
2025-12-16,ST08,SKU00784,3,1.9525461
2025-12-16,ST17,SKU00787,2,1.8226523
2025-12-16,ST04,SKU00802,1,1.8390251
2025-12-16,ST30,SKU00833,2,1.8073953
2025-12-16,ST17,SKU00845,4,2.0080924
2025-12-16,ST29,SKU00859,1,1.9218326
2025-12-16,ST07,SKU00860,2,1.8173444
2025-12-16,ST30,SKU00874,2,1.8251451
2025-12-16,ST06,SKU00879,3,1.7916995
2025-12-16,ST19,SKU00883,1,1.9040538
2025-12-16,ST20,SKU00884,1,1.9565896
2025-12-16,ST17,SKU00886,1,1.946476
2025-12-16,ST02,SKU00888,1,1.8366846
2025-12-16,ST01,SKU00893,1,1.8738099
2025-12-16,ST04,SKU00903,4,1.8917214
2025-12-16,ST15,SKU00905,1,1.9019057
2025-12-16,ST14,SKU00909,1,1.8799775
2025-12-16,ST07,SKU00915,2,1.8576338
2025-12-16,ST03,SKU00920,1,1.7940233
2025-12-16,ST22,SKU00930,1,1.925894
2025-12-16,ST29,SKU00931,1,1.8540027
2025-12-16,ST21,SKU00937,5,1.9699044
2025-12-16,ST11,SKU00940,3,1.9434268
2025-12-16,ST25,SKU00942,1,1.996602
2025-12-16,ST21,SKU00945,1,1.9079269
2025-12-16,ST27,SKU00953,1,1.8901649
2025-12-16,ST07,SKU00958,3,1.8636879
2025-12-16,ST30,SKU00966,2,1.8687112
2025-12-16,ST21,SKU00974,1,1.7874178
2025-12-16,ST14,SKU00980,2,1.913453
2025-12-16,ST01,SKU00987,4,1.7277113
2025-12-16,ST27,SKU00989,2,1.8795142
2025-12-16,ST13,SKU00992,2,1.8858855
2025-12-16,ST27,SKU00994,3,1.8312691
2025-12-16,ST29,SKU00997,1,1.872869
2025-12-16,ST13,SKU01007,1,1.8764155
2025-12-16,ST14,SKU01010,1,1.832061
2025-12-16,ST20,SKU01018,1,1.9281677
2025-12-16,ST25,SKU01026,1,1.8701503
2025-12-16,ST14,SKU01030,1,1.993065
2025-12-16,ST23,SKU01034,1,1.8359135
2025-12-16,ST23,SKU01036,2,1.8993216
2025-12-16,ST22,SKU01037,2,1.9614794
2025-12-16,ST25,SKU01039,1,1.8962331
2025-12-16,ST09,SKU01041,1,1.8441362
2025-12-16,ST22,SKU01045,2,1.9075265
2025-12-16,ST30,SKU01048,3,2.0318096
2025-12-16,ST10,SKU01059,1,1.8232018
2025-12-16,ST20,SKU01067,2,1.9760318
2025-12-16,ST24,SKU01075,1,1.8873789
2025-12-16,ST20,SKU01088,1,2.0123541
2025-12-16,ST07,SKU01101,5,1.9215744
2025-12-16,ST21,SKU01105,1,1.912458
2025-12-16,ST06,SKU01111,5,1.8592281
2025-12-16,ST14,SKU01112,2,1.9052614
2025-12-16,ST20,SKU01114,2,1.8455821
2025-12-16,ST20,SKU01115,1,1.9166979
2025-12-16,ST09,SKU01133,4,1.8535668
2025-12-16,ST25,SKU01138,3,1.8673258
2025-12-16,ST17,SKU01139,2,1.8785192
2025-12-16,ST27,SKU01146,1,1.9893557
2025-12-16,ST08,SKU01153,1,1.8897827
2025-12-16,ST20,SKU01156,1,1.8617736
2025-12-16,ST19,SKU01206,4,1.9242141
2025-12-16,ST26,SKU01221,2,1.9137573
2025-12-16,ST17,SKU01225,4,1.8209007
2025-12-16,ST18,SKU01226,3,1.8882207
2025-12-16,ST15,SKU01237,4,1.8474698
2025-12-16,ST28,SKU01241,1,1.9167806
2025-12-16,ST27,SKU01242,3,1.846377
2025-12-16,ST19,SKU01243,4,1.8269937
2025-12-16,ST19,SKU01245,2,1.745262
2025-12-16,ST27,SKU01249,1,1.7966899
2025-12-16,ST12,SKU01253,4,2.0240817
2025-12-16,ST19,SKU01269,3,2.003213
2025-12-16,ST22,SKU01293,2,2.0107243
2025-12-16,ST17,SKU01306,2,1.8831388
2025-12-16,ST11,SKU01316,3,1.8908222
2025-12-16,ST17,SKU01317,1,1.8424088
2025-12-16,ST19,SKU01321,1,1.866282
2025-12-16,ST07,SKU01336,3,1.9202521
2025-12-16,ST17,SKU01337,1,1.8835207
2025-12-16,ST17,SKU01341,3,1.9538357
2025-12-16,ST14,SKU01350,1,1.8967562
2025-12-16,ST29,SKU01351,1,1.8410847
2025-12-16,ST11,SKU01357,1,2.1430576
2025-12-16,ST21,SKU01358,4,1.8427752
2025-12-16,ST06,SKU01361,1,1.8892406
2025-12-16,ST02,SKU01366,1,1.9357231
2025-12-16,ST30,SKU01371,2,1.8692293
2025-12-16,ST29,SKU01372,3,1.7634782
2025-12-16,ST01,SKU01373,1,1.8386683
2025-12-16,ST01,SKU01374,3,1.80049
2025-12-16,ST30,SKU01375,2,1.8721354
2025-12-16,ST06,SKU01377,2,1.9292382
2025-12-16,ST20,SKU01409,1,1.8606322
2025-12-16,ST30,SKU01414,2,1.7880846
2025-12-16,ST16,SKU01416,1,1.9238477
2025-12-16,ST30,SKU01420,5,2.070126
2025-12-16,ST08,SKU01422,1,1.8802303
2025-12-16,ST11,SKU01425,2,1.8415482
2025-12-16,ST23,SKU01427,1,1.8323357
2025-12-16,ST03,SKU01428,2,1.8413566
2025-12-16,ST20,SKU01432,1,1.8896524
2025-12-16,ST21,SKU01434,1,1.8564639
2025-12-16,ST17,SKU01435,4,1.8757454
2025-12-16,ST21,SKU01441,2,1.8781356
2025-12-16,ST12,SKU01443,1,1.9301037
2025-12-16,ST15,SKU01466,3,1.9035251
2025-12-16,ST13,SKU01471,3,1.8319077
2025-12-16,ST17,SKU01479,1,1.8758734
2025-12-16,ST25,SKU01483,3,1.8175929
2025-12-16,ST15,SKU01490,2,1.9850913
2025-12-16,ST30,SKU01492,1,1.7862313
2025-12-16,ST27,SKU01494,2,1.800676
2025-12-16,ST03,SKU01501,1,1.8896224
2025-12-16,ST22,SKU01507,2,1.8948728
2025-12-16,ST30,SKU01513,3,1.8826554
2025-12-16,ST10,SKU01514,1,1.795362
2025-12-16,ST29,SKU01519,1,1.8528891
2025-12-16,ST19,SKU01524,2,1.7921767
2025-12-16,ST04,SKU01525,2,1.8528026
2025-12-16,ST23,SKU01538,1,1.7341319
2025-12-16,ST17,SKU01547,2,1.9281563
2025-12-16,ST14,SKU01549,3,1.7974001
2025-12-16,ST28,SKU01551,2,2.0063837
2025-12-16,ST06,SKU01554,3,1.8498902
2025-12-16,ST18,SKU01570,1,1.852747
2025-12-16,ST25,SKU01572,3,1.8312651
2025-12-16,ST13,SKU01589,3,1.8966371
2025-12-16,ST14,SKU01595,2,1.8096538
2025-12-16,ST19,SKU01601,2,1.9352138
2025-12-16,ST21,SKU01602,1,1.8446262
2025-12-16,ST20,SKU01603,2,1.7967764
2025-12-16,ST08,SKU01606,1,1.9077817
2025-12-16,ST25,SKU01625,2,1.8767388
2025-12-16,ST18,SKU01634,1,1.8876526
2025-12-16,ST18,SKU01635,1,1.8539591
2025-12-16,ST17,SKU01638,1,1.9071708
2025-12-16,ST21,SKU01644,2,1.8186944
2025-12-16,ST22,SKU01651,3,1.8038793
2025-12-16,ST24,SKU01652,1,1.8680819
2025-12-16,ST06,SKU01654,4,1.897632
2025-12-16,ST20,SKU01655,1,1.8691537
2025-12-16,ST16,SKU01664,1,1.8612291
2025-12-16,ST08,SKU01677,4,1.8814943
2025-12-16,ST24,SKU01685,1,1.863571
2025-12-16,ST30,SKU01695,3,1.8069041
2025-12-16,ST21,SKU01702,1,1.8417029
2025-12-16,ST02,SKU01711,1,1.8522358
2025-12-16,ST16,SKU01714,2,1.8659394
2025-12-16,ST28,SKU01724,2,1.8649358
2025-12-16,ST03,SKU01725,3,1.8944256
2025-12-16,ST26,SKU01730,1,1.9884714
2025-12-16,ST04,SKU01731,2,1.879326
2025-12-16,ST07,SKU01742,1,1.8440151
2025-12-16,ST29,SKU01746,1,1.9590527
2025-12-16,ST01,SKU01751,5,1.8617901
2025-12-16,ST26,SKU01753,1,1.8645086
2025-12-16,ST17,SKU01758,2,1.840169
2025-12-16,ST19,SKU01761,1,1.8545302
2025-12-16,ST09,SKU01764,4,1.9043709
2025-12-16,ST10,SKU01767,2,1.862655
2025-12-16,ST21,SKU01774,4,2.1236928
2025-12-16,ST17,SKU01775,3,1.8723557
2025-12-16,ST20,SKU01783,1,1.8906004
2025-12-16,ST12,SKU01786,1,1.8850403
2025-12-16,ST10,SKU01801,2,1.8757763
2025-12-16,ST22,SKU01802,2,1.8587818
2025-12-16,ST27,SKU01814,1,1.888439
2025-12-16,ST12,SKU01816,1,2.339173
2025-12-16,ST22,SKU01820,3,1.7831508
2025-12-16,ST19,SKU01823,2,1.7677815
2025-12-16,ST11,SKU01825,1,1.9104424
2025-12-16,ST20,SKU01828,1,1.8142011
2025-12-16,ST11,SKU01831,3,1.7650692
2025-12-16,ST08,SKU01836,1,1.8836113
2025-12-16,ST04,SKU01845,5,1.9528805
2025-12-16,ST10,SKU01858,2,1.8352535
2025-12-16,ST24,SKU01885,5,1.867424
2025-12-16,ST20,SKU01890,1,1.8887438
2025-12-16,ST20,SKU01897,2,1.8937482
2025-12-16,ST17,SKU01902,2,1.9673173
2025-12-16,ST28,SKU01904,3,1.9428893
2025-12-16,ST10,SKU01921,1,1.7936727
2025-12-16,ST18,SKU01923,2,2.0336359
2025-12-16,ST05,SKU01927,1,1.9461907
2025-12-16,ST25,SKU01928,1,1.8128939
2025-12-16,ST04,SKU01936,1,1.9044428
2025-12-16,ST05,SKU01940,1,1.8674107
2025-12-16,ST20,SKU01957,2,1.960983
2025-12-16,ST08,SKU01965,1,1.8612773
2025-12-16,ST21,SKU01982,1,1.8913375
2025-12-16,ST11,SKU01997,3,1.7997184
2025-12-16,ST28,SKU02003,3,1.8344374
2025-12-16,ST30,SKU02004,5,1.8460094
2025-12-16,ST20,SKU02016,1,1.9081644
2025-12-16,ST20,SKU02018,2,1.8265013
2025-12-16,ST29,SKU02027,1,1.8622875
2025-12-16,ST02,SKU02034,3,1.84548
2025-12-16,ST20,SKU02036,1,1.8231696
2025-12-16,ST11,SKU02038,1,1.5062623
2025-12-16,ST30,SKU02042,1,1.927813
2025-12-16,ST30,SKU02046,1,1.9174064
2025-12-16,ST08,SKU02050,3,1.8885314
2025-12-16,ST21,SKU02057,1,1.7712458
2025-12-16,ST20,SKU02061,1,1.9819511
2025-12-16,ST23,SKU02079,1,1.8432499
2025-12-16,ST08,SKU02083,1,1.8975306
2025-12-16,ST30,SKU02086,2,1.8482442
2025-12-16,ST21,SKU02088,2,1.7883073
2025-12-16,ST26,SKU02121,1,1.8318379
2025-12-16,ST09,SKU02130,5,1.8697815
2025-12-16,ST27,SKU02140,1,1.8512007
2025-12-16,ST06,SKU02141,3,1.8916783
2025-12-16,ST12,SKU02154,1,1.8904082
2025-12-16,ST15,SKU02156,3,1.8822436
2025-12-16,ST07,SKU02176,1,2.3626032
2025-12-16,ST10,SKU02179,5,1.871781
2025-12-16,ST30,SKU02191,1,1.9045757
2025-12-16,ST29,SKU02192,1,1.8767587
2025-12-16,ST03,SKU02199,2,1.827629
2025-12-16,ST30,SKU02201,1,1.9913486
2025-12-16,ST01,SKU02204,2,1.8967968
2025-12-16,ST06,SKU02208,2,1.8483244
2025-12-16,ST30,SKU02216,2,1.8473
2025-12-16,ST07,SKU02219,1,1.889147
2025-12-16,ST05,SKU02233,3,1.9097295
2025-12-16,ST12,SKU02238,1,1.9147086
2025-12-16,ST17,SKU02241,3,1.8629333
2025-12-16,ST27,SKU02247,1,1.9151272
2025-12-16,ST24,SKU02262,1,1.8707112
2025-12-16,ST20,SKU02268,3,1.8564124
2025-12-16,ST06,SKU02282,1,1.8699166
2025-12-16,ST18,SKU02297,1,1.8715692
2025-12-16,ST24,SKU02298,1,1.8384284
2025-12-16,ST07,SKU02309,1,1.8444284
2025-12-16,ST22,SKU02322,1,2.0412674
2025-12-16,ST15,SKU02330,1,1.8123467
2025-12-16,ST19,SKU02336,1,1.9215868
2025-12-16,ST03,SKU02340,4,1.8896592
2025-12-16,ST30,SKU02345,1,1.8901048
2025-12-16,ST22,SKU02353,2,1.8498443
2025-12-16,ST26,SKU02354,1,1.8511516
2025-12-16,ST20,SKU02357,1,1.8537867
2025-12-16,ST12,SKU02366,1,1.9181029
2025-12-16,ST27,SKU02368,1,1.9000562
2025-12-16,ST02,SKU02371,2,1.8820585
2025-12-16,ST28,SKU02372,2,1.9020178
2025-12-16,ST28,SKU02378,1,1.8710871
2025-12-16,ST16,SKU02381,2,1.8727679
2025-12-16,ST10,SKU02403,1,1.8150754
2025-12-16,ST19,SKU02404,1,1.9001702
2025-12-16,ST03,SKU02407,1,1.923931
2025-12-16,ST07,SKU02412,3,1.8366858
2025-12-16,ST07,SKU02414,3,1.9887557
2025-12-16,ST30,SKU02415,2,1.9451206
2025-12-16,ST20,SKU02416,3,1.827265
2025-12-16,ST25,SKU02431,2,2.2221315
2025-12-16,ST19,SKU02433,4,1.7065921
2025-12-16,ST08,SKU02442,1,1.9874794
2025-12-16,ST21,SKU02449,1,1.9989064
2025-12-16,ST12,SKU02482,1,1.9998668
2025-12-16,ST27,SKU02488,1,1.8979961
2025-12-16,ST27,SKU02503,2,1.8275975
2025-12-16,ST17,SKU02509,1,1.8640531
2025-12-16,ST15,SKU02512,1,1.89716
2025-12-16,ST24,SKU02531,4,1.90366
2025-12-16,ST19,SKU02536,2,1.8783807
2025-12-16,ST13,SKU02540,1,1.858499
2025-12-16,ST18,SKU02543,1,1.9458343
2025-12-16,ST09,SKU02581,1,1.8344988
2025-12-16,ST17,SKU02583,3,1.9036902
2025-12-16,ST21,SKU02587,2,1.8138407
2025-12-16,ST02,SKU02592,4,1.8378615
2025-12-16,ST06,SKU02593,3,1.8533411
2025-12-16,ST29,SKU02605,2,1.8178004
2025-12-16,ST15,SKU02607,4,1.973267
2025-12-16,ST28,SKU02609,1,1.8032393
2025-12-16,ST21,SKU02611,1,1.8660504
2025-12-16,ST30,SKU02616,3,1.8334558
2025-12-16,ST04,SKU02622,3,2.0166967
2025-12-16,ST26,SKU02624,1,1.9291661
2025-12-16,ST24,SKU02632,1,1.8027382
2025-12-16,ST18,SKU02635,1,1.9013534
2025-12-16,ST05,SKU02637,3,1.7844708
2025-12-16,ST23,SKU02648,1,1.8069001
2025-12-16,ST29,SKU02650,1,1.8452334
2025-12-16,ST28,SKU02657,1,1.8314476
2025-12-16,ST14,SKU02658,1,1.8182681
2025-12-16,ST20,SKU02660,2,1.8265562
2025-12-16,ST30,SKU02672,1,1.825494
2025-12-16,ST27,SKU02679,3,1.8090549
2025-12-16,ST04,SKU02686,1,1.8930435
2025-12-16,ST27,SKU02692,1,1.9348778
2025-12-16,ST12,SKU02693,2,1.8924698
2025-12-16,ST02,SKU02694,1,1.8995916
2025-12-16,ST25,SKU02705,2,2.0152054
2025-12-16,ST19,SKU02706,2,1.949607
2025-12-16,ST06,SKU02719,1,1.7975572
2025-12-16,ST04,SKU02733,1,1.8311644
2025-12-16,ST12,SKU02734,2,1.938855
2025-12-16,ST13,SKU02737,1,1.8671473
2025-12-16,ST28,SKU02740,3,1.9762714
2025-12-16,ST05,SKU02741,1,1.9410683
2025-12-16,ST26,SKU02753,5,1.9508622
2025-12-16,ST28,SKU02762,1,1.848667
2025-12-16,ST24,SKU02793,1,1.8413339
2025-12-16,ST17,SKU02802,5,1.8568131
2025-12-16,ST30,SKU02814,2,1.8299974
2025-12-16,ST14,SKU02819,3,1.8568168
2025-12-16,ST13,SKU02824,3,1.9289489
2025-12-16,ST13,SKU02830,1,1.9639275
2025-12-16,ST07,SKU02833,2,1.7719396
2025-12-16,ST23,SKU02837,3,1.8528098
2025-12-16,ST30,SKU02840,1,1.9433551
2025-12-16,ST22,SKU02854,2,1.9236066
2025-12-16,ST20,SKU02856,2,1.8695183
2025-12-16,ST15,SKU02858,1,1.9781158
2025-12-16,ST25,SKU02862,1,1.9388477
2025-12-16,ST14,SKU02864,1,1.8902209
2025-12-16,ST22,SKU02875,2,1.8355796
2025-12-16,ST12,SKU02883,1,1.9995189
2025-12-16,ST28,SKU02887,1,1.8732101
2025-12-16,ST30,SKU02888,1,1.8115325
2025-12-16,ST29,SKU02892,2,3.6663764
2025-12-16,ST05,SKU02904,2,1.9360917
2025-12-16,ST01,SKU02912,1,1.9350563
2025-12-16,ST17,SKU02915,3,2.0123804
2025-12-16,ST26,SKU02923,4,1.8860633
2025-12-16,ST19,SKU02926,2,1.8135036
2025-12-16,ST20,SKU02928,1,1.8213918
2025-12-16,ST14,SKU02930,2,1.8538071
2025-12-16,ST17,SKU02931,3,1.9364628
2025-12-16,ST10,SKU02940,5,1.8992065
2025-12-16,ST07,SKU02950,2,1.7595582
2025-12-16,ST11,SKU02952,2,1.866817
2025-12-16,ST28,SKU02953,1,1.860897
2025-12-16,ST26,SKU02954,1,2.279556
2025-12-16,ST04,SKU02971,3,1.9288652
2025-12-16,ST17,SKU02973,3,2.0543573
2025-12-16,ST06,SKU02974,1,1.8112267
2025-12-16,ST24,SKU02975,1,1.8073688
2025-12-16,ST16,SKU02976,4,1.8389993
2025-12-16,ST06,SKU02980,1,1.8304256
2025-12-16,ST29,SKU02981,1,1.8872961
2025-12-16,ST22,SKU02984,5,1.805334
2025-12-16,ST18,SKU02988,1,1.9226362
2025-12-16,ST08,SKU02994,2,1.8586924
2025-12-16,ST30,SKU02998,3,1.8787954
2025-12-16,ST09,SKU03010,1,1.9128592
2025-12-16,ST27,SKU03024,2,1.841477
2025-12-16,ST24,SKU03025,3,1.9226606
2025-12-16,ST26,SKU03034,3,1.8816462
2025-12-16,ST20,SKU03044,3,1.8703289
2025-12-16,ST21,SKU03047,1,1.8588576
2025-12-16,ST29,SKU03053,2,1.872184
2025-12-16,ST16,SKU03054,5,1.8704739
2025-12-16,ST28,SKU03055,2,1.8331857
2025-12-16,ST30,SKU03063,3,1.942493
2025-12-16,ST21,SKU03064,3,1.9272178
2025-12-16,ST13,SKU03070,1,1.8944151
2025-12-16,ST17,SKU03076,2,1.9799788
2025-12-16,ST07,SKU03088,4,2.1320217
2025-12-16,ST28,SKU03093,1,1.8784485
2025-12-16,ST17,SKU03097,2,1.792536
2025-12-16,ST21,SKU03099,5,1.9201294
2025-12-16,ST17,SKU03100,3,1.9809784
2025-12-16,ST05,SKU03111,1,1.9510999
2025-12-16,ST14,SKU03126,2,1.8686695
2025-12-16,ST22,SKU03132,2,1.8505428
2025-12-16,ST03,SKU03134,1,1.9672068
2025-12-16,ST06,SKU03143,1,1.8025469
2025-12-16,ST29,SKU03149,1,1.8310965
2025-12-16,ST23,SKU03160,3,1.8909078
2025-12-16,ST12,SKU03161,2,1.8368658
2025-12-16,ST12,SKU03172,1,1.8575816
2025-12-16,ST22,SKU03176,3,1.9368442
2025-12-16,ST20,SKU03186,1,1.8624412
2025-12-16,ST06,SKU03190,2,1.8397346
2025-12-16,ST29,SKU03198,1,1.8995419
2025-12-16,ST21,SKU03199,1,1.8658321
2025-12-16,ST27,SKU03201,1,1.7003797
2025-12-16,ST26,SKU03205,4,1.8410459
2025-12-16,ST19,SKU03209,5,1.82397
2025-12-16,ST15,SKU03213,1,1.9314643
2025-12-16,ST04,SKU03214,1,1.8706763
2025-12-16,ST19,SKU03219,1,1.8515623
2025-12-16,ST06,SKU03234,3,1.8834506
2025-12-16,ST10,SKU03260,1,1.8968381
2025-12-16,ST30,SKU03265,2,1.8931558
2025-12-16,ST28,SKU03274,1,1.8889399
2025-12-16,ST24,SKU03292,3,1.872584
2025-12-16,ST17,SKU03294,2,1.8364295
2025-12-16,ST18,SKU03295,3,1.90659
2025-12-16,ST04,SKU03302,1,1.9824739
2025-12-16,ST08,SKU03319,3,1.8605282
2025-12-16,ST28,SKU03324,2,1.862398
2025-12-16,ST06,SKU03326,1,1.7811868
2025-12-16,ST28,SKU03346,5,1.8165796
2025-12-16,ST25,SKU03348,3,1.842094
2025-12-16,ST02,SKU03350,2,1.8843123
2025-12-16,ST20,SKU03351,1,1.8841102
2025-12-16,ST16,SKU03353,1,2.1271534
2025-12-16,ST30,SKU03355,1,1.8445206
2025-12-16,ST02,SKU03363,2,1.8187178
2025-12-16,ST15,SKU03367,1,1.8318719
2025-12-16,ST30,SKU03375,1,2.079141
2025-12-16,ST20,SKU03384,1,1.7962375
2025-12-16,ST06,SKU03398,2,1.8681219
2025-12-16,ST03,SKU03410,5,1.8791288
2025-12-16,ST19,SKU03411,2,1.8492733
2025-12-16,ST21,SKU03422,1,1.8865975
2025-12-16,ST06,SKU03455,2,1.9004337
2025-12-16,ST10,SKU03457,1,1.8881067
2025-12-16,ST17,SKU03460,2,1.730702
2025-12-16,ST09,SKU03461,4,1.8773822
2025-12-16,ST13,SKU03468,4,1.8532574
2025-12-16,ST17,SKU03474,2,1.8513957
2025-12-16,ST04,SKU03493,1,1.9759879
2025-12-16,ST30,SKU03503,2,1.8647096
2025-12-16,ST05,SKU03508,2,1.8824764
2025-12-16,ST27,SKU03510,4,1.8667288
2025-12-16,ST02,SKU03511,4,1.8250967
2025-12-16,ST05,SKU03518,1,1.8009508
2025-12-16,ST30,SKU03546,2,1.9210511
2025-12-16,ST21,SKU03548,4,1.8529526
2025-12-16,ST08,SKU03550,1,1.8051779
2025-12-16,ST14,SKU03564,1,1.977477
2025-12-16,ST25,SKU03566,1,1.9415449
2025-12-16,ST23,SKU03568,4,1.8930757
2025-12-16,ST29,SKU03572,2,1.949406
2025-12-16,ST08,SKU03573,1,1.8854122
2025-12-16,ST28,SKU03587,4,2.023392
2025-12-16,ST02,SKU03593,1,1.6066308
2025-12-16,ST17,SKU03594,2,1.8715441
2025-12-16,ST26,SKU03596,2,1.8866304
2025-12-16,ST05,SKU03600,2,1.8830677
2025-12-16,ST12,SKU03611,1,1.7560337
2025-12-16,ST24,SKU03619,2,1.9089727
2025-12-16,ST08,SKU03632,3,1.8122149
2025-12-16,ST28,SKU03644,4,1.9134609
2025-12-16,ST27,SKU03648,2,1.8642355
2025-12-16,ST22,SKU03653,1,1.9789302
2025-12-16,ST11,SKU03660,4,1.8926889
2025-12-16,ST30,SKU03668,3,1.7887297
2025-12-16,ST04,SKU03676,1,1.8936265
2025-12-16,ST20,SKU03682,2,1.9674064
2025-12-16,ST28,SKU03689,1,1.8652097
2025-12-16,ST22,SKU03693,2,2.0967715
2025-12-16,ST17,SKU03696,3,1.8699349
2025-12-16,ST27,SKU03697,5,1.8459846
2025-12-16,ST17,SKU03702,3,1.8392444
2025-12-16,ST22,SKU03714,1,1.8282435
2025-12-16,ST19,SKU03719,1,1.8880082
2025-12-16,ST28,SKU03722,1,1.8737717
2025-12-16,ST29,SKU03727,1,1.6545554
2025-12-16,ST18,SKU03728,1,1.8578192
2025-12-16,ST28,SKU03730,1,1.8529432
2025-12-16,ST05,SKU03740,2,1.6786574
2025-12-16,ST07,SKU03741,5,1.8859383
2025-12-16,ST04,SKU03765,1,1.859244
2025-12-16,ST30,SKU03769,1,1.788409
2025-12-16,ST28,SKU03783,1,2.088847
2025-12-16,ST07,SKU03785,3,1.9833622
2025-12-16,ST20,SKU03795,2,1.8722237
2025-12-16,ST26,SKU03799,1,1.8610817
2025-12-16,ST03,SKU03804,4,1.8885775
2025-12-16,ST30,SKU03805,3,1.7162658
2025-12-16,ST30,SKU03807,3,1.9045006
2025-12-16,ST12,SKU03824,1,1.9152956
2025-12-16,ST27,SKU03826,1,1.8295916
2025-12-16,ST09,SKU03829,3,1.9242545
2025-12-16,ST29,SKU03831,1,1.8817446
2025-12-16,ST09,SKU03834,2,1.8355702
2025-12-16,ST30,SKU03835,2,1.8583319
2025-12-16,ST06,SKU03840,3,1.7890204
2025-12-16,ST11,SKU03844,1,1.8110337
2025-12-16,ST04,SKU03845,1,1.8683014
2025-12-16,ST13,SKU03851,1,1.994832
2025-12-16,ST01,SKU03865,1,1.8498625
2025-12-16,ST30,SKU03870,2,1.8879263
2025-12-16,ST27,SKU03876,2,1.8887208
2025-12-16,ST16,SKU03877,1,1.8897262
2025-12-16,ST07,SKU03900,2,1.8927095
2025-12-16,ST19,SKU03901,2,1.8881335
2025-12-16,ST03,SKU03902,1,1.9252688
2025-12-16,ST05,SKU03912,1,1.83067
2025-12-16,ST29,SKU03913,1,2.0280304
2025-12-16,ST10,SKU03915,1,1.7559032
2025-12-16,ST19,SKU03918,2,1.9971821
2025-12-16,ST22,SKU03919,1,1.836542
2025-12-16,ST24,SKU03939,1,1.8931469
2025-12-16,ST21,SKU03942,1,1.847532
2025-12-16,ST30,SKU03943,1,1.9213655
2025-12-16,ST20,SKU03949,3,1.8634156
2025-12-16,ST23,SKU03960,1,1.901403
2025-12-16,ST11,SKU03964,2,1.8242741
2025-12-16,ST14,SKU03978,3,1.9229606
2025-12-16,ST28,SKU04005,4,1.9086711
2025-12-16,ST19,SKU04008,2,1.8716539
2025-12-16,ST30,SKU04012,1,1.8780874
2025-12-16,ST18,SKU04016,1,1.9256613
2025-12-16,ST28,SKU04032,1,1.9487444
2025-12-16,ST08,SKU04035,2,1.8719966
2025-12-16,ST18,SKU04037,1,1.877373
2025-12-16,ST04,SKU04042,1,1.8543609
2025-12-16,ST22,SKU04046,2,1.9053516
2025-12-16,ST21,SKU04056,1,1.9830782
2025-12-16,ST05,SKU04063,2,1.9223207
2025-12-16,ST07,SKU04064,2,1.9383526
2025-12-16,ST11,SKU04068,1,1.8340112
2025-12-16,ST11,SKU04071,2,1.8407022
2025-12-16,ST23,SKU04072,2,1.8078761
2025-12-16,ST17,SKU04075,2,1.8853939
2025-12-16,ST21,SKU04079,4,1.8723339
2025-12-16,ST14,SKU04099,2,1.8943354
2025-12-16,ST13,SKU04104,1,1.9375213
2025-12-16,ST28,SKU04105,2,2.0722978
2025-12-16,ST17,SKU04113,2,1.9057488
2025-12-16,ST05,SKU04120,1,1.8829191
2025-12-16,ST22,SKU04126,1,1.8917447
2025-12-16,ST24,SKU04129,1,1.8135536
2025-12-16,ST30,SKU04154,2,2.1277432
2025-12-16,ST12,SKU04157,2,1.8741336
2025-12-16,ST09,SKU04159,1,1.8660331
2025-12-16,ST20,SKU04161,2,1.8430091
2025-12-16,ST26,SKU04166,1,1.9148173
2025-12-16,ST20,SKU04167,3,1.8930721
2025-12-16,ST18,SKU04175,2,2.068466
2025-12-16,ST12,SKU04181,1,1.8870814
2025-12-16,ST27,SKU04186,1,1.853339
2025-12-16,ST21,SKU04196,3,1.8845353
2025-12-16,ST18,SKU04197,2,1.9018927
2025-12-16,ST30,SKU04209,3,1.8646579
2025-12-16,ST20,SKU04220,2,1.8593081
2025-12-16,ST29,SKU04245,4,1.8501912
2025-12-16,ST03,SKU04246,4,1.8602575
2025-12-16,ST19,SKU04252,2,1.8686392
2025-12-16,ST02,SKU04255,3,1.8487792
2025-12-16,ST10,SKU04258,4,1.8582134
2025-12-16,ST29,SKU04264,2,1.9392358
2025-12-16,ST24,SKU04271,5,1.8315067
2025-12-16,ST05,SKU04273,1,1.8000363
2025-12-16,ST18,SKU04275,2,2.0408785
2025-12-16,ST25,SKU04277,1,1.8538214
2025-12-16,ST24,SKU04280,4,1.9271204
2025-12-16,ST27,SKU04286,2,1.8606365
2025-12-16,ST06,SKU04289,2,1.8921893
2025-12-16,ST28,SKU04293,2,1.8134005
2025-12-16,ST21,SKU04294,4,1.8922311
2025-12-16,ST25,SKU04295,1,1.8387408
2025-12-16,ST17,SKU04305,2,1.8758186
2025-12-16,ST06,SKU04306,3,1.9164032
2025-12-16,ST07,SKU04312,4,1.8393685
2025-12-16,ST30,SKU04315,2,1.8965471
2025-12-16,ST30,SKU04317,1,1.8336302
2025-12-16,ST15,SKU04318,1,1.860358
2025-12-16,ST13,SKU04319,1,1.7971407
2025-12-16,ST30,SKU04321,11,11.836703
2025-12-16,ST09,SKU04322,1,1.9074007
2025-12-16,ST29,SKU04326,1,1.8543371
2025-12-16,ST17,SKU04328,1,1.8005453
2025-12-16,ST23,SKU04330,2,1.8808496
2025-12-16,ST01,SKU04338,1,1.8144084
2025-12-16,ST03,SKU04339,1,1.8437927
2025-12-16,ST30,SKU04346,1,1.9596771
2025-12-16,ST17,SKU04352,1,1.865948
2025-12-16,ST06,SKU04355,3,1.8346503
2025-12-16,ST21,SKU04358,1,1.8963959
2025-12-16,ST04,SKU04366,1,1.8791597
2025-12-16,ST21,SKU04371,1,1.8738904
2025-12-16,ST30,SKU04375,1,1.8130249
2025-12-16,ST26,SKU04379,2,1.9159124
2025-12-16,ST18,SKU04389,2,1.8430743
2025-12-16,ST30,SKU04416,3,2.002308
2025-12-16,ST08,SKU04422,1,1.8762832
2025-12-16,ST21,SKU04429,1,1.9144893
2025-12-16,ST07,SKU04437,1,1.8765817
2025-12-16,ST20,SKU04444,1,1.8775685
2025-12-16,ST06,SKU04447,1,1.8265158
2025-12-16,ST19,SKU04456,4,1.8757998
2025-12-16,ST15,SKU04457,2,1.8423259
2025-12-16,ST10,SKU04460,1,1.9485619
2025-12-16,ST29,SKU04462,2,1.8691334
2025-12-16,ST07,SKU04486,4,1.9063096
2025-12-16,ST20,SKU04488,2,1.8592503
2025-12-16,ST23,SKU04489,1,1.7070204
2025-12-16,ST20,SKU04497,3,2.211923
2025-12-16,ST30,SKU04502,1,1.8955103
2025-12-16,ST20,SKU04505,1,2.1003547
2025-12-16,ST29,SKU04521,1,1.8374869
2025-12-16,ST05,SKU04528,1,1.8148214
2025-12-16,ST10,SKU04538,3,2.0951626
2025-12-16,ST25,SKU04548,1,1.8908783
2025-12-16,ST06,SKU04551,4,1.9446642
2025-12-16,ST03,SKU04560,5,1.869741
2025-12-16,ST06,SKU04562,2,1.8618631
2025-12-16,ST01,SKU04563,1,1.9418485
2025-12-16,ST17,SKU04571,3,1.890717
2025-12-16,ST29,SKU04573,2,1.8129566
2025-12-16,ST21,SKU04575,1,1.8579667
2025-12-16,ST17,SKU04578,5,1.8651588
2025-12-16,ST30,SKU04596,7,6.0977077
2025-12-16,ST01,SKU04604,2,1.9585465
2025-12-16,ST30,SKU04610,1,1.833048
2025-12-16,ST25,SKU04622,2,1.9155276
2025-12-16,ST21,SKU04627,1,1.7968663
2025-12-16,ST10,SKU04629,1,1.8301237
2025-12-16,ST17,SKU04633,1,1.8987904
2025-12-16,ST17,SKU04637,1,1.8836836
2025-12-16,ST19,SKU04646,2,1.9451461
2025-12-16,ST12,SKU04647,2,1.8100787
2025-12-16,ST11,SKU04665,1,1.7437247
2025-12-16,ST24,SKU04677,3,1.885862
2025-12-16,ST16,SKU04680,2,1.8838813
2025-12-16,ST19,SKU04701,2,1.8541554
2025-12-16,ST14,SKU04722,1,1.8534592
2025-12-16,ST25,SKU04735,1,1.9319732
2025-12-16,ST14,SKU04737,3,1.8665783
2025-12-16,ST04,SKU04738,3,1.7749419
2025-12-16,ST28,SKU04740,1,1.8345833
2025-12-16,ST29,SKU04748,3,1.9684741
2025-12-16,ST29,SKU04750,1,2.1288283
2025-12-16,ST01,SKU04760,2,1.8652246
2025-12-16,ST07,SKU04768,3,1.761406
2025-12-16,ST11,SKU04770,1,1.8735254
2025-12-16,ST04,SKU04775,2,1.8689009
2025-12-16,ST19,SKU04778,2,1.9131036
2025-12-16,ST02,SKU04779,2,1.9178344
2025-12-16,ST19,SKU04782,5,1.8243133
2025-12-16,ST07,SKU04788,1,1.8320099
2025-12-16,ST29,SKU04793,2,1.8166255
2025-12-16,ST09,SKU04799,1,1.8708063
2025-12-16,ST25,SKU04818,1,1.8497401
2025-12-16,ST06,SKU04822,3,1.9768391
2025-12-16,ST24,SKU04823,2,1.8856639
2025-12-16,ST30,SKU04825,1,1.7935584
2025-12-16,ST07,SKU04826,1,1.8718938
2025-12-16,ST07,SKU04828,1,1.9302142
2025-12-16,ST28,SKU04829,3,1.8910649
2025-12-16,ST11,SKU04836,2,1.8497908
2025-12-16,ST20,SKU04847,2,1.9347446
2025-12-16,ST04,SKU04857,5,1.8275807
2025-12-16,ST27,SKU04865,1,1.9681469
2025-12-16,ST02,SKU04868,2,1.9546859
2025-12-16,ST14,SKU04896,1,1.8659335
2025-12-16,ST30,SKU04903,2,1.8763971
2025-12-16,ST30,SKU04910,1,1.8649021
2025-12-16,ST30,SKU04916,1,1.8726935
2025-12-16,ST29,SKU04918,1,1.8326577
2025-12-16,ST07,SKU04922,2,1.8520778
2025-12-16,ST05,SKU04924,1,1.9865657
2025-12-16,ST04,SKU04926,4,1.8576387
2025-12-16,ST29,SKU04933,1,1.9361588
2025-12-16,ST06,SKU04935,1,2.107892
2025-12-16,ST22,SKU04936,1,1.952329
2025-12-16,ST24,SKU04938,1,1.8829879
2025-12-16,ST18,SKU04943,2,1.9104079
2025-12-16,ST22,SKU04956,4,1.9202875
2025-12-16,ST19,SKU04961,1,1.8220204
2025-12-16,ST24,SKU04974,1,2.0420747
2025-12-16,ST20,SKU04988,1,1.9058973
2025-12-16,ST07,SKU04991,1,1.8445481
2025-12-16,ST24,SKU04999,2,1.9127004
2025-12-17,ST07,SKU00002,1,1.5937644
2025-12-17,ST26,SKU00006,2,1.8719728
2025-12-17,ST21,SKU00008,3,1.8602962
2025-12-17,ST16,SKU00020,1,1.8787502
2025-12-17,ST17,SKU00036,1,1.86407
2025-12-17,ST29,SKU00054,2,1.89106
2025-12-17,ST23,SKU00058,1,1.8360641
2025-12-17,ST20,SKU00062,1,1.9012967
2025-12-17,ST09,SKU00064,1,1.8635287
2025-12-17,ST05,SKU00068,1,1.9297323
2025-12-17,ST06,SKU00072,1,1.8480827
2025-12-17,ST12,SKU00076,2,1.842756
2025-12-17,ST29,SKU00079,1,1.763797
2025-12-17,ST12,SKU00081,1,1.8689085
2025-12-17,ST16,SKU00088,4,1.8363068
2025-12-17,ST18,SKU00096,1,1.8757298
2025-12-17,ST27,SKU00106,1,1.8804904
2025-12-17,ST01,SKU00110,1,1.8556503
2025-12-17,ST16,SKU00114,1,1.8823272
2025-12-17,ST12,SKU00116,4,1.8334532
2025-12-17,ST04,SKU00123,1,1.7919617
2025-12-17,ST15,SKU00128,1,1.8556324
2025-12-17,ST11,SKU00131,3,1.8615277
2025-12-17,ST20,SKU00143,5,1.8321139
2025-12-17,ST11,SKU00171,1,1.8909636
2025-12-17,ST25,SKU00172,1,1.831735
2025-12-17,ST08,SKU00173,3,1.8979938
2025-12-17,ST08,SKU00177,2,1.9924359
2025-12-17,ST01,SKU00186,4,1.8955779
2025-12-17,ST25,SKU00190,1,2.2290733
2025-12-17,ST08,SKU00196,1,1.8164561
2025-12-17,ST28,SKU00203,4,1.8497441
2025-12-17,ST10,SKU00205,4,1.9151161
2025-12-17,ST18,SKU00215,2,1.8304394
2025-12-17,ST30,SKU00227,1,1.8778368
2025-12-17,ST03,SKU00243,1,1.907654
2025-12-17,ST03,SKU00247,1,1.8524876
2025-12-17,ST04,SKU00249,2,1.9080157
2025-12-17,ST08,SKU00254,1,1.7989504
2025-12-17,ST11,SKU00256,1,1.8131837
2025-12-17,ST17,SKU00258,1,1.8573893
2025-12-17,ST11,SKU00263,1,1.8704808
2025-12-17,ST21,SKU00264,1,1.9731153
2025-12-17,ST29,SKU00267,5,1.9576911
2025-12-17,ST08,SKU00268,4,1.7773986
2025-12-17,ST23,SKU00269,1,1.8625666
2025-12-17,ST28,SKU00280,1,1.8514626
2025-12-17,ST06,SKU00283,4,1.8763212
2025-12-17,ST26,SKU00285,1,1.934004
2025-12-17,ST27,SKU00286,1,1.7797487
2025-12-17,ST20,SKU00287,2,1.7916996
2025-12-17,ST11,SKU00289,3,1.8581842
2025-12-17,ST20,SKU00310,4,1.765072
2025-12-17,ST18,SKU00314,1,1.8681445
2025-12-17,ST13,SKU00320,2,1.8451387
2025-12-17,ST30,SKU00323,1,1.8703303
2025-12-17,ST24,SKU00328,1,1.8814032
2025-12-17,ST17,SKU00342,1,1.8621641
2025-12-17,ST29,SKU00356,2,1.8499038
2025-12-17,ST30,SKU00360,3,1.8279077
2025-12-17,ST03,SKU00369,1,1.8107601
2025-12-17,ST23,SKU00376,1,1.8092076
2025-12-17,ST18,SKU00393,1,1.81296
2025-12-17,ST22,SKU00402,4,1.8288478
2025-12-17,ST30,SKU00408,5,1.8926264
2025-12-17,ST22,SKU00413,1,1.8354712
2025-12-17,ST01,SKU00440,2,1.8572643
2025-12-17,ST11,SKU00445,2,1.895794
2025-12-17,ST22,SKU00453,5,1.9119943
2025-12-17,ST03,SKU00456,2,1.8427554
2025-12-17,ST21,SKU00493,2,1.8368357
2025-12-17,ST13,SKU00496,2,1.8880488
2025-12-17,ST15,SKU00504,1,1.7523861
2025-12-17,ST06,SKU00505,1,1.8078614
2025-12-17,ST06,SKU00506,3,1.9471761
2025-12-17,ST30,SKU00531,1,1.9231747
2025-12-17,ST26,SKU00537,1,1.8179606
2025-12-17,ST22,SKU00539,1,1.8995868
2025-12-17,ST06,SKU00540,1,1.8930261
2025-12-17,ST09,SKU00541,4,1.9236863
2025-12-17,ST05,SKU00542,2,1.8325531
2025-12-17,ST25,SKU00548,2,1.9363755
2025-12-17,ST27,SKU00563,2,1.8801469
2025-12-17,ST18,SKU00565,4,1.8787023
2025-12-17,ST25,SKU00572,1,1.856705
2025-12-17,ST27,SKU00573,2,1.916066
2025-12-17,ST10,SKU00601,1,1.9146445
2025-12-17,ST10,SKU00603,1,1.8532249
2025-12-17,ST10,SKU00605,1,1.929314
2025-12-17,ST05,SKU00609,2,1.8578129
2025-12-17,ST28,SKU00625,1,1.8630073
2025-12-17,ST12,SKU00628,5,1.8411404
2025-12-17,ST27,SKU00630,1,1.8434972
2025-12-17,ST20,SKU00636,1,1.8673687
2025-12-17,ST29,SKU00638,2,1.9549315
2025-12-17,ST09,SKU00652,1,1.8699691
2025-12-17,ST03,SKU00663,3,1.8274194
2025-12-17,ST25,SKU00667,1,1.8574975
2025-12-17,ST17,SKU00674,2,1.856117
2025-12-17,ST29,SKU00677,1,2.025904
2025-12-17,ST23,SKU00678,1,1.8542602
2025-12-17,ST12,SKU00689,2,1.8893499
2025-12-17,ST20,SKU00692,1,1.8178607
2025-12-17,ST01,SKU00695,4,1.8726193
2025-12-17,ST15,SKU00699,4,1.8774463
2025-12-17,ST10,SKU00702,3,1.8785121
2025-12-17,ST07,SKU00706,1,1.8951367
2025-12-17,ST30,SKU00715,3,1.9362253
2025-12-17,ST16,SKU00729,2,1.829915
2025-12-17,ST27,SKU00737,1,1.9224586
2025-12-17,ST04,SKU00743,2,1.8885216
2025-12-17,ST01,SKU00753,1,1.851586
2025-12-17,ST20,SKU00757,2,1.8797344
2025-12-17,ST30,SKU00758,3,1.8677827
2025-12-17,ST26,SKU00762,1,1.8095261
2025-12-17,ST22,SKU00765,1,1.8610356
2025-12-17,ST05,SKU00766,3,1.8800371
2025-12-17,ST26,SKU00774,1,1.7923054
2025-12-17,ST18,SKU00782,2,1.8590707
2025-12-17,ST11,SKU00784,5,1.8879889
2025-12-17,ST27,SKU00789,3,1.8546919
2025-12-17,ST05,SKU00795,3,1.8694682
2025-12-17,ST30,SKU00796,1,1.8169956
2025-12-17,ST29,SKU00830,1,1.8344721
2025-12-17,ST09,SKU00832,4,1.781522
2025-12-17,ST01,SKU00835,1,1.7908943
2025-12-17,ST27,SKU00840,1,1.8617877
2025-12-17,ST12,SKU00845,3,1.8836272
2025-12-17,ST17,SKU00847,1,1.8719679
2025-12-17,ST06,SKU00864,1,1.8343295
2025-12-17,ST08,SKU00875,1,1.9246182
2025-12-17,ST01,SKU00888,4,1.8405527
2025-12-17,ST11,SKU00896,4,1.8349923
2025-12-17,ST01,SKU00905,1,1.8963608
2025-12-17,ST21,SKU00913,2,1.8683846
2025-12-17,ST03,SKU00915,2,1.8685358
2025-12-17,ST29,SKU00917,2,2.008878
2025-12-17,ST30,SKU00918,4,1.9587744
2025-12-17,ST10,SKU00920,2,1.7456554
2025-12-17,ST24,SKU00924,2,1.8599572
2025-12-17,ST20,SKU00927,2,1.7946947
2025-12-17,ST08,SKU00934,1,1.8610189
2025-12-17,ST22,SKU00942,1,1.9217924
2025-12-17,ST06,SKU00945,1,1.9287878
2025-12-17,ST06,SKU00952,2,1.8984983
2025-12-17,ST29,SKU00953,2,3.5736637
2025-12-17,ST05,SKU00957,1,1.8207687
2025-12-17,ST17,SKU00974,1,1.8279915
2025-12-17,ST15,SKU00976,1,1.8088286
2025-12-17,ST21,SKU00984,1,1.8396108
2025-12-17,ST23,SKU00986,2,1.6769578
2025-12-17,ST25,SKU00992,1,1.8925921
2025-12-17,ST30,SKU00994,1,1.9201365
2025-12-17,ST02,SKU00999,1,1.831259
2025-12-17,ST12,SKU01009,2,1.8466834
2025-12-17,ST30,SKU01010,1,1.8597245
2025-12-17,ST05,SKU01012,2,1.8116832
2025-12-17,ST13,SKU01021,3,1.9425716
2025-12-17,ST28,SKU01023,2,1.894178
2025-12-17,ST20,SKU01027,3,1.9127566
2025-12-17,ST12,SKU01037,1,1.8579793
2025-12-17,ST01,SKU01038,1,2.1831603
2025-12-17,ST22,SKU01041,1,1.9125506
2025-12-17,ST29,SKU01045,1,1.8522489
2025-12-17,ST07,SKU01054,1,1.8122214
2025-12-17,ST07,SKU01059,2,1.8574762
2025-12-17,ST18,SKU01063,3,1.8681924
2025-12-17,ST28,SKU01071,2,1.9011472
2025-12-17,ST23,SKU01079,3,1.8797903
2025-12-17,ST12,SKU01085,3,1.9510297
2025-12-17,ST29,SKU01099,2,1.9162006
2025-12-17,ST06,SKU01122,3,1.9061403
2025-12-17,ST29,SKU01126,1,1.8714416
2025-12-17,ST22,SKU01127,4,1.7988569
2025-12-17,ST17,SKU01138,2,1.9385213
2025-12-17,ST05,SKU01140,1,1.9118453
2025-12-17,ST23,SKU01150,2,1.95603
2025-12-17,ST12,SKU01152,1,1.9537852
2025-12-17,ST30,SKU01153,1,1.9649138
2025-12-17,ST01,SKU01161,3,1.9169581
2025-12-17,ST07,SKU01164,1,1.9233643
2025-12-17,ST18,SKU01183,1,1.9665519
2025-12-17,ST23,SKU01185,1,1.8472779
2025-12-17,ST30,SKU01189,3,1.9475051
2025-12-17,ST23,SKU01190,2,1.923837
2025-12-17,ST04,SKU01194,1,1.895249
2025-12-17,ST25,SKU01199,3,1.8895274
2025-12-17,ST24,SKU01207,2,1.8559703
2025-12-17,ST29,SKU01209,1,1.8677096
2025-12-17,ST20,SKU01211,1,1.8882797
2025-12-17,ST27,SKU01239,1,1.8080956
2025-12-17,ST22,SKU01242,3,1.8643575
2025-12-17,ST15,SKU01245,2,1.8166449
2025-12-17,ST19,SKU01248,4,1.8803217
2025-12-17,ST05,SKU01255,2,1.8678708
2025-12-17,ST20,SKU01263,1,1.9572376
2025-12-17,ST20,SKU01269,2,1.9230725
2025-12-17,ST17,SKU01274,2,1.8104709
2025-12-17,ST30,SKU01276,2,1.8340046
2025-12-17,ST18,SKU01277,1,1.7948565
2025-12-17,ST05,SKU01279,1,1.8674073
2025-12-17,ST17,SKU01280,1,1.8859683
2025-12-17,ST18,SKU01281,1,1.8367697
2025-12-17,ST17,SKU01284,1,1.8615478
2025-12-17,ST12,SKU01290,3,1.8835549
2025-12-17,ST08,SKU01297,2,2.1103365
2025-12-17,ST25,SKU01305,3,1.835258
2025-12-17,ST19,SKU01311,1,2.0408907
2025-12-17,ST23,SKU01317,2,1.9512103
2025-12-17,ST20,SKU01321,4,1.8720696
2025-12-17,ST12,SKU01326,1,1.8296196
2025-12-17,ST06,SKU01338,2,1.8737285
2025-12-17,ST25,SKU01343,3,1.8561809
2025-12-17,ST06,SKU01359,1,1.9426991
2025-12-17,ST21,SKU01363,1,1.8253932
2025-12-17,ST15,SKU01370,3,1.8504645
2025-12-17,ST16,SKU01371,1,1.775761
2025-12-17,ST28,SKU01381,2,1.8504732
2025-12-17,ST04,SKU01382,1,1.8721354
2025-12-17,ST15,SKU01399,2,1.9452952
2025-12-17,ST25,SKU01414,3,1.8747847
2025-12-17,ST27,SKU01420,1,2.0697117
2025-12-17,ST06,SKU01427,2,1.8388022
2025-12-17,ST29,SKU01435,2,1.8597914
2025-12-17,ST01,SKU01451,3,1.957065
2025-12-17,ST07,SKU01467,1,1.7392762
2025-12-17,ST01,SKU01469,2,1.7688808
2025-12-17,ST11,SKU01474,2,1.8441999
2025-12-17,ST15,SKU01481,1,1.8731937
2025-12-17,ST24,SKU01491,2,1.7558388
2025-12-17,ST18,SKU01497,2,1.8178762
2025-12-17,ST08,SKU01498,1,1.8555949
2025-12-17,ST11,SKU01499,1,1.8389539
2025-12-17,ST21,SKU01500,1,1.8574696
2025-12-17,ST29,SKU01503,1,1.8470068
2025-12-17,ST22,SKU01507,1,1.9691151
2025-12-17,ST13,SKU01509,1,1.8216957
2025-12-17,ST11,SKU01513,2,1.6655611
2025-12-17,ST14,SKU01516,1,1.8272203
2025-12-17,ST30,SKU01517,5,1.8450522
2025-12-17,ST20,SKU01531,1,1.9231248
2025-12-17,ST05,SKU01534,2,1.9482702
2025-12-17,ST20,SKU01536,4,1.9095333
2025-12-17,ST11,SKU01539,2,1.8615478
2025-12-17,ST12,SKU01545,2,2.1252935
2025-12-17,ST08,SKU01549,1,1.8113358
2025-12-17,ST24,SKU01554,1,1.8137325
2025-12-17,ST04,SKU01557,2,1.8748901
2025-12-17,ST19,SKU01558,2,1.8459139
2025-12-17,ST17,SKU01560,3,1.9053748
2025-12-17,ST20,SKU01565,3,1.8538324
2025-12-17,ST11,SKU01578,3,1.9383566
2025-12-17,ST07,SKU01599,1,1.8817358
2025-12-17,ST10,SKU01601,5,1.8712401
2025-12-17,ST05,SKU01603,1,1.8620365
2025-12-17,ST20,SKU01606,4,1.8945745
2025-12-17,ST20,SKU01610,1,1.9361188
2025-12-17,ST15,SKU01621,1,1.8386127
2025-12-17,ST29,SKU01631,1,1.8464783
2025-12-17,ST22,SKU01644,2,1.9070761
2025-12-17,ST30,SKU01660,2,1.9310265
2025-12-17,ST29,SKU01666,1,1.8174145
2025-12-17,ST21,SKU01670,1,1.8022823
2025-12-17,ST22,SKU01677,1,1.9066595
2025-12-17,ST08,SKU01685,1,1.8537003
2025-12-17,ST18,SKU01687,2,1.8645126
2025-12-17,ST06,SKU01693,1,1.8740609
2025-12-17,ST12,SKU01694,5,1.7652876
2025-12-17,ST17,SKU01695,1,1.9121324
2025-12-17,ST01,SKU01703,2,1.8366253
2025-12-17,ST21,SKU01714,1,1.9603285
2025-12-17,ST18,SKU01716,4,1.9945196
2025-12-17,ST05,SKU01719,3,1.9023513
2025-12-17,ST22,SKU01720,1,2.1687677
2025-12-17,ST20,SKU01721,1,1.8548545
2025-12-17,ST20,SKU01731,2,1.8866299
2025-12-17,ST12,SKU01738,1,1.854431
2025-12-17,ST22,SKU01741,4,1.8209298
2025-12-17,ST23,SKU01748,1,1.7277861
2025-12-17,ST08,SKU01751,3,1.8426937
2025-12-17,ST30,SKU01766,1,1.8520576
2025-12-17,ST02,SKU01767,1,1.8552989
2025-12-17,ST21,SKU01775,3,1.8378295
2025-12-17,ST20,SKU01776,1,1.8751495
2025-12-17,ST07,SKU01779,5,1.8431245
2025-12-17,ST21,SKU01784,1,1.8444424
2025-12-17,ST11,SKU01789,1,1.8669677
2025-12-17,ST22,SKU01825,4,1.8797647
2025-12-17,ST17,SKU01831,2,1.7655208
2025-12-17,ST14,SKU01833,1,1.5970103
2025-12-17,ST29,SKU01835,3,1.8768907
2025-12-17,ST19,SKU01838,3,1.8029724
2025-12-17,ST30,SKU01842,2,1.8370255
2025-12-17,ST10,SKU01849,1,1.860405
2025-12-17,ST13,SKU01862,1,1.737726
2025-12-17,ST28,SKU01870,1,1.8970766
2025-12-17,ST14,SKU01878,1,1.5795985
2025-12-17,ST08,SKU01889,2,1.8695043
2025-12-17,ST25,SKU01893,2,1.9375015
2025-12-17,ST23,SKU01908,4,1.9484733
2025-12-17,ST07,SKU01917,3,1.7978702
2025-12-17,ST20,SKU01938,3,1.9312911
2025-12-17,ST01,SKU01946,3,2.035059
2025-12-17,ST22,SKU01966,1,1.9706614
2025-12-17,ST16,SKU01974,2,1.8759686
2025-12-17,ST18,SKU01984,1,1.8486369
2025-12-17,ST12,SKU02009,1,1.8794324
2025-12-17,ST06,SKU02015,2,1.8408408
2025-12-17,ST09,SKU02030,3,1.8892887
2025-12-17,ST29,SKU02036,3,1.9123033
2025-12-17,ST07,SKU02045,1,1.8960205
2025-12-17,ST13,SKU02046,2,2.1210253
2025-12-17,ST30,SKU02052,1,1.9625561
2025-12-17,ST18,SKU02066,3,1.8568074
2025-12-17,ST11,SKU02068,1,1.9827417
2025-12-17,ST20,SKU02071,4,1.9122021
2025-12-17,ST08,SKU02083,2,1.8786284
2025-12-17,ST07,SKU02088,2,1.7544993
2025-12-17,ST03,SKU02089,2,1.874494
2025-12-17,ST26,SKU02096,1,1.8668708
2025-12-17,ST11,SKU02097,1,1.8820537
2025-12-17,ST14,SKU02103,4,1.8347826
2025-12-17,ST01,SKU02111,2,1.8924038
2025-12-17,ST11,SKU02127,3,1.8467993
2025-12-17,ST16,SKU02130,1,1.8702506
2025-12-17,ST30,SKU02141,2,1.8881389
2025-12-17,ST30,SKU02143,1,1.9054726
2025-12-17,ST14,SKU02151,1,1.842349
2025-12-17,ST20,SKU02163,2,1.767068
2025-12-17,ST27,SKU02173,1,1.861696
2025-12-17,ST13,SKU02176,1,1.90582
2025-12-17,ST30,SKU02185,1,1.8492395
2025-12-17,ST27,SKU02199,3,1.8416035
2025-12-17,ST30,SKU02207,1,1.7889197
2025-12-17,ST07,SKU02216,1,1.8765752
2025-12-17,ST05,SKU02218,3,1.846802
2025-12-17,ST15,SKU02233,1,1.8566101
2025-12-17,ST28,SKU02240,4,1.9218625
2025-12-17,ST28,SKU02247,4,1.8866338
2025-12-17,ST03,SKU02262,2,1.8601353
2025-12-17,ST30,SKU02268,1,1.8314137
2025-12-17,ST30,SKU02269,3,1.8699014
2025-12-17,ST21,SKU02285,2,1.8765277
2025-12-17,ST09,SKU02294,2,2.0080085
2025-12-17,ST25,SKU02300,1,1.8573481
2025-12-17,ST20,SKU02303,1,1.8491293
2025-12-17,ST03,SKU02308,4,1.8360653
2025-12-17,ST19,SKU02316,3,1.8578508
2025-12-17,ST21,SKU02317,1,1.9830246
2025-12-17,ST25,SKU02345,1,1.8883165
2025-12-17,ST20,SKU02347,1,1.8869156
2025-12-17,ST21,SKU02348,3,1.8487868
2025-12-17,ST30,SKU02358,2,1.8062973
2025-12-17,ST30,SKU02364,5,1.8545537
2025-12-17,ST16,SKU02373,3,1.8815498
2025-12-17,ST21,SKU02381,1,1.7714183
2025-12-17,ST09,SKU02391,2,1.81042
2025-12-17,ST21,SKU02393,1,1.8536981
2025-12-17,ST23,SKU02400,4,1.8984832
2025-12-17,ST08,SKU02407,1,1.9361941
2025-12-17,ST22,SKU02409,2,1.9522911
2025-12-17,ST06,SKU02412,1,1.8591219
2025-12-17,ST09,SKU02415,2,1.9647347
2025-12-17,ST18,SKU02423,3,1.9113746
2025-12-17,ST04,SKU02428,1,1.9225035
2025-12-17,ST29,SKU02434,1,1.8630775
2025-12-17,ST15,SKU02435,2,1.8744619
2025-12-17,ST14,SKU02443,1,1.8891153
2025-12-17,ST05,SKU02454,2,1.8898925
2025-12-17,ST22,SKU02460,2,1.7598772
2025-12-17,ST24,SKU02462,5,1.9860508
2025-12-17,ST27,SKU02467,2,1.8542266
2025-12-17,ST23,SKU02487,1,1.8450664
2025-12-17,ST27,SKU02490,2,1.9447986
2025-12-17,ST21,SKU02491,3,1.8633727
2025-12-17,ST29,SKU02492,4,1.9293404
2025-12-17,ST23,SKU02503,3,1.8571538
2025-12-17,ST18,SKU02504,1,1.8732611
2025-12-17,ST25,SKU02505,3,1.870054
2025-12-17,ST28,SKU02510,1,1.8478243
2025-12-17,ST20,SKU02513,1,1.8728575
2025-12-17,ST20,SKU02526,3,1.8506051
2025-12-17,ST15,SKU02537,1,1.875626
2025-12-17,ST28,SKU02538,2,1.8782607
2025-12-17,ST28,SKU02542,1,1.8274565
2025-12-17,ST21,SKU02544,1,1.8422606
2025-12-17,ST18,SKU02550,1,1.8407689
2025-12-17,ST22,SKU02555,1,1.8176957
2025-12-17,ST24,SKU02562,3,1.7893633
2025-12-17,ST28,SKU02571,2,1.8670932
2025-12-17,ST06,SKU02582,2,1.8409585
2025-12-17,ST17,SKU02583,2,1.8652492
2025-12-17,ST05,SKU02589,1,1.9054632
2025-12-17,ST28,SKU02598,1,1.8708842
2025-12-17,ST15,SKU02600,4,1.7786926
2025-12-17,ST08,SKU02601,1,1.852693
2025-12-17,ST09,SKU02611,1,1.8886962
2025-12-17,ST18,SKU02624,3,1.9358488
2025-12-17,ST23,SKU02627,2,1.8010693
2025-12-17,ST23,SKU02630,2,1.9050167
2025-12-17,ST06,SKU02634,4,1.9441254
2025-12-17,ST20,SKU02637,1,1.8362325
2025-12-17,ST11,SKU02640,1,1.8063418
2025-12-17,ST30,SKU02645,1,2.1539989
2025-12-17,ST08,SKU02648,1,1.8639067
2025-12-17,ST05,SKU02649,1,1.8577317
2025-12-17,ST30,SKU02660,1,1.7847205
2025-12-17,ST27,SKU02667,2,1.8188684
2025-12-17,ST20,SKU02669,3,1.9344512
2025-12-17,ST21,SKU02673,3,1.865363
2025-12-17,ST25,SKU02674,5,1.9222529
2025-12-17,ST23,SKU02682,1,1.8881166
2025-12-17,ST10,SKU02697,1,1.8282418
2025-12-17,ST01,SKU02701,3,1.8193902
2025-12-17,ST08,SKU02704,3,1.8862755
2025-12-17,ST07,SKU02705,2,1.8324822
2025-12-17,ST21,SKU02713,3,1.8850039
2025-12-17,ST18,SKU02725,3,1.806768
2025-12-17,ST27,SKU02731,1,1.9526962
2025-12-17,ST29,SKU02737,3,1.9462092
2025-12-17,ST10,SKU02740,1,1.9629036
2025-12-17,ST29,SKU02747,1,1.9792778
2025-12-17,ST05,SKU02754,2,1.8409369
2025-12-17,ST03,SKU02763,1,1.9087558
2025-12-17,ST07,SKU02786,1,1.8756369
2025-12-17,ST09,SKU02791,1,1.8314047
2025-12-17,ST15,SKU02826,1,1.9054024
2025-12-17,ST28,SKU02827,1,1.6948072
2025-12-17,ST07,SKU02833,1,1.5179795
2025-12-17,ST24,SKU02835,1,1.8552432
2025-12-17,ST23,SKU02837,1,1.7421926
2025-12-17,ST06,SKU02840,1,1.8753736
2025-12-17,ST28,SKU02843,1,1.90183
2025-12-17,ST15,SKU02848,2,1.8625215
2025-12-17,ST30,SKU02850,2,1.8482531
2025-12-17,ST22,SKU02858,1,1.7859215
2025-12-17,ST12,SKU02861,1,1.782257
2025-12-17,ST11,SKU02863,1,1.8700107
2025-12-17,ST11,SKU02866,1,1.7989599
2025-12-17,ST16,SKU02878,1,1.8819644
2025-12-17,ST23,SKU02892,1,1.792425
2025-12-17,ST03,SKU02893,1,1.9070574
2025-12-17,ST11,SKU02894,2,1.9250001
2025-12-17,ST14,SKU02897,1,1.8605376
2025-12-17,ST20,SKU02906,3,1.9333973
2025-12-17,ST11,SKU02919,3,1.8774782
2025-12-17,ST26,SKU02928,2,1.9002712
2025-12-17,ST27,SKU02930,4,1.8552837
2025-12-17,ST14,SKU02931,3,1.8711244
2025-12-17,ST19,SKU02933,2,1.8076013
2025-12-17,ST29,SKU02950,1,1.8580816
2025-12-17,ST28,SKU02951,3,1.8804629
2025-12-17,ST25,SKU02954,2,1.6862792
2025-12-17,ST11,SKU02955,2,1.8670038
2025-12-17,ST20,SKU02968,1,2.1308339
2025-12-17,ST20,SKU02977,1,1.9901302
2025-12-17,ST03,SKU02983,3,1.9816711
2025-12-17,ST01,SKU02986,1,1.920828
2025-12-17,ST06,SKU02990,2,1.9466679
2025-12-17,ST03,SKU02991,2,1.821781
2025-12-17,ST09,SKU02993,1,1.8453239
2025-12-17,ST16,SKU02995,1,1.8829802
2025-12-17,ST20,SKU02996,2,1.7782731
2025-12-17,ST18,SKU03003,1,1.8587679
2025-12-17,ST27,SKU03016,1,1.8676143
2025-12-17,ST27,SKU03024,1,1.9459814
2025-12-17,ST07,SKU03026,5,1.8520296
2025-12-17,ST29,SKU03030,2,1.8752573
2025-12-17,ST19,SKU03040,2,1.8331631
2025-12-17,ST27,SKU03042,1,1.8722388
2025-12-17,ST27,SKU03050,1,1.8525428
2025-12-17,ST30,SKU03053,3,1.8739853
2025-12-17,ST16,SKU03055,2,1.9838996
2025-12-17,ST19,SKU03057,1,1.9249728
2025-12-17,ST23,SKU03063,1,1.8818357
2025-12-17,ST15,SKU03071,2,1.9044209
2025-12-17,ST30,SKU03079,4,1.7566587
2025-12-17,ST10,SKU03080,1,1.8630474
2025-12-17,ST27,SKU03088,1,1.9724768
2025-12-17,ST21,SKU03094,1,1.8310643
2025-12-17,ST08,SKU03103,1,1.970022
2025-12-17,ST09,SKU03107,2,1.8078537
2025-12-17,ST02,SKU03131,1,1.8871555
2025-12-17,ST29,SKU03133,1,1.9812844
2025-12-17,ST21,SKU03134,5,1.9348124
2025-12-17,ST06,SKU03135,3,1.8791407
2025-12-17,ST28,SKU03142,1,1.8847898
2025-12-17,ST10,SKU03144,1,1.8688822
2025-12-17,ST16,SKU03146,2,1.9215511
2025-12-17,ST27,SKU03149,2,1.8201071
2025-12-17,ST20,SKU03154,2,1.8526697
2025-12-17,ST30,SKU03162,2,1.8765749
2025-12-17,ST23,SKU03166,1,1.8490717
2025-12-17,ST30,SKU03172,2,1.9145479
2025-12-17,ST20,SKU03175,2,1.9233785
2025-12-17,ST01,SKU03193,1,1.8169277
2025-12-17,ST08,SKU03195,3,1.7990955
2025-12-17,ST27,SKU03196,1,1.8534876
2025-12-17,ST28,SKU03203,2,2.002176
2025-12-17,ST06,SKU03204,3,1.8447642
2025-12-17,ST04,SKU03207,2,1.857005
2025-12-17,ST18,SKU03226,1,1.9150641
2025-12-17,ST06,SKU03227,1,1.8837414
2025-12-17,ST11,SKU03228,2,1.8818821
2025-12-17,ST08,SKU03231,1,1.842362
2025-12-17,ST20,SKU03233,2,2.0341036
2025-12-17,ST29,SKU03239,1,1.8824421
2025-12-17,ST11,SKU03259,1,1.7477733
2025-12-17,ST09,SKU03266,1,1.8716758
2025-12-17,ST26,SKU03267,1,1.8549311
2025-12-17,ST17,SKU03276,2,1.93005
2025-12-17,ST28,SKU03291,2,1.8948761
2025-12-17,ST29,SKU03292,4,3.9664378
2025-12-17,ST23,SKU03293,1,1.9137659
2025-12-17,ST09,SKU03313,2,1.8216383
2025-12-17,ST24,SKU03317,1,1.8550014
2025-12-17,ST30,SKU03318,1,1.8287748
2025-12-17,ST05,SKU03320,1,2.0746334
2025-12-17,ST04,SKU03325,2,1.878715
2025-12-17,ST26,SKU03337,4,1.9482098
2025-12-17,ST20,SKU03348,2,2.141385
2025-12-17,ST12,SKU03349,2,1.7961284
2025-12-17,ST09,SKU03355,1,1.8125262
2025-12-17,ST12,SKU03359,3,1.8721862
2025-12-17,ST20,SKU03361,3,1.8498812
2025-12-17,ST06,SKU03374,2,1.8325565
2025-12-17,ST05,SKU03379,1,1.7947048
2025-12-17,ST19,SKU03397,1,1.8880775
2025-12-17,ST21,SKU03401,1,1.8534468
2025-12-17,ST08,SKU03407,1,1.8785318
2025-12-17,ST29,SKU03415,1,1.845528
2025-12-17,ST16,SKU03421,1,1.8417528
2025-12-17,ST06,SKU03446,2,1.8939298
2025-12-17,ST07,SKU03450,1,1.8764712
2025-12-17,ST14,SKU03455,2,1.8607028
2025-12-17,ST06,SKU03457,2,1.8841016
2025-12-17,ST06,SKU03471,1,1.8837265
2025-12-17,ST05,SKU03478,1,1.9803222
2025-12-17,ST20,SKU03485,1,1.8786609
2025-12-17,ST23,SKU03496,2,1.9211817
2025-12-17,ST11,SKU03525,1,1.8410165
2025-12-17,ST22,SKU03536,1,1.8745433
2025-12-17,ST24,SKU03542,1,1.6594759
2025-12-17,ST11,SKU03563,1,1.8523763
2025-12-17,ST12,SKU03568,1,1.8997152
2025-12-17,ST28,SKU03572,2,1.8776621
2025-12-17,ST07,SKU03576,2,1.8566552
2025-12-17,ST21,SKU03578,1,1.8348062
2025-12-17,ST05,SKU03581,2,1.8665444
2025-12-17,ST22,SKU03596,2,1.8907437
2025-12-17,ST17,SKU03601,1,1.7991478
2025-12-17,ST03,SKU03617,4,1.8282489
2025-12-17,ST14,SKU03626,1,1.9260957
2025-12-17,ST01,SKU03636,2,1.8524357
2025-12-17,ST30,SKU03641,1,1.7689918
2025-12-17,ST26,SKU03660,2,1.8304913
2025-12-17,ST22,SKU03666,3,1.9051515
2025-12-17,ST13,SKU03680,1,1.8636395
2025-12-17,ST16,SKU03685,2,1.7994587
2025-12-17,ST12,SKU03692,3,1.8907208
2025-12-17,ST20,SKU03693,2,1.8533583
2025-12-17,ST18,SKU03694,2,1.8775868
2025-12-17,ST05,SKU03699,1,1.96319
2025-12-17,ST24,SKU03702,3,1.8483235
2025-12-17,ST15,SKU03710,1,1.8833007
2025-12-17,ST24,SKU03714,4,1.8828063
2025-12-17,ST07,SKU03719,1,1.8681588
2025-12-17,ST03,SKU03725,2,1.9136173
2025-12-17,ST29,SKU03727,3,1.7538794
2025-12-17,ST07,SKU03738,1,1.819439
2025-12-17,ST12,SKU03743,1,1.8926396
2025-12-17,ST18,SKU03768,1,1.9630861
2025-12-17,ST30,SKU03778,3,1.8968067
2025-12-17,ST06,SKU03782,2,1.8153057
2025-12-17,ST14,SKU03783,2,1.8635793
2025-12-17,ST26,SKU03785,1,1.8365669
2025-12-17,ST25,SKU03787,2,1.8792917
2025-12-17,ST28,SKU03800,3,1.8456177
2025-12-17,ST04,SKU03804,3,1.8570801
2025-12-17,ST03,SKU03825,4,1.8027148
2025-12-17,ST21,SKU03836,2,1.9049346
2025-12-17,ST07,SKU03840,1,1.8652996
2025-12-17,ST06,SKU03843,1,1.7788032
2025-12-17,ST20,SKU03844,1,1.81429
2025-12-17,ST27,SKU03851,3,1.8935659
2025-12-17,ST29,SKU03897,1,1.8935757
2025-12-17,ST19,SKU03899,1,1.8969078
2025-12-17,ST25,SKU03900,1,1.9064007
2025-12-17,ST21,SKU03902,1,1.9307673
2025-12-17,ST17,SKU03918,2,1.89659
2025-12-17,ST14,SKU03919,1,1.828858
2025-12-17,ST04,SKU03937,2,1.8761497
2025-12-17,ST06,SKU03942,1,1.8755952
2025-12-17,ST18,SKU03956,2,1.8855362
2025-12-17,ST04,SKU03967,3,1.84081
2025-12-17,ST21,SKU03984,1,1.8371316
2025-12-17,ST06,SKU03986,3,1.7899209
2025-12-17,ST25,SKU04006,2,1.8683953
2025-12-17,ST23,SKU04008,1,1.8814166
2025-12-17,ST07,SKU04012,1,1.8733834
2025-12-17,ST19,SKU04016,1,1.9733257
2025-12-17,ST08,SKU04027,2,1.900099
2025-12-17,ST29,SKU04041,1,1.8747346
2025-12-17,ST25,SKU04042,2,1.8279635
2025-12-17,ST01,SKU04044,1,1.8319633
2025-12-17,ST30,SKU04046,2,1.9092222
2025-12-17,ST19,SKU04056,1,1.984771
2025-12-17,ST20,SKU04058,1,1.9088714
2025-12-17,ST21,SKU04061,3,1.9097774
2025-12-17,ST09,SKU04079,1,1.9163728
2025-12-17,ST05,SKU04087,1,1.8640606
2025-12-17,ST30,SKU04092,1,1.9303089
2025-12-17,ST11,SKU04096,2,1.839337
2025-12-17,ST28,SKU04105,1,2.0912814
2025-12-17,ST27,SKU04114,2,1.9225823
2025-12-17,ST23,SKU04120,2,1.848853
2025-12-17,ST15,SKU04127,2,1.8784821
2025-12-17,ST29,SKU04133,2,1.8209105
2025-12-17,ST10,SKU04139,1,1.848854
2025-12-17,ST28,SKU04140,1,1.8640579
2025-12-17,ST22,SKU04151,1,1.8322387
2025-12-17,ST18,SKU04152,2,1.8387609
2025-12-17,ST29,SKU04154,3,2.1085393
2025-12-17,ST23,SKU04156,1,1.8984348
2025-12-17,ST28,SKU04157,5,1.8326494
2025-12-17,ST06,SKU04161,5,1.8599904
2025-12-17,ST20,SKU04163,3,1.8763716
2025-12-17,ST23,SKU04166,1,1.8013263
2025-12-17,ST23,SKU04168,4,1.8724661
2025-12-17,ST21,SKU04179,1,1.8489447
2025-12-17,ST03,SKU04181,4,1.6864876
2025-12-17,ST03,SKU04185,1,1.8355538
2025-12-17,ST20,SKU04186,3,1.8534354
2025-12-17,ST28,SKU04191,3,1.8301353
2025-12-17,ST29,SKU04193,2,1.8176389
2025-12-17,ST21,SKU04197,3,1.8875383
2025-12-17,ST05,SKU04204,1,1.9209524
2025-12-17,ST28,SKU04205,2,1.8476329
2025-12-17,ST07,SKU04216,1,1.93675
2025-12-17,ST21,SKU04220,2,1.8001368
2025-12-17,ST27,SKU04227,3,1.9066975
2025-12-17,ST03,SKU04234,1,1.8077524
2025-12-17,ST28,SKU04236,1,2.155417
2025-12-17,ST14,SKU04238,4,1.8850055
2025-12-17,ST28,SKU04253,2,1.811099
2025-12-17,ST25,SKU04254,3,1.813093
2025-12-17,ST08,SKU04256,1,1.8510644
2025-12-17,ST30,SKU04266,1,1.866228
2025-12-17,ST07,SKU04270,1,1.8236043
2025-12-17,ST07,SKU04279,4,1.9034923
2025-12-17,ST24,SKU04280,2,1.9746498
2025-12-17,ST11,SKU04282,1,1.8584762
2025-12-17,ST11,SKU04283,1,1.9084351
2025-12-17,ST01,SKU04294,2,1.8491911
2025-12-17,ST29,SKU04316,1,1.821826
2025-12-17,ST07,SKU04317,2,1.8492284
2025-12-17,ST14,SKU04318,1,1.8764985
2025-12-17,ST30,SKU04321,7,4.2309265
2025-12-17,ST28,SKU04329,1,1.6252598
2025-12-17,ST21,SKU04339,1,1.830115
2025-12-17,ST19,SKU04342,1,1.8376929
2025-12-17,ST26,SKU04350,4,1.8935336
2025-12-17,ST08,SKU04355,4,1.9266461
2025-12-17,ST22,SKU04358,2,1.9346323
2025-12-17,ST22,SKU04359,1,1.9650159
2025-12-17,ST30,SKU04366,1,1.8951821
2025-12-17,ST20,SKU04370,1,1.8278844
2025-12-17,ST14,SKU04373,2,1.8268306
2025-12-17,ST10,SKU04378,5,1.8675882
2025-12-17,ST11,SKU04381,1,2.006425
2025-12-17,ST19,SKU04396,2,1.9017242
2025-12-17,ST05,SKU04406,2,1.84174
2025-12-17,ST19,SKU04414,1,1.8972906
2025-12-17,ST22,SKU04426,5,1.8485439
2025-12-17,ST17,SKU04432,1,1.850219
2025-12-17,ST20,SKU04448,1,1.7980917
2025-12-17,ST30,SKU04453,1,2.2430518
2025-12-17,ST30,SKU04476,1,1.8528373
2025-12-17,ST21,SKU04489,4,1.8907791
2025-12-17,ST20,SKU04497,1,1.9892132
2025-12-17,ST20,SKU04498,2,1.87693
2025-12-17,ST27,SKU04502,1,1.7960293
2025-12-17,ST03,SKU04508,3,1.8560563
2025-12-17,ST11,SKU04513,2,1.8219373
2025-12-17,ST20,SKU04526,1,2.118329
2025-12-17,ST06,SKU04527,2,1.8453329
2025-12-17,ST03,SKU04538,3,1.8576471
2025-12-17,ST05,SKU04540,2,1.8729376
2025-12-17,ST08,SKU04543,3,1.8170077
2025-12-17,ST25,SKU04546,3,1.8716885
2025-12-17,ST20,SKU04560,1,1.8321048
2025-12-17,ST01,SKU04561,1,1.8765305
2025-12-17,ST06,SKU04564,1,1.8524866
2025-12-17,ST22,SKU04571,4,1.8653364
2025-12-17,ST30,SKU04572,1,1.8275516
2025-12-17,ST11,SKU04575,3,1.8750088
2025-12-17,ST30,SKU04596,2,1.9655975
2025-12-17,ST04,SKU04598,1,1.8855653
2025-12-17,ST04,SKU04609,3,1.8082081
2025-12-17,ST23,SKU04610,1,1.8617338
2025-12-17,ST23,SKU04611,1,1.8815777
2025-12-17,ST10,SKU04622,1,1.8683281
2025-12-17,ST19,SKU04625,4,1.8500615
2025-12-17,ST19,SKU04626,4,1.9245496
2025-12-17,ST23,SKU04627,1,1.892644
2025-12-17,ST10,SKU04632,1,1.8336196
2025-12-17,ST17,SKU04638,2,1.7324754
2025-12-17,ST23,SKU04646,2,1.7837657
2025-12-17,ST15,SKU04647,2,1.8662287
2025-12-17,ST03,SKU04651,1,1.9845338
2025-12-17,ST20,SKU04660,3,1.99199
2025-12-17,ST21,SKU04668,1,1.8912934
2025-12-17,ST24,SKU04678,1,1.9217682
2025-12-17,ST30,SKU04682,2,1.897
2025-12-17,ST21,SKU04694,1,1.8477271
2025-12-17,ST21,SKU04710,3,1.9234991
2025-12-17,ST11,SKU04713,5,1.8577086
2025-12-17,ST23,SKU04715,2,1.9029456
2025-12-17,ST18,SKU04721,1,1.828997
2025-12-17,ST07,SKU04725,3,1.8018754
2025-12-17,ST15,SKU04735,1,1.8921498
2025-12-17,ST06,SKU04749,3,1.8863195
2025-12-17,ST29,SKU04750,2,1.9260929
2025-12-17,ST25,SKU04751,2,1.835585
2025-12-17,ST21,SKU04755,1,1.9102685
2025-12-17,ST08,SKU04756,4,1.8730851
2025-12-17,ST12,SKU04782,3,1.900991
2025-12-17,ST13,SKU04789,2,1.7378561
2025-12-17,ST12,SKU04806,2,2.0635042
2025-12-17,ST30,SKU04809,1,1.8662813
2025-12-17,ST05,SKU04817,2,2.192238
2025-12-17,ST11,SKU04819,3,1.904177
2025-12-17,ST12,SKU04824,1,1.8889686
2025-12-17,ST07,SKU04853,2,1.869845
2025-12-17,ST20,SKU04855,2,1.8681107
2025-12-17,ST15,SKU04865,4,1.9384278
2025-12-17,ST08,SKU04867,2,1.811261
2025-12-17,ST05,SKU04870,1,1.8118694
2025-12-17,ST15,SKU04886,3,1.8060999
2025-12-17,ST20,SKU04891,1,1.8094233
2025-12-17,ST14,SKU04904,1,1.9046181
2025-12-17,ST04,SKU04909,3,1.8566684
2025-12-17,ST14,SKU04912,1,1.8420136
2025-12-17,ST05,SKU04913,2,1.9325246
2025-12-17,ST21,SKU04927,1,1.9187106
2025-12-17,ST11,SKU04942,1,1.8346616
2025-12-17,ST14,SKU04954,1,1.9044064
2025-12-17,ST20,SKU04962,1,1.8604811
2025-12-17,ST05,SKU04967,2,1.8474643
2025-12-17,ST12,SKU04977,3,1.8084424
2025-12-17,ST22,SKU04983,3,1.9008899
2025-12-18,ST08,SKU00001,5,1.8094053
2025-12-18,ST22,SKU00002,4,1.5294193
2025-12-18,ST04,SKU00007,2,1.8734998
2025-12-18,ST20,SKU00013,1,1.5834854
2025-12-18,ST20,SKU00016,1,1.9221821
2025-12-18,ST19,SKU00019,2,1.9034854
2025-12-18,ST04,SKU00027,2,1.8675516
2025-12-18,ST21,SKU00030,1,1.8683233
2025-12-18,ST20,SKU00048,1,1.8313622
2025-12-18,ST11,SKU00058,2,1.8366457
2025-12-18,ST30,SKU00062,2,1.9097445
2025-12-18,ST28,SKU00079,1,1.7184678
2025-12-18,ST26,SKU00089,3,1.8779564
2025-12-18,ST30,SKU00099,3,1.8684479
2025-12-18,ST28,SKU00115,3,1.8139443
2025-12-18,ST19,SKU00125,1,1.8599832
2025-12-18,ST16,SKU00126,1,1.8869501
2025-12-18,ST18,SKU00132,3,1.8798838
2025-12-18,ST04,SKU00151,2,1.8782828
2025-12-18,ST07,SKU00160,4,1.82909
2025-12-18,ST05,SKU00169,1,1.7880054
2025-12-18,ST06,SKU00170,1,1.9339173
2025-12-18,ST25,SKU00176,2,1.7831063
2025-12-18,ST23,SKU00177,1,1.954602
2025-12-18,ST21,SKU00180,2,1.8775115
2025-12-18,ST09,SKU00182,1,1.8350399
2025-12-18,ST28,SKU00190,3,1.9184039
2025-12-18,ST23,SKU00218,4,1.8469658
2025-12-18,ST19,SKU00232,2,1.9082547
2025-12-18,ST30,SKU00234,3,1.7614655
2025-12-18,ST03,SKU00238,1,1.8427596
2025-12-18,ST10,SKU00242,1,1.8687108
2025-12-18,ST30,SKU00243,3,3.6276035
2025-12-18,ST14,SKU00245,2,1.9318359
2025-12-18,ST03,SKU00246,1,1.7467586
2025-12-18,ST03,SKU00249,1,1.8905927
2025-12-18,ST19,SKU00254,1,1.8285639
2025-12-18,ST21,SKU00260,1,1.8960673
2025-12-18,ST05,SKU00263,1,1.8091408
2025-12-18,ST25,SKU00264,2,1.7721417
2025-12-18,ST24,SKU00265,3,1.8478891
2025-12-18,ST19,SKU00272,2,1.8792208
2025-12-18,ST30,SKU00283,3,1.873716
2025-12-18,ST22,SKU00285,1,1.9110892
2025-12-18,ST23,SKU00286,4,1.83028
2025-12-18,ST19,SKU00296,1,1.8260769
2025-12-18,ST18,SKU00310,1,1.914691
2025-12-18,ST10,SKU00313,5,1.9510127
2025-12-18,ST08,SKU00334,1,1.8902909
2025-12-18,ST21,SKU00347,1,1.8489153
2025-12-18,ST22,SKU00363,1,1.8737202
2025-12-18,ST21,SKU00379,4,1.8018397
2025-12-18,ST08,SKU00394,1,1.9701145
2025-12-18,ST20,SKU00397,2,1.8929259
2025-12-18,ST29,SKU00403,1,1.831663
2025-12-18,ST20,SKU00404,1,1.837265
2025-12-18,ST24,SKU00405,1,1.8756996
2025-12-18,ST18,SKU00420,2,1.8941852
2025-12-18,ST30,SKU00435,2,1.8786068
2025-12-18,ST30,SKU00455,1,1.8615865
2025-12-18,ST12,SKU00477,1,1.9719133
2025-12-18,ST09,SKU00480,1,1.9413761
2025-12-18,ST20,SKU00484,1,1.8916035
2025-12-18,ST12,SKU00491,5,1.7861316
2025-12-18,ST12,SKU00494,2,1.8160143
2025-12-18,ST04,SKU00495,1,1.8495436
2025-12-18,ST12,SKU00499,3,1.8012754
2025-12-18,ST22,SKU00500,1,1.8254952
2025-12-18,ST12,SKU00514,1,1.8707715
2025-12-18,ST01,SKU00519,4,1.8239635
2025-12-18,ST11,SKU00521,2,1.8592675
2025-12-18,ST22,SKU00531,4,1.8961694
2025-12-18,ST08,SKU00539,2,1.9276539
2025-12-18,ST23,SKU00540,1,1.827922
2025-12-18,ST28,SKU00566,1,1.8585356
2025-12-18,ST16,SKU00568,5,1.8592037
2025-12-18,ST15,SKU00579,2,1.8734187
2025-12-18,ST04,SKU00581,2,1.8508993
2025-12-18,ST09,SKU00586,3,1.9624166
2025-12-18,ST02,SKU00590,1,1.8335238
2025-12-18,ST15,SKU00591,4,1.8396614
2025-12-18,ST03,SKU00601,2,1.885764
2025-12-18,ST17,SKU00605,1,2.1563082
2025-12-18,ST21,SKU00613,4,1.9974418
2025-12-18,ST28,SKU00628,1,1.876475
2025-12-18,ST06,SKU00654,5,1.8878018
2025-12-18,ST29,SKU00660,1,1.8480238
2025-12-18,ST28,SKU00668,1,1.906008
2025-12-18,ST22,SKU00678,1,1.8353146
2025-12-18,ST07,SKU00680,1,1.9226754
2025-12-18,ST17,SKU00681,4,1.8849094
2025-12-18,ST28,SKU00687,1,1.87781
2025-12-18,ST19,SKU00692,1,1.7898864
2025-12-18,ST30,SKU00719,1,1.8525987
2025-12-18,ST16,SKU00722,3,1.8605534
2025-12-18,ST17,SKU00728,3,1.8747907
2025-12-18,ST07,SKU00735,2,1.8046983
2025-12-18,ST16,SKU00739,1,1.8739153
2025-12-18,ST11,SKU00740,2,1.9173825
2025-12-18,ST27,SKU00762,2,1.7894844
2025-12-18,ST01,SKU00769,1,1.9540123
2025-12-18,ST17,SKU00774,3,1.7763319
2025-12-18,ST19,SKU00778,3,1.8706194
2025-12-18,ST11,SKU00784,3,1.8280073
2025-12-18,ST02,SKU00794,2,1.8621006
2025-12-18,ST03,SKU00803,1,1.914366
2025-12-18,ST30,SKU00805,1,1.8269558
2025-12-18,ST22,SKU00815,1,1.8647819
2025-12-18,ST14,SKU00823,2,1.857644
2025-12-18,ST29,SKU00845,2,1.8472817
2025-12-18,ST10,SKU00846,5,1.8270425
2025-12-18,ST22,SKU00857,2,1.8783468
2025-12-18,ST11,SKU00861,5,1.9585266
2025-12-18,ST20,SKU00866,2,1.93763
2025-12-18,ST05,SKU00876,2,1.9013005
2025-12-18,ST11,SKU00881,3,1.9487941
2025-12-18,ST27,SKU00884,4,1.8520347
2025-12-18,ST14,SKU00886,4,1.9718819
2025-12-18,ST16,SKU00891,1,1.852502
2025-12-18,ST22,SKU00893,1,1.8140154
2025-12-18,ST11,SKU00898,1,1.854045
2025-12-18,ST22,SKU00902,2,1.8055937
2025-12-18,ST11,SKU00905,1,1.8944172
2025-12-18,ST30,SKU00910,1,1.8112986
2025-12-18,ST12,SKU00917,2,1.8626567
2025-12-18,ST22,SKU00942,2,2.002855
2025-12-18,ST14,SKU00945,1,1.9592865
2025-12-18,ST19,SKU00948,1,1.9583439
2025-12-18,ST09,SKU00953,1,1.8212651
2025-12-18,ST25,SKU00963,4,1.8249806
2025-12-18,ST23,SKU00967,2,1.8047605
2025-12-18,ST18,SKU00970,2,1.9374578
2025-12-18,ST28,SKU00974,3,1.914189
2025-12-18,ST30,SKU00980,1,1.8902049
2025-12-18,ST13,SKU00982,4,1.8968252
2025-12-18,ST29,SKU00990,1,1.8346262
2025-12-18,ST30,SKU00994,1,1.835437
2025-12-18,ST11,SKU01007,2,1.8420545
2025-12-18,ST08,SKU01009,1,1.9265732
2025-12-18,ST27,SKU01012,1,1.6575333
2025-12-18,ST18,SKU01014,2,2.0811386
2025-12-18,ST22,SKU01018,2,1.9189293
2025-12-18,ST15,SKU01033,1,1.9602817
2025-12-18,ST15,SKU01037,3,1.9478954
2025-12-18,ST25,SKU01045,1,1.9722643
2025-12-18,ST07,SKU01048,1,1.8634424
2025-12-18,ST04,SKU01056,4,1.9939302
2025-12-18,ST16,SKU01062,1,1.8240434
2025-12-18,ST15,SKU01067,1,1.7878672
2025-12-18,ST07,SKU01088,3,1.8807787
2025-12-18,ST11,SKU01089,1,1.9925886
2025-12-18,ST20,SKU01095,1,1.8200847
2025-12-18,ST03,SKU01103,1,1.8883522
2025-12-18,ST01,SKU01114,2,1.8507115
2025-12-18,ST18,SKU01117,2,1.9892486
2025-12-18,ST19,SKU01120,1,1.8387341
2025-12-18,ST29,SKU01127,1,1.6913868
2025-12-18,ST14,SKU01136,1,1.9053755
2025-12-18,ST04,SKU01139,1,1.8788774
2025-12-18,ST10,SKU01149,1,1.8865349
2025-12-18,ST24,SKU01152,2,1.849561
2025-12-18,ST15,SKU01157,5,1.8895245
2025-12-18,ST01,SKU01158,1,1.791111
2025-12-18,ST05,SKU01159,1,1.961061
2025-12-18,ST18,SKU01163,4,3.7224605
2025-12-18,ST07,SKU01164,1,1.7875993
2025-12-18,ST08,SKU01165,1,1.8330313
2025-12-18,ST21,SKU01166,2,1.8909054
2025-12-18,ST22,SKU01176,2,1.8132484
2025-12-18,ST22,SKU01179,1,1.8389474
2025-12-18,ST25,SKU01183,1,1.8343104
2025-12-18,ST19,SKU01189,1,2.0125592
2025-12-18,ST10,SKU01203,2,1.8749644
2025-12-18,ST30,SKU01235,3,1.8535384
2025-12-18,ST16,SKU01239,1,1.8382509
2025-12-18,ST08,SKU01249,4,1.7524683
2025-12-18,ST11,SKU01263,1,1.9212011
2025-12-18,ST15,SKU01271,1,1.9541601
2025-12-18,ST06,SKU01274,4,1.8740147
2025-12-18,ST20,SKU01280,2,1.8837594
2025-12-18,ST13,SKU01287,1,1.8474475
2025-12-18,ST27,SKU01302,4,1.8333865
2025-12-18,ST30,SKU01315,1,1.8273047
2025-12-18,ST08,SKU01316,2,1.971088
2025-12-18,ST27,SKU01317,4,1.8497422
2025-12-18,ST03,SKU01321,1,1.9463925
2025-12-18,ST22,SKU01343,2,1.8502256
2025-12-18,ST18,SKU01353,3,1.9386348
2025-12-18,ST19,SKU01360,5,1.9192896
2025-12-18,ST25,SKU01363,1,1.8854882
2025-12-18,ST27,SKU01370,1,1.8608377
2025-12-18,ST20,SKU01371,1,1.8356241
2025-12-18,ST05,SKU01375,2,1.8422241
2025-12-18,ST12,SKU01377,2,1.9203374
2025-12-18,ST22,SKU01379,1,1.8430837
2025-12-18,ST16,SKU01394,2,1.913774
2025-12-18,ST22,SKU01395,1,1.8395773
2025-12-18,ST30,SKU01411,1,1.841197
2025-12-18,ST22,SKU01414,4,1.8925072
2025-12-18,ST30,SKU01420,1,1.8735317
2025-12-18,ST09,SKU01426,2,1.8364344
2025-12-18,ST16,SKU01432,3,1.9585171
2025-12-18,ST03,SKU01438,2,1.8534763
2025-12-18,ST04,SKU01439,1,1.8462925
2025-12-18,ST06,SKU01454,1,1.8514395
2025-12-18,ST29,SKU01456,3,1.7205421
2025-12-18,ST19,SKU01457,4,1.8879861
2025-12-18,ST11,SKU01458,2,1.8947755
2025-12-18,ST22,SKU01460,1,1.8623103
2025-12-18,ST25,SKU01466,1,1.7346793
2025-12-18,ST28,SKU01485,1,1.9183974
2025-12-18,ST06,SKU01489,2,1.7438374
2025-12-18,ST30,SKU01492,1,1.8358607
2025-12-18,ST06,SKU01501,2,1.8699176
2025-12-18,ST29,SKU01507,1,1.8914254
2025-12-18,ST21,SKU01508,1,1.9536029
2025-12-18,ST03,SKU01525,2,1.8434821
2025-12-18,ST14,SKU01555,1,1.8359444
2025-12-18,ST05,SKU01576,3,1.7976562
2025-12-18,ST22,SKU01579,3,1.9083765
2025-12-18,ST29,SKU01587,3,1.8648454
2025-12-18,ST28,SKU01598,4,1.8519801
2025-12-18,ST24,SKU01602,1,1.8174323
2025-12-18,ST30,SKU01617,2,1.9037844
2025-12-18,ST21,SKU01631,1,1.8499203
2025-12-18,ST23,SKU01638,1,1.8288157
2025-12-18,ST06,SKU01640,1,1.8784792
2025-12-18,ST21,SKU01642,2,1.837141
2025-12-18,ST30,SKU01648,1,1.8110601
2025-12-18,ST29,SKU01677,1,1.8971416
2025-12-18,ST15,SKU01685,3,1.8861053
2025-12-18,ST18,SKU01696,3,1.8639678
2025-12-18,ST12,SKU01698,1,1.8164232
2025-12-18,ST16,SKU01701,5,1.9676782
2025-12-18,ST07,SKU01703,3,1.8255857
2025-12-18,ST28,SKU01714,2,1.903643
2025-12-18,ST20,SKU01716,3,1.882729
2025-12-18,ST11,SKU01717,2,1.9298389
2025-12-18,ST25,SKU01730,2,1.9064338
2025-12-18,ST03,SKU01732,2,1.9977252
2025-12-18,ST07,SKU01734,1,1.7700927
2025-12-18,ST25,SKU01751,3,1.8751173
2025-12-18,ST30,SKU01752,1,1.9231012
2025-12-18,ST01,SKU01761,1,1.8465054
2025-12-18,ST04,SKU01767,2,1.8304237
2025-12-18,ST07,SKU01770,1,1.6216915
2025-12-18,ST27,SKU01772,5,1.8496314
2025-12-18,ST08,SKU01775,2,1.8710555
2025-12-18,ST22,SKU01784,2,1.830138
2025-12-18,ST08,SKU01786,1,1.9100128
2025-12-18,ST21,SKU01797,1,1.8341728
2025-12-18,ST18,SKU01820,4,1.9346724
2025-12-18,ST27,SKU01823,5,1.9083474
2025-12-18,ST22,SKU01825,1,1.8564713
2025-12-18,ST03,SKU01826,1,1.8794026
2025-12-18,ST14,SKU01828,3,1.786787
2025-12-18,ST08,SKU01834,3,1.7930468
2025-12-18,ST07,SKU01842,2,1.9337549
2025-12-18,ST28,SKU01843,2,1.8968192
2025-12-18,ST15,SKU01863,1,1.7798591
2025-12-18,ST12,SKU01878,1,1.7534486
2025-12-18,ST17,SKU01882,1,1.8572607
2025-12-18,ST08,SKU01884,3,1.9062037
2025-12-18,ST11,SKU01890,1,2.0288544
2025-12-18,ST12,SKU01897,3,1.90169
2025-12-18,ST10,SKU01899,3,1.8896699
2025-12-18,ST20,SKU01916,1,1.8415564
2025-12-18,ST20,SKU01927,2,1.8813093
2025-12-18,ST22,SKU01934,1,1.7748615
2025-12-18,ST11,SKU01938,3,1.9308678
2025-12-18,ST20,SKU01944,1,1.7827493
2025-12-18,ST28,SKU01964,3,1.9767818
2025-12-18,ST09,SKU01966,3,2.0238883
2025-12-18,ST12,SKU01968,1,1.8237251
2025-12-18,ST11,SKU01969,3,1.8347366
2025-12-18,ST14,SKU01972,3,1.9303168
2025-12-18,ST15,SKU01973,1,1.9436675
2025-12-18,ST11,SKU01977,1,1.8179953
2025-12-18,ST17,SKU01978,1,1.8324502
2025-12-18,ST25,SKU01980,1,1.8501967
2025-12-18,ST23,SKU01987,4,1.9042729
2025-12-18,ST27,SKU01988,1,1.960305
2025-12-18,ST11,SKU01991,4,1.9144475
2025-12-18,ST13,SKU01992,1,1.8836024
2025-12-18,ST12,SKU01993,2,1.8842409
2025-12-18,ST15,SKU01995,3,1.8359145
2025-12-18,ST06,SKU02002,1,1.7317221
2025-12-18,ST28,SKU02004,3,1.9958239
2025-12-18,ST18,SKU02007,2,1.8373939
2025-12-18,ST15,SKU02008,2,2.0374424
2025-12-18,ST16,SKU02012,3,1.8100039
2025-12-18,ST11,SKU02018,1,1.8717362
2025-12-18,ST08,SKU02024,1,1.7393855
2025-12-18,ST03,SKU02029,1,1.7791597
2025-12-18,ST15,SKU02030,1,2.0661492
2025-12-18,ST07,SKU02031,1,1.9036907
2025-12-18,ST27,SKU02034,2,1.786469
2025-12-18,ST28,SKU02036,2,1.9276056
2025-12-18,ST11,SKU02043,2,1.8527067
2025-12-18,ST24,SKU02046,2,1.9075274
2025-12-18,ST13,SKU02052,1,1.9261351
2025-12-18,ST26,SKU02054,2,1.8583632
2025-12-18,ST28,SKU02056,1,1.9072198
2025-12-18,ST01,SKU02059,1,1.750486
2025-12-18,ST07,SKU02068,3,1.8900762
2025-12-18,ST23,SKU02077,1,1.9901936
2025-12-18,ST27,SKU02079,5,1.8155341
2025-12-18,ST07,SKU02081,1,1.9581907
2025-12-18,ST14,SKU02088,1,1.685755
2025-12-18,ST23,SKU02091,1,1.8080701
2025-12-18,ST11,SKU02100,2,1.8886671
2025-12-18,ST12,SKU02105,3,1.8807032
2025-12-18,ST30,SKU02111,2,1.8915881
2025-12-18,ST09,SKU02119,1,1.9463074
2025-12-18,ST28,SKU02121,2,1.8471587
2025-12-18,ST14,SKU02125,1,1.8857055
2025-12-18,ST23,SKU02128,1,1.8676466
2025-12-18,ST20,SKU02133,3,1.8590643
2025-12-18,ST23,SKU02141,4,1.9083997
2025-12-18,ST15,SKU02143,2,1.8605311
2025-12-18,ST07,SKU02156,2,1.9979844
2025-12-18,ST03,SKU02165,1,1.9523522
2025-12-18,ST30,SKU02171,2,1.9076653
2025-12-18,ST19,SKU02176,1,1.8351427
2025-12-18,ST11,SKU02177,3,1.9511245
2025-12-18,ST25,SKU02183,1,1.8623998
2025-12-18,ST28,SKU02185,1,1.8558317
2025-12-18,ST30,SKU02191,1,1.8854152
2025-12-18,ST29,SKU02192,5,1.8870825
2025-12-18,ST11,SKU02196,3,1.8596654
2025-12-18,ST02,SKU02216,2,1.8284556
2025-12-18,ST08,SKU02222,1,1.9032921
2025-12-18,ST17,SKU02224,2,1.7460842
2025-12-18,ST03,SKU02225,1,1.8867866
2025-12-18,ST09,SKU02250,2,1.8075545
2025-12-18,ST30,SKU02265,1,1.8256679
2025-12-18,ST20,SKU02284,3,1.8606973
2025-12-18,ST11,SKU02287,4,1.882062
2025-12-18,ST15,SKU02298,1,1.8297411
2025-12-18,ST29,SKU02308,5,1.8512312
2025-12-18,ST20,SKU02314,2,1.8469373
2025-12-18,ST21,SKU02317,1,1.9647743
2025-12-18,ST03,SKU02335,2,1.9498887
2025-12-18,ST30,SKU02338,1,1.8746784
2025-12-18,ST29,SKU02340,2,1.9135537
2025-12-18,ST18,SKU02342,1,1.8852949
2025-12-18,ST21,SKU02345,1,1.8908695
2025-12-18,ST18,SKU02352,1,1.8176104
2025-12-18,ST30,SKU02353,5,1.8854614
2025-12-18,ST14,SKU02368,1,1.7930115
2025-12-18,ST01,SKU02370,2,1.8951651
2025-12-18,ST30,SKU02371,1,1.8372439
2025-12-18,ST20,SKU02381,1,1.7408469
2025-12-18,ST08,SKU02387,2,1.9760084
2025-12-18,ST04,SKU02397,1,2.096114
2025-12-18,ST05,SKU02404,2,1.8058859
2025-12-18,ST29,SKU02412,2,1.8943979
2025-12-18,ST16,SKU02415,3,1.8676733
2025-12-18,ST22,SKU02431,1,1.926237
2025-12-18,ST03,SKU02437,1,1.880651
2025-12-18,ST17,SKU02442,2,1.9232168
2025-12-18,ST27,SKU02445,1,1.9155102
2025-12-18,ST24,SKU02449,1,1.9103318
2025-12-18,ST24,SKU02450,2,1.8335961
2025-12-18,ST12,SKU02462,2,2.007898
2025-12-18,ST07,SKU02466,1,1.895379
2025-12-18,ST13,SKU02477,1,1.8462805
2025-12-18,ST20,SKU02484,2,1.9224902
2025-12-18,ST04,SKU02490,2,1.9339118
2025-12-18,ST23,SKU02493,3,1.8701866
2025-12-18,ST01,SKU02495,1,1.8610445
2025-12-18,ST14,SKU02496,2,1.8666328
2025-12-18,ST13,SKU02505,1,1.9364746
2025-12-18,ST29,SKU02522,3,1.949003
2025-12-18,ST30,SKU02524,2,1.8354896
2025-12-18,ST08,SKU02527,1,1.9389939
2025-12-18,ST09,SKU02529,4,1.8732771
2025-12-18,ST09,SKU02536,1,1.9061631
2025-12-18,ST21,SKU02537,1,1.910349
2025-12-18,ST27,SKU02538,1,1.8621742
2025-12-18,ST25,SKU02541,1,1.9976221
2025-12-18,ST23,SKU02542,3,1.7663711
2025-12-18,ST13,SKU02547,2,1.8919932
2025-12-18,ST13,SKU02561,1,1.9196823
2025-12-18,ST09,SKU02614,2,1.8978142
2025-12-18,ST09,SKU02616,1,1.8076776
2025-12-18,ST01,SKU02627,1,1.8496717
2025-12-18,ST13,SKU02630,1,1.8551927
2025-12-18,ST14,SKU02640,2,1.9031239
2025-12-18,ST28,SKU02643,5,2.26
2025-12-18,ST05,SKU02646,3,1.8254869
2025-12-18,ST03,SKU02651,5,1.8614794
2025-12-18,ST23,SKU02684,3,1.8722733
2025-12-18,ST29,SKU02685,4,1.8506238
2025-12-18,ST22,SKU02692,3,1.9422324
2025-12-18,ST15,SKU02693,1,1.8746793
2025-12-18,ST06,SKU02694,3,1.8631635
2025-12-18,ST13,SKU02704,1,1.8933084
2025-12-18,ST03,SKU02705,1,2.0118647
2025-12-18,ST28,SKU02706,1,1.9417557
2025-12-18,ST27,SKU02711,2,1.8455349
2025-12-18,ST13,SKU02715,2,1.9047165
2025-12-18,ST03,SKU02720,1,2.086935
2025-12-18,ST20,SKU02725,4,1.8994517
2025-12-18,ST05,SKU02737,1,1.854925
2025-12-18,ST30,SKU02740,2,1.9930487
2025-12-18,ST14,SKU02748,1,1.8774911
2025-12-18,ST01,SKU02761,2,1.8568593
2025-12-18,ST12,SKU02762,2,1.8494034
2025-12-18,ST05,SKU02783,3,1.8702047
2025-12-18,ST23,SKU02797,2,1.872242
2025-12-18,ST07,SKU02800,1,1.8490955
2025-12-18,ST06,SKU02810,1,1.835222
2025-12-18,ST18,SKU02812,1,1.784184
2025-12-18,ST04,SKU02820,1,1.8512362
2025-12-18,ST23,SKU02826,3,1.9018859
2025-12-18,ST06,SKU02849,2,1.8551446
2025-12-18,ST28,SKU02858,2,1.8449279
2025-12-18,ST21,SKU02868,4,1.837711
2025-12-18,ST08,SKU02870,1,1.9648212
2025-12-18,ST02,SKU02881,1,1.8560002
2025-12-18,ST20,SKU02891,1,1.9431182
2025-12-18,ST24,SKU02892,3,1.7413747
2025-12-18,ST19,SKU02893,2,1.829124
2025-12-18,ST11,SKU02894,1,1.8690112
2025-12-18,ST20,SKU02898,2,2.0825045
2025-12-18,ST19,SKU02912,1,1.7983559
2025-12-18,ST17,SKU02930,4,1.8647878
2025-12-18,ST09,SKU02936,4,1.854176
2025-12-18,ST20,SKU02952,3,1.8637197
2025-12-18,ST09,SKU02953,1,1.9255266
2025-12-18,ST28,SKU02954,2,1.8037484
2025-12-18,ST29,SKU02962,2,1.8540753
2025-12-18,ST18,SKU02965,1,1.8655195
2025-12-18,ST20,SKU02970,4,1.8892591
2025-12-18,ST24,SKU02986,1,1.8836027
2025-12-18,ST09,SKU02993,1,1.8511983
2025-12-18,ST14,SKU02997,1,1.8396496
2025-12-18,ST22,SKU03001,2,1.9491258
2025-12-18,ST29,SKU03004,3,1.8824583
2025-12-18,ST04,SKU03010,4,1.9506155
2025-12-18,ST01,SKU03016,1,1.9400009
2025-12-18,ST18,SKU03021,2,1.8551296
2025-12-18,ST03,SKU03045,3,1.8852098
2025-12-18,ST23,SKU03049,1,1.7973977
2025-12-18,ST28,SKU03051,1,1.847288
2025-12-18,ST27,SKU03053,1,1.98791
2025-12-18,ST06,SKU03066,2,1.8479801
2025-12-18,ST25,SKU03071,1,1.9077088
2025-12-18,ST28,SKU03077,2,1.954541
2025-12-18,ST30,SKU03086,1,1.8735094
2025-12-18,ST17,SKU03088,2,1.9986157
2025-12-18,ST19,SKU03098,1,1.8287472
2025-12-18,ST02,SKU03127,3,1.9254196
2025-12-18,ST22,SKU03130,2,1.8909793
2025-12-18,ST19,SKU03133,1,1.8596942
2025-12-18,ST16,SKU03159,3,1.8878077
2025-12-18,ST28,SKU03166,1,1.7771231
2025-12-18,ST23,SKU03171,2,1.8373013
2025-12-18,ST21,SKU03174,2,1.9383383
2025-12-18,ST24,SKU03175,3,1.981797
2025-12-18,ST30,SKU03176,1,1.8999884
2025-12-18,ST16,SKU03181,1,1.8634998
2025-12-18,ST15,SKU03186,1,1.8352602
2025-12-18,ST20,SKU03199,1,1.7884027
2025-12-18,ST03,SKU03207,3,1.9321184
2025-12-18,ST06,SKU03213,5,1.8688989
2025-12-18,ST30,SKU03217,1,1.8971152
2025-12-18,ST17,SKU03219,1,1.8757403
2025-12-18,ST20,SKU03225,3,1.8320351
2025-12-18,ST17,SKU03226,2,1.8447477
2025-12-18,ST27,SKU03259,1,2.074417
2025-12-18,ST21,SKU03264,1,1.8433647
2025-12-18,ST08,SKU03276,1,1.942771
2025-12-18,ST22,SKU03278,3,1.860688
2025-12-18,ST20,SKU03292,1,1.9336631
2025-12-18,ST01,SKU03297,5,1.8460505
2025-12-18,ST17,SKU03309,1,1.8867834
2025-12-18,ST06,SKU03316,2,1.8988636
2025-12-18,ST05,SKU03340,2,1.8659967
2025-12-18,ST28,SKU03341,1,1.8102245
2025-12-18,ST20,SKU03345,2,1.8216038
2025-12-18,ST24,SKU03348,2,1.9059277
2025-12-18,ST13,SKU03350,2,1.8909925
2025-12-18,ST22,SKU03353,2,2.2292845
2025-12-18,ST11,SKU03360,1,1.9198484
2025-12-18,ST26,SKU03362,1,1.8545741
2025-12-18,ST06,SKU03364,1,1.8510902
2025-12-18,ST19,SKU03374,5,1.7988927
2025-12-18,ST09,SKU03378,1,1.856514
2025-12-18,ST03,SKU03384,2,1.8601813
2025-12-18,ST10,SKU03396,3,1.8318925
2025-12-18,ST27,SKU03405,1,1.8627406
2025-12-18,ST29,SKU03406,3,1.8430945
2025-12-18,ST30,SKU03409,1,1.8638551
2025-12-18,ST20,SKU03419,1,1.8333384
2025-12-18,ST18,SKU03427,3,1.9620503
2025-12-18,ST10,SKU03432,1,1.9083179
2025-12-18,ST20,SKU03455,1,1.8044475
2025-12-18,ST20,SKU03466,2,1.7908854
2025-12-18,ST05,SKU03471,2,1.8865861
2025-12-18,ST29,SKU03474,2,1.8685223
2025-12-18,ST11,SKU03479,1,1.8526348
2025-12-18,ST17,SKU03481,2,1.9486115
2025-12-18,ST04,SKU03489,2,1.8324186
2025-12-18,ST17,SKU03491,2,1.8469967
2025-12-18,ST19,SKU03501,1,1.9006596
2025-12-18,ST29,SKU03503,1,1.8867825
2025-12-18,ST05,SKU03509,3,1.8519975
2025-12-18,ST15,SKU03522,2,1.8873391
2025-12-18,ST08,SKU03525,1,1.816911
2025-12-18,ST06,SKU03535,1,2.0519774
2025-12-18,ST06,SKU03536,1,1.8643003
2025-12-18,ST07,SKU03540,4,1.835048
2025-12-18,ST06,SKU03553,1,1.8319813
2025-12-18,ST19,SKU03566,3,1.8686838
2025-12-18,ST03,SKU03576,1,1.8994629
2025-12-18,ST28,SKU03587,1,1.9668798
2025-12-18,ST09,SKU03589,2,1.8619916
2025-12-18,ST07,SKU03591,2,1.9193435
2025-12-18,ST03,SKU03592,1,1.8589493
2025-12-18,ST10,SKU03601,1,1.8248256
2025-12-18,ST29,SKU03604,1,1.9096577
2025-12-18,ST29,SKU03610,5,1.891942
2025-12-18,ST29,SKU03616,5,1.7461123
2025-12-18,ST22,SKU03621,1,1.9025464
2025-12-18,ST21,SKU03625,2,1.8460892
2025-12-18,ST14,SKU03626,2,1.9273151
2025-12-18,ST07,SKU03629,2,1.8525475
2025-12-18,ST28,SKU03635,1,1.8776987
2025-12-18,ST04,SKU03651,5,1.8912244
2025-12-18,ST02,SKU03660,1,1.8306406
2025-12-18,ST22,SKU03662,1,1.816478
2025-12-18,ST08,SKU03666,1,1.8857993
2025-12-18,ST22,SKU03671,2,1.8873047
2025-12-18,ST06,SKU03678,4,1.8456403
2025-12-18,ST29,SKU03692,2,1.875371
2025-12-18,ST29,SKU03693,1,2.0127583
2025-12-18,ST29,SKU03694,2,1.8328539
2025-12-18,ST01,SKU03704,1,2.0612419
2025-12-18,ST30,SKU03707,3,1.9012092
2025-12-18,ST19,SKU03714,2,1.8284054
2025-12-18,ST06,SKU03717,3,1.8629925
2025-12-18,ST19,SKU03721,1,1.8217688
2025-12-18,ST27,SKU03727,2,3.1519644
2025-12-18,ST22,SKU03731,5,1.8838466
2025-12-18,ST30,SKU03734,4,1.9056518
2025-12-18,ST07,SKU03743,3,1.886444
2025-12-18,ST14,SKU03747,1,1.9453738
2025-12-18,ST25,SKU03750,3,1.8159609
2025-12-18,ST29,SKU03757,5,1.7758706
2025-12-18,ST07,SKU03762,1,1.8908644
2025-12-18,ST22,SKU03769,1,1.8842965
2025-12-18,ST27,SKU03785,1,1.942177
2025-12-18,ST08,SKU03790,1,1.86773
2025-12-18,ST04,SKU03799,1,1.8229041
2025-12-18,ST24,SKU03802,1,1.8716983
2025-12-18,ST22,SKU03820,1,2.1958208
2025-12-18,ST14,SKU03823,5,1.7640549
2025-12-18,ST17,SKU03826,1,1.7574502
2025-12-18,ST22,SKU03834,1,1.8727221
2025-12-18,ST17,SKU03840,1,1.8487442
2025-12-18,ST09,SKU03878,1,1.5611899
2025-12-18,ST01,SKU03881,2,1.8474505
2025-12-18,ST20,SKU03886,2,1.8619975
2025-12-18,ST11,SKU03890,2,1.8558115
2025-12-18,ST21,SKU03893,2,1.9264901
2025-12-18,ST30,SKU03901,1,1.8618313
2025-12-18,ST25,SKU03907,1,1.8859478
2025-12-18,ST17,SKU03914,3,1.8692733
2025-12-18,ST28,SKU03919,3,1.884906
2025-12-18,ST08,SKU03920,2,1.8345803
2025-12-18,ST07,SKU03924,2,1.8555557
2025-12-18,ST23,SKU03929,1,1.8983788
2025-12-18,ST04,SKU03934,1,1.8315394
2025-12-18,ST01,SKU03944,2,1.903411
2025-12-18,ST03,SKU03945,2,1.884109
2025-12-18,ST24,SKU03956,3,1.8760686
2025-12-18,ST28,SKU03960,4,1.8730061
2025-12-18,ST01,SKU03962,4,1.856274
2025-12-18,ST20,SKU03967,5,1.8551487
2025-12-18,ST17,SKU03969,1,1.8934681
2025-12-18,ST15,SKU03973,1,1.8931469
2025-12-18,ST08,SKU03996,4,1.8569542
2025-12-18,ST17,SKU04000,1,1.9392662
2025-12-18,ST30,SKU04032,1,1.901809
2025-12-18,ST09,SKU04033,1,1.8901216
2025-12-18,ST26,SKU04041,1,1.8491422
2025-12-18,ST28,SKU04046,3,1.8392366
2025-12-18,ST07,SKU04056,3,2.0325756
2025-12-18,ST09,SKU04068,4,1.8702344
2025-12-18,ST20,SKU04073,1,1.8598715
2025-12-18,ST14,SKU04076,3,1.8497982
2025-12-18,ST30,SKU04084,3,1.6963077
2025-12-18,ST09,SKU04088,2,1.897309
2025-12-18,ST12,SKU04093,1,1.8587086
2025-12-18,ST12,SKU04099,3,1.9563404
2025-12-18,ST08,SKU04105,1,2.1049876
2025-12-18,ST27,SKU04112,1,1.8210094
2025-12-18,ST19,SKU04124,2,1.8422872
2025-12-18,ST17,SKU04125,1,2.0619314
2025-12-18,ST10,SKU04140,5,1.9155397
2025-12-18,ST25,SKU04150,2,1.89211
2025-12-18,ST30,SKU04154,5,4.155366
2025-12-18,ST22,SKU04155,3,1.8406423
2025-12-18,ST28,SKU04157,1,1.8125796
2025-12-18,ST13,SKU04164,5,1.8922452
2025-12-18,ST16,SKU04166,1,1.9499035
2025-12-18,ST21,SKU04179,2,1.8713566
2025-12-18,ST27,SKU04185,1,1.9363712
2025-12-18,ST28,SKU04188,5,1.8545282
2025-12-18,ST06,SKU04191,1,1.8006392
2025-12-18,ST30,SKU04193,2,1.8172692
2025-12-18,ST27,SKU04194,3,1.929835
2025-12-18,ST09,SKU04196,1,2.093912
2025-12-18,ST20,SKU04197,1,1.9564582
2025-12-18,ST21,SKU04198,1,1.8680238
2025-12-18,ST23,SKU04206,1,1.8184657
2025-12-18,ST27,SKU04207,1,1.8761624
2025-12-18,ST29,SKU04212,2,1.8265848
2025-12-18,ST21,SKU04214,1,1.8940653
2025-12-18,ST08,SKU04223,1,1.8113654
2025-12-18,ST01,SKU04225,1,1.8777475
2025-12-18,ST18,SKU04226,1,1.8289758
2025-12-18,ST21,SKU04233,2,1.8972646
2025-12-18,ST30,SKU04239,2,1.8652391
2025-12-18,ST30,SKU04245,1,1.9869245
2025-12-18,ST22,SKU04258,1,1.8454355
2025-12-18,ST19,SKU04266,5,1.8590229
2025-12-18,ST24,SKU04270,2,1.8282617
2025-12-18,ST20,SKU04273,3,1.8154067
2025-12-18,ST04,SKU04290,1,1.8702375
2025-12-18,ST30,SKU04294,3,1.8660971
2025-12-18,ST08,SKU04306,1,1.9731748
2025-12-18,ST16,SKU04307,5,1.9447297
2025-12-18,ST21,SKU04311,5,1.8924595
2025-12-18,ST19,SKU04312,2,1.8084716
2025-12-18,ST14,SKU04315,1,1.8657459
2025-12-18,ST29,SKU04317,1,1.8181374
2025-12-18,ST22,SKU04318,2,1.9228892
2025-12-18,ST30,SKU04321,2,1.9807929
2025-12-18,ST17,SKU04335,5,1.875716
2025-12-18,ST29,SKU04339,1,1.8535302
2025-12-18,ST07,SKU04344,1,1.8085736
2025-12-18,ST15,SKU04346,1,2.1912801
2025-12-18,ST28,SKU04347,2,1.8561342
2025-12-18,ST23,SKU04359,2,1.8490683
2025-12-18,ST26,SKU04366,1,2.06209
2025-12-18,ST05,SKU04368,2,1.8808665
2025-12-18,ST23,SKU04380,3,1.9376916
2025-12-18,ST06,SKU04387,1,1.8493313
2025-12-18,ST04,SKU04394,1,1.8461792
2025-12-18,ST06,SKU04400,4,1.891821
2025-12-18,ST07,SKU04404,1,1.8962945
2025-12-18,ST13,SKU04428,3,1.76246
2025-12-18,ST30,SKU04440,1,1.881025
2025-12-18,ST16,SKU04444,3,1.8927268
2025-12-18,ST19,SKU04447,1,1.8976123
2025-12-18,ST27,SKU04453,1,1.9099708
2025-12-18,ST13,SKU04458,3,1.8614502
2025-12-18,ST09,SKU04466,1,1.8495624
2025-12-18,ST10,SKU04483,4,1.7706349
2025-12-18,ST27,SKU04508,1,1.8336182
2025-12-18,ST01,SKU04519,1,1.8505886
2025-12-18,ST29,SKU04531,3,1.8764985
2025-12-18,ST11,SKU04537,1,1.9638667
2025-12-18,ST30,SKU04538,2,1.8749591
2025-12-18,ST29,SKU04547,1,2.0317621
2025-12-18,ST25,SKU04548,2,1.9081525
2025-12-18,ST11,SKU04560,1,1.8429751
2025-12-18,ST27,SKU04562,1,1.77524
2025-12-18,ST29,SKU04570,1,1.8705473
2025-12-18,ST19,SKU04571,1,1.9031842
2025-12-18,ST03,SKU04572,2,1.9202089
2025-12-18,ST29,SKU04578,1,1.7858062
2025-12-18,ST24,SKU04579,1,1.7872772
2025-12-18,ST28,SKU04596,1,1.914498
2025-12-18,ST06,SKU04609,1,1.8734468
2025-12-18,ST17,SKU04610,3,1.9779159
2025-12-18,ST20,SKU04614,1,1.8690765
2025-12-18,ST27,SKU04618,1,1.9304266
2025-12-18,ST27,SKU04621,2,1.9788783
2025-12-18,ST26,SKU04625,1,1.852582
2025-12-18,ST22,SKU04626,2,1.7705163
2025-12-18,ST08,SKU04634,1,1.906051
2025-12-18,ST14,SKU04643,1,1.9397281
2025-12-18,ST11,SKU04653,2,1.8130571
2025-12-18,ST15,SKU04658,2,1.834227
2025-12-18,ST03,SKU04662,1,1.8891249
2025-12-18,ST28,SKU04665,2,1.8534827
2025-12-18,ST06,SKU04669,1,1.9105119
2025-12-18,ST04,SKU04675,1,1.828001
2025-12-18,ST26,SKU04680,3,1.8655838
2025-12-18,ST01,SKU04706,2,1.7079366
2025-12-18,ST24,SKU04715,3,1.8917705
2025-12-18,ST22,SKU04730,4,1.8529087
2025-12-18,ST22,SKU04741,1,1.7962098
2025-12-18,ST20,SKU04745,3,1.8977971
2025-12-18,ST29,SKU04746,1,1.9219372
2025-12-18,ST25,SKU04783,1,1.8816035
2025-12-18,ST27,SKU04785,2,1.912144
2025-12-18,ST27,SKU04808,1,1.9014448
2025-12-18,ST08,SKU04818,1,1.8508143
2025-12-18,ST08,SKU04827,1,1.8683695
2025-12-18,ST28,SKU04833,1,1.8597437
2025-12-18,ST06,SKU04850,2,1.8697858
2025-12-18,ST20,SKU04853,1,1.9384929
2025-12-18,ST29,SKU04857,1,1.8026919
2025-12-18,ST11,SKU04859,1,1.8897836
2025-12-18,ST21,SKU04870,1,1.8057442
2025-12-18,ST09,SKU04872,1,1.8317943
2025-12-18,ST30,SKU04875,5,1.9029878
2025-12-18,ST12,SKU04878,1,1.8754565
2025-12-18,ST15,SKU04893,1,1.8767321
2025-12-18,ST29,SKU04913,3,1.9229926
2025-12-18,ST06,SKU04920,3,1.7511443
2025-12-18,ST02,SKU04933,1,1.8834441
2025-12-18,ST22,SKU04934,4,1.9250145
2025-12-18,ST01,SKU04936,2,1.8869995
2025-12-18,ST22,SKU04954,1,2.007377
2025-12-18,ST30,SKU04957,5,1.8814182
2025-12-18,ST23,SKU04961,1,1.8247035
2025-12-18,ST30,SKU04962,1,1.8603928
2025-12-18,ST28,SKU04977,1,1.8416584
2025-12-19,ST28,SKU00002,1,1.5012981
2025-12-19,ST20,SKU00014,5,1.8953575
2025-12-19,ST23,SKU00016,4,2.004618
2025-12-19,ST30,SKU00020,3,1.9041165
2025-12-19,ST07,SKU00025,3,1.8873354
2025-12-19,ST23,SKU00030,1,1.8742055
2025-12-19,ST07,SKU00033,2,1.8791622
2025-12-19,ST17,SKU00041,4,1.8916117
2025-12-19,ST03,SKU00044,1,1.8024454
2025-12-19,ST19,SKU00048,2,1.86673
2025-12-19,ST23,SKU00055,3,1.7996262
2025-12-19,ST29,SKU00062,1,1.9149859
2025-12-19,ST16,SKU00063,4,1.8596486
2025-12-19,ST14,SKU00071,1,1.8577204
2025-12-19,ST04,SKU00072,1,1.8695415
2025-12-19,ST28,SKU00079,1,2.0328705
2025-12-19,ST05,SKU00090,1,1.8692048
2025-12-19,ST25,SKU00091,2,1.8719834
2025-12-19,ST11,SKU00092,5,3.5657904
2025-12-19,ST15,SKU00096,2,1.9037852
2025-12-19,ST24,SKU00100,2,1.9618726
2025-12-19,ST03,SKU00104,1,1.9059341
2025-12-19,ST19,SKU00105,1,1.8684673
2025-12-19,ST09,SKU00113,2,1.8985927
2025-12-19,ST28,SKU00116,1,1.8447431
2025-12-19,ST07,SKU00123,1,1.8629873
2025-12-19,ST01,SKU00125,1,1.8340046
2025-12-19,ST03,SKU00126,1,1.9418012
2025-12-19,ST06,SKU00144,1,1.8590726
2025-12-19,ST06,SKU00146,1,1.8513362
2025-12-19,ST17,SKU00150,2,1.8605188
2025-12-19,ST04,SKU00158,1,1.8086594
2025-12-19,ST10,SKU00164,1,1.8418219
2025-12-19,ST02,SKU00169,2,1.9858207
2025-12-19,ST09,SKU00171,3,1.9136133
2025-12-19,ST10,SKU00175,3,1.8224525
2025-12-19,ST16,SKU00178,1,1.8544453
2025-12-19,ST29,SKU00182,1,1.8606989
2025-12-19,ST22,SKU00190,1,1.8479396
2025-12-19,ST03,SKU00192,3,1.865581
2025-12-19,ST04,SKU00206,1,1.9242582
2025-12-19,ST29,SKU00207,3,1.9077474
2025-12-19,ST08,SKU00216,1,1.7731965
2025-12-19,ST16,SKU00222,2,1.7535839
2025-12-19,ST21,SKU00231,1,1.9196075
2025-12-19,ST11,SKU00243,1,1.821012
2025-12-19,ST17,SKU00249,1,1.9269668
2025-12-19,ST04,SKU00254,3,1.7993557
2025-12-19,ST24,SKU00257,1,1.8115121
2025-12-19,ST04,SKU00259,2,1.742092
2025-12-19,ST13,SKU00260,1,1.8165097
2025-12-19,ST29,SKU00263,2,1.8200493
2025-12-19,ST21,SKU00264,2,1.8445293
2025-12-19,ST05,SKU00265,2,1.8648763
2025-12-19,ST22,SKU00271,1,1.9855143
2025-12-19,ST21,SKU00275,1,1.9805939
2025-12-19,ST29,SKU00285,1,1.935106
2025-12-19,ST14,SKU00286,1,1.8860694
2025-12-19,ST17,SKU00287,1,1.8179644
2025-12-19,ST16,SKU00291,2,1.8288937
2025-12-19,ST06,SKU00333,1,2.0173228
2025-12-19,ST21,SKU00335,2,1.8496853
2025-12-19,ST03,SKU00370,1,1.8511038
2025-12-19,ST22,SKU00385,3,1.8299965
2025-12-19,ST19,SKU00389,3,1.8362702
2025-12-19,ST06,SKU00409,3,1.877411
2025-12-19,ST09,SKU00414,1,1.8515338
2025-12-19,ST08,SKU00422,1,1.7746992
2025-12-19,ST12,SKU00426,1,1.8465323
2025-12-19,ST08,SKU00429,1,1.8228111
2025-12-19,ST29,SKU00431,3,1.8926477
2025-12-19,ST27,SKU00445,3,1.7602755
2025-12-19,ST04,SKU00456,4,1.8556051
2025-12-19,ST09,SKU00457,4,1.8417596
2025-12-19,ST30,SKU00465,3,1.7905731
2025-12-19,ST09,SKU00478,1,2.122543
2025-12-19,ST24,SKU00484,1,1.8040639
2025-12-19,ST20,SKU00486,1,1.9194677
2025-12-19,ST22,SKU00495,3,1.86142
2025-12-19,ST09,SKU00497,1,1.7491591
2025-12-19,ST06,SKU00499,2,1.8797928
2025-12-19,ST28,SKU00504,1,1.890806
2025-12-19,ST09,SKU00509,2,1.8709606
2025-12-19,ST30,SKU00515,1,1.9211689
2025-12-19,ST20,SKU00518,1,1.8757635
2025-12-19,ST29,SKU00520,2,1.8744307
2025-12-19,ST18,SKU00539,2,1.8965611
2025-12-19,ST11,SKU00540,1,1.8980342
2025-12-19,ST04,SKU00548,1,1.9089712
2025-12-19,ST25,SKU00554,3,2.3424344
2025-12-19,ST13,SKU00558,1,1.8552374
2025-12-19,ST26,SKU00561,2,1.8409855
2025-12-19,ST27,SKU00562,1,1.8889626
2025-12-19,ST18,SKU00573,1,1.9039863
2025-12-19,ST30,SKU00587,2,1.8298448
2025-12-19,ST23,SKU00596,3,1.8761046
2025-12-19,ST17,SKU00602,3,1.8825947
2025-12-19,ST07,SKU00618,1,1.9040157
2025-12-19,ST02,SKU00619,1,1.8979232
2025-12-19,ST07,SKU00625,2,1.8586229
2025-12-19,ST14,SKU00628,5,1.7820635
2025-12-19,ST18,SKU00630,1,1.8060443
2025-12-19,ST30,SKU00636,5,1.823603
2025-12-19,ST22,SKU00644,1,1.8560693
2025-12-19,ST18,SKU00646,1,1.8577826
2025-12-19,ST04,SKU00666,3,1.8830593
2025-12-19,ST11,SKU00667,1,1.8349208
2025-12-19,ST06,SKU00678,3,1.8109813
2025-12-19,ST18,SKU00685,1,2.0495076
2025-12-19,ST20,SKU00687,2,1.8937224
2025-12-19,ST30,SKU00688,3,1.8995765
2025-12-19,ST09,SKU00694,3,1.8249342
2025-12-19,ST30,SKU00698,2,1.8556491
2025-12-19,ST13,SKU00699,3,1.9279239
2025-12-19,ST25,SKU00714,2,1.8710301
2025-12-19,ST11,SKU00716,1,1.8607677
2025-12-19,ST12,SKU00723,1,1.879553
2025-12-19,ST24,SKU00728,2,1.9325153
2025-12-19,ST18,SKU00730,4,1.8784707
2025-12-19,ST30,SKU00731,4,1.9542987
2025-12-19,ST28,SKU00732,4,1.6758476
2025-12-19,ST01,SKU00745,2,1.844746
2025-12-19,ST28,SKU00750,1,1.8793544
2025-12-19,ST13,SKU00752,2,1.8672339
2025-12-19,ST22,SKU00754,4,1.7046523
2025-12-19,ST14,SKU00772,1,1.8875874
2025-12-19,ST29,SKU00774,3,1.8199493
2025-12-19,ST07,SKU00777,1,1.8827862
2025-12-19,ST18,SKU00793,1,1.9323012
2025-12-19,ST12,SKU00794,1,1.8310306
2025-12-19,ST08,SKU00799,2,1.8583611
2025-12-19,ST09,SKU00800,1,1.8554406
2025-12-19,ST01,SKU00804,3,2.0380628
2025-12-19,ST19,SKU00813,1,1.8994246
2025-12-19,ST18,SKU00823,2,1.8136493
2025-12-19,ST26,SKU00828,1,1.8797684
2025-12-19,ST17,SKU00832,1,1.7665552
2025-12-19,ST29,SKU00836,1,1.8380412
2025-12-19,ST05,SKU00842,1,1.8741277
2025-12-19,ST22,SKU00845,2,1.8332957
2025-12-19,ST14,SKU00847,2,2.0583484
2025-12-19,ST19,SKU00854,3,1.947898
2025-12-19,ST27,SKU00856,1,1.734111
2025-12-19,ST28,SKU00862,2,1.9128662
2025-12-19,ST22,SKU00864,1,1.8677619
2025-12-19,ST25,SKU00881,1,1.992227
2025-12-19,ST23,SKU00883,4,1.872741
2025-12-19,ST21,SKU00900,3,1.842976
2025-12-19,ST10,SKU00903,1,1.8518937
2025-12-19,ST14,SKU00908,1,2.0000105
2025-12-19,ST05,SKU00910,2,1.7803036
2025-12-19,ST16,SKU00912,1,1.7790163
2025-12-19,ST24,SKU00920,4,1.7717952
2025-12-19,ST19,SKU00929,1,1.9328221
2025-12-19,ST27,SKU00942,1,1.9180917
2025-12-19,ST25,SKU00943,3,1.8521075
2025-12-19,ST17,SKU00946,3,1.8467512
2025-12-19,ST30,SKU00953,3,1.8826847
2025-12-19,ST10,SKU00958,3,1.8441324
2025-12-19,ST02,SKU00980,1,1.9043046
2025-12-19,ST09,SKU00987,1,1.5984879
2025-12-19,ST11,SKU00993,3,1.9865526
2025-12-19,ST21,SKU00994,1,1.8288164
2025-12-19,ST15,SKU00998,3,1.8781228
2025-12-19,ST29,SKU01003,1,1.8682249
2025-12-19,ST07,SKU01004,1,2.0495725
2025-12-19,ST30,SKU01009,2,1.8690414
2025-12-19,ST14,SKU01023,1,1.9952693
2025-12-19,ST06,SKU01027,2,1.8520015
2025-12-19,ST29,SKU01031,1,1.8998591
2025-12-19,ST18,SKU01035,1,1.8933903
2025-12-19,ST03,SKU01041,2,1.8962433
2025-12-19,ST12,SKU01044,1,1.8728993
2025-12-19,ST18,SKU01045,1,2.0140824
2025-12-19,ST30,SKU01048,1,1.8644792
2025-12-19,ST13,SKU01067,1,1.8728197
2025-12-19,ST28,SKU01071,1,1.949316
2025-12-19,ST11,SKU01072,1,1.8141218
2025-12-19,ST22,SKU01080,2,1.8472741
2025-12-19,ST14,SKU01083,1,1.8956704
2025-12-19,ST04,SKU01098,1,1.9103632
2025-12-19,ST22,SKU01101,1,1.8095305
2025-12-19,ST18,SKU01115,2,1.8768015
2025-12-19,ST20,SKU01116,2,1.9153947
2025-12-19,ST09,SKU01130,1,1.853959
2025-12-19,ST18,SKU01137,2,1.9179772
2025-12-19,ST24,SKU01138,1,1.9180727
2025-12-19,ST28,SKU01142,3,1.8588582
2025-12-19,ST20,SKU01156,3,1.8305185
2025-12-19,ST27,SKU01165,1,1.8294622
2025-12-19,ST09,SKU01170,3,1.8580295
2025-12-19,ST24,SKU01187,3,1.8455757
2025-12-19,ST24,SKU01189,1,1.9227918
2025-12-19,ST04,SKU01196,2,1.9034288
2025-12-19,ST06,SKU01198,3,1.8564221
2025-12-19,ST18,SKU01214,4,1.8860768
2025-12-19,ST09,SKU01215,1,1.8456153
2025-12-19,ST05,SKU01249,5,1.7518834
2025-12-19,ST28,SKU01255,1,1.859337
2025-12-19,ST03,SKU01257,1,1.8434576
2025-12-19,ST09,SKU01262,1,1.8583931
2025-12-19,ST07,SKU01264,1,1.8232285
2025-12-19,ST06,SKU01270,3,1.8058351
2025-12-19,ST07,SKU01272,3,1.9457238
2025-12-19,ST09,SKU01275,3,1.8449208
2025-12-19,ST18,SKU01278,1,1.9778043
2025-12-19,ST20,SKU01280,3,1.9039332
2025-12-19,ST27,SKU01288,1,1.9016248
2025-12-19,ST29,SKU01293,4,1.9009714
2025-12-19,ST08,SKU01295,2,1.875471
2025-12-19,ST18,SKU01301,1,1.9678723
2025-12-19,ST28,SKU01322,7,1.9249469
2025-12-19,ST30,SKU01327,1,1.8401784
2025-12-19,ST01,SKU01341,2,1.9523016
2025-12-19,ST13,SKU01343,1,1.8504715
2025-12-19,ST03,SKU01348,1,1.8742151
2025-12-19,ST18,SKU01352,2,1.8162634
2025-12-19,ST15,SKU01353,1,1.8979921
2025-12-19,ST30,SKU01357,1,2.0359316
2025-12-19,ST14,SKU01361,2,1.8769948
2025-12-19,ST25,SKU01363,1,1.9027337
2025-12-19,ST15,SKU01371,2,3.824727
2025-12-19,ST23,SKU01374,3,1.8255801
2025-12-19,ST14,SKU01380,2,1.8490847
2025-12-19,ST25,SKU01395,1,2.0978925
2025-12-19,ST25,SKU01398,2,1.8335521
2025-12-19,ST06,SKU01419,4,1.8562119
2025-12-19,ST30,SKU01420,1,2.3709776
2025-12-19,ST07,SKU01436,2,1.8875407
2025-12-19,ST09,SKU01438,4,1.7907027
2025-12-19,ST22,SKU01439,1,1.8139057
2025-12-19,ST15,SKU01445,3,1.9579344
2025-12-19,ST30,SKU01446,2,1.8303156
2025-12-19,ST22,SKU01447,1,1.8601637
2025-12-19,ST11,SKU01453,1,1.8825419
2025-12-19,ST04,SKU01465,3,1.8386632
2025-12-19,ST09,SKU01466,1,1.7543463
2025-12-19,ST29,SKU01478,2,1.8857856
2025-12-19,ST20,SKU01480,1,1.8486468
2025-12-19,ST10,SKU01501,1,1.9467102
2025-12-19,ST12,SKU01514,4,1.8177726
2025-12-19,ST09,SKU01526,3,1.872312
2025-12-19,ST22,SKU01530,5,1.8777363
2025-12-19,ST01,SKU01543,1,1.8845528
2025-12-19,ST21,SKU01551,3,1.8276495
2025-12-19,ST27,SKU01555,2,1.8355132
2025-12-19,ST15,SKU01570,2,1.7156191
2025-12-19,ST18,SKU01579,3,1.9341798
2025-12-19,ST21,SKU01589,2,1.8296062
2025-12-19,ST05,SKU01599,4,1.7832942
2025-12-19,ST27,SKU01601,1,1.9506598
2025-12-19,ST10,SKU01602,5,1.8182099
2025-12-19,ST29,SKU01610,1,1.9483979
2025-12-19,ST30,SKU01614,1,1.8346071
2025-12-19,ST05,SKU01631,2,1.8497764
2025-12-19,ST05,SKU01644,4,1.928644
2025-12-19,ST16,SKU01654,3,1.9971517
2025-12-19,ST03,SKU01655,1,1.8611664
2025-12-19,ST22,SKU01662,2,1.9126207
2025-12-19,ST07,SKU01664,2,1.9215386
2025-12-19,ST22,SKU01671,1,1.884796
2025-12-19,ST11,SKU01677,5,3.930684
2025-12-19,ST03,SKU01683,3,1.9434632
2025-12-19,ST04,SKU01685,3,1.9460417
2025-12-19,ST04,SKU01695,1,1.8833171
2025-12-19,ST10,SKU01698,3,1.827659
2025-12-19,ST06,SKU01704,2,1.8721136
2025-12-19,ST07,SKU01705,2,1.8827186
2025-12-19,ST27,SKU01707,1,1.8679303
2025-12-19,ST17,SKU01714,2,1.9258457
2025-12-19,ST30,SKU01716,2,1.8099519
2025-12-19,ST08,SKU01722,4,1.8708768
2025-12-19,ST14,SKU01728,4,1.8403559
2025-12-19,ST27,SKU01730,4,1.880824
2025-12-19,ST06,SKU01751,3,1.8660798
2025-12-19,ST11,SKU01764,2,1.8559185
2025-12-19,ST06,SKU01769,3,1.8119088
2025-12-19,ST17,SKU01774,1,1.958876
2025-12-19,ST17,SKU01775,5,1.9680723
2025-12-19,ST04,SKU01783,2,1.8883883
2025-12-19,ST16,SKU01784,1,1.9192789
2025-12-19,ST07,SKU01785,2,1.886084
2025-12-19,ST29,SKU01788,2,1.8569752
2025-12-19,ST08,SKU01794,1,1.8865013
2025-12-19,ST30,SKU01797,1,1.866625
2025-12-19,ST07,SKU01798,1,1.8735926
2025-12-19,ST04,SKU01808,4,1.8902018
2025-12-19,ST01,SKU01815,2,1.8952571
2025-12-19,ST05,SKU01819,1,1.8799436
2025-12-19,ST04,SKU01820,2,1.8045797
2025-12-19,ST20,SKU01827,1,1.8045017
2025-12-19,ST28,SKU01836,1,1.8832471
2025-12-19,ST09,SKU01844,1,1.9093876
2025-12-19,ST21,SKU01853,1,1.9000444
2025-12-19,ST29,SKU01857,1,1.8679801
2025-12-19,ST09,SKU01869,1,1.7700506
2025-12-19,ST21,SKU01890,3,1.8560481
2025-12-19,ST08,SKU01891,2,1.731021
2025-12-19,ST04,SKU01893,1,1.9445279
2025-12-19,ST13,SKU01898,1,1.8815002
2025-12-19,ST21,SKU01907,1,1.8919177
2025-12-19,ST10,SKU01909,5,1.9162301
2025-12-19,ST15,SKU01920,1,1.9775017
2025-12-19,ST14,SKU01922,3,1.8880881
2025-12-19,ST12,SKU01930,1,2.1454742
2025-12-19,ST28,SKU01937,3,1.9799763
2025-12-19,ST25,SKU01953,1,1.8854567
2025-12-19,ST20,SKU01961,1,1.8832636
2025-12-19,ST06,SKU01963,1,1.8400072
2025-12-19,ST28,SKU01982,3,1.8536139
2025-12-19,ST03,SKU01988,2,1.9506745
2025-12-19,ST08,SKU01991,1,1.8787534
2025-12-19,ST21,SKU01996,1,1.8970425
2025-12-19,ST05,SKU02003,4,1.8528557
2025-12-19,ST29,SKU02008,1,1.8546162
2025-12-19,ST22,SKU02012,2,1.8286141
2025-12-19,ST10,SKU02015,3,1.8800315
2025-12-19,ST06,SKU02020,1,1.851635
2025-12-19,ST13,SKU02022,1,1.7793906
2025-12-19,ST03,SKU02026,2,1.8225583
2025-12-19,ST13,SKU02036,2,1.8145623
2025-12-19,ST13,SKU02040,2,1.8872529
2025-12-19,ST18,SKU02043,1,1.9224885
2025-12-19,ST30,SKU02052,1,1.9109674
2025-12-19,ST12,SKU02057,2,1.823519
2025-12-19,ST29,SKU02061,1,2.04716
2025-12-19,ST18,SKU02067,3,1.9013714
2025-12-19,ST27,SKU02068,1,1.8299643
2025-12-19,ST23,SKU02071,4,2.0243964
2025-12-19,ST20,SKU02072,2,1.8797656
2025-12-19,ST08,SKU02087,3,1.9083319
2025-12-19,ST29,SKU02088,1,1.8285327
2025-12-19,ST30,SKU02091,1,1.8479216
2025-12-19,ST24,SKU02109,1,1.8661953
2025-12-19,ST10,SKU02124,3,1.8894155
2025-12-19,ST17,SKU02137,1,1.8448325
2025-12-19,ST29,SKU02141,1,1.8398824
2025-12-19,ST05,SKU02142,2,1.9258816
2025-12-19,ST08,SKU02143,2,1.893336
2025-12-19,ST22,SKU02145,1,1.8069043
2025-12-19,ST10,SKU02146,1,1.9980116
2025-12-19,ST18,SKU02154,5,1.8385597
2025-12-19,ST06,SKU02163,3,1.8103287
2025-12-19,ST12,SKU02166,2,1.8584609
2025-12-19,ST28,SKU02170,1,1.8130383
2025-12-19,ST30,SKU02173,2,1.8341465
2025-12-19,ST12,SKU02183,1,1.8737196
2025-12-19,ST27,SKU02191,1,1.8345143
2025-12-19,ST13,SKU02194,1,1.8856534
2025-12-19,ST17,SKU02201,2,1.9250493
2025-12-19,ST07,SKU02218,2,1.8756758
2025-12-19,ST12,SKU02229,1,1.8694677
2025-12-19,ST10,SKU02230,1,1.8256111
2025-12-19,ST21,SKU02231,1,1.8893303
2025-12-19,ST16,SKU02242,1,1.8582234
2025-12-19,ST08,SKU02261,1,1.8839794
2025-12-19,ST09,SKU02268,5,1.8710353
2025-12-19,ST17,SKU02270,2,1.8606682
2025-12-19,ST20,SKU02271,1,1.8682693
2025-12-19,ST19,SKU02272,1,1.8235971
2025-12-19,ST01,SKU02282,2,1.8453646
2025-12-19,ST21,SKU02287,1,1.877042
2025-12-19,ST12,SKU02291,3,1.8645755
2025-12-19,ST29,SKU02298,1,1.8809521
2025-12-19,ST29,SKU02303,1,1.8565942
2025-12-19,ST12,SKU02306,1,1.7720531
2025-12-19,ST25,SKU02308,1,1.8459704
2025-12-19,ST04,SKU02317,1,1.9224337
2025-12-19,ST15,SKU02318,3,1.9126257
2025-12-19,ST03,SKU02336,3,2.131216
2025-12-19,ST23,SKU02340,5,1.8978966
2025-12-19,ST22,SKU02348,2,1.8635484
2025-12-19,ST17,SKU02350,2,1.8541491
2025-12-19,ST19,SKU02352,2,1.842764
2025-12-19,ST07,SKU02364,1,1.9370656
2025-12-19,ST20,SKU02368,3,6.590547
2025-12-19,ST20,SKU02372,1,1.6008525
2025-12-19,ST17,SKU02374,2,1.9030298
2025-12-19,ST30,SKU02381,2,1.8281627
2025-12-19,ST22,SKU02390,1,1.8693074
2025-12-19,ST07,SKU02391,1,1.8023123
2025-12-19,ST30,SKU02395,2,1.8247216
2025-12-19,ST02,SKU02412,1,1.9177305
2025-12-19,ST21,SKU02416,2,1.834215
2025-12-19,ST21,SKU02417,1,1.9535943
2025-12-19,ST21,SKU02423,1,1.9296489
2025-12-19,ST30,SKU02424,3,1.8814662
2025-12-19,ST20,SKU02434,1,1.8825632
2025-12-19,ST28,SKU02442,2,1.893299
2025-12-19,ST30,SKU02443,3,1.8625722
2025-12-19,ST12,SKU02445,2,1.9007591
2025-12-19,ST21,SKU02449,1,1.9476446
2025-12-19,ST28,SKU02470,2,1.8467708
2025-12-19,ST18,SKU02482,3,1.8669811
2025-12-19,ST28,SKU02484,1,1.7986523
2025-12-19,ST23,SKU02490,1,1.9334297
2025-12-19,ST30,SKU02491,4,1.851639
2025-12-19,ST08,SKU02503,2,1.8637617
2025-12-19,ST22,SKU02507,2,1.8709254
2025-12-19,ST24,SKU02509,1,1.8496459
2025-12-19,ST29,SKU02515,2,1.8352296
2025-12-19,ST12,SKU02525,1,1.8380334
2025-12-19,ST20,SKU02526,1,1.806067
2025-12-19,ST30,SKU02537,1,2.0295897
2025-12-19,ST14,SKU02538,4,1.8216938
2025-12-19,ST02,SKU02540,1,1.8456637
2025-12-19,ST18,SKU02543,1,1.7883725
2025-12-19,ST25,SKU02576,1,1.8695613
2025-12-19,ST10,SKU02591,1,1.8887821
2025-12-19,ST20,SKU02606,1,1.8302382
2025-12-19,ST19,SKU02609,3,1.937722
2025-12-19,ST30,SKU02611,1,1.9149109
2025-12-19,ST01,SKU02614,1,1.8436759
2025-12-19,ST19,SKU02627,1,1.8142755
2025-12-19,ST30,SKU02641,1,1.8151702
2025-12-19,ST20,SKU02642,1,1.8270928
2025-12-19,ST08,SKU02660,2,2.0331254
2025-12-19,ST12,SKU02666,1,1.7360561
2025-12-19,ST29,SKU02684,3,1.8438655
2025-12-19,ST07,SKU02686,1,1.9094267
2025-12-19,ST22,SKU02691,3,1.8676295
2025-12-19,ST09,SKU02692,1,1.8819469
2025-12-19,ST13,SKU02713,2,1.9164828
2025-12-19,ST20,SKU02720,5,2.236055
2025-12-19,ST30,SKU02723,2,1.9645103
2025-12-19,ST13,SKU02726,2,1.7938634
2025-12-19,ST11,SKU02738,1,1.8797253
2025-12-19,ST26,SKU02740,3,1.8557479
2025-12-19,ST18,SKU02747,2,1.8145248
2025-12-19,ST06,SKU02752,1,1.8471849
2025-12-19,ST05,SKU02753,1,1.920546
2025-12-19,ST18,SKU02757,2,1.8593298
2025-12-19,ST19,SKU02776,2,1.8955132
2025-12-19,ST27,SKU02785,2,1.839583
2025-12-19,ST06,SKU02792,3,1.8686845
2025-12-19,ST21,SKU02796,3,1.8668221
2025-12-19,ST24,SKU02805,1,1.8825158
2025-12-19,ST20,SKU02807,4,1.9283811
2025-12-19,ST08,SKU02810,2,1.8429873
2025-12-19,ST17,SKU02814,2,1.8728615
2025-12-19,ST15,SKU02820,1,1.8435526
2025-12-19,ST03,SKU02821,1,1.9151335
2025-12-19,ST20,SKU02825,2,1.8586807
2025-12-19,ST20,SKU02826,3,2.0929222
2025-12-19,ST09,SKU02840,1,1.8424947
2025-12-19,ST13,SKU02849,2,1.8966854
2025-12-19,ST15,SKU02850,3,1.8741757
2025-12-19,ST22,SKU02851,2,1.8221998
2025-12-19,ST10,SKU02856,1,1.8879958
2025-12-19,ST25,SKU02858,2,1.9181652
2025-12-19,ST27,SKU02860,2,1.8640312
2025-12-19,ST18,SKU02862,1,1.9010578
2025-12-19,ST02,SKU02870,3,1.8503935
2025-12-19,ST24,SKU02892,2,1.6810522
2025-12-19,ST30,SKU02896,2,1.8520741
2025-12-19,ST19,SKU02908,4,1.8809688
2025-12-19,ST20,SKU02909,1,1.8513131
2025-12-19,ST05,SKU02922,2,1.8825421
2025-12-19,ST20,SKU02923,3,1.8755962
2025-12-19,ST21,SKU02930,3,1.8632646
2025-12-19,ST12,SKU02936,2,1.8361162
2025-12-19,ST03,SKU02943,3,1.868748
2025-12-19,ST27,SKU02950,1,1.8730798
2025-12-19,ST20,SKU02954,1,1.8370758
2025-12-19,ST12,SKU02964,4,1.8027376
2025-12-19,ST18,SKU02966,3,1.9567355
2025-12-19,ST18,SKU02973,3,1.862447
2025-12-19,ST18,SKU02978,2,1.8858445
2025-12-19,ST15,SKU02998,2,1.8219718
2025-12-19,ST23,SKU03009,3,1.8268056
2025-12-19,ST04,SKU03011,1,1.8606026
2025-12-19,ST19,SKU03024,2,1.9176214
2025-12-19,ST16,SKU03034,2,1.8734243
2025-12-19,ST14,SKU03037,1,1.927153
2025-12-19,ST29,SKU03047,1,1.8787242
2025-12-19,ST05,SKU03048,1,1.866677
2025-12-19,ST21,SKU03050,1,1.8241407
2025-12-19,ST23,SKU03053,2,1.8261039
2025-12-19,ST08,SKU03056,1,1.9189055
2025-12-19,ST14,SKU03057,2,1.9061848
2025-12-19,ST11,SKU03059,1,1.8640066
2025-12-19,ST29,SKU03063,5,1.9153702
2025-12-19,ST03,SKU03079,1,1.8581144
2025-12-19,ST28,SKU03083,1,1.934981
2025-12-19,ST30,SKU03088,1,1.9039545
2025-12-19,ST06,SKU03123,2,1.8493567
2025-12-19,ST24,SKU03131,3,1.8572
2025-12-19,ST03,SKU03140,2,1.8460858
2025-12-19,ST28,SKU03149,1,1.8111395
2025-12-19,ST18,SKU03153,1,1.8801646
2025-12-19,ST24,SKU03158,1,1.8673706
2025-12-19,ST20,SKU03161,2,1.8607163
2025-12-19,ST07,SKU03170,5,1.8945997
2025-12-19,ST07,SKU03185,3,1.8797394
2025-12-19,ST19,SKU03189,2,1.8606508
2025-12-19,ST24,SKU03191,4,1.8561853
2025-12-19,ST21,SKU03196,1,1.8724394
2025-12-19,ST09,SKU03198,1,1.9414524
2025-12-19,ST08,SKU03213,2,2.0817196
2025-12-19,ST17,SKU03219,1,1.8421901
2025-12-19,ST20,SKU03225,1,1.9334853
2025-12-19,ST05,SKU03240,2,1.8754075
2025-12-19,ST22,SKU03246,1,1.8728328
2025-12-19,ST30,SKU03250,1,1.9287694
2025-12-19,ST15,SKU03255,2,1.9019536
2025-12-19,ST12,SKU03271,5,1.8700594
2025-12-19,ST07,SKU03278,2,1.8474735
2025-12-19,ST10,SKU03292,1,1.925954
2025-12-19,ST28,SKU03316,4,1.8820499
2025-12-19,ST21,SKU03340,1,1.976361
2025-12-19,ST08,SKU03344,1,1.8832936
2025-12-19,ST03,SKU03353,4,1.9325614
2025-12-19,ST26,SKU03367,3,1.8319418
2025-12-19,ST22,SKU03374,1,1.8829374
2025-12-19,ST21,SKU03377,2,1.8656998
2025-12-19,ST26,SKU03382,3,1.8766913
2025-12-19,ST27,SKU03384,1,1.878346
2025-12-19,ST10,SKU03397,1,1.9227092
2025-12-19,ST08,SKU03401,1,1.8927796
2025-12-19,ST14,SKU03411,2,1.8547119
2025-12-19,ST17,SKU03412,1,1.8868409
2025-12-19,ST29,SKU03415,2,1.8487042
2025-12-19,ST27,SKU03425,2,1.8761733
2025-12-19,ST08,SKU03432,1,1.9287652
2025-12-19,ST14,SKU03450,2,1.9731066
2025-12-19,ST30,SKU03464,2,1.864523
2025-12-19,ST07,SKU03481,5,1.8783678
2025-12-19,ST29,SKU03487,1,1.973538
2025-12-19,ST21,SKU03488,2,1.938846
2025-12-19,ST04,SKU03490,1,1.8176041
2025-12-19,ST21,SKU03494,1,1.8153543
2025-12-19,ST07,SKU03497,5,1.845262
2025-12-19,ST04,SKU03512,1,1.8712753
2025-12-19,ST24,SKU03519,4,1.8326284
2025-12-19,ST12,SKU03520,2,1.7600228
2025-12-19,ST10,SKU03540,1,1.8505822
2025-12-19,ST23,SKU03553,3,1.8405991
2025-12-19,ST12,SKU03554,2,1.8702558
2025-12-19,ST30,SKU03572,3,1.8493829
2025-12-19,ST03,SKU03579,4,1.8646542
2025-12-19,ST08,SKU03584,1,1.981077
2025-12-19,ST29,SKU03596,2,1.8678905
2025-12-19,ST18,SKU03604,3,1.8537267
2025-12-19,ST22,SKU03606,1,1.8585184
2025-12-19,ST29,SKU03621,4,1.6980735
2025-12-19,ST24,SKU03622,1,1.818642
2025-12-19,ST28,SKU03623,1,1.8593678
2025-12-19,ST07,SKU03632,3,1.8068131
2025-12-19,ST27,SKU03634,1,1.9537216
2025-12-19,ST21,SKU03641,1,1.8482774
2025-12-19,ST06,SKU03643,1,1.8963186
2025-12-19,ST07,SKU03647,1,1.9405218
2025-12-19,ST12,SKU03650,1,1.8102144
2025-12-19,ST01,SKU03655,3,1.8504177
2025-12-19,ST03,SKU03661,2,1.8570832
2025-12-19,ST16,SKU03667,3,1.8457663
2025-12-19,ST23,SKU03673,3,1.8459452
2025-12-19,ST20,SKU03684,1,1.8049768
2025-12-19,ST14,SKU03702,4,1.8894289
2025-12-19,ST17,SKU03703,1,1.9018922
2025-12-19,ST07,SKU03704,1,1.9571037
2025-12-19,ST10,SKU03707,3,1.87466
2025-12-19,ST19,SKU03709,1,1.8604074
2025-12-19,ST17,SKU03719,4,1.7836819
2025-12-19,ST06,SKU03721,4,1.8456917
2025-12-19,ST30,SKU03727,1,1.765295
2025-12-19,ST13,SKU03743,1,1.8264672
2025-12-19,ST11,SKU03750,1,1.8466264
2025-12-19,ST22,SKU03755,1,1.8747281
2025-12-19,ST09,SKU03757,2,1.8421047
2025-12-19,ST28,SKU03769,1,1.9806635
2025-12-19,ST26,SKU03770,1,1.8441914
2025-12-19,ST06,SKU03778,2,1.8392622
2025-12-19,ST05,SKU03788,2,1.8788295
2025-12-19,ST11,SKU03795,5,1.9526489
2025-12-19,ST12,SKU03800,1,1.9239279
2025-12-19,ST13,SKU03812,1,1.8171191
2025-12-19,ST08,SKU03815,1,1.9324986
2025-12-19,ST30,SKU03819,3,1.8674833
2025-12-19,ST16,SKU03829,4,1.8438512
2025-12-19,ST20,SKU03840,3,1.8370998
2025-12-19,ST15,SKU03845,1,1.8842698
2025-12-19,ST21,SKU03852,3,1.8057263
2025-12-19,ST23,SKU03854,2,1.9145226
2025-12-19,ST01,SKU03867,5,1.8553336
2025-12-19,ST15,SKU03870,1,1.8800133
2025-12-19,ST06,SKU03875,3,1.8958011
2025-12-19,ST10,SKU03893,3,1.8897703
2025-12-19,ST13,SKU03896,2,1.9602379
2025-12-19,ST15,SKU03902,1,1.853094
2025-12-19,ST03,SKU03903,1,1.7980247
2025-12-19,ST09,SKU03905,1,1.8926753
2025-12-19,ST15,SKU03907,2,1.8596337
2025-12-19,ST30,SKU03911,3,1.9520266
2025-12-19,ST03,SKU03928,2,1.8698255
2025-12-19,ST03,SKU03947,2,1.8699142
2025-12-19,ST06,SKU03955,1,1.866361
2025-12-19,ST14,SKU03958,1,1.8308476
2025-12-19,ST06,SKU03966,2,2.1316476
2025-12-19,ST24,SKU03974,4,1.8879801
2025-12-19,ST25,SKU03990,2,1.8498261
2025-12-19,ST08,SKU03992,1,1.8459592
2025-12-19,ST21,SKU03995,1,1.877344
2025-12-19,ST09,SKU04004,3,1.8785586
2025-12-19,ST11,SKU04010,1,1.9049789
2025-12-19,ST27,SKU04012,1,1.7286019
2025-12-19,ST04,SKU04016,4,2.0963492
2025-12-19,ST21,SKU04020,2,1.9904858
2025-12-19,ST16,SKU04025,2,1.7432883
2025-12-19,ST08,SKU04026,1,1.8438269
2025-12-19,ST19,SKU04027,1,1.9192725
2025-12-19,ST18,SKU04032,1,1.7888058
2025-12-19,ST17,SKU04037,3,1.8514822
2025-12-19,ST28,SKU04038,1,1.8294165
2025-12-19,ST27,SKU04045,1,1.8741982
2025-12-19,ST17,SKU04046,1,1.8015397
2025-12-19,ST28,SKU04056,3,1.9339124
2025-12-19,ST27,SKU04059,1,1.8467486
2025-12-19,ST07,SKU04061,1,1.8653021
2025-12-19,ST27,SKU04063,1,1.9400059
2025-12-19,ST29,SKU04088,1,1.7883568
2025-12-19,ST29,SKU04092,5,1.9151579
2025-12-19,ST05,SKU04103,4,1.9049193
2025-12-19,ST30,SKU04105,3,1.9789135
2025-12-19,ST05,SKU04114,2,1.9075017
2025-12-19,ST01,SKU04119,1,1.9269241
2025-12-19,ST19,SKU04126,1,1.8297759
2025-12-19,ST03,SKU04129,1,1.866527
2025-12-19,ST20,SKU04130,5,1.8725536
2025-12-19,ST29,SKU04132,1,1.8743099
2025-12-19,ST29,SKU04140,1,1.7612705
2025-12-19,ST30,SKU04154,2,1.7998377
2025-12-19,ST06,SKU04155,1,1.6754701
2025-12-19,ST29,SKU04157,1,1.9609723
2025-12-19,ST25,SKU04159,1,1.878832
2025-12-19,ST06,SKU04161,1,1.920921
2025-12-19,ST15,SKU04162,2,1.8259977
2025-12-19,ST29,SKU04166,2,1.9726065
2025-12-19,ST07,SKU04168,1,1.8234807
2025-12-19,ST08,SKU04170,1,1.8838638
2025-12-19,ST27,SKU04182,5,1.8589693
2025-12-19,ST03,SKU04185,2,2.0394487
2025-12-19,ST12,SKU04190,2,1.8833294
2025-12-19,ST30,SKU04191,1,1.8009801
2025-12-19,ST04,SKU04192,2,1.7803386
2025-12-19,ST30,SKU04204,1,1.9215444
2025-12-19,ST28,SKU04205,1,1.8638107
2025-12-19,ST27,SKU04206,3,1.8558853
2025-12-19,ST12,SKU04209,1,1.9050868
2025-12-19,ST06,SKU04242,1,1.901842
2025-12-19,ST30,SKU04245,2,1.9520737
2025-12-19,ST18,SKU04247,1,1.7375064
2025-12-19,ST24,SKU04269,1,1.8853829
2025-12-19,ST22,SKU04271,4,1.9004153
2025-12-19,ST03,SKU04273,1,1.8485049
2025-12-19,ST29,SKU04276,1,1.9028364
2025-12-19,ST30,SKU04280,2,1.877563
2025-12-19,ST07,SKU04293,2,1.7701356
2025-12-19,ST28,SKU04318,1,1.8860836
2025-12-19,ST30,SKU04321,5,4.1622043
2025-12-19,ST07,SKU04323,1,1.9076649
2025-12-19,ST05,SKU04326,1,1.887909
2025-12-19,ST22,SKU04329,2,1.7701806
2025-12-19,ST07,SKU04333,3,1.8019038
2025-12-19,ST22,SKU04334,1,1.7010648
2025-12-19,ST29,SKU04341,4,1.9358116
2025-12-19,ST24,SKU04343,2,1.8877043
2025-12-19,ST06,SKU04344,1,1.9077421
2025-12-19,ST08,SKU04347,1,1.8583312
2025-12-19,ST28,SKU04348,2,1.867337
2025-12-19,ST15,SKU04350,1,1.9223032
2025-12-19,ST13,SKU04354,1,1.9105672
2025-12-19,ST03,SKU04357,1,1.8749918
2025-12-19,ST27,SKU04359,4,1.9854598
2025-12-19,ST27,SKU04361,1,1.8975286
2025-12-19,ST27,SKU04367,2,1.8669416
2025-12-19,ST28,SKU04372,1,1.8872807
2025-12-19,ST26,SKU04373,2,1.8139256
2025-12-19,ST22,SKU04381,4,1.8739887
2025-12-19,ST06,SKU04390,4,1.8657894
2025-12-19,ST21,SKU04402,3,1.942073
2025-12-19,ST22,SKU04408,1,2.0065048
2025-12-19,ST21,SKU04422,2,1.8969215
2025-12-19,ST07,SKU04423,3,1.876952
2025-12-19,ST30,SKU04427,1,1.8138319
2025-12-19,ST04,SKU04437,3,1.9241799
2025-12-19,ST16,SKU04446,2,1.9390477
2025-12-19,ST18,SKU04447,1,1.9076725
2025-12-19,ST17,SKU04453,2,1.7983332
2025-12-19,ST22,SKU04461,3,1.8611963
2025-12-19,ST29,SKU04464,2,1.8301793
2025-12-19,ST18,SKU04470,1,1.8739048
2025-12-19,ST07,SKU04476,4,1.8631552
2025-12-19,ST11,SKU04481,3,1.8890882
2025-12-19,ST20,SKU04502,2,1.9345762
2025-12-19,ST07,SKU04506,2,1.8627084
2025-12-19,ST28,SKU04507,1,1.8168662
2025-12-19,ST11,SKU04508,1,1.869141
2025-12-19,ST14,SKU04513,1,1.8365062
2025-12-19,ST16,SKU04524,1,1.9067951
2025-12-19,ST17,SKU04538,3,1.9017128
2025-12-19,ST29,SKU04545,2,1.8697301
2025-12-19,ST29,SKU04547,1,1.8801259
2025-12-19,ST13,SKU04551,2,1.9546382
2025-12-19,ST21,SKU04556,1,1.8900766
2025-12-19,ST17,SKU04560,3,1.8774548
2025-12-19,ST09,SKU04561,1,1.8567424
2025-12-19,ST27,SKU04562,1,1.5782745
2025-12-19,ST22,SKU04571,2,1.8722112
2025-12-19,ST22,SKU04577,1,1.8566893
2025-12-19,ST30,SKU04592,1,1.9090873
2025-12-19,ST25,SKU04593,4,1.8753828
2025-12-19,ST30,SKU04596,2,2.0285223
2025-12-19,ST14,SKU04604,1,1.8211046
2025-12-19,ST13,SKU04608,1,1.9036387
2025-12-19,ST22,SKU04611,3,1.9034069
2025-12-19,ST30,SKU04622,2,1.8740257
2025-12-19,ST29,SKU04623,1,1.9471631
2025-12-19,ST09,SKU04629,2,1.7929802
2025-12-19,ST11,SKU04631,1,1.8223914
2025-12-19,ST24,SKU04646,2,1.9272045
2025-12-19,ST19,SKU04647,1,1.8565243
2025-12-19,ST06,SKU04648,2,1.8637633
2025-12-19,ST06,SKU04652,1,1.8544308
2025-12-19,ST13,SKU04660,4,1.8429515
2025-12-19,ST29,SKU04662,2,1.9604739
2025-12-19,ST22,SKU04663,1,1.8280433
2025-12-19,ST13,SKU04669,1,1.8737928
2025-12-19,ST18,SKU04673,1,2.0165033
2025-12-19,ST03,SKU04677,2,1.8656548
2025-12-19,ST27,SKU04687,4,1.8227918
2025-12-19,ST12,SKU04694,1,1.8451
2025-12-19,ST07,SKU04708,3,1.8297273
2025-12-19,ST18,SKU04710,3,1.9487872
2025-12-19,ST06,SKU04715,2,1.8976353
2025-12-19,ST03,SKU04719,2,1.8653243
2025-12-19,ST01,SKU04731,1,1.859089
2025-12-19,ST07,SKU04739,1,1.8558307
2025-12-19,ST14,SKU04742,2,1.9040056
2025-12-19,ST04,SKU04748,1,1.9137053
2025-12-19,ST30,SKU04753,1,1.6406616
2025-12-19,ST04,SKU04755,1,1.8473164
2025-12-19,ST20,SKU04759,4,1.8618071
2025-12-19,ST08,SKU04763,3,1.8498996
2025-12-19,ST14,SKU04769,2,1.9181567
2025-12-19,ST07,SKU04770,2,1.8568207
2025-12-19,ST20,SKU04779,1,2.0704067
2025-12-19,ST25,SKU04782,3,1.8152341
2025-12-19,ST22,SKU04784,2,1.7673495
2025-12-19,ST25,SKU04794,1,1.8864661
2025-12-19,ST10,SKU04804,5,1.8718351
2025-12-19,ST06,SKU04805,1,1.89137
2025-12-19,ST05,SKU04812,1,1.8596258
2025-12-19,ST26,SKU04814,2,1.805766
2025-12-19,ST15,SKU04822,2,1.929146
2025-12-19,ST30,SKU04824,1,1.8974354
2025-12-19,ST09,SKU04826,1,1.9179157
2025-12-19,ST04,SKU04829,1,1.8316565
2025-12-19,ST13,SKU04830,1,1.8983464
2025-12-19,ST27,SKU04834,2,1.8693631
2025-12-19,ST25,SKU04836,4,1.8491375
2025-12-19,ST11,SKU04840,1,1.8626946
2025-12-19,ST10,SKU04847,2,1.8977212
2025-12-19,ST21,SKU04854,1,2.2123497
2025-12-19,ST12,SKU04855,1,1.8708829
2025-12-19,ST20,SKU04871,1,1.8665006
2025-12-19,ST30,SKU04872,1,1.8219571
2025-12-19,ST13,SKU04877,2,1.8822001
2025-12-19,ST25,SKU04881,2,1.8686863
2025-12-19,ST16,SKU04884,2,1.8435289
2025-12-19,ST30,SKU04885,1,1.8563439
2025-12-19,ST16,SKU04889,1,1.8344305
2025-12-19,ST12,SKU04909,4,1.8767184
2025-12-19,ST30,SKU04913,2,1.8375986
2025-12-19,ST07,SKU04926,1,1.9645891
2025-12-19,ST28,SKU04936,1,1.8681599
2025-12-19,ST13,SKU04938,1,1.9401128
2025-12-19,ST11,SKU04945,2,1.7769712
2025-12-19,ST30,SKU04963,2,1.8871224
2025-12-19,ST10,SKU04965,3,1.8133621
2025-12-19,ST09,SKU04985,3,1.8045069
2025-12-20,ST27,SKU00002,2,1.7984806
2025-12-20,ST05,SKU00015,1,1.8782868
2025-12-20,ST22,SKU00016,2,1.8735598
2025-12-20,ST28,SKU00022,1,1.8326372
2025-12-20,ST30,SKU00029,2,1.8940644
2025-12-20,ST30,SKU00031,1,1.7360339
2025-12-20,ST30,SKU00038,1,1.9037951
2025-12-20,ST28,SKU00046,1,1.8666356
2025-12-20,ST30,SKU00060,1,1.8577877
2025-12-20,ST29,SKU00062,1,1.8779248
2025-12-20,ST30,SKU00079,3,1.8472246
2025-12-20,ST19,SKU00087,1,1.860932
2025-12-20,ST28,SKU00091,1,1.8929353
2025-12-20,ST28,SKU00101,1,1.8897793
2025-12-20,ST07,SKU00109,2,1.8252423
2025-12-20,ST21,SKU00126,1,1.9717044
2025-12-20,ST03,SKU00128,2,1.8444732
2025-12-20,ST08,SKU00129,3,1.8984667
2025-12-20,ST27,SKU00134,1,1.8565859
2025-12-20,ST05,SKU00147,2,1.8052752
2025-12-20,ST08,SKU00149,2,1.8983327
2025-12-20,ST18,SKU00159,1,1.8933023
2025-12-20,ST27,SKU00166,3,1.8076353
2025-12-20,ST13,SKU00169,1,1.7850084
2025-12-20,ST28,SKU00177,1,1.9835106
2025-12-20,ST22,SKU00184,5,1.776117
2025-12-20,ST10,SKU00185,4,1.8425814
2025-12-20,ST27,SKU00190,3,1.9545227
2025-12-20,ST11,SKU00196,1,1.8875251
2025-12-20,ST17,SKU00225,1,1.8484515
2025-12-20,ST03,SKU00231,1,1.9053755
2025-12-20,ST20,SKU00238,1,1.8552891
2025-12-20,ST12,SKU00242,5,1.8963099
2025-12-20,ST17,SKU00247,1,1.8303982
2025-12-20,ST29,SKU00248,1,1.8867236
2025-12-20,ST09,SKU00252,1,1.8381243
2025-12-20,ST02,SKU00254,2,1.8320056
2025-12-20,ST10,SKU00259,4,1.860582
2025-12-20,ST18,SKU00261,2,1.9066527
2025-12-20,ST09,SKU00263,1,1.9033577
2025-12-20,ST18,SKU00264,3,3.8607194
2025-12-20,ST06,SKU00270,1,1.8725616
2025-12-20,ST29,SKU00285,3,2.0095854
2025-12-20,ST21,SKU00286,1,1.8261617
2025-12-20,ST19,SKU00293,1,1.8791482
2025-12-20,ST06,SKU00298,3,1.8568348
2025-12-20,ST29,SKU00299,4,1.8457469
2025-12-20,ST19,SKU00301,3,1.8771427
2025-12-20,ST15,SKU00325,4,1.8689362
2025-12-20,ST20,SKU00328,1,1.9653676
2025-12-20,ST04,SKU00337,1,1.90259
2025-12-20,ST13,SKU00365,2,1.8934177
2025-12-20,ST22,SKU00366,1,1.8359636
2025-12-20,ST20,SKU00368,3,1.8301041
2025-12-20,ST06,SKU00369,2,1.7828271
2025-12-20,ST28,SKU00373,1,1.9705516
2025-12-20,ST28,SKU00377,1,1.8769753
2025-12-20,ST17,SKU00389,1,1.6500462
2025-12-20,ST06,SKU00409,3,1.8438609
2025-12-20,ST22,SKU00416,1,1.8219466
2025-12-20,ST28,SKU00422,1,1.7887609
2025-12-20,ST22,SKU00429,1,1.8063128
2025-12-20,ST19,SKU00453,4,1.9359342
2025-12-20,ST27,SKU00466,2,1.9150748
2025-12-20,ST20,SKU00477,3,1.6186045
2025-12-20,ST30,SKU00484,3,1.8686574
2025-12-20,ST21,SKU00507,4,2.044306
2025-12-20,ST08,SKU00515,2,1.9418424
2025-12-20,ST22,SKU00518,1,1.8834969
2025-12-20,ST22,SKU00520,2,1.9006543
2025-12-20,ST13,SKU00525,4,1.8448371
2025-12-20,ST04,SKU00531,1,1.7784752
2025-12-20,ST22,SKU00532,1,1.8632427
2025-12-20,ST27,SKU00542,3,1.8416029
2025-12-20,ST03,SKU00544,1,1.8503726
2025-12-20,ST27,SKU00575,3,1.9396149
2025-12-20,ST19,SKU00577,1,1.9184742
2025-12-20,ST06,SKU00595,2,1.7524247
2025-12-20,ST27,SKU00597,3,1.8792827
2025-12-20,ST03,SKU00601,1,1.8588505
2025-12-20,ST28,SKU00612,1,1.7817981
2025-12-20,ST19,SKU00615,1,1.8726163
2025-12-20,ST07,SKU00625,1,1.8837312
2025-12-20,ST29,SKU00628,4,1.642029
2025-12-20,ST02,SKU00635,1,1.8193381
2025-12-20,ST18,SKU00639,1,1.8376422
2025-12-20,ST22,SKU00653,2,1.9068494
2025-12-20,ST22,SKU00664,1,1.9184259
2025-12-20,ST27,SKU00671,1,1.9234785
2025-12-20,ST17,SKU00672,1,1.8368925
2025-12-20,ST22,SKU00676,2,1.9169114
2025-12-20,ST29,SKU00681,2,1.8324766
2025-12-20,ST30,SKU00693,1,1.8791003
2025-12-20,ST28,SKU00711,2,1.901648
2025-12-20,ST15,SKU00719,1,1.7597303
2025-12-20,ST22,SKU00731,1,1.9546614
2025-12-20,ST23,SKU00733,1,1.869467
2025-12-20,ST28,SKU00734,1,1.9311513
2025-12-20,ST09,SKU00745,3,1.7094376
2025-12-20,ST07,SKU00748,3,1.7986078
2025-12-20,ST20,SKU00762,1,1.8123896
2025-12-20,ST28,SKU00768,2,1.8037554
2025-12-20,ST20,SKU00772,1,1.8297232
2025-12-20,ST29,SKU00774,1,1.9989369
2025-12-20,ST22,SKU00777,2,1.876583
2025-12-20,ST27,SKU00779,1,1.8809367
2025-12-20,ST16,SKU00788,1,1.8314509
2025-12-20,ST21,SKU00789,2,1.8661461
2025-12-20,ST23,SKU00803,3,1.8704392
2025-12-20,ST11,SKU00822,1,1.8773898
2025-12-20,ST29,SKU00830,2,1.8297225
2025-12-20,ST28,SKU00834,5,1.8014647
2025-12-20,ST19,SKU00845,3,1.8364002
2025-12-20,ST06,SKU00883,1,1.8910658
2025-12-20,ST27,SKU00886,1,1.9077271
2025-12-20,ST14,SKU00887,1,1.8746816
2025-12-20,ST05,SKU00889,2,1.9259706
2025-12-20,ST28,SKU00896,3,1.8727944
2025-12-20,ST17,SKU00907,5,1.8641404
2025-12-20,ST26,SKU00908,1,1.9106668
2025-12-20,ST16,SKU00912,1,1.7798057
2025-12-20,ST29,SKU00920,2,1.7666899
2025-12-20,ST26,SKU00921,1,1.9535943
2025-12-20,ST07,SKU00938,3,1.8741946
2025-12-20,ST30,SKU00942,4,1.8773509
2025-12-20,ST29,SKU00945,2,2.0110047
2025-12-20,ST18,SKU00947,1,1.8410014
2025-12-20,ST30,SKU00953,2,1.8877581
2025-12-20,ST07,SKU00964,4,1.869294
2025-12-20,ST16,SKU00977,2,1.8291653
2025-12-20,ST10,SKU00982,1,1.8568366
2025-12-20,ST29,SKU00984,2,1.846241
2025-12-20,ST07,SKU00991,1,1.710089
2025-12-20,ST30,SKU00994,5,1.8282923
2025-12-20,ST30,SKU00998,4,1.8492541
2025-12-20,ST04,SKU01013,4,1.8540857
2025-12-20,ST27,SKU01016,2,1.9531511
2025-12-20,ST01,SKU01019,1,1.8539317
2025-12-20,ST22,SKU01020,1,1.8242521
2025-12-20,ST12,SKU01024,1,1.9437692
2025-12-20,ST04,SKU01030,1,1.9102885
2025-12-20,ST28,SKU01033,1,1.8749946
2025-12-20,ST26,SKU01037,3,1.9915954
2025-12-20,ST10,SKU01040,2,2.0036764
2025-12-20,ST30,SKU01045,2,1.9309446
2025-12-20,ST18,SKU01064,1,1.8908312
2025-12-20,ST09,SKU01068,2,2.0819614
2025-12-20,ST22,SKU01073,2,1.8270113
2025-12-20,ST16,SKU01074,1,1.8735199
2025-12-20,ST22,SKU01085,4,1.8433093
2025-12-20,ST04,SKU01092,1,1.8352373
2025-12-20,ST11,SKU01105,3,1.9100131
2025-12-20,ST28,SKU01107,1,1.8275222
2025-12-20,ST14,SKU01111,2,1.8187584
2025-12-20,ST22,SKU01121,2,1.7865605
2025-12-20,ST30,SKU01125,3,1.8405447
2025-12-20,ST22,SKU01129,1,1.9057707
2025-12-20,ST21,SKU01136,2,1.9767952
2025-12-20,ST20,SKU01137,2,1.8232743
2025-12-20,ST07,SKU01139,1,1.8744575
2025-12-20,ST30,SKU01140,2,1.9257828
2025-12-20,ST16,SKU01151,2,1.8982911
2025-12-20,ST07,SKU01152,2,1.9176857
2025-12-20,ST07,SKU01170,5,1.8713522
2025-12-20,ST21,SKU01184,2,1.8778452
2025-12-20,ST11,SKU01193,2,1.9257563
2025-12-20,ST09,SKU01194,5,1.949661
2025-12-20,ST14,SKU01214,3,1.8694617
2025-12-20,ST06,SKU01232,3,1.8508894
2025-12-20,ST21,SKU01233,2,1.8542453
2025-12-20,ST18,SKU01249,4,1.8362064
2025-12-20,ST18,SKU01253,3,1.9012724
2025-12-20,ST03,SKU01269,1,1.9560477
2025-12-20,ST06,SKU01273,1,1.9167845
2025-12-20,ST21,SKU01274,2,1.9606525
2025-12-20,ST30,SKU01276,1,1.8089588
2025-12-20,ST08,SKU01289,4,1.8767977
2025-12-20,ST24,SKU01293,1,1.8714787
2025-12-20,ST14,SKU01295,3,1.9418056
2025-12-20,ST27,SKU01301,2,1.9120343
2025-12-20,ST02,SKU01304,1,2.0568564
2025-12-20,ST20,SKU01308,1,1.7820994
2025-12-20,ST14,SKU01310,3,1.9314823
2025-12-20,ST28,SKU01319,2,1.8722272
2025-12-20,ST27,SKU01331,3,1.9391779
2025-12-20,ST11,SKU01353,1,1.9388016
2025-12-20,ST17,SKU01355,1,1.9059722
2025-12-20,ST22,SKU01357,1,1.935365
2025-12-20,ST27,SKU01363,1,1.9094763
2025-12-20,ST26,SKU01370,1,1.8447337
2025-12-20,ST28,SKU01371,1,1.7846595
2025-12-20,ST21,SKU01379,4,1.9648871
2025-12-20,ST11,SKU01390,1,1.792818
2025-12-20,ST11,SKU01395,1,1.8533722
2025-12-20,ST29,SKU01396,4,1.9412279
2025-12-20,ST28,SKU01398,1,1.8560855
2025-12-20,ST28,SKU01414,3,1.8197708
2025-12-20,ST28,SKU01420,3,2.1982913
2025-12-20,ST27,SKU01423,2,1.8259364
2025-12-20,ST04,SKU01437,1,1.8633318
2025-12-20,ST13,SKU01438,2,1.866452
2025-12-20,ST10,SKU01451,2,1.99791
2025-12-20,ST15,SKU01456,1,1.7936162
2025-12-20,ST19,SKU01460,3,1.9010905
2025-12-20,ST20,SKU01475,1,1.8061942
2025-12-20,ST13,SKU01477,1,1.9211186
2025-12-20,ST20,SKU01485,1,1.9089218
2025-12-20,ST23,SKU01488,1,1.8528559
2025-12-20,ST06,SKU01494,1,1.8689258
2025-12-20,ST11,SKU01497,1,1.8524541
2025-12-20,ST29,SKU01501,1,1.8742179
2025-12-20,ST22,SKU01503,5,2.0832877
2025-12-20,ST06,SKU01505,2,1.8971212
2025-12-20,ST29,SKU01507,3,2.0153322
2025-12-20,ST29,SKU01514,3,1.7854112
2025-12-20,ST29,SKU01516,1,1.8439324
2025-12-20,ST09,SKU01534,2,1.9514887
2025-12-20,ST25,SKU01535,2,1.8564839
2025-12-20,ST28,SKU01549,4,1.8744638
2025-12-20,ST26,SKU01555,2,1.9141815
2025-12-20,ST20,SKU01563,1,1.8724445
2025-12-20,ST05,SKU01574,3,1.8503152
2025-12-20,ST06,SKU01578,1,1.9097805
2025-12-20,ST05,SKU01580,2,1.8375033
2025-12-20,ST25,SKU01588,1,1.854296
2025-12-20,ST05,SKU01596,3,1.9147477
2025-12-20,ST20,SKU01603,1,1.8490534
2025-12-20,ST13,SKU01604,1,1.8879658
2025-12-20,ST16,SKU01609,3,1.8161435
2025-12-20,ST23,SKU01614,1,1.8147378
2025-12-20,ST14,SKU01615,1,1.9408814
2025-12-20,ST21,SKU01629,2,1.9136229
2025-12-20,ST29,SKU01652,4,1.9750575
2025-12-20,ST04,SKU01662,1,1.8417097
2025-12-20,ST23,SKU01664,1,1.9257075
2025-12-20,ST23,SKU01669,5,1.85638
2025-12-20,ST03,SKU01681,1,1.8522766
2025-12-20,ST23,SKU01688,1,1.8922995
2025-12-20,ST02,SKU01693,1,1.9020982
2025-12-20,ST11,SKU01694,1,2.063837
2025-12-20,ST30,SKU01695,1,1.8486334
2025-12-20,ST29,SKU01714,1,1.8981304
2025-12-20,ST13,SKU01723,2,1.8665324
2025-12-20,ST05,SKU01736,2,1.8803995
2025-12-20,ST05,SKU01737,1,1.9834093
2025-12-20,ST27,SKU01740,2,1.8454345
2025-12-20,ST02,SKU01751,1,1.8404722
2025-12-20,ST06,SKU01760,4,1.9838282
2025-12-20,ST11,SKU01762,2,1.8214915
2025-12-20,ST29,SKU01763,5,1.8338603
2025-12-20,ST16,SKU01764,4,1.9640071
2025-12-20,ST28,SKU01774,4,1.9709334
2025-12-20,ST28,SKU01775,2,1.8869245
2025-12-20,ST10,SKU01778,1,1.8495157
2025-12-20,ST02,SKU01784,1,1.8623642
2025-12-20,ST05,SKU01793,2,1.8818152
2025-12-20,ST09,SKU01799,4,1.8742696
2025-12-20,ST21,SKU01806,3,1.783491
2025-12-20,ST18,SKU01809,2,1.8907664
2025-12-20,ST29,SKU01814,2,1.8790491
2025-12-20,ST05,SKU01822,2,1.8311898
2025-12-20,ST28,SKU01824,1,1.830433
2025-12-20,ST21,SKU01835,2,1.8916036
2025-12-20,ST22,SKU01836,3,2.0588884
2025-12-20,ST27,SKU01837,2,1.8112329
2025-12-20,ST05,SKU01842,1,1.8391925
2025-12-20,ST21,SKU01856,1,1.9432268
2025-12-20,ST27,SKU01858,1,1.8967861
2025-12-20,ST22,SKU01870,1,1.8748047
2025-12-20,ST27,SKU01872,2,1.8572121
2025-12-20,ST21,SKU01882,2,1.9158827
2025-12-20,ST06,SKU01885,2,1.7857577
2025-12-20,ST30,SKU01892,2,1.900292
2025-12-20,ST22,SKU01902,5,1.8490881
2025-12-20,ST09,SKU01926,4,1.8941177
2025-12-20,ST06,SKU01927,3,1.9572711
2025-12-20,ST23,SKU01934,3,1.7635376
2025-12-20,ST29,SKU01941,1,1.9024805
2025-12-20,ST20,SKU01944,4,1.7294526
2025-12-20,ST13,SKU01949,1,1.7984647
2025-12-20,ST14,SKU01960,2,1.7379524
2025-12-20,ST29,SKU01976,2,1.8628746
2025-12-20,ST03,SKU01983,2,1.8744661
2025-12-20,ST19,SKU01984,2,1.8471131
2025-12-20,ST11,SKU01988,3,1.9395944
2025-12-20,ST27,SKU01993,2,1.8955357
2025-12-20,ST13,SKU01994,1,1.8585193
2025-12-20,ST13,SKU02007,1,1.8895237
2025-12-20,ST18,SKU02021,1,1.8999716
2025-12-20,ST18,SKU02024,5,1.7366279
2025-12-20,ST17,SKU02032,4,1.8504764
2025-12-20,ST12,SKU02033,3,1.8259367
2025-12-20,ST20,SKU02037,1,1.8426139
2025-12-20,ST13,SKU02038,1,1.5972552
2025-12-20,ST10,SKU02055,1,1.8805618
2025-12-20,ST19,SKU02061,2,2.5140185
2025-12-20,ST19,SKU02067,1,1.859605
2025-12-20,ST14,SKU02068,1,1.7914597
2025-12-20,ST13,SKU02071,3,1.882934
2025-12-20,ST09,SKU02087,1,2.0261612
2025-12-20,ST28,SKU02102,1,1.8744432
2025-12-20,ST14,SKU02105,1,2.027774
2025-12-20,ST14,SKU02114,2,2.1757011
2025-12-20,ST29,SKU02138,3,1.8305175
2025-12-20,ST30,SKU02141,1,1.8600203
2025-12-20,ST30,SKU02146,3,1.9013275
2025-12-20,ST06,SKU02147,3,1.8447629
2025-12-20,ST30,SKU02151,2,1.8472852
2025-12-20,ST22,SKU02155,1,1.775807
2025-12-20,ST24,SKU02162,2,1.8915694
2025-12-20,ST27,SKU02169,1,1.8690636
2025-12-20,ST22,SKU02176,1,1.7969291
2025-12-20,ST11,SKU02180,1,1.7627968
2025-12-20,ST28,SKU02188,2,1.8535527
2025-12-20,ST28,SKU02195,3,1.8305718
2025-12-20,ST15,SKU02201,3,1.8781772
2025-12-20,ST27,SKU02208,2,1.8535777
2025-12-20,ST25,SKU02209,4,1.8277556
2025-12-20,ST13,SKU02212,1,1.8443508
2025-12-20,ST04,SKU02215,2,1.8196267
2025-12-20,ST19,SKU02219,4,2.0210009
2025-12-20,ST21,SKU02229,2,1.8713827
2025-12-20,ST28,SKU02231,1,1.875913
2025-12-20,ST09,SKU02233,1,1.8287352
2025-12-20,ST06,SKU02235,1,1.8472996
2025-12-20,ST10,SKU02245,1,1.8634228
2025-12-20,ST13,SKU02258,1,1.8513143
2025-12-20,ST27,SKU02265,2,1.8766817
2025-12-20,ST28,SKU02267,1,1.6861881
2025-12-20,ST14,SKU02268,1,1.8287187
2025-12-20,ST21,SKU02271,1,1.8609744
2025-12-20,ST06,SKU02291,1,1.8686757
2025-12-20,ST09,SKU02300,4,1.855409
2025-12-20,ST06,SKU02309,2,1.8538246
2025-12-20,ST09,SKU02333,4,1.7462981
2025-12-20,ST12,SKU02334,1,1.8575097
2025-12-20,ST05,SKU02335,2,1.9759939
2025-12-20,ST18,SKU02341,1,1.8628675
2025-12-20,ST21,SKU02348,1,1.8723515
2025-12-20,ST08,SKU02350,2,1.9623082
2025-12-20,ST20,SKU02354,2,1.8987253
2025-12-20,ST04,SKU02360,2,1.8257756
2025-12-20,ST28,SKU02364,1,1.8657402
2025-12-20,ST23,SKU02366,3,1.7935356
2025-12-20,ST09,SKU02368,2,1.8654763
2025-12-20,ST21,SKU02379,1,1.9495515
2025-12-20,ST06,SKU02388,1,1.9493682
2025-12-20,ST04,SKU02397,3,1.9582
2025-12-20,ST20,SKU02401,2,1.8705292
2025-12-20,ST22,SKU02402,3,1.8425673
2025-12-20,ST29,SKU02407,2,1.8978075
2025-12-20,ST06,SKU02445,1,1.9293836
2025-12-20,ST05,SKU02450,1,1.8570584
2025-12-20,ST28,SKU02460,1,1.8432581
2025-12-20,ST30,SKU02462,2,1.856467
2025-12-20,ST21,SKU02470,5,1.8486983
2025-12-20,ST20,SKU02471,3,2.2702322
2025-12-20,ST07,SKU02478,1,1.8896887
2025-12-20,ST13,SKU02479,1,1.7849401
2025-12-20,ST28,SKU02480,1,1.8306704
2025-12-20,ST05,SKU02482,3,1.8190176
2025-12-20,ST12,SKU02484,3,1.7290798
2025-12-20,ST20,SKU02488,2,1.9404778
2025-12-20,ST25,SKU02490,1,1.9434335
2025-12-20,ST20,SKU02495,1,1.8166045
2025-12-20,ST19,SKU02499,2,1.8340849
2025-12-20,ST27,SKU02503,3,1.8950887
2025-12-20,ST19,SKU02521,1,1.8221203
2025-12-20,ST09,SKU02524,3,1.8651549
2025-12-20,ST21,SKU02526,1,1.7742119
2025-12-20,ST27,SKU02530,3,1.9318677
2025-12-20,ST21,SKU02532,2,1.8338095
2025-12-20,ST29,SKU02536,1,1.8770407
2025-12-20,ST05,SKU02538,6,3.5340333
2025-12-20,ST05,SKU02540,2,1.8006121
2025-12-20,ST18,SKU02544,4,1.844048
2025-12-20,ST01,SKU02554,1,1.8540868
2025-12-20,ST08,SKU02557,4,1.8343052
2025-12-20,ST03,SKU02571,1,1.8631649
2025-12-20,ST21,SKU02586,2,3.6238105
2025-12-20,ST25,SKU02611,1,1.86192
2025-12-20,ST03,SKU02626,3,1.8597481
2025-12-20,ST08,SKU02642,1,1.9828289
2025-12-20,ST06,SKU02650,1,1.8216538
2025-12-20,ST06,SKU02653,2,1.9101046
2025-12-20,ST20,SKU02659,2,1.8717062
2025-12-20,ST11,SKU02660,4,1.7990693
2025-12-20,ST03,SKU02662,4,1.806954
2025-12-20,ST07,SKU02664,1,1.80889
2025-12-20,ST13,SKU02668,1,1.8196633
2025-12-20,ST21,SKU02673,2,1.870797
2025-12-20,ST07,SKU02680,1,1.8511628
2025-12-20,ST29,SKU02692,5,1.9230874
2025-12-20,ST05,SKU02701,1,1.848593
2025-12-20,ST03,SKU02704,1,1.882247
2025-12-20,ST12,SKU02715,1,1.8639356
2025-12-20,ST26,SKU02719,2,1.7825015
2025-12-20,ST25,SKU02724,1,1.874362
2025-12-20,ST11,SKU02728,3,1.71574
2025-12-20,ST10,SKU02730,2,1.814529
2025-12-20,ST26,SKU02737,1,1.869882
2025-12-20,ST11,SKU02745,4,1.8245099
2025-12-20,ST19,SKU02756,4,1.8129282
2025-12-20,ST08,SKU02785,1,1.8361351
2025-12-20,ST21,SKU02807,1,1.859365
2025-12-20,ST11,SKU02817,2,1.8931457
2025-12-20,ST20,SKU02821,3,2.1935363
2025-12-20,ST04,SKU02824,1,1.862239
2025-12-20,ST17,SKU02833,2,1.9256406
2025-12-20,ST29,SKU02840,1,1.8664303
2025-12-20,ST28,SKU02844,1,1.8667431
2025-12-20,ST26,SKU02858,5,1.9454836
2025-12-20,ST01,SKU02871,4,1.9138604
2025-12-20,ST14,SKU02888,2,1.8399389
2025-12-20,ST14,SKU02891,2,2.0629365
2025-12-20,ST03,SKU02892,1,1.8927926
2025-12-20,ST12,SKU02904,3,1.9021633
2025-12-20,ST04,SKU02905,2,1.9776137
2025-12-20,ST04,SKU02908,4,1.8653651
2025-12-20,ST14,SKU02912,1,1.949205
2025-12-20,ST05,SKU02930,2,1.8743945
2025-12-20,ST18,SKU02931,2,1.8610576
2025-12-20,ST30,SKU02948,1,1.8227723
2025-12-20,ST22,SKU02949,1,1.9273032
2025-12-20,ST23,SKU02950,1,1.9565957
2025-12-20,ST22,SKU02972,1,1.8151826
2025-12-20,ST29,SKU02981,3,1.8956482
2025-12-20,ST27,SKU02983,1,1.941129
2025-12-20,ST30,SKU02992,3,1.847045
2025-12-20,ST07,SKU03010,1,1.8069701
2025-12-20,ST14,SKU03019,2,1.7898613
2025-12-20,ST04,SKU03045,2,1.8468254
2025-12-20,ST17,SKU03055,1,2.1756268
2025-12-20,ST05,SKU03057,1,2.1014256
2025-12-20,ST05,SKU03063,7,3.903103
2025-12-20,ST06,SKU03077,2,1.927601
2025-12-20,ST05,SKU03079,1,1.8129122
2025-12-20,ST17,SKU03084,2,1.8809206
2025-12-20,ST11,SKU03088,4,1.8690062
2025-12-20,ST29,SKU03098,1,1.8543525
2025-12-20,ST27,SKU03110,2,1.8491439
2025-12-20,ST27,SKU03122,1,1.8381542
2025-12-20,ST27,SKU03145,3,1.8749125
2025-12-20,ST13,SKU03149,2,1.8723352
2025-12-20,ST17,SKU03159,1,1.8514777
2025-12-20,ST26,SKU03166,1,1.8536712
2025-12-20,ST29,SKU03171,2,1.8885415
2025-12-20,ST22,SKU03195,1,1.7972283
2025-12-20,ST08,SKU03199,5,4.178318
2025-12-20,ST14,SKU03222,1,1.8526695
2025-12-20,ST11,SKU03230,5,1.8793292
2025-12-20,ST30,SKU03232,1,1.8770002
2025-12-20,ST05,SKU03235,1,2.099018
2025-12-20,ST04,SKU03241,1,1.918695
2025-12-20,ST17,SKU03258,2,1.7999758
2025-12-20,ST18,SKU03259,4,1.7680445
2025-12-20,ST29,SKU03273,1,1.8724042
2025-12-20,ST18,SKU03274,1,2.0416677
2025-12-20,ST23,SKU03282,4,1.891269
2025-12-20,ST25,SKU03292,1,1.9824038
2025-12-20,ST28,SKU03308,3,1.8557119
2025-12-20,ST29,SKU03323,2,2.0398715
2025-12-20,ST11,SKU03340,4,1.8185967
2025-12-20,ST21,SKU03346,2,1.7835267
2025-12-20,ST14,SKU03348,1,1.8785082
2025-12-20,ST20,SKU03352,1,1.8569919
2025-12-20,ST26,SKU03370,2,1.8868635
2025-12-20,ST17,SKU03379,1,1.7828358
2025-12-20,ST06,SKU03382,2,1.8806167
2025-12-20,ST14,SKU03391,2,1.8575004
2025-12-20,ST22,SKU03397,1,1.9133897
2025-12-20,ST06,SKU03400,1,1.8730415
2025-12-20,ST09,SKU03405,1,1.852866
2025-12-20,ST15,SKU03415,2,1.9074627
2025-12-20,ST18,SKU03425,1,1.9585294
2025-12-20,ST22,SKU03433,2,2.2954822
2025-12-20,ST13,SKU03437,5,1.8931679
2025-12-20,ST06,SKU03454,3,1.7513192
2025-12-20,ST04,SKU03455,3,1.8720155
2025-12-20,ST21,SKU03456,2,1.872894
2025-12-20,ST03,SKU03460,1,2.070885
2025-12-20,ST08,SKU03463,1,1.755924
2025-12-20,ST21,SKU03485,1,1.9213239
2025-12-20,ST25,SKU03493,1,1.9111798
2025-12-20,ST26,SKU03495,2,1.8719718
2025-12-20,ST05,SKU03496,1,1.7881287
2025-12-20,ST11,SKU03513,1,1.889649
2025-12-20,ST11,SKU03524,3,1.899725
2025-12-20,ST06,SKU03551,1,1.8432274
2025-12-20,ST23,SKU03564,1,1.9258354
2025-12-20,ST29,SKU03586,1,1.8945998
2025-12-20,ST20,SKU03597,1,1.8841623
2025-12-20,ST19,SKU03616,2,1.8738999
2025-12-20,ST18,SKU03630,1,1.8406159
2025-12-20,ST22,SKU03635,1,1.8763441
2025-12-20,ST20,SKU03644,1,1.8633337
2025-12-20,ST30,SKU03650,2,1.8607273
2025-12-20,ST27,SKU03653,2,1.9188327
2025-12-20,ST21,SKU03657,1,1.8972943
2025-12-20,ST28,SKU03669,3,1.8246541
2025-12-20,ST28,SKU03677,1,1.9289881
2025-12-20,ST04,SKU03683,1,1.8678868
2025-12-20,ST13,SKU03698,1,1.8952218
2025-12-20,ST27,SKU03702,1,1.9634078
2025-12-20,ST09,SKU03717,2,1.8760245
2025-12-20,ST15,SKU03720,5,1.795081
2025-12-20,ST06,SKU03725,2,1.8855401
2025-12-20,ST30,SKU03727,1,1.8816384
2025-12-20,ST07,SKU03734,4,1.8493451
2025-12-20,ST21,SKU03793,2,1.8493911
2025-12-20,ST16,SKU03800,1,1.8465142
2025-12-20,ST28,SKU03812,2,1.8294256
2025-12-20,ST28,SKU03832,3,1.835166
2025-12-20,ST26,SKU03833,1,1.6533617
2025-12-20,ST29,SKU03838,2,1.8982654
2025-12-20,ST13,SKU03850,1,1.847585
2025-12-20,ST27,SKU03852,1,1.8725365
2025-12-20,ST20,SKU03853,1,1.8355329
2025-12-20,ST21,SKU03855,1,1.8692517
2025-12-20,ST30,SKU03856,1,1.8062679
2025-12-20,ST21,SKU03862,3,1.860374
2025-12-20,ST08,SKU03863,1,1.7628548
2025-12-20,ST14,SKU03870,4,1.9048046
2025-12-20,ST17,SKU03876,4,1.898745
2025-12-20,ST03,SKU03881,3,1.8453968
2025-12-20,ST05,SKU03885,1,1.864458
2025-12-20,ST14,SKU03886,1,1.9632441
2025-12-20,ST28,SKU03891,2,1.7886052
2025-12-20,ST27,SKU03897,2,1.8574526
2025-12-20,ST08,SKU03898,1,1.8720139
2025-12-20,ST30,SKU03901,2,1.8732622
2025-12-20,ST14,SKU03906,3,1.906319
2025-12-20,ST27,SKU03907,1,1.8351942
2025-12-20,ST22,SKU03916,1,1.8636159
2025-12-20,ST11,SKU03924,3,3.893298
2025-12-20,ST18,SKU03931,1,1.8130022
2025-12-20,ST27,SKU03933,2,1.6644022
2025-12-20,ST16,SKU03937,1,1.9082067
2025-12-20,ST17,SKU03943,1,1.9192798
2025-12-20,ST20,SKU03948,1,1.9788659
2025-12-20,ST04,SKU03950,2,1.6983403
2025-12-20,ST23,SKU03952,2,1.8652384
2025-12-20,ST27,SKU03979,2,1.9178855
2025-12-20,ST06,SKU03990,1,1.8262495
2025-12-20,ST29,SKU03993,2,1.8682935
2025-12-20,ST28,SKU04007,3,1.8228371
2025-12-20,ST28,SKU04009,2,1.7576298
2025-12-20,ST28,SKU04010,2,1.9349086
2025-12-20,ST28,SKU04016,4,1.8155786
2025-12-20,ST03,SKU04026,2,1.9104582
2025-12-20,ST12,SKU04029,3,1.893749
2025-12-20,ST20,SKU04035,1,1.8583314
2025-12-20,ST09,SKU04042,3,1.8507903
2025-12-20,ST29,SKU04046,1,1.885599
2025-12-20,ST17,SKU04063,2,1.9690893
2025-12-20,ST18,SKU04068,3,1.8442664
2025-12-20,ST21,SKU04080,1,1.8725677
2025-12-20,ST06,SKU04081,2,1.888102
2025-12-20,ST09,SKU04099,1,1.9081808
2025-12-20,ST20,SKU04101,1,1.842083
2025-12-20,ST10,SKU04105,1,1.8594068
2025-12-20,ST30,SKU04109,1,1.8591359
2025-12-20,ST28,SKU04117,2,1.8280097
2025-12-20,ST20,SKU04120,2,1.8779762
2025-12-20,ST22,SKU04126,1,1.8179325
2025-12-20,ST30,SKU04149,1,1.8779247
2025-12-20,ST19,SKU04154,1,1.7631758
2025-12-20,ST16,SKU04155,2,1.7236009
2025-12-20,ST14,SKU04157,3,1.8787074
2025-12-20,ST30,SKU04160,4,1.8642136
2025-12-20,ST17,SKU04165,2,1.8100095
2025-12-20,ST17,SKU04166,4,1.9746689
2025-12-20,ST04,SKU04170,1,1.8898271
2025-12-20,ST13,SKU04175,3,1.8950509
2025-12-20,ST23,SKU04185,1,1.9688959
2025-12-20,ST04,SKU04186,1,1.8421899
2025-12-20,ST15,SKU04191,1,1.842019
2025-12-20,ST17,SKU04193,3,1.8344736
2025-12-20,ST23,SKU04198,1,1.9363638
2025-12-20,ST05,SKU04201,1,1.816696
2025-12-20,ST07,SKU04245,1,1.974132
2025-12-20,ST16,SKU04252,2,1.8729448
2025-12-20,ST11,SKU04255,1,1.8550252
2025-12-20,ST19,SKU04257,2,1.9037493
2025-12-20,ST29,SKU04273,5,1.7249537
2025-12-20,ST09,SKU04274,1,1.7957702
2025-12-20,ST22,SKU04276,2,1.8504125
2025-12-20,ST17,SKU04277,2,1.8710736
2025-12-20,ST27,SKU04280,3,1.8888141
2025-12-20,ST11,SKU04288,1,1.8665147
2025-12-20,ST18,SKU04307,1,1.9634438
2025-12-20,ST29,SKU04309,2,1.8495616
2025-12-20,ST05,SKU04318,1,1.8845588
2025-12-20,ST30,SKU04321,3,4.969492
2025-12-20,ST15,SKU04324,1,1.8563335
2025-12-20,ST11,SKU04329,2,2.059465
2025-12-20,ST03,SKU04338,2,1.8121152
2025-12-20,ST27,SKU04341,3,1.9041618
2025-12-20,ST20,SKU04346,2,1.88983
2025-12-20,ST26,SKU04350,3,1.8741995
2025-12-20,ST21,SKU04359,1,1.9368358
2025-12-20,ST21,SKU04373,3,1.8112364
2025-12-20,ST16,SKU04381,2,1.9486147
2025-12-20,ST07,SKU04382,2,1.9851681
2025-12-20,ST24,SKU04391,1,1.8420582
2025-12-20,ST11,SKU04408,2,1.7835628
2025-12-20,ST04,SKU04411,3,1.8214537
2025-12-20,ST28,SKU04425,2,1.8940551
2025-12-20,ST12,SKU04430,1,1.8385754
2025-12-20,ST26,SKU04433,1,1.9345876
2025-12-20,ST29,SKU04438,2,1.8345877
2025-12-20,ST05,SKU04451,1,1.8901213
2025-12-20,ST25,SKU04453,2,1.8877766
2025-12-20,ST29,SKU04465,2,1.8682475
2025-12-20,ST20,SKU04472,2,1.8701246
2025-12-20,ST20,SKU04489,1,1.807838
2025-12-20,ST26,SKU04508,1,1.8673677
2025-12-20,ST29,SKU04509,4,1.840704
2025-12-20,ST14,SKU04512,1,1.8415763
2025-12-20,ST10,SKU04528,1,1.8099847
2025-12-20,ST18,SKU04537,1,1.9510047
2025-12-20,ST29,SKU04539,1,1.8841532
2025-12-20,ST08,SKU04547,3,1.8447472
2025-12-20,ST03,SKU04548,1,1.8432108
2025-12-20,ST12,SKU04551,2,1.9302081
2025-12-20,ST22,SKU04562,1,1.8368748
2025-12-20,ST30,SKU04567,2,1.8354669
2025-12-20,ST04,SKU04571,2,1.8771269
2025-12-20,ST11,SKU04585,1,1.9257654
2025-12-20,ST27,SKU04594,1,1.9164684
2025-12-20,ST30,SKU04596,3,2.2162228
2025-12-20,ST24,SKU04607,1,1.8692352
2025-12-20,ST23,SKU04608,5,1.9221282
2025-12-20,ST05,SKU04610,4,1.759935
2025-12-20,ST30,SKU04623,2,1.9106858
2025-12-20,ST15,SKU04626,1,1.9460475
2025-12-20,ST29,SKU04633,4,1.8275698
2025-12-20,ST28,SKU04639,2,1.8754551
2025-12-20,ST03,SKU04646,2,2.0055027
2025-12-20,ST16,SKU04650,1,1.8304255
2025-12-20,ST18,SKU04677,2,1.8763052
2025-12-20,ST09,SKU04694,3,1.8336271
2025-12-20,ST15,SKU04702,1,1.7734395
2025-12-20,ST29,SKU04705,3,1.8472615
2025-12-20,ST22,SKU04730,1,1.8272897
2025-12-20,ST02,SKU04767,2,1.8727392
2025-12-20,ST22,SKU04770,1,1.8516657
2025-12-20,ST20,SKU04778,2,1.892575
2025-12-20,ST26,SKU04779,1,2.0181253
2025-12-20,ST07,SKU04782,1,1.8870097
2025-12-20,ST26,SKU04795,2,1.778604
2025-12-20,ST11,SKU04800,1,1.7139528
2025-12-20,ST18,SKU04815,1,1.8063968
2025-12-20,ST17,SKU04816,5,1.8403448
2025-12-20,ST27,SKU04819,2,1.9610723
2025-12-20,ST20,SKU04823,2,1.8367212
2025-12-20,ST03,SKU04824,2,1.9562858
2025-12-20,ST22,SKU04825,1,1.8781856
2025-12-20,ST19,SKU04840,2,1.9622972
2025-12-20,ST16,SKU04844,3,1.8507886
2025-12-20,ST11,SKU04853,5,1.8951341
2025-12-20,ST13,SKU04860,2,1.869986
2025-12-20,ST07,SKU04871,2,1.9518312
2025-12-20,ST28,SKU04886,3,1.8013014
2025-12-20,ST05,SKU04892,1,1.7179993
2025-12-20,ST14,SKU04895,2,1.8104692
2025-12-20,ST17,SKU04902,2,1.8347031
2025-12-20,ST29,SKU04913,5,1.8567113
2025-12-20,ST07,SKU04914,5,1.9685335
2025-12-20,ST29,SKU04926,3,1.9536095
2025-12-20,ST08,SKU04949,1,1.8985332
2025-12-20,ST10,SKU04976,2,1.8879704
2025-12-20,ST09,SKU04981,1,1.8582726
2025-12-20,ST20,SKU04989,1,1.943751
2025-12-20,ST17,SKU04992,2,1.8576256
2025-12-20,ST19,SKU04995,1,1.8968219
2025-12-20,ST21,SKU04998,1,1.9081215
2025-12-21,ST27,SKU00005,1,1.8708335
2025-12-21,ST07,SKU00007,1,1.8414772
2025-12-21,ST03,SKU00010,5,1.7918888
2025-12-21,ST30,SKU00016,2,1.8363771
2025-12-21,ST17,SKU00020,1,1.8874831
2025-12-21,ST25,SKU00034,5,1.8267761
2025-12-21,ST04,SKU00040,2,1.8619305
2025-12-21,ST17,SKU00045,4,1.8847276
2025-12-21,ST24,SKU00048,1,1.8947815
2025-12-21,ST04,SKU00053,5,1.8551272
2025-12-21,ST22,SKU00055,2,1.9375043
2025-12-21,ST28,SKU00066,1,1.8483137
2025-12-21,ST28,SKU00079,3,1.9164729
2025-12-21,ST28,SKU00089,3,1.7410804
2025-12-21,ST20,SKU00098,3,1.8196057
2025-12-21,ST29,SKU00099,3,1.8643306
2025-12-21,ST26,SKU00100,2,1.8580946
2025-12-21,ST20,SKU00110,3,1.832337
2025-12-21,ST28,SKU00118,3,1.8232619
2025-12-21,ST30,SKU00119,3,1.8306975
2025-12-21,ST05,SKU00125,3,1.8957155
2025-12-21,ST25,SKU00132,1,1.8630517
2025-12-21,ST11,SKU00151,2,1.8799803
2025-12-21,ST21,SKU00166,1,1.7117546
2025-12-21,ST30,SKU00169,3,1.8886011
2025-12-21,ST21,SKU00177,2,1.9038072
2025-12-21,ST19,SKU00183,1,1.8267543
2025-12-21,ST03,SKU00188,3,1.9379228
2025-12-21,ST24,SKU00190,1,1.9542587
2025-12-21,ST06,SKU00193,1,1.861862
2025-12-21,ST06,SKU00195,1,1.8031346
2025-12-21,ST17,SKU00199,2,1.8373208
2025-12-21,ST23,SKU00200,2,1.8544754
2025-12-21,ST29,SKU00216,1,1.8756437
2025-12-21,ST28,SKU00224,1,1.887444
2025-12-21,ST07,SKU00225,1,1.8247043
2025-12-21,ST11,SKU00228,4,1.9784168
2025-12-21,ST23,SKU00232,1,1.7919874
2025-12-21,ST10,SKU00238,1,1.8427035
2025-12-21,ST07,SKU00243,1,1.8468764
2025-12-21,ST25,SKU00249,2,1.8871461
2025-12-21,ST14,SKU00253,2,1.8567585
2025-12-21,ST03,SKU00268,1,1.7441332
2025-12-21,ST04,SKU00270,1,1.851346
2025-12-21,ST17,SKU00286,2,1.6912413
2025-12-21,ST18,SKU00291,3,1.9007723
2025-12-21,ST08,SKU00296,1,1.8479584
2025-12-21,ST30,SKU00297,1,1.8604382
2025-12-21,ST20,SKU00316,1,1.8408324
2025-12-21,ST26,SKU00328,1,1.9047366
2025-12-21,ST12,SKU00333,2,1.9666944
2025-12-21,ST07,SKU00335,3,1.8638365
2025-12-21,ST18,SKU00341,1,1.8164254
2025-12-21,ST30,SKU00348,2,1.8668355
2025-12-21,ST27,SKU00363,1,1.935807
2025-12-21,ST30,SKU00365,3,1.8915799
2025-12-21,ST26,SKU00370,1,1.8240088
2025-12-21,ST01,SKU00373,1,2.0642436
2025-12-21,ST06,SKU00376,1,1.8298614
2025-12-21,ST26,SKU00387,2,1.8225181
2025-12-21,ST17,SKU00388,3,1.9097853
2025-12-21,ST10,SKU00393,1,1.8094832
2025-12-21,ST15,SKU00398,1,1.8830581
2025-12-21,ST13,SKU00400,1,1.8194971
2025-12-21,ST21,SKU00412,1,1.8555869
2025-12-21,ST30,SKU00416,1,1.954214
2025-12-21,ST04,SKU00435,1,1.8763504
2025-12-21,ST05,SKU00442,1,1.9518925
2025-12-21,ST12,SKU00443,2,1.8843976
2025-12-21,ST16,SKU00446,1,1.8703035
2025-12-21,ST30,SKU00447,4,1.8688645
2025-12-21,ST21,SKU00450,1,1.7553521
2025-12-21,ST06,SKU00454,1,1.9498492
2025-12-21,ST29,SKU00464,1,1.874573
2025-12-21,ST07,SKU00468,1,1.8029498
2025-12-21,ST04,SKU00476,2,1.8541903
2025-12-21,ST11,SKU00484,5,1.9349844
2025-12-21,ST24,SKU00500,1,1.8770796
2025-12-21,ST09,SKU00506,1,1.9468492
2025-12-21,ST07,SKU00531,2,2.0238214
2025-12-21,ST18,SKU00539,1,2.0095904
2025-12-21,ST09,SKU00541,1,1.8516427
2025-12-21,ST18,SKU00547,3,1.789252
2025-12-21,ST23,SKU00549,2,1.8655468
2025-12-21,ST18,SKU00552,4,1.8644098
2025-12-21,ST21,SKU00554,1,2.0459745
2025-12-21,ST09,SKU00561,2,1.832574
2025-12-21,ST30,SKU00578,4,1.83531
2025-12-21,ST15,SKU00590,1,1.9614938
2025-12-21,ST05,SKU00596,1,1.8690836
2025-12-21,ST27,SKU00597,4,1.8165262
2025-12-21,ST30,SKU00598,3,1.8807967
2025-12-21,ST11,SKU00601,1,1.8658704
2025-12-21,ST09,SKU00607,1,1.7777901
2025-12-21,ST12,SKU00610,2,1.7877984
2025-12-21,ST08,SKU00615,2,1.8844408
2025-12-21,ST06,SKU00627,3,1.8495698
2025-12-21,ST23,SKU00628,1,1.8158454
2025-12-21,ST07,SKU00637,2,1.8638886
2025-12-21,ST18,SKU00674,1,1.8694688
2025-12-21,ST27,SKU00678,2,1.6399248
2025-12-21,ST19,SKU00687,1,1.8370559
2025-12-21,ST29,SKU00690,2,1.8748562
2025-12-21,ST29,SKU00692,2,1.7393342
2025-12-21,ST22,SKU00693,2,1.8466609
2025-12-21,ST28,SKU00694,2,1.8497206
2025-12-21,ST01,SKU00702,1,1.8453686
2025-12-21,ST01,SKU00722,2,1.7732795
2025-12-21,ST02,SKU00727,1,1.8612908
2025-12-21,ST27,SKU00737,1,1.9131593
2025-12-21,ST17,SKU00743,1,1.8257318
2025-12-21,ST15,SKU00750,1,1.87303
2025-12-21,ST20,SKU00759,1,1.8659848
2025-12-21,ST16,SKU00774,4,1.8697606
2025-12-21,ST04,SKU00780,3,1.8404816
2025-12-21,ST15,SKU00785,2,1.8535757
2025-12-21,ST30,SKU00791,1,1.9105817
2025-12-21,ST22,SKU00798,1,1.8388308
2025-12-21,ST09,SKU00812,2,1.8165145
2025-12-21,ST21,SKU00829,1,1.8568827
2025-12-21,ST22,SKU00830,1,1.8052856
2025-12-21,ST22,SKU00853,2,1.8712986
2025-12-21,ST01,SKU00855,3,1.8182789
2025-12-21,ST30,SKU00859,1,1.9199268
2025-12-21,ST28,SKU00862,1,1.8906566
2025-12-21,ST28,SKU00868,2,1.8256754
2025-12-21,ST25,SKU00891,1,1.851555
2025-12-21,ST26,SKU00893,2,1.8373041
2025-12-21,ST19,SKU00902,3,1.8840293
2025-12-21,ST08,SKU00907,1,1.8817029
2025-12-21,ST30,SKU00917,2,1.8435858
2025-12-21,ST23,SKU00920,4,1.8500971
2025-12-21,ST27,SKU00942,1,1.8790451
2025-12-21,ST05,SKU00945,3,1.9867887
2025-12-21,ST29,SKU00950,2,1.8393627
2025-12-21,ST26,SKU00953,3,1.8669305
2025-12-21,ST18,SKU00969,1,1.7968054
2025-12-21,ST24,SKU00973,1,1.8384055
2025-12-21,ST30,SKU00980,2,1.8516374
2025-12-21,ST14,SKU00982,1,1.8493464
2025-12-21,ST24,SKU00994,2,1.8449812
2025-12-21,ST16,SKU00997,5,1.871072
2025-12-21,ST12,SKU00998,2,1.829043
2025-12-21,ST29,SKU01004,1,1.839713
2025-12-21,ST05,SKU01007,3,1.8856823
2025-12-21,ST29,SKU01009,1,1.8749162
2025-12-21,ST22,SKU01010,4,1.814678
2025-12-21,ST13,SKU01013,2,1.9211419
2025-12-21,ST29,SKU01020,1,1.8366239
2025-12-21,ST11,SKU01024,2,1.9222236
2025-12-21,ST22,SKU01027,1,2.22536
2025-12-21,ST13,SKU01034,1,1.6688776
2025-12-21,ST27,SKU01040,3,1.888475
2025-12-21,ST20,SKU01045,1,1.938916
2025-12-21,ST18,SKU01048,2,1.844686
2025-12-21,ST21,SKU01054,1,1.8400459
2025-12-21,ST06,SKU01055,1,1.8587854
2025-12-21,ST11,SKU01079,4,1.8502036
2025-12-21,ST26,SKU01081,3,1.8033621
2025-12-21,ST29,SKU01084,2,1.9314486
2025-12-21,ST05,SKU01088,1,1.8521087
2025-12-21,ST07,SKU01093,5,1.808518
2025-12-21,ST27,SKU01094,1,1.882666
2025-12-21,ST22,SKU01138,3,1.8570883
2025-12-21,ST14,SKU01153,3,2.1041033
2025-12-21,ST28,SKU01164,2,1.8593917
2025-12-21,ST28,SKU01189,1,1.8514055
2025-12-21,ST30,SKU01192,2,1.8536814
2025-12-21,ST03,SKU01194,4,1.8196045
2025-12-21,ST22,SKU01208,2,1.8917979
2025-12-21,ST28,SKU01227,2,1.882226
2025-12-21,ST06,SKU01242,2,1.8532931
2025-12-21,ST15,SKU01243,1,1.8254997
2025-12-21,ST23,SKU01244,3,1.9491724
2025-12-21,ST30,SKU01246,4,1.9150699
2025-12-21,ST24,SKU01248,1,1.8680575
2025-12-21,ST18,SKU01266,2,1.8491898
2025-12-21,ST23,SKU01274,2,2.0990295
2025-12-21,ST25,SKU01276,1,1.8270824
2025-12-21,ST02,SKU01281,1,1.8228192
2025-12-21,ST09,SKU01283,1,1.8053027
2025-12-21,ST06,SKU01284,1,1.855279
2025-12-21,ST09,SKU01288,3,1.9153594
2025-12-21,ST13,SKU01290,4,1.8650516
2025-12-21,ST26,SKU01292,3,1.8470421
2025-12-21,ST05,SKU01294,1,1.823835
2025-12-21,ST27,SKU01297,2,1.8849926
2025-12-21,ST30,SKU01309,2,1.8448848
2025-12-21,ST17,SKU01317,2,1.7756798
2025-12-21,ST19,SKU01322,2,1.9779886
2025-12-21,ST15,SKU01331,1,1.8420706
2025-12-21,ST24,SKU01340,1,1.8187103
2025-12-21,ST24,SKU01342,2,1.8950632
2025-12-21,ST21,SKU01344,1,1.8460442
2025-12-21,ST17,SKU01359,2,1.9467388
2025-12-21,ST26,SKU01362,1,1.9331595
2025-12-21,ST29,SKU01371,1,1.7381842
2025-12-21,ST21,SKU01374,2,1.7380738
2025-12-21,ST24,SKU01376,1,1.8086146
2025-12-21,ST17,SKU01377,4,1.8909605
2025-12-21,ST21,SKU01407,2,1.7336786
2025-12-21,ST15,SKU01410,3,1.8490429
2025-12-21,ST20,SKU01411,1,1.9121238
2025-12-21,ST20,SKU01414,1,1.8312628
2025-12-21,ST21,SKU01416,2,1.927089
2025-12-21,ST24,SKU01420,1,2.0889053
2025-12-21,ST01,SKU01432,2,1.9052492
2025-12-21,ST25,SKU01438,1,1.858
2025-12-21,ST11,SKU01449,1,1.859358
2025-12-21,ST26,SKU01470,1,1.8281857
2025-12-21,ST01,SKU01474,4,1.9037647
2025-12-21,ST22,SKU01477,2,1.870594
2025-12-21,ST13,SKU01481,1,1.8596878
2025-12-21,ST03,SKU01483,1,1.8888812
2025-12-21,ST20,SKU01485,1,1.9436266
2025-12-21,ST27,SKU01486,1,1.8113748
2025-12-21,ST14,SKU01487,3,1.867051
2025-12-21,ST18,SKU01488,1,1.8538914
2025-12-21,ST30,SKU01500,3,1.753861
2025-12-21,ST09,SKU01505,2,1.8207047
2025-12-21,ST30,SKU01507,1,1.9008198
2025-12-21,ST18,SKU01516,3,1.8836159
2025-12-21,ST08,SKU01522,4,1.8902413
2025-12-21,ST15,SKU01549,1,1.9438788
2025-12-21,ST08,SKU01550,1,1.8029006
2025-12-21,ST20,SKU01570,1,1.6143578
2025-12-21,ST30,SKU01575,1,1.8755797
2025-12-21,ST18,SKU01580,4,1.8209575
2025-12-21,ST04,SKU01603,1,1.8651719
2025-12-21,ST13,SKU01620,4,1.7136153
2025-12-21,ST23,SKU01627,2,1.8669908
2025-12-21,ST19,SKU01628,4,1.8258365
2025-12-21,ST18,SKU01633,1,1.8389316
2025-12-21,ST11,SKU01636,1,1.8573375
2025-12-21,ST23,SKU01638,1,1.922627
2025-12-21,ST21,SKU01646,3,1.8028252
2025-12-21,ST21,SKU01653,5,1.8724692
2025-12-21,ST27,SKU01658,3,2.0090625
2025-12-21,ST11,SKU01661,4,1.8624401
2025-12-21,ST08,SKU01664,3,1.9466705
2025-12-21,ST05,SKU01683,3,2.2196672
2025-12-21,ST26,SKU01690,1,1.8206394
2025-12-21,ST01,SKU01691,1,1.8654373
2025-12-21,ST22,SKU01698,1,1.8694737
2025-12-21,ST28,SKU01700,1,1.9242133
2025-12-21,ST11,SKU01706,1,1.8083929
2025-12-21,ST20,SKU01711,1,1.9101179
2025-12-21,ST14,SKU01713,2,1.8372867
2025-12-21,ST29,SKU01724,2,1.8524829
2025-12-21,ST17,SKU01727,1,1.8471051
2025-12-21,ST23,SKU01731,4,1.9030615
2025-12-21,ST21,SKU01733,1,1.8511848
2025-12-21,ST19,SKU01743,1,1.8148831
2025-12-21,ST29,SKU01759,1,1.8434496
2025-12-21,ST04,SKU01766,2,2.2287388
2025-12-21,ST25,SKU01775,1,1.8695254
2025-12-21,ST28,SKU01781,2,1.8279761
2025-12-21,ST18,SKU01784,1,1.9108026
2025-12-21,ST02,SKU01793,3,1.881986
2025-12-21,ST29,SKU01794,5,1.8419282
2025-12-21,ST24,SKU01797,3,1.8237611
2025-12-21,ST20,SKU01804,2,1.8524258
2025-12-21,ST29,SKU01809,1,1.8820686
2025-12-21,ST18,SKU01819,4,1.8454351
2025-12-21,ST20,SKU01820,3,1.8544599
2025-12-21,ST09,SKU01832,2,1.8944281
2025-12-21,ST30,SKU01836,2,1.8780466
2025-12-21,ST06,SKU01839,1,1.9478812
2025-12-21,ST20,SKU01843,1,1.9070526
2025-12-21,ST22,SKU01859,1,1.9156739
2025-12-21,ST22,SKU01869,1,1.8303871
2025-12-21,ST06,SKU01870,1,1.9207537
2025-12-21,ST09,SKU01875,2,1.8540362
2025-12-21,ST07,SKU01876,3,1.7502646
2025-12-21,ST20,SKU01879,1,1.8619605
2025-12-21,ST30,SKU01887,2,1.8347324
2025-12-21,ST07,SKU01894,2,1.9211053
2025-12-21,ST14,SKU01897,1,1.8751115
2025-12-21,ST05,SKU01900,1,1.8556211
2025-12-21,ST04,SKU01918,1,1.8450326
2025-12-21,ST14,SKU01945,2,1.8707479
2025-12-21,ST06,SKU01954,4,1.8563021
2025-12-21,ST26,SKU01955,1,1.860866
2025-12-21,ST11,SKU01962,5,1.8532321
2025-12-21,ST02,SKU01968,4,1.876394
2025-12-21,ST21,SKU01975,2,1.900564
2025-12-21,ST22,SKU01984,1,1.8870119
2025-12-21,ST06,SKU01988,2,1.8806139
2025-12-21,ST15,SKU01990,2,1.829734
2025-12-21,ST29,SKU01993,3,2.0308034
2025-12-21,ST18,SKU02002,1,1.9215009
2025-12-21,ST15,SKU02020,1,1.8621542
2025-12-21,ST15,SKU02027,5,1.8136955
2025-12-21,ST20,SKU02034,1,1.7850966
2025-12-21,ST04,SKU02042,2,1.8959508
2025-12-21,ST24,SKU02052,1,1.9567082
2025-12-21,ST19,SKU02059,1,1.7946163
2025-12-21,ST18,SKU02071,2,1.8069422
2025-12-21,ST22,SKU02087,2,1.9151182
2025-12-21,ST15,SKU02111,1,1.8621081
2025-12-21,ST25,SKU02126,1,1.8571147
2025-12-21,ST30,SKU02130,2,1.7671312
2025-12-21,ST17,SKU02138,3,1.7983207
2025-12-21,ST28,SKU02141,3,1.7590462
2025-12-21,ST05,SKU02143,1,1.9348764
2025-12-21,ST28,SKU02160,1,1.850621
2025-12-21,ST23,SKU02165,1,1.8687093
2025-12-21,ST06,SKU02167,4,1.9059834
2025-12-21,ST27,SKU02175,2,1.8293695
2025-12-21,ST05,SKU02178,3,1.9359231
2025-12-21,ST05,SKU02187,1,1.9470613
2025-12-21,ST11,SKU02219,3,1.9562011
2025-12-21,ST02,SKU02228,1,1.8469902
2025-12-21,ST19,SKU02235,5,1.8486036
2025-12-21,ST30,SKU02247,3,1.8148606
2025-12-21,ST02,SKU02249,3,1.9333231
2025-12-21,ST17,SKU02251,3,1.9244237
2025-12-21,ST18,SKU02262,1,1.8662992
2025-12-21,ST15,SKU02265,1,1.8529776
2025-12-21,ST13,SKU02270,2,1.8448758
2025-12-21,ST27,SKU02271,1,1.8872072
2025-12-21,ST29,SKU02287,1,1.8433746
2025-12-21,ST02,SKU02298,4,1.8013453
2025-12-21,ST18,SKU02300,2,1.731551
2025-12-21,ST26,SKU02306,2,1.8605077
2025-12-21,ST09,SKU02311,1,1.8676267
2025-12-21,ST10,SKU02314,3,1.9451648
2025-12-21,ST19,SKU02318,1,1.9135518
2025-12-21,ST29,SKU02325,2,1.8444971
2025-12-21,ST04,SKU02330,2,1.9785196
2025-12-21,ST01,SKU02333,3,1.9300778
2025-12-21,ST03,SKU02339,2,1.9212457
2025-12-21,ST21,SKU02340,1,1.8919554
2025-12-21,ST13,SKU02343,1,1.8282688
2025-12-21,ST01,SKU02349,2,1.8721112
2025-12-21,ST29,SKU02355,3,1.9144663
2025-12-21,ST06,SKU02368,1,1.8111808
2025-12-21,ST07,SKU02379,1,1.8770782
2025-12-21,ST20,SKU02383,1,1.9454561
2025-12-21,ST22,SKU02392,5,1.9017357
2025-12-21,ST29,SKU02400,1,1.8653293
2025-12-21,ST04,SKU02401,3,1.8937477
2025-12-21,ST23,SKU02404,1,1.8434563
2025-12-21,ST22,SKU02407,8,3.8902304
2025-12-21,ST26,SKU02428,2,1.8822087
2025-12-21,ST28,SKU02433,3,1.8223933
2025-12-21,ST13,SKU02435,1,1.8671942
2025-12-21,ST18,SKU02440,3,1.9454871
2025-12-21,ST11,SKU02443,3,1.8584858
2025-12-21,ST07,SKU02447,1,1.8084506
2025-12-21,ST18,SKU02449,3,2.1697679
2025-12-21,ST24,SKU02452,1,1.8039992
2025-12-21,ST01,SKU02462,2,1.9255544
2025-12-21,ST25,SKU02478,2,1.9821906
2025-12-21,ST08,SKU02479,2,1.8288568
2025-12-21,ST22,SKU02482,1,1.8082534
2025-12-21,ST04,SKU02484,2,1.6912205
2025-12-21,ST11,SKU02486,2,1.7867976
2025-12-21,ST14,SKU02487,4,1.8699379
2025-12-21,ST25,SKU02488,3,1.870089
2025-12-21,ST29,SKU02496,2,1.846168
2025-12-21,ST27,SKU02503,1,1.8689623
2025-12-21,ST29,SKU02508,1,1.8347032
2025-12-21,ST07,SKU02510,1,1.9029925
2025-12-21,ST24,SKU02513,1,1.8816625
2025-12-21,ST23,SKU02516,2,1.9235518
2025-12-21,ST26,SKU02521,2,1.8450953
2025-12-21,ST21,SKU02526,2,1.8181173
2025-12-21,ST30,SKU02531,1,1.784191
2025-12-21,ST30,SKU02532,1,1.9168282
2025-12-21,ST07,SKU02537,3,1.9733468
2025-12-21,ST29,SKU02543,2,1.8192098
2025-12-21,ST22,SKU02547,2,1.8674728
2025-12-21,ST14,SKU02564,3,1.8764561
2025-12-21,ST07,SKU02573,3,1.9396935
2025-12-21,ST19,SKU02579,2,1.8415643
2025-12-21,ST05,SKU02592,1,1.8539838
2025-12-21,ST30,SKU02605,4,1.9015418
2025-12-21,ST05,SKU02610,2,1.8746434
2025-12-21,ST06,SKU02611,3,1.8697283
2025-12-21,ST18,SKU02618,1,1.9928849
2025-12-21,ST19,SKU02626,3,1.8334774
2025-12-21,ST27,SKU02634,2,1.9592022
2025-12-21,ST29,SKU02640,2,1.7801324
2025-12-21,ST09,SKU02642,3,1.8661377
2025-12-21,ST29,SKU02644,2,1.8826252
2025-12-21,ST17,SKU02648,1,1.8744307
2025-12-21,ST22,SKU02653,1,1.896957
2025-12-21,ST28,SKU02657,1,1.9736227
2025-12-21,ST20,SKU02659,2,1.9148349
2025-12-21,ST20,SKU02660,1,1.7526056
2025-12-21,ST03,SKU02668,1,1.9438546
2025-12-21,ST10,SKU02669,1,1.9629667
2025-12-21,ST06,SKU02673,1,1.862384
2025-12-21,ST29,SKU02682,1,1.8591204
2025-12-21,ST27,SKU02691,3,1.8698338
2025-12-21,ST19,SKU02725,1,1.8408544
2025-12-21,ST11,SKU02731,3,1.822694
2025-12-21,ST16,SKU02736,3,1.9214312
2025-12-21,ST07,SKU02740,1,2.008995
2025-12-21,ST14,SKU02747,1,1.7969763
2025-12-21,ST05,SKU02753,1,1.9346014
2025-12-21,ST27,SKU02778,2,1.8278046
2025-12-21,ST02,SKU02793,4,1.8658135
2025-12-21,ST19,SKU02799,1,1.8566464
2025-12-21,ST02,SKU02809,2,1.897595
2025-12-21,ST26,SKU02812,1,1.8369145
2025-12-21,ST15,SKU02823,1,1.867072
2025-12-21,ST27,SKU02825,4,1.9750465
2025-12-21,ST14,SKU02837,3,1.7378677
2025-12-21,ST07,SKU02841,2,1.8271456
2025-12-21,ST25,SKU02848,1,1.9046372
2025-12-21,ST13,SKU02850,2,1.8216605
2025-12-21,ST25,SKU02858,2,1.8637282
2025-12-21,ST28,SKU02860,1,1.7596953
2025-12-21,ST27,SKU02879,2,1.8523628
2025-12-21,ST08,SKU02888,2,1.8478774
2025-12-21,ST22,SKU02891,2,1.8647819
2025-12-21,ST05,SKU02894,1,1.86296
2025-12-21,ST20,SKU02898,1,1.9430038
2025-12-21,ST22,SKU02909,3,1.8335826
2025-12-21,ST20,SKU02921,1,1.8911525
2025-12-21,ST29,SKU02930,2,1.7847068
2025-12-21,ST11,SKU02941,2,1.8623784
2025-12-21,ST24,SKU02945,1,1.6707501
2025-12-21,ST07,SKU02948,1,1.834158
2025-12-21,ST11,SKU02950,2,1.8930929
2025-12-21,ST29,SKU02951,1,1.8793948
2025-12-21,ST17,SKU02955,3,1.8672739
2025-12-21,ST01,SKU02956,1,1.8165671
2025-12-21,ST27,SKU02965,1,1.8288546
2025-12-21,ST04,SKU02974,1,1.8130062
2025-12-21,ST11,SKU02981,1,1.8911482
2025-12-21,ST26,SKU02985,3,1.822639
2025-12-21,ST22,SKU02991,1,1.8388004
2025-12-21,ST07,SKU02993,1,1.8586013
2025-12-21,ST22,SKU03001,1,1.9065824
2025-12-21,ST21,SKU03004,2,1.9002783
2025-12-21,ST30,SKU03021,4,1.8764625
2025-12-21,ST29,SKU03024,1,1.8496355
2025-12-21,ST22,SKU03034,1,1.7652737
2025-12-21,ST27,SKU03038,2,1.812967
2025-12-21,ST11,SKU03040,1,1.8360374
2025-12-21,ST18,SKU03044,2,1.9005959
2025-12-21,ST11,SKU03049,1,1.9221323
2025-12-21,ST20,SKU03055,1,1.8623143
2025-12-21,ST27,SKU03056,1,1.8962727
2025-12-21,ST26,SKU03060,1,1.7908021
2025-12-21,ST30,SKU03075,1,1.8602579
2025-12-21,ST27,SKU03077,1,1.9004036
2025-12-21,ST12,SKU03088,1,1.9648126
2025-12-21,ST21,SKU03107,2,1.8799472
2025-12-21,ST12,SKU03132,1,1.9238466
2025-12-21,ST20,SKU03146,2,1.8733037
2025-12-21,ST08,SKU03154,2,1.84056
2025-12-21,ST18,SKU03159,1,1.8237884
2025-12-21,ST22,SKU03162,1,1.8990364
2025-12-21,ST03,SKU03164,1,1.8213564
2025-12-21,ST20,SKU03167,1,1.8626618
2025-12-21,ST22,SKU03168,2,1.8213714
2025-12-21,ST19,SKU03171,4,1.8619654
2025-12-21,ST08,SKU03174,1,1.8811632
2025-12-21,ST01,SKU03180,5,1.9474957
2025-12-21,ST17,SKU03185,3,1.8880551
2025-12-21,ST13,SKU03187,1,1.8740138
2025-12-21,ST24,SKU03190,2,1.86565
2025-12-21,ST07,SKU03193,3,1.8018981
2025-12-21,ST13,SKU03199,3,1.709317
2025-12-21,ST18,SKU03207,1,1.9082153
2025-12-21,ST17,SKU03208,1,1.7898684
2025-12-21,ST29,SKU03210,2,1.8093224
2025-12-21,ST30,SKU03218,5,1.8026758
2025-12-21,ST12,SKU03224,3,1.8719459
2025-12-21,ST20,SKU03227,4,1.9047387
2025-12-21,ST28,SKU03233,1,1.8545313
2025-12-21,ST18,SKU03240,1,1.9040893
2025-12-21,ST07,SKU03242,4,1.8446751
2025-12-21,ST10,SKU03250,3,1.9104694
2025-12-21,ST07,SKU03259,1,1.7315015
2025-12-21,ST28,SKU03261,1,2.0064893
2025-12-21,ST22,SKU03271,2,3.8209116
2025-12-21,ST19,SKU03274,1,1.8400108
2025-12-21,ST29,SKU03285,2,1.8263885
2025-12-21,ST29,SKU03292,1,1.8658307
2025-12-21,ST22,SKU03297,3,1.8062174
2025-12-21,ST06,SKU03302,1,1.9939024
2025-12-21,ST21,SKU03303,5,1.8570343
2025-12-21,ST09,SKU03306,1,1.8644177
2025-12-21,ST20,SKU03310,3,1.7442815
2025-12-21,ST18,SKU03323,1,1.9288669
2025-12-21,ST08,SKU03324,1,1.9077121
2025-12-21,ST30,SKU03326,1,1.912223
2025-12-21,ST04,SKU03335,1,1.8510618
2025-12-21,ST26,SKU03353,1,1.812128
2025-12-21,ST20,SKU03357,4,1.8731964
2025-12-21,ST07,SKU03358,1,1.8252721
2025-12-21,ST21,SKU03381,2,1.8452486
2025-12-21,ST17,SKU03384,2,1.8362489
2025-12-21,ST18,SKU03389,1,1.8363203
2025-12-21,ST22,SKU03408,1,1.8619587
2025-12-21,ST29,SKU03415,4,1.8458247
2025-12-21,ST24,SKU03417,2,1.8237604
2025-12-21,ST17,SKU03421,2,2.007621
2025-12-21,ST15,SKU03423,3,1.9233975
2025-12-21,ST30,SKU03425,1,1.9209911
2025-12-21,ST01,SKU03426,1,1.8188937
2025-12-21,ST22,SKU03433,4,2.0119576
2025-12-21,ST05,SKU03442,5,1.860699
2025-12-21,ST08,SKU03447,1,1.8341647
2025-12-21,ST22,SKU03450,3,1.9293684
2025-12-21,ST06,SKU03459,1,1.8109052
2025-12-21,ST20,SKU03461,2,2.049537
2025-12-21,ST30,SKU03464,3,1.9022107
2025-12-21,ST30,SKU03468,1,1.8552657
2025-12-21,ST03,SKU03471,2,1.8958064
2025-12-21,ST21,SKU03472,1,1.86128
2025-12-21,ST22,SKU03494,1,1.8870198
2025-12-21,ST14,SKU03510,1,1.8625451
2025-12-21,ST07,SKU03512,1,1.8819827
2025-12-21,ST04,SKU03520,1,1.7795621
2025-12-21,ST17,SKU03522,2,1.9189618
2025-12-21,ST06,SKU03550,1,1.8662173
2025-12-21,ST26,SKU03557,4,1.9301186
2025-12-21,ST29,SKU03564,1,1.8386899
2025-12-21,ST09,SKU03566,2,1.8375996
2025-12-21,ST20,SKU03577,3,1.8278347
2025-12-21,ST26,SKU03584,1,1.9904617
2025-12-21,ST21,SKU03587,3,1.8870229
2025-12-21,ST15,SKU03596,1,1.9122247
2025-12-21,ST06,SKU03599,1,1.8716373
2025-12-21,ST29,SKU03601,1,1.7517352
2025-12-21,ST26,SKU03611,3,1.8307091
2025-12-21,ST23,SKU03628,1,1.925677
2025-12-21,ST07,SKU03633,4,1.887278
2025-12-21,ST11,SKU03644,1,1.8574561
2025-12-21,ST28,SKU03647,1,1.8274348
2025-12-21,ST14,SKU03649,3,1.873839
2025-12-21,ST08,SKU03664,1,1.837761
2025-12-21,ST21,SKU03667,1,1.8443532
2025-12-21,ST24,SKU03669,1,1.6181362
2025-12-21,ST22,SKU03671,2,1.9119148
2025-12-21,ST21,SKU03682,2,1.8559588
2025-12-21,ST11,SKU03688,3,1.8597203
2025-12-21,ST21,SKU03690,1,1.8475436
2025-12-21,ST04,SKU03702,3,1.8878658
2025-12-21,ST23,SKU03722,1,1.9232551
2025-12-21,ST27,SKU03727,1,1.8633319
2025-12-21,ST17,SKU03729,2,1.873004
2025-12-21,ST07,SKU03746,1,2.0311787
2025-12-21,ST22,SKU03764,1,1.9275043
2025-12-21,ST09,SKU03771,1,1.858539
2025-12-21,ST07,SKU03773,1,2.0594344
2025-12-21,ST08,SKU03800,2,1.8818527
2025-12-21,ST09,SKU03826,1,1.9035412
2025-12-21,ST24,SKU03833,2,1.7766739
2025-12-21,ST11,SKU03836,1,1.9128208
2025-12-21,ST22,SKU03840,2,1.8631403
2025-12-21,ST30,SKU03851,3,1.8779831
2025-12-21,ST25,SKU03853,2,1.8903273
2025-12-21,ST29,SKU03855,1,1.8560886
2025-12-21,ST06,SKU03870,1,1.8143121
2025-12-21,ST20,SKU03876,3,1.862755
2025-12-21,ST29,SKU03878,1,1.8121288
2025-12-21,ST06,SKU03884,1,1.856105
2025-12-21,ST19,SKU03888,1,1.7746909
2025-12-21,ST06,SKU03908,2,1.8342774
2025-12-21,ST04,SKU03917,2,1.9919952
2025-12-21,ST03,SKU03919,1,1.8844333
2025-12-21,ST17,SKU03931,1,1.6680027
2025-12-21,ST06,SKU03934,3,1.9229742
2025-12-21,ST19,SKU03950,1,1.6843057
2025-12-21,ST28,SKU03952,1,1.8830324
2025-12-21,ST29,SKU03955,1,1.8682867
2025-12-21,ST24,SKU03962,3,1.8431717
2025-12-21,ST28,SKU03969,5,3.7595747
2025-12-21,ST15,SKU03977,1,1.8546592
2025-12-21,ST21,SKU03979,5,1.911698
2025-12-21,ST30,SKU03989,1,1.7413942
2025-12-21,ST11,SKU03996,1,1.8203074
2025-12-21,ST30,SKU04003,1,1.7658975
2025-12-21,ST27,SKU04004,2,1.8966725
2025-12-21,ST22,SKU04009,3,1.8976301
2025-12-21,ST08,SKU04012,1,1.872852
2025-12-21,ST05,SKU04014,2,1.9091374
2025-12-21,ST24,SKU04025,1,1.8125731
2025-12-21,ST30,SKU04027,1,1.9346646
2025-12-21,ST16,SKU04029,1,1.8921516
2025-12-21,ST17,SKU04031,1,1.7516204
2025-12-21,ST27,SKU04032,3,1.8883551
2025-12-21,ST18,SKU04033,2,2.0437663
2025-12-21,ST11,SKU04042,3,1.8816609
2025-12-21,ST12,SKU04046,1,1.7898221
2025-12-21,ST30,SKU04060,4,1.9805615
2025-12-21,ST22,SKU04061,1,1.969142
2025-12-21,ST12,SKU04062,1,1.8090868
2025-12-21,ST05,SKU04071,1,1.8684865
2025-12-21,ST07,SKU04078,4,1.8409978
2025-12-21,ST21,SKU04081,1,1.884426
2025-12-21,ST16,SKU04082,1,1.8442082
2025-12-21,ST22,SKU04087,2,1.877348
2025-12-21,ST14,SKU04088,4,1.8957113
2025-12-21,ST05,SKU04090,1,1.8522819
2025-12-21,ST29,SKU04105,2,1.9751441
2025-12-21,ST29,SKU04117,1,1.8986106
2025-12-21,ST19,SKU04120,2,1.8753952
2025-12-21,ST07,SKU04126,1,1.8038814
2025-12-21,ST04,SKU04127,1,1.8591162
2025-12-21,ST17,SKU04132,1,1.8717815
2025-12-21,ST06,SKU04133,1,1.8587174
2025-12-21,ST17,SKU04135,1,1.8894923
2025-12-21,ST27,SKU04140,5,1.9622284
2025-12-21,ST27,SKU04154,1,1.919371
2025-12-21,ST17,SKU04155,2,1.8076541
2025-12-21,ST07,SKU04166,4,1.9782932
2025-12-21,ST07,SKU04186,1,1.8749632
2025-12-21,ST24,SKU04188,2,1.783371
2025-12-21,ST19,SKU04189,3,1.8662735
2025-12-21,ST26,SKU04196,2,1.8807055
2025-12-21,ST28,SKU04197,1,2.0638344
2025-12-21,ST10,SKU04198,2,1.8681723
2025-12-21,ST22,SKU04199,4,1.8640469
2025-12-21,ST26,SKU04202,1,1.8920165
2025-12-21,ST30,SKU04204,3,1.8845354
2025-12-21,ST16,SKU04206,1,1.8267261
2025-12-21,ST14,SKU04219,4,1.9139985
2025-12-21,ST22,SKU04235,1,1.8222181
2025-12-21,ST20,SKU04237,3,1.8916391
2025-12-21,ST07,SKU04240,1,1.8454531
2025-12-21,ST11,SKU04245,2,1.9378659
2025-12-21,ST30,SKU04254,1,1.858199
2025-12-21,ST13,SKU04255,5,1.859127
2025-12-21,ST04,SKU04257,1,1.9267206
2025-12-21,ST15,SKU04262,1,2.058012
2025-12-21,ST29,SKU04263,1,1.8434559
2025-12-21,ST27,SKU04265,3,1.857516
2025-12-21,ST20,SKU04272,2,1.8596144
2025-12-21,ST09,SKU04275,3,2.036749
2025-12-21,ST22,SKU04284,1,1.8601258
2025-12-21,ST29,SKU04294,5,1.86854
2025-12-21,ST09,SKU04297,1,1.895799
2025-12-21,ST28,SKU04305,2,1.8106908
2025-12-21,ST19,SKU04315,3,1.9058563
2025-12-21,ST29,SKU04318,2,1.8145356
2025-12-21,ST28,SKU04321,4,3.352944
2025-12-21,ST23,SKU04326,1,1.8436854
2025-12-21,ST01,SKU04329,1,1.9380125
2025-12-21,ST22,SKU04331,3,1.8504093
2025-12-21,ST14,SKU04338,2,1.8578441
2025-12-21,ST03,SKU04344,1,1.8883445
2025-12-21,ST26,SKU04362,1,1.9466691
2025-12-21,ST29,SKU04365,1,1.8360251
2025-12-21,ST04,SKU04368,1,1.8836001
2025-12-21,ST29,SKU04374,2,1.9194734
2025-12-21,ST21,SKU04380,3,2.047582
2025-12-21,ST30,SKU04381,3,1.8497224
2025-12-21,ST03,SKU04388,3,1.792823
2025-12-21,ST08,SKU04389,2,1.8577054
2025-12-21,ST01,SKU04400,1,2.0342083
2025-12-21,ST19,SKU04403,3,1.8545063
2025-12-21,ST27,SKU04417,1,2.0767035
2025-12-21,ST17,SKU04418,1,1.8324659
2025-12-21,ST23,SKU04422,3,2.0203156
2025-12-21,ST26,SKU04424,1,1.9238545
2025-12-21,ST26,SKU04433,3,1.8566983
2025-12-21,ST05,SKU04444,2,1.8929069
2025-12-21,ST23,SKU04453,2,1.6957823
2025-12-21,ST26,SKU04455,3,1.8533566
2025-12-21,ST03,SKU04456,1,1.8878554
2025-12-21,ST28,SKU04457,1,1.9461166
2025-12-21,ST21,SKU04467,1,1.9951234
2025-12-21,ST10,SKU04472,2,1.8854396
2025-12-21,ST28,SKU04477,1,1.833639
2025-12-21,ST15,SKU04485,1,1.8704137
2025-12-21,ST01,SKU04487,1,1.869667
2025-12-21,ST07,SKU04490,1,1.8927078
2025-12-21,ST14,SKU04492,1,1.8358306
2025-12-21,ST24,SKU04508,3,1.9348848
2025-12-21,ST30,SKU04523,2,1.829198
2025-12-21,ST27,SKU04537,3,1.9320378
2025-12-21,ST27,SKU04548,1,1.8043511
2025-12-21,ST22,SKU04551,1,1.8496283
2025-12-21,ST02,SKU04564,1,1.7280073
2025-12-21,ST09,SKU04565,1,1.8588431
2025-12-21,ST22,SKU04567,3,1.8375413
2025-12-21,ST27,SKU04571,1,1.781443
2025-12-21,ST17,SKU04572,3,1.8731394
2025-12-21,ST22,SKU04589,1,1.8505325
2025-12-21,ST30,SKU04596,2,2.4982297
2025-12-21,ST30,SKU04608,2,1.8620762
2025-12-21,ST29,SKU04622,1,1.876884
2025-12-21,ST08,SKU04625,1,1.7748523
2025-12-21,ST30,SKU04626,1,1.806906
2025-12-21,ST29,SKU04627,1,1.9953309
2025-12-21,ST19,SKU04628,2,1.8904291
2025-12-21,ST26,SKU04635,4,1.7955599
2025-12-21,ST15,SKU04640,2,1.8734558
2025-12-21,ST09,SKU04655,1,1.8099304
2025-12-21,ST22,SKU04656,1,1.860595
2025-12-21,ST27,SKU04664,2,1.7973766
2025-12-21,ST22,SKU04669,2,1.8402634
2025-12-21,ST29,SKU04673,1,2.1127458
2025-12-21,ST23,SKU04674,5,1.839526
2025-12-21,ST26,SKU04677,1,1.8772352
2025-12-21,ST07,SKU04683,2,1.9349405
2025-12-21,ST20,SKU04685,1,1.809056
2025-12-21,ST07,SKU04688,1,1.827328
2025-12-21,ST23,SKU04728,1,1.884494
2025-12-21,ST11,SKU04735,2,1.8991209
2025-12-21,ST05,SKU04756,4,1.7007834
2025-12-21,ST27,SKU04760,1,1.8818008
2025-12-21,ST18,SKU04761,1,1.8327488
2025-12-21,ST22,SKU04762,1,1.9039782
2025-12-21,ST19,SKU04770,2,1.8492447
2025-12-21,ST05,SKU04779,2,2.0328872
2025-12-21,ST13,SKU04800,4,1.7481694
2025-12-21,ST11,SKU04805,3,1.8352184
2025-12-21,ST24,SKU04808,1,1.9993522
2025-12-21,ST30,SKU04810,1,1.7048494
2025-12-21,ST07,SKU04820,2,1.9721239
2025-12-21,ST28,SKU04833,1,1.8877703
2025-12-21,ST30,SKU04835,3,1.8911098
2025-12-21,ST27,SKU04840,1,1.8481766
2025-12-21,ST14,SKU04846,1,1.8460929
2025-12-21,ST29,SKU04847,1,1.8017609
2025-12-21,ST15,SKU04868,2,1.8456011
2025-12-21,ST06,SKU04872,2,1.8502135
2025-12-21,ST08,SKU04884,2,1.8764628
2025-12-21,ST29,SKU04898,2,1.8106163
2025-12-21,ST07,SKU04912,2,1.8736761
2025-12-21,ST13,SKU04913,1,1.9629692
2025-12-21,ST22,SKU04917,5,1.8496162
2025-12-21,ST14,SKU04918,4,1.8863811
2025-12-21,ST29,SKU04920,1,1.8316445
2025-12-21,ST11,SKU04926,2,1.9578236
2025-12-21,ST02,SKU04934,4,1.8420691
2025-12-21,ST17,SKU04937,3,1.8189265
2025-12-21,ST30,SKU04947,1,1.8706167
2025-12-21,ST18,SKU04948,1,2.0601158
2025-12-21,ST07,SKU04950,1,1.8823526
2025-12-21,ST19,SKU04952,2,1.8570398
2025-12-21,ST21,SKU04975,3,1.8154824
2025-12-21,ST30,SKU04985,1,1.8469888
2025-12-21,ST27,SKU04996,2,1.7870313
2025-12-22,ST22,SKU00002,1,1.8160748
2025-12-22,ST29,SKU00004,2,1.9156497
2025-12-22,ST06,SKU00015,1,1.8816049
2025-12-22,ST04,SKU00041,3,1.8668504
2025-12-22,ST20,SKU00050,1,2.0673096
2025-12-22,ST07,SKU00067,3,1.6663895
2025-12-22,ST11,SKU00068,3,1.8938751
2025-12-22,ST09,SKU00079,2,1.7840337
2025-12-22,ST29,SKU00101,2,1.9004853
2025-12-22,ST26,SKU00102,1,1.8329339
2025-12-22,ST27,SKU00104,1,1.9643072
2025-12-22,ST04,SKU00115,1,1.934093
2025-12-22,ST05,SKU00126,1,1.9077569
2025-12-22,ST09,SKU00132,1,1.8672396
2025-12-22,ST20,SKU00138,2,1.9039044
2025-12-22,ST03,SKU00140,3,1.8547922
2025-12-22,ST15,SKU00152,4,1.9159608
2025-12-22,ST12,SKU00158,3,1.8632505
2025-12-22,ST30,SKU00163,3,1.7116364
2025-12-22,ST26,SKU00169,4,1.8955094
2025-12-22,ST20,SKU00177,4,1.827756
2025-12-22,ST25,SKU00178,3,1.8652966
2025-12-22,ST29,SKU00190,1,1.772356
2025-12-22,ST06,SKU00192,1,1.9081595
2025-12-22,ST16,SKU00201,1,1.8546021
2025-12-22,ST12,SKU00210,1,1.8504629
2025-12-22,ST25,SKU00226,1,1.8978865
2025-12-22,ST21,SKU00227,1,1.7960006
2025-12-22,ST27,SKU00232,2,1.8165182
2025-12-22,ST30,SKU00243,7,3.61653
2025-12-22,ST09,SKU00245,1,1.8418634
2025-12-22,ST30,SKU00254,1,1.8827686
2025-12-22,ST22,SKU00263,2,1.916615
2025-12-22,ST22,SKU00268,1,1.8520718
2025-12-22,ST28,SKU00285,1,1.9253949
2025-12-22,ST17,SKU00286,1,1.7200422
2025-12-22,ST01,SKU00288,2,1.7038578
2025-12-22,ST06,SKU00291,1,1.9021875
2025-12-22,ST10,SKU00293,2,1.86617
2025-12-22,ST09,SKU00297,1,1.821384
2025-12-22,ST06,SKU00304,3,1.907536
2025-12-22,ST13,SKU00305,3,1.8872674
2025-12-22,ST20,SKU00308,2,1.8845603
2025-12-22,ST20,SKU00310,1,1.980646
2025-12-22,ST22,SKU00311,1,1.8698996
2025-12-22,ST08,SKU00324,5,1.8779838
2025-12-22,ST09,SKU00331,1,1.7668685
2025-12-22,ST04,SKU00348,2,1.8867503
2025-12-22,ST05,SKU00352,3,1.8043222
2025-12-22,ST29,SKU00354,1,1.9962132
2025-12-22,ST30,SKU00356,3,1.8412192
2025-12-22,ST18,SKU00357,3,1.915687
2025-12-22,ST12,SKU00361,1,1.877639
2025-12-22,ST30,SKU00363,1,1.7609152
2025-12-22,ST03,SKU00365,3,2.0008883
2025-12-22,ST20,SKU00369,3,1.8228498
2025-12-22,ST11,SKU00383,3,1.9451228
2025-12-22,ST01,SKU00410,1,1.8776783
2025-12-22,ST29,SKU00415,3,1.9389279
2025-12-22,ST21,SKU00416,3,1.8053873
2025-12-22,ST18,SKU00426,1,1.9037492
2025-12-22,ST13,SKU00432,1,1.8793333
2025-12-22,ST29,SKU00433,1,1.8720882
2025-12-22,ST27,SKU00443,1,1.7384356
2025-12-22,ST15,SKU00451,2,1.8601813
2025-12-22,ST08,SKU00459,2,1.8766317
2025-12-22,ST08,SKU00464,1,1.8829544
2025-12-22,ST14,SKU00476,3,1.8592432
2025-12-22,ST05,SKU00484,1,1.769619
2025-12-22,ST01,SKU00489,5,1.8095174
2025-12-22,ST22,SKU00492,1,1.9678879
2025-12-22,ST23,SKU00499,3,1.9674374
2025-12-22,ST21,SKU00500,1,1.9805393
2025-12-22,ST23,SKU00504,2,1.9818096
2025-12-22,ST24,SKU00509,3,1.9056557
2025-12-22,ST30,SKU00512,2,1.9426513
2025-12-22,ST12,SKU00513,1,1.9257109
2025-12-22,ST27,SKU00514,2,2.010337
2025-12-22,ST09,SKU00527,1,1.921857
2025-12-22,ST05,SKU00533,4,1.8562263
2025-12-22,ST14,SKU00537,1,1.8665439
2025-12-22,ST21,SKU00538,1,1.716339
2025-12-22,ST18,SKU00541,2,1.9609176
2025-12-22,ST28,SKU00545,2,1.8335809
2025-12-22,ST20,SKU00557,1,1.9277197
2025-12-22,ST19,SKU00558,4,1.8331761
2025-12-22,ST08,SKU00561,1,1.9405249
2025-12-22,ST27,SKU00565,1,1.8828801
2025-12-22,ST21,SKU00569,3,2.1504643
2025-12-22,ST12,SKU00574,3,1.9621099
2025-12-22,ST09,SKU00582,4,1.7863002
2025-12-22,ST11,SKU00596,3,1.8675647
2025-12-22,ST26,SKU00597,2,1.9007962
2025-12-22,ST18,SKU00611,3,1.8529044
2025-12-22,ST24,SKU00624,1,1.9378334
2025-12-22,ST28,SKU00626,2,1.9884874
2025-12-22,ST26,SKU00628,5,1.7897128
2025-12-22,ST21,SKU00654,2,1.8106681
2025-12-22,ST11,SKU00685,4,1.8099253
2025-12-22,ST19,SKU00690,1,1.8622319
2025-12-22,ST29,SKU00692,1,1.8574464
2025-12-22,ST30,SKU00700,2,1.8116983
2025-12-22,ST18,SKU00702,2,1.881657
2025-12-22,ST11,SKU00718,2,1.9096895
2025-12-22,ST22,SKU00719,1,1.7719834
2025-12-22,ST07,SKU00726,1,1.9320765
2025-12-22,ST01,SKU00730,3,1.9114016
2025-12-22,ST09,SKU00734,1,1.8412713
2025-12-22,ST08,SKU00737,1,1.9015336
2025-12-22,ST23,SKU00754,2,1.8299689
2025-12-22,ST24,SKU00766,3,1.8038281
2025-12-22,ST26,SKU00767,2,1.91661
2025-12-22,ST25,SKU00774,3,1.9891404
2025-12-22,ST28,SKU00817,3,1.9388074
2025-12-22,ST03,SKU00823,1,2.009982
2025-12-22,ST07,SKU00824,4,1.899717
2025-12-22,ST21,SKU00832,2,1.8786094
2025-12-22,ST24,SKU00836,1,1.7515789
2025-12-22,ST24,SKU00844,1,1.8696795
2025-12-22,ST30,SKU00845,4,1.788697
2025-12-22,ST30,SKU00865,1,1.8511589
2025-12-22,ST07,SKU00884,1,1.8672231
2025-12-22,ST23,SKU00885,1,1.842153
2025-12-22,ST30,SKU00886,1,1.8827885
2025-12-22,ST11,SKU00888,3,1.8904124
2025-12-22,ST25,SKU00893,2,1.9619038
2025-12-22,ST20,SKU00902,1,1.8823588
2025-12-22,ST13,SKU00908,4,1.7570003
2025-12-22,ST17,SKU00914,1,2.1319547
2025-12-22,ST08,SKU00920,1,1.9943486
2025-12-22,ST22,SKU00921,1,1.8638291
2025-12-22,ST21,SKU00929,4,1.9665395
2025-12-22,ST30,SKU00942,2,1.9352309
2025-12-22,ST18,SKU00945,1,2.0294654
2025-12-22,ST08,SKU00949,6,3.9002662
2025-12-22,ST26,SKU00953,3,1.8391014
2025-12-22,ST01,SKU00959,1,1.8730035
2025-12-22,ST30,SKU00974,1,1.9626255
2025-12-22,ST19,SKU00982,2,1.872336
2025-12-22,ST20,SKU00993,1,1.9529053
2025-12-22,ST30,SKU00994,4,1.8189756
2025-12-22,ST30,SKU00996,1,1.8887188
2025-12-22,ST25,SKU01009,1,1.827893
2025-12-22,ST06,SKU01014,1,1.88591
2025-12-22,ST02,SKU01020,2,1.8042347
2025-12-22,ST07,SKU01021,1,1.8694258
2025-12-22,ST01,SKU01025,2,1.8458129
2025-12-22,ST28,SKU01027,4,1.8792278
2025-12-22,ST11,SKU01030,1,1.9518383
2025-12-22,ST30,SKU01031,2,1.8944801
2025-12-22,ST16,SKU01035,1,1.8148056
2025-12-22,ST30,SKU01037,4,1.987762
2025-12-22,ST20,SKU01043,1,1.8782016
2025-12-22,ST30,SKU01045,3,1.7849296
2025-12-22,ST30,SKU01048,3,2.0344396
2025-12-22,ST17,SKU01059,1,1.8831501
2025-12-22,ST21,SKU01062,1,1.8565298
2025-12-22,ST04,SKU01064,1,1.871703
2025-12-22,ST06,SKU01078,1,1.8774941
2025-12-22,ST20,SKU01085,2,1.8534906
2025-12-22,ST30,SKU01088,3,1.7760664
2025-12-22,ST22,SKU01100,1,1.8851143
2025-12-22,ST09,SKU01102,1,1.7864287
2025-12-22,ST14,SKU01106,2,1.8115385
2025-12-22,ST04,SKU01119,1,1.8844411
2025-12-22,ST15,SKU01122,2,1.8782105
2025-12-22,ST30,SKU01126,1,1.9146363
2025-12-22,ST29,SKU01127,1,2.07386
2025-12-22,ST13,SKU01138,1,1.9664688
2025-12-22,ST08,SKU01146,1,2.017074
2025-12-22,ST19,SKU01147,3,1.8420615
2025-12-22,ST21,SKU01150,1,1.8349266
2025-12-22,ST16,SKU01164,1,1.863418
2025-12-22,ST27,SKU01179,1,1.8725764
2025-12-22,ST03,SKU01182,1,1.9041067
2025-12-22,ST09,SKU01185,4,1.8648639
2025-12-22,ST17,SKU01188,1,1.9133857
2025-12-22,ST20,SKU01194,1,1.9676082
2025-12-22,ST15,SKU01201,1,1.9140878
2025-12-22,ST17,SKU01204,1,1.8933167
2025-12-22,ST11,SKU01214,1,1.8454268
2025-12-22,ST14,SKU01223,4,1.8473951
2025-12-22,ST25,SKU01232,4,1.912384
2025-12-22,ST29,SKU01237,2,1.8136698
2025-12-22,ST05,SKU01241,2,1.9079094
2025-12-22,ST03,SKU01242,4,1.951678
2025-12-22,ST05,SKU01244,4,1.882704
2025-12-22,ST17,SKU01248,1,1.7984964
2025-12-22,ST21,SKU01250,3,1.7808163
2025-12-22,ST11,SKU01251,2,1.7600687
2025-12-22,ST28,SKU01255,2,1.8466384
2025-12-22,ST11,SKU01274,3,1.9200943
2025-12-22,ST27,SKU01279,1,1.8483838
2025-12-22,ST09,SKU01293,3,1.9351238
2025-12-22,ST03,SKU01294,2,1.9559854
2025-12-22,ST16,SKU01315,4,1.7763314
2025-12-22,ST19,SKU01316,1,1.886334
2025-12-22,ST21,SKU01317,1,1.8999175
2025-12-22,ST19,SKU01319,3,1.9082292
2025-12-22,ST20,SKU01325,4,1.9080473
2025-12-22,ST25,SKU01329,5,1.8898066
2025-12-22,ST17,SKU01330,1,1.9549725
2025-12-22,ST13,SKU01349,4,1.9145178
2025-12-22,ST30,SKU01350,1,1.9420375
2025-12-22,ST27,SKU01352,1,1.8299307
2025-12-22,ST25,SKU01357,3,1.8219795
2025-12-22,ST29,SKU01363,3,1.7731531
2025-12-22,ST23,SKU01371,1,1.8544562
2025-12-22,ST25,SKU01372,3,1.894157
2025-12-22,ST28,SKU01374,1,1.9056609
2025-12-22,ST19,SKU01395,1,1.8943665
2025-12-22,ST09,SKU01398,1,1.8562312
2025-12-22,ST20,SKU01399,1,1.9370471
2025-12-22,ST05,SKU01402,5,1.8533958
2025-12-22,ST30,SKU01403,1,1.8502352
2025-12-22,ST27,SKU01411,1,1.8996617
2025-12-22,ST27,SKU01414,1,1.8261331
2025-12-22,ST19,SKU01420,2,1.7056254
2025-12-22,ST10,SKU01443,2,1.8667263
2025-12-22,ST22,SKU01456,3,1.8877895
2025-12-22,ST23,SKU01457,1,1.8545115
2025-12-22,ST06,SKU01474,1,1.8769437
2025-12-22,ST17,SKU01477,2,1.8567721
2025-12-22,ST27,SKU01486,2,1.8972614
2025-12-22,ST09,SKU01490,1,2.216279
2025-12-22,ST07,SKU01496,2,1.8392576
2025-12-22,ST21,SKU01518,1,1.9509385
2025-12-22,ST29,SKU01523,3,1.8700469
2025-12-22,ST28,SKU01528,1,2.102489
2025-12-22,ST21,SKU01532,1,1.8496554
2025-12-22,ST19,SKU01536,2,1.885044
2025-12-22,ST28,SKU01545,1,1.8915048
2025-12-22,ST26,SKU01561,2,1.8939717
2025-12-22,ST24,SKU01564,3,1.8251432
2025-12-22,ST13,SKU01569,1,1.9929398
2025-12-22,ST29,SKU01574,2,1.8794835
2025-12-22,ST29,SKU01590,1,1.7730209
2025-12-22,ST02,SKU01595,3,1.9240911
2025-12-22,ST05,SKU01598,1,1.8180821
2025-12-22,ST07,SKU01605,2,1.8951104
2025-12-22,ST27,SKU01610,1,1.886847
2025-12-22,ST21,SKU01620,3,1.8797202
2025-12-22,ST07,SKU01627,2,1.9303592
2025-12-22,ST24,SKU01628,1,1.8117615
2025-12-22,ST29,SKU01639,3,2.023842
2025-12-22,ST11,SKU01644,3,2.0265043
2025-12-22,ST06,SKU01659,1,1.801457
2025-12-22,ST05,SKU01662,4,1.8766214
2025-12-22,ST21,SKU01677,2,1.7201874
2025-12-22,ST26,SKU01680,1,1.784273
2025-12-22,ST27,SKU01685,1,1.8391583
2025-12-22,ST21,SKU01688,1,1.8700172
2025-12-22,ST28,SKU01691,5,1.9480709
2025-12-22,ST28,SKU01701,1,1.8499851
2025-12-22,ST18,SKU01714,2,1.8945681
2025-12-22,ST03,SKU01730,3,1.8736703
2025-12-22,ST12,SKU01736,1,1.8714845
2025-12-22,ST21,SKU01751,1,1.9346445
2025-12-22,ST30,SKU01754,2,1.8633513
2025-12-22,ST22,SKU01755,3,1.9549012
2025-12-22,ST22,SKU01774,1,1.9803832
2025-12-22,ST17,SKU01796,1,1.8064803
2025-12-22,ST22,SKU01802,3,1.8628845
2025-12-22,ST15,SKU01803,2,1.636355
2025-12-22,ST25,SKU01810,1,2.0833654
2025-12-22,ST23,SKU01811,1,1.841546
2025-12-22,ST29,SKU01814,5,1.8695565
2025-12-22,ST08,SKU01817,5,1.8883728
2025-12-22,ST18,SKU01828,1,1.8561774
2025-12-22,ST07,SKU01831,1,1.8443975
2025-12-22,ST07,SKU01833,4,1.7725216
2025-12-22,ST20,SKU01835,1,1.9370728
2025-12-22,ST24,SKU01839,3,2.0126145
2025-12-22,ST19,SKU01842,1,1.7536247
2025-12-22,ST23,SKU01844,2,1.8695217
2025-12-22,ST05,SKU01847,1,1.8912966
2025-12-22,ST14,SKU01848,1,1.921145
2025-12-22,ST22,SKU01854,1,1.8103211
2025-12-22,ST07,SKU01856,1,1.9358364
2025-12-22,ST21,SKU01860,3,4.2328353
2025-12-22,ST27,SKU01863,1,1.7828268
2025-12-22,ST17,SKU01865,5,2.0707896
2025-12-22,ST17,SKU01870,1,1.8789127
2025-12-22,ST11,SKU01878,1,1.8804244
2025-12-22,ST07,SKU01882,2,1.8618609
2025-12-22,ST10,SKU01890,2,1.8696407
2025-12-22,ST12,SKU01901,2,1.7167023
2025-12-22,ST07,SKU01902,5,1.7889864
2025-12-22,ST29,SKU01903,2,1.833481
2025-12-22,ST08,SKU01904,4,1.9324633
2025-12-22,ST11,SKU01910,3,1.8422915
2025-12-22,ST19,SKU01920,2,1.8052801
2025-12-22,ST25,SKU01925,1,2.027154
2025-12-22,ST01,SKU01938,2,2.0180097
2025-12-22,ST18,SKU01949,3,2.1064484
2025-12-22,ST04,SKU01956,1,1.8882083
2025-12-22,ST30,SKU01988,1,1.9473857
2025-12-22,ST27,SKU01992,1,1.92031
2025-12-22,ST12,SKU01993,1,1.905559
2025-12-22,ST14,SKU01996,1,1.8416762
2025-12-22,ST12,SKU01997,4,1.8296777
2025-12-22,ST05,SKU02004,3,1.8579404
2025-12-22,ST19,SKU02008,2,1.8231125
2025-12-22,ST12,SKU02010,2,1.8894129
2025-12-22,ST23,SKU02016,4,3.8139367
2025-12-22,ST08,SKU02019,1,1.897386
2025-12-22,ST07,SKU02023,3,1.8435256
2025-12-22,ST06,SKU02034,5,1.8239996
2025-12-22,ST22,SKU02036,1,1.930774
2025-12-22,ST18,SKU02046,3,1.8943964
2025-12-22,ST01,SKU02047,5,1.803262
2025-12-22,ST18,SKU02052,1,2.0201986
2025-12-22,ST10,SKU02054,3,1.9053047
2025-12-22,ST07,SKU02068,2,1.8973197
2025-12-22,ST17,SKU02071,1,1.8882067
2025-12-22,ST11,SKU02077,3,1.9951174
2025-12-22,ST28,SKU02079,1,1.7066501
2025-12-22,ST09,SKU02082,3,1.8608184
2025-12-22,ST29,SKU02087,1,1.9159677
2025-12-22,ST07,SKU02088,3,1.8235459
2025-12-22,ST03,SKU02105,4,1.8209693
2025-12-22,ST04,SKU02106,1,1.8365492
2025-12-22,ST28,SKU02113,4,1.8451687
2025-12-22,ST17,SKU02130,3,1.9413724
2025-12-22,ST08,SKU02133,1,1.8628283
2025-12-22,ST23,SKU02134,2,1.9478841
2025-12-22,ST29,SKU02138,2,1.8934464
2025-12-22,ST30,SKU02141,1,1.9850956
2025-12-22,ST25,SKU02152,2,1.869314
2025-12-22,ST19,SKU02159,1,1.8589764
2025-12-22,ST21,SKU02162,1,1.8764604
2025-12-22,ST20,SKU02163,3,1.7916199
2025-12-22,ST30,SKU02165,2,1.8802905
2025-12-22,ST09,SKU02167,3,1.8814871
2025-12-22,ST14,SKU02176,1,2.141081
2025-12-22,ST29,SKU02179,1,1.9997641
2025-12-22,ST05,SKU02191,2,1.8208159
2025-12-22,ST29,SKU02193,2,1.9176943
2025-12-22,ST18,SKU02201,1,1.963025
2025-12-22,ST25,SKU02222,3,1.9492126
2025-12-22,ST26,SKU02223,1,1.8184235
2025-12-22,ST05,SKU02241,2,1.9165213
2025-12-22,ST26,SKU02247,2,1.8267152
2025-12-22,ST25,SKU02252,5,1.9230062
2025-12-22,ST06,SKU02262,3,1.8903612
2025-12-22,ST19,SKU02269,4,1.8914882
2025-12-22,ST20,SKU02283,1,1.8977547
2025-12-22,ST07,SKU02295,1,1.818667
2025-12-22,ST08,SKU02300,2,1.7536669
2025-12-22,ST26,SKU02304,4,1.8878976
2025-12-22,ST27,SKU02313,1,1.817708
2025-12-22,ST29,SKU02314,2,1.7884448
2025-12-22,ST14,SKU02317,1,2.055835
2025-12-22,ST21,SKU02321,3,1.9906054
2025-12-22,ST02,SKU02324,1,1.8422942
2025-12-22,ST01,SKU02333,3,1.8441217
2025-12-22,ST09,SKU02335,1,1.9356246
2025-12-22,ST04,SKU02342,1,1.9161144
2025-12-22,ST15,SKU02351,1,1.6815444
2025-12-22,ST08,SKU02353,1,1.8508545
2025-12-22,ST11,SKU02354,2,1.8535137
2025-12-22,ST26,SKU02355,1,1.8907008
2025-12-22,ST11,SKU02361,1,1.8396909
2025-12-22,ST20,SKU02365,2,1.9069302
2025-12-22,ST09,SKU02368,3,1.9361002
2025-12-22,ST29,SKU02375,2,1.875725
2025-12-22,ST29,SKU02382,4,2.1312928
2025-12-22,ST01,SKU02389,1,1.8140728
2025-12-22,ST17,SKU02398,3,1.8454173
2025-12-22,ST06,SKU02400,2,1.8846606
2025-12-22,ST22,SKU02401,2,1.9805903
2025-12-22,ST22,SKU02414,2,1.8728648
2025-12-22,ST03,SKU02416,2,1.912852
2025-12-22,ST10,SKU02434,1,1.7422751
2025-12-22,ST30,SKU02448,1,1.9767392
2025-12-22,ST29,SKU02449,1,1.9241959
2025-12-22,ST06,SKU02452,2,1.872106
2025-12-22,ST17,SKU02459,1,1.8573658
2025-12-22,ST29,SKU02460,5,1.8480159
2025-12-22,ST16,SKU02462,1,1.9638351
2025-12-22,ST07,SKU02482,1,1.904378
2025-12-22,ST23,SKU02484,1,1.7641453
2025-12-22,ST01,SKU02488,3,1.8723872
2025-12-22,ST30,SKU02501,1,2.0908732
2025-12-22,ST16,SKU02503,1,2.0263255
2025-12-22,ST02,SKU02506,1,1.7507229
2025-12-22,ST06,SKU02510,3,1.8184917
2025-12-22,ST21,SKU02518,1,1.8809174
2025-12-22,ST30,SKU02526,1,1.9540004
2025-12-22,ST21,SKU02531,1,1.8477474
2025-12-22,ST21,SKU02537,1,1.9512744
2025-12-22,ST10,SKU02538,2,1.7000412
2025-12-22,ST13,SKU02551,1,1.8341029
2025-12-22,ST05,SKU02556,3,1.6950297
2025-12-22,ST30,SKU02560,3,1.8837742
2025-12-22,ST19,SKU02573,4,1.74762
2025-12-22,ST15,SKU02582,2,1.90916
2025-12-22,ST20,SKU02585,5,1.8540732
2025-12-22,ST04,SKU02589,2,1.9190255
2025-12-22,ST09,SKU02606,1,1.7682889
2025-12-22,ST14,SKU02611,1,1.9350508
2025-12-22,ST05,SKU02614,2,1.9429097
2025-12-22,ST30,SKU02618,3,1.778478
2025-12-22,ST20,SKU02624,3,1.9884282
2025-12-22,ST28,SKU02628,1,1.9566363
2025-12-22,ST06,SKU02640,1,1.8744355
2025-12-22,ST28,SKU02642,3,2.017054
2025-12-22,ST05,SKU02647,5,1.8467672
2025-12-22,ST19,SKU02648,1,1.9904649
2025-12-22,ST29,SKU02655,1,1.9396297
2025-12-22,ST08,SKU02659,2,1.9680759
2025-12-22,ST11,SKU02665,1,1.982209
2025-12-22,ST04,SKU02667,1,1.8552132
2025-12-22,ST24,SKU02668,2,2.0405033
2025-12-22,ST07,SKU02683,1,1.8861699
2025-12-22,ST30,SKU02687,4,1.8330938
2025-12-22,ST12,SKU02688,2,1.8789271
2025-12-22,ST23,SKU02692,1,1.6435405
2025-12-22,ST08,SKU02695,1,1.961786
2025-12-22,ST21,SKU02705,2,1.733518
2025-12-22,ST13,SKU02707,2,1.8561084
2025-12-22,ST21,SKU02709,1,2.0059109
2025-12-22,ST21,SKU02714,1,1.8665819
2025-12-22,ST07,SKU02726,1,1.7943732
2025-12-22,ST28,SKU02737,1,1.8809774
2025-12-22,ST07,SKU02738,1,1.7969412
2025-12-22,ST24,SKU02740,3,4.181682
2025-12-22,ST17,SKU02744,3,1.9331728
2025-12-22,ST20,SKU02745,1,1.8957276
2025-12-22,ST12,SKU02761,1,1.8818069
2025-12-22,ST03,SKU02765,2,1.9266304
2025-12-22,ST16,SKU02776,2,1.9197817
2025-12-22,ST03,SKU02790,1,2.0371668
2025-12-22,ST16,SKU02791,1,1.9959241
2025-12-22,ST18,SKU02799,1,1.9339082
2025-12-22,ST19,SKU02802,1,1.9087396
2025-12-22,ST07,SKU02806,1,1.8921461
2025-12-22,ST26,SKU02808,2,1.9477798
2025-12-22,ST30,SKU02821,1,1.898368
2025-12-22,ST24,SKU02837,3,1.8993347
2025-12-22,ST15,SKU02840,2,1.9266382
2025-12-22,ST30,SKU02843,1,1.8679494
2025-12-22,ST04,SKU02848,2,1.8578964
2025-12-22,ST09,SKU02852,2,1.8461069
2025-12-22,ST02,SKU02856,1,2.0029821
2025-12-22,ST25,SKU02858,3,1.8003848
2025-12-22,ST12,SKU02864,2,1.8861533
2025-12-22,ST24,SKU02880,2,1.8938565
2025-12-22,ST15,SKU02881,1,1.8000609
2025-12-22,ST07,SKU02886,1,1.9039792
2025-12-22,ST20,SKU02887,1,1.9930117
2025-12-22,ST04,SKU02888,2,1.7886777
2025-12-22,ST14,SKU02890,1,1.8603135
2025-12-22,ST30,SKU02892,4,1.9616898
2025-12-22,ST05,SKU02896,5,1.8116518
2025-12-22,ST22,SKU02898,4,1.7756149
2025-12-22,ST30,SKU02902,1,1.8975939
2025-12-22,ST26,SKU02910,1,1.8782685
2025-12-22,ST06,SKU02918,3,1.828586
2025-12-22,ST19,SKU02921,1,1.9185623
2025-12-22,ST17,SKU02925,1,1.8788584
2025-12-22,ST07,SKU02928,1,1.9801491
2025-12-22,ST29,SKU02930,3,1.7330687
2025-12-22,ST21,SKU02931,1,1.8028827
2025-12-22,ST22,SKU02943,1,1.8281968
2025-12-22,ST21,SKU02950,2,1.85687
2025-12-22,ST07,SKU02951,1,1.8819169
2025-12-22,ST08,SKU02952,2,1.9075503
2025-12-22,ST14,SKU02954,2,1.8393579
2025-12-22,ST16,SKU02961,3,1.9945716
2025-12-22,ST24,SKU02967,1,1.8789629
2025-12-22,ST16,SKU02971,1,1.8662976
2025-12-22,ST16,SKU02978,2,1.9019694
2025-12-22,ST18,SKU02980,1,1.90702
2025-12-22,ST22,SKU02983,2,1.8220886
2025-12-22,ST08,SKU02998,4,1.8888217
2025-12-22,ST24,SKU03008,3,1.9838648
2025-12-22,ST09,SKU03016,2,1.7723294
2025-12-22,ST16,SKU03047,1,1.9359922
2025-12-22,ST26,SKU03050,1,1.8559978
2025-12-22,ST24,SKU03053,1,1.7851758
2025-12-22,ST29,SKU03060,3,1.848431
2025-12-22,ST07,SKU03088,2,2.0474484
2025-12-22,ST28,SKU03100,1,1.917832
2025-12-22,ST14,SKU03109,3,1.8647425
2025-12-22,ST06,SKU03120,1,1.9500997
2025-12-22,ST09,SKU03132,1,1.8954226
2025-12-22,ST19,SKU03133,1,1.9674476
2025-12-22,ST21,SKU03136,1,1.8981327
2025-12-22,ST30,SKU03138,1,1.8160372
2025-12-22,ST14,SKU03148,2,2.0086823
2025-12-22,ST21,SKU03150,2,2.0582168
2025-12-22,ST22,SKU03154,4,1.9290643
2025-12-22,ST04,SKU03166,4,1.9659238
2025-12-22,ST02,SKU03176,2,2.0943809
2025-12-22,ST18,SKU03181,1,1.8521609
2025-12-22,ST04,SKU03183,3,1.8669189
2025-12-22,ST29,SKU03190,1,1.855131
2025-12-22,ST29,SKU03194,1,1.86217
2025-12-22,ST14,SKU03196,4,1.9355841
2025-12-22,ST05,SKU03207,1,1.9160691
2025-12-22,ST03,SKU03211,1,1.9178107
2025-12-22,ST18,SKU03232,1,1.8445135
2025-12-22,ST11,SKU03239,1,1.9586021
2025-12-22,ST28,SKU03250,1,1.8962823
2025-12-22,ST29,SKU03254,1,1.7794328
2025-12-22,ST14,SKU03259,1,1.8141001
2025-12-22,ST22,SKU03272,2,1.9152801
2025-12-22,ST19,SKU03276,1,1.8173174
2025-12-22,ST11,SKU03278,1,1.8600531
2025-12-22,ST29,SKU03285,1,1.8268284
2025-12-22,ST30,SKU03286,1,1.726736
2025-12-22,ST22,SKU03290,2,1.8808506
2025-12-22,ST15,SKU03292,3,1.8812687
2025-12-22,ST21,SKU03304,1,1.81622
2025-12-22,ST18,SKU03311,5,1.983
2025-12-22,ST29,SKU03320,2,1.8686401
2025-12-22,ST20,SKU03323,2,1.7138574
2025-12-22,ST08,SKU03326,1,1.8554018
2025-12-22,ST06,SKU03337,3,1.8830124
2025-12-22,ST20,SKU03338,1,1.8184594
2025-12-22,ST02,SKU03343,3,1.7999643
2025-12-22,ST17,SKU03352,1,1.8622704
2025-12-22,ST27,SKU03353,1,1.865761
2025-12-22,ST11,SKU03354,2,1.8573465
2025-12-22,ST30,SKU03364,1,1.7988635
2025-12-22,ST29,SKU03366,1,1.9206265
2025-12-22,ST07,SKU03369,1,1.9151078
2025-12-22,ST06,SKU03374,1,1.8300859
2025-12-22,ST04,SKU03377,2,1.8783591
2025-12-22,ST30,SKU03385,1,1.8130125
2025-12-22,ST14,SKU03390,2,1.9150922
2025-12-22,ST22,SKU03402,2,1.9409986
2025-12-22,ST14,SKU03406,3,1.8510088
2025-12-22,ST17,SKU03412,1,1.9136002
2025-12-22,ST12,SKU03415,1,1.9034797
2025-12-22,ST06,SKU03420,2,1.9877046
2025-12-22,ST08,SKU03425,4,1.8003979
2025-12-22,ST09,SKU03426,2,1.8807148
2025-12-22,ST22,SKU03433,1,1.9010632
2025-12-22,ST01,SKU03434,2,1.8808094
2025-12-22,ST24,SKU03448,5,1.8739977
2025-12-22,ST02,SKU03450,1,1.9233063
2025-12-22,ST07,SKU03451,1,1.8892827
2025-12-22,ST09,SKU03453,1,1.9534189
2025-12-22,ST02,SKU03457,2,2.1044774
2025-12-22,ST08,SKU03464,2,1.9860301
2025-12-22,ST20,SKU03473,1,1.9300426
2025-12-22,ST08,SKU03480,1,1.7749321
2025-12-22,ST16,SKU03481,1,1.8133687
2025-12-22,ST14,SKU03496,2,1.7337123
2025-12-22,ST19,SKU03508,1,1.8500005
2025-12-22,ST30,SKU03515,4,1.8792533
2025-12-22,ST09,SKU03522,1,1.8685409
2025-12-22,ST29,SKU03523,1,1.8180202
2025-12-22,ST21,SKU03524,4,1.82541
2025-12-22,ST25,SKU03526,1,1.9143713
2025-12-22,ST03,SKU03551,5,1.8405387
2025-12-22,ST16,SKU03552,1,1.9424415
2025-12-22,ST27,SKU03556,1,1.9303092
2025-12-22,ST03,SKU03561,5,1.8326306
2025-12-22,ST08,SKU03569,3,1.8681924
2025-12-22,ST27,SKU03583,1,1.5881491
2025-12-22,ST14,SKU03597,1,1.9439224
2025-12-22,ST30,SKU03605,1,1.9402337
2025-12-22,ST26,SKU03615,1,1.795457
2025-12-22,ST03,SKU03616,1,1.9661658
2025-12-22,ST11,SKU03622,2,1.8208523
2025-12-22,ST26,SKU03623,1,1.8933157
2025-12-22,ST15,SKU03625,2,2.0159461
2025-12-22,ST20,SKU03627,1,1.7850214
2025-12-22,ST28,SKU03647,3,1.745902
2025-12-22,ST24,SKU03655,1,1.8571557
2025-12-22,ST13,SKU03656,3,1.915624
2025-12-22,ST29,SKU03667,1,1.8897651
2025-12-22,ST13,SKU03680,5,1.8544605
2025-12-22,ST28,SKU03693,1,1.902731
2025-12-22,ST07,SKU03700,1,1.8651532
2025-12-22,ST21,SKU03704,1,2.0192368
2025-12-22,ST09,SKU03707,2,1.9747202
2025-12-22,ST22,SKU03715,1,1.8835517
2025-12-22,ST06,SKU03721,2,1.8373781
2025-12-22,ST23,SKU03722,4,2.0008984
2025-12-22,ST24,SKU03724,1,1.9164793
2025-12-22,ST30,SKU03727,4,4.8224907
2025-12-22,ST22,SKU03749,1,1.8340806
2025-12-22,ST22,SKU03761,1,1.8412193
2025-12-22,ST01,SKU03766,4,1.8450241
2025-12-22,ST29,SKU03769,3,1.7643849
2025-12-22,ST29,SKU03770,2,1.826989
2025-12-22,ST23,SKU03781,4,1.8982803
2025-12-22,ST28,SKU03785,2,1.9056245
2025-12-22,ST12,SKU03787,2,1.9081749
2025-12-22,ST26,SKU03801,1,1.8388199
2025-12-22,ST18,SKU03809,3,1.9235771
2025-12-22,ST16,SKU03812,1,1.7578377
2025-12-22,ST06,SKU03813,2,1.8870882
2025-12-22,ST07,SKU03814,2,1.9200789
2025-12-22,ST22,SKU03819,1,1.9535036
2025-12-22,ST09,SKU03826,2,1.9290489
2025-12-22,ST25,SKU03831,1,1.8924872
2025-12-22,ST30,SKU03840,2,1.8065828
2025-12-22,ST20,SKU03851,1,2.0896373
2025-12-22,ST20,SKU03864,3,1.8462577
2025-12-22,ST28,SKU03888,2,1.9145342
2025-12-22,ST17,SKU03891,2,1.8187878
2025-12-22,ST30,SKU03907,2,1.8444909
2025-12-22,ST08,SKU03908,1,1.8457892
2025-12-22,ST12,SKU03912,4,1.9620904
2025-12-22,ST04,SKU03914,2,1.9024897
2025-12-22,ST19,SKU03918,5,1.9850852
2025-12-22,ST05,SKU03922,5,1.8077967
2025-12-22,ST28,SKU03942,2,1.8662839
2025-12-22,ST30,SKU03947,3,1.9323618
2025-12-22,ST30,SKU03954,1,1.8755639
2025-12-22,ST21,SKU03973,1,1.9579816
2025-12-22,ST03,SKU03978,3,1.8161076
2025-12-22,ST19,SKU03983,2,2.0339994
2025-12-22,ST30,SKU03984,1,1.8395972
2025-12-22,ST12,SKU04015,1,1.9157665
2025-12-22,ST08,SKU04018,1,1.9279141
2025-12-22,ST17,SKU04020,1,1.978045
2025-12-22,ST09,SKU04026,1,1.9147394
2025-12-22,ST17,SKU04029,1,1.894833
2025-12-22,ST21,SKU04030,1,1.8891019
2025-12-22,ST19,SKU04032,3,1.9111702
2025-12-22,ST28,SKU04033,2,1.8259095
2025-12-22,ST07,SKU04038,2,1.8712404
2025-12-22,ST17,SKU04041,3,1.785168
2025-12-22,ST06,SKU04055,2,1.9031675
2025-12-22,ST16,SKU04061,1,1.851843
2025-12-22,ST28,SKU04063,1,1.9353235
2025-12-22,ST23,SKU04064,1,1.8277735
2025-12-22,ST18,SKU04067,1,1.8826611
2025-12-22,ST21,SKU04084,1,1.7026409
2025-12-22,ST21,SKU04088,2,1.9416772
2025-12-22,ST25,SKU04096,1,1.7849958
2025-12-22,ST14,SKU04103,3,1.844223
2025-12-22,ST04,SKU04107,1,1.7877623
2025-12-22,ST29,SKU04110,2,1.971767
2025-12-22,ST19,SKU04120,1,1.8354807
2025-12-22,ST25,SKU04122,1,1.9358789
2025-12-22,ST22,SKU04128,1,1.8395858
2025-12-22,ST12,SKU04138,1,1.8460634
2025-12-22,ST16,SKU04140,1,1.8793836
2025-12-22,ST17,SKU04151,2,1.8283776
2025-12-22,ST29,SKU04154,2,1.6898978
2025-12-22,ST15,SKU04157,3,1.890259
2025-12-22,ST23,SKU04160,5,1.87104
2025-12-22,ST09,SKU04165,3,1.9318764
2025-12-22,ST30,SKU04166,1,1.7817539
2025-12-22,ST09,SKU04168,3,1.8892988
2025-12-22,ST27,SKU04180,1,1.8301821
2025-12-22,ST09,SKU04188,3,1.9833614
2025-12-22,ST24,SKU04191,2,1.9064342
2025-12-22,ST10,SKU04235,2,1.9057648
2025-12-22,ST23,SKU04245,1,1.9508156
2025-12-22,ST30,SKU04246,1,1.9054652
2025-12-22,ST15,SKU04247,4,1.8531802
2025-12-22,ST28,SKU04254,2,1.8113283
2025-12-22,ST28,SKU04265,1,1.9420983
2025-12-22,ST01,SKU04269,1,1.8406899
2025-12-22,ST25,SKU04286,2,1.8328695
2025-12-22,ST01,SKU04288,1,2.0232852
2025-12-22,ST21,SKU04292,4,1.8087405
2025-12-22,ST21,SKU04309,1,1.7541816
2025-12-22,ST08,SKU04312,1,1.750899
2025-12-22,ST27,SKU04315,5,1.8741453
2025-12-22,ST01,SKU04318,1,1.8660688
2025-12-22,ST30,SKU04321,8,9.03279
2025-12-22,ST20,SKU04329,1,2.0265217
2025-12-22,ST11,SKU04339,4,1.8145245
2025-12-22,ST09,SKU04343,1,1.8086331
2025-12-22,ST03,SKU04344,2,2.0837376
2025-12-22,ST24,SKU04346,1,1.995859
2025-12-22,ST27,SKU04355,2,1.8689891
2025-12-22,ST21,SKU04359,4,4.2085505
2025-12-22,ST30,SKU04366,5,1.8926493
2025-12-22,ST20,SKU04371,1,1.8668759
2025-12-22,ST07,SKU04381,1,1.7866751
2025-12-22,ST08,SKU04384,3,1.9408486
2025-12-22,ST07,SKU04387,1,1.8474231
2025-12-22,ST23,SKU04390,1,1.8761058
2025-12-22,ST10,SKU04424,4,1.9676864
2025-12-22,ST09,SKU04432,2,4.2011647
2025-12-22,ST09,SKU04434,2,1.8816957
2025-12-22,ST24,SKU04439,1,1.6791945
2025-12-22,ST25,SKU04440,3,1.8071367
2025-12-22,ST09,SKU04442,2,1.6629853
2025-12-22,ST07,SKU04443,2,1.8771046
2025-12-22,ST20,SKU04447,1,1.9854523
2025-12-22,ST28,SKU04453,3,1.8506417
2025-12-22,ST25,SKU04467,1,1.9373556
2025-12-22,ST08,SKU04469,1,1.8945466
2025-12-22,ST05,SKU04477,1,1.7603599
2025-12-22,ST10,SKU04479,3,1.8810626
2025-12-22,ST06,SKU04489,1,1.7710253
2025-12-22,ST03,SKU04502,1,1.8964254
2025-12-22,ST29,SKU04508,2,1.8376409
2025-12-22,ST28,SKU04534,1,1.894947
2025-12-22,ST22,SKU04536,1,1.7555077
2025-12-22,ST30,SKU04546,3,1.9083968
2025-12-22,ST03,SKU04547,4,1.906158
2025-12-22,ST07,SKU04563,2,1.8884394
2025-12-22,ST14,SKU04568,1,1.8890994
2025-12-22,ST20,SKU04571,2,1.8675115
2025-12-22,ST26,SKU04572,2,1.9983044
2025-12-22,ST21,SKU04574,1,1.8098518
2025-12-22,ST09,SKU04579,2,1.8324113
2025-12-22,ST26,SKU04583,3,1.8575158
2025-12-22,ST14,SKU04592,1,1.9326783
2025-12-22,ST29,SKU04596,1,2.4491105
2025-12-22,ST22,SKU04598,1,1.8765415
2025-12-22,ST24,SKU04608,1,2.050536
2025-12-22,ST22,SKU04611,1,1.9231516
2025-12-22,ST27,SKU04612,1,1.777455
2025-12-22,ST16,SKU04644,1,1.846312
2025-12-22,ST28,SKU04646,1,1.6225066
2025-12-22,ST18,SKU04647,1,1.797349
2025-12-22,ST23,SKU04659,5,1.8574116
2025-12-22,ST08,SKU04663,1,1.7402849
2025-12-22,ST06,SKU04673,2,2.210895
2025-12-22,ST02,SKU04677,2,1.9038384
2025-12-22,ST10,SKU04686,3,1.9070332
2025-12-22,ST10,SKU04689,2,2.1502619
2025-12-22,ST21,SKU04691,4,1.8944257
2025-12-22,ST24,SKU04694,4,2.0663931
2025-12-22,ST13,SKU04704,1,1.8411325
2025-12-22,ST30,SKU04721,1,1.8412063
2025-12-22,ST25,SKU04735,3,1.8270819
2025-12-22,ST24,SKU04742,2,1.9289451
2025-12-22,ST11,SKU04750,1,1.8232998
2025-12-22,ST08,SKU04751,2,1.8850181
2025-12-22,ST04,SKU04756,1,1.8772271
2025-12-22,ST22,SKU04780,2,1.959304
2025-12-22,ST28,SKU04791,1,1.7214586
2025-12-22,ST09,SKU04804,1,1.9357952
2025-12-22,ST25,SKU04806,3,2.2563057
2025-12-22,ST11,SKU04807,3,1.8114789
2025-12-22,ST06,SKU04808,3,1.9335431
2025-12-22,ST11,SKU04813,1,2.0516987
2025-12-22,ST13,SKU04816,1,1.8327457
2025-12-22,ST11,SKU04824,3,2.3468952
2025-12-22,ST18,SKU04829,4,1.8490496
2025-12-22,ST04,SKU04835,2,1.8650172
2025-12-22,ST02,SKU04837,2,1.8677522
2025-12-22,ST20,SKU04838,3,1.8443277
2025-12-22,ST04,SKU04839,2,1.8685684
2025-12-22,ST26,SKU04840,1,1.9447267
2025-12-22,ST30,SKU04841,3,1.9853438
2025-12-22,ST29,SKU04842,2,1.8837095
2025-12-22,ST10,SKU04854,1,2.1974955
2025-12-22,ST27,SKU04866,3,2.0338244
2025-12-22,ST29,SKU04883,2,1.8313192
2025-12-22,ST25,SKU04886,2,1.8964399
2025-12-22,ST15,SKU04888,1,1.917674
2025-12-22,ST20,SKU04893,1,1.9208359
2025-12-22,ST12,SKU04896,1,1.8952322
2025-12-22,ST26,SKU04903,1,1.8672541
2025-12-22,ST13,SKU04909,5,1.8954165
2025-12-22,ST30,SKU04913,2,1.9175171
2025-12-22,ST15,SKU04917,3,1.7982413
2025-12-22,ST21,SKU04924,3,1.9032178
2025-12-22,ST09,SKU04926,1,1.9520241
2025-12-22,ST24,SKU04936,1,1.8678259
2025-12-22,ST22,SKU04943,2,1.915159
2025-12-22,ST13,SKU04944,2,1.804244
2025-12-22,ST04,SKU04948,1,1.7708254
2025-12-22,ST22,SKU04955,4,1.9279994
2025-12-22,ST18,SKU04973,5,1.9580173
2025-12-22,ST20,SKU04981,1,1.9068149
2025-12-22,ST11,SKU04998,2,2.0603554
2025-12-23,ST18,SKU00002,1,1.7922602
2025-12-23,ST11,SKU00016,3,1.7459358
2025-12-23,ST20,SKU00024,3,1.62342
2025-12-23,ST07,SKU00031,3,1.958781
2025-12-23,ST30,SKU00035,1,1.9327683
2025-12-23,ST28,SKU00036,4,1.9596605
2025-12-23,ST21,SKU00041,2,1.8499975
2025-12-23,ST29,SKU00042,1,2.0229638
2025-12-23,ST28,SKU00048,3,1.8263162
2025-12-23,ST10,SKU00050,4,1.8503602
2025-12-23,ST13,SKU00062,3,1.7636926
2025-12-23,ST07,SKU00074,2,1.8456247
2025-12-23,ST21,SKU00075,2,1.6706439
2025-12-23,ST22,SKU00079,3,1.8253728
2025-12-23,ST07,SKU00086,2,2.0112731
2025-12-23,ST15,SKU00106,1,1.8333453
2025-12-23,ST08,SKU00109,1,1.810732
2025-12-23,ST08,SKU00110,3,1.8323869
2025-12-23,ST23,SKU00120,1,1.8446375
2025-12-23,ST10,SKU00122,2,1.8437334
2025-12-23,ST26,SKU00126,5,1.7449979
2025-12-23,ST29,SKU00130,1,1.8234217
2025-12-23,ST30,SKU00134,1,1.899646
2025-12-23,ST01,SKU00145,4,1.9473292
2025-12-23,ST04,SKU00158,2,1.800542
2025-12-23,ST14,SKU00166,1,1.8263907
2025-12-23,ST23,SKU00177,1,1.9254303
2025-12-23,ST29,SKU00190,1,1.8647431
2025-12-23,ST22,SKU00201,2,1.8299273
2025-12-23,ST20,SKU00217,1,1.7969708
2025-12-23,ST08,SKU00235,1,1.8598229
2025-12-23,ST27,SKU00252,1,1.8884059
2025-12-23,ST08,SKU00254,2,1.8843273
2025-12-23,ST29,SKU00263,1,1.7885711
2025-12-23,ST21,SKU00278,4,1.6131305
2025-12-23,ST26,SKU00280,2,1.7504518
2025-12-23,ST27,SKU00285,4,1.8680937
2025-12-23,ST18,SKU00286,4,3.9048972
2025-12-23,ST18,SKU00291,2,1.8878853
2025-12-23,ST07,SKU00308,2,1.8502619
2025-12-23,ST23,SKU00313,2,2.0772607
2025-12-23,ST02,SKU00338,2,1.874745
2025-12-23,ST17,SKU00352,3,1.8353493
2025-12-23,ST28,SKU00358,4,1.8984599
2025-12-23,ST20,SKU00363,1,1.7821913
2025-12-23,ST07,SKU00367,2,1.8680027
2025-12-23,ST03,SKU00369,1,1.8371086
2025-12-23,ST15,SKU00370,2,1.8536712
2025-12-23,ST06,SKU00371,3,1.8596247
2025-12-23,ST20,SKU00372,1,1.8358213
2025-12-23,ST24,SKU00376,2,1.9688768
2025-12-23,ST05,SKU00393,1,1.9291625
2025-12-23,ST14,SKU00396,1,1.862747
2025-12-23,ST22,SKU00399,3,1.8746606
2025-12-23,ST07,SKU00400,2,1.8482867
2025-12-23,ST14,SKU00405,3,1.8124517
2025-12-23,ST19,SKU00406,2,1.8324208
2025-12-23,ST16,SKU00407,2,1.9485655
2025-12-23,ST20,SKU00409,1,1.7938442
2025-12-23,ST22,SKU00415,1,2.0978458
2025-12-23,ST11,SKU00416,1,1.7721176
2025-12-23,ST06,SKU00422,4,1.9054579
2025-12-23,ST21,SKU00425,1,1.8007234
2025-12-23,ST27,SKU00429,2,1.7992641
2025-12-23,ST02,SKU00431,1,1.8841033
2025-12-23,ST28,SKU00434,2,1.8687539
2025-12-23,ST29,SKU00436,1,1.8470416
2025-12-23,ST18,SKU00438,1,1.8486613
2025-12-23,ST13,SKU00440,3,1.8411024
2025-12-23,ST15,SKU00442,1,1.8950274
2025-12-23,ST29,SKU00461,1,1.963038
2025-12-23,ST21,SKU00471,1,1.8469256
2025-12-23,ST20,SKU00479,3,1.7652485
2025-12-23,ST11,SKU00482,3,1.9968287
2025-12-23,ST29,SKU00495,4,1.9815041
2025-12-23,ST29,SKU00500,1,1.818215
2025-12-23,ST08,SKU00502,1,1.9194615
2025-12-23,ST29,SKU00508,1,1.8389825
2025-12-23,ST27,SKU00516,1,1.9008093
2025-12-23,ST15,SKU00533,3,1.8256705
2025-12-23,ST07,SKU00536,1,1.9260613
2025-12-23,ST26,SKU00539,1,1.8390728
2025-12-23,ST02,SKU00540,1,1.8666567
2025-12-23,ST20,SKU00541,2,1.9081446
2025-12-23,ST20,SKU00545,3,1.795794
2025-12-23,ST01,SKU00548,1,1.8875133
2025-12-23,ST22,SKU00549,1,1.8541647
2025-12-23,ST28,SKU00553,1,1.716271
2025-12-23,ST06,SKU00565,1,1.8746127
2025-12-23,ST22,SKU00570,1,1.8267641
2025-12-23,ST26,SKU00578,1,1.8392861
2025-12-23,ST28,SKU00590,3,1.9754416
2025-12-23,ST15,SKU00595,3,1.8514549
2025-12-23,ST03,SKU00599,2,1.8495239
2025-12-23,ST09,SKU00625,1,1.8241163
2025-12-23,ST27,SKU00635,1,1.8129809
2025-12-23,ST07,SKU00638,1,2.2304397
2025-12-23,ST04,SKU00639,4,1.8424878
2025-12-23,ST23,SKU00645,2,1.7651362
2025-12-23,ST29,SKU00651,4,1.8877959
2025-12-23,ST06,SKU00656,2,1.9476424
2025-12-23,ST12,SKU00660,1,1.8682936
2025-12-23,ST21,SKU00680,1,2.003305
2025-12-23,ST06,SKU00685,3,1.9469185
2025-12-23,ST18,SKU00689,1,1.8701919
2025-12-23,ST25,SKU00707,3,1.9023652
2025-12-23,ST09,SKU00710,4,1.8686479
2025-12-23,ST20,SKU00715,3,1.9446886
2025-12-23,ST11,SKU00718,1,1.92448
2025-12-23,ST13,SKU00719,1,1.8613762
2025-12-23,ST09,SKU00733,1,1.899819
2025-12-23,ST23,SKU00738,3,1.777065
2025-12-23,ST30,SKU00740,1,1.8836461
2025-12-23,ST19,SKU00745,1,1.6155897
2025-12-23,ST07,SKU00758,1,1.8118714
2025-12-23,ST28,SKU00773,5,1.7824872
2025-12-23,ST14,SKU00774,2,1.9020011
2025-12-23,ST29,SKU00777,1,1.8670958
2025-12-23,ST11,SKU00789,4,1.8546062
2025-12-23,ST07,SKU00790,1,1.8819418
2025-12-23,ST01,SKU00795,1,1.7791761
2025-12-23,ST26,SKU00798,2,1.7633833
2025-12-23,ST06,SKU00812,1,1.9268609
2025-12-23,ST05,SKU00814,1,1.777361
2025-12-23,ST17,SKU00827,4,1.9100606
2025-12-23,ST08,SKU00830,2,1.813421
2025-12-23,ST04,SKU00831,4,1.8685484
2025-12-23,ST30,SKU00832,4,1.7728621
2025-12-23,ST17,SKU00836,2,1.897982
2025-12-23,ST26,SKU00839,2,1.7316475
2025-12-23,ST12,SKU00840,2,1.882736
2025-12-23,ST19,SKU00845,1,1.8154788
2025-12-23,ST10,SKU00862,4,1.7886393
2025-12-23,ST22,SKU00864,2,1.9221164
2025-12-23,ST27,SKU00881,3,1.9267399
2025-12-23,ST04,SKU00882,2,1.820776
2025-12-23,ST14,SKU00888,2,1.8350458
2025-12-23,ST20,SKU00893,3,1.8762078
2025-12-23,ST09,SKU00909,1,1.8969176
2025-12-23,ST26,SKU00912,1,1.8921657
2025-12-23,ST16,SKU00914,2,2.059671
2025-12-23,ST27,SKU00917,1,2.0052943
2025-12-23,ST08,SKU00919,2,2.084945
2025-12-23,ST03,SKU00920,2,1.9641247
2025-12-23,ST01,SKU00928,1,1.9562985
2025-12-23,ST09,SKU00934,1,1.8749727
2025-12-23,ST18,SKU00938,1,1.8385086
2025-12-23,ST16,SKU00942,1,1.9528279
2025-12-23,ST12,SKU00945,2,1.832024
2025-12-23,ST26,SKU00953,3,1.8272798
2025-12-23,ST28,SKU00960,3,1.8892455
2025-12-23,ST28,SKU00966,1,1.8624119
2025-12-23,ST18,SKU00974,1,1.9851531
2025-12-23,ST02,SKU00976,1,1.6824367
2025-12-23,ST21,SKU00980,1,1.931506
2025-12-23,ST17,SKU00982,1,1.9343952
2025-12-23,ST13,SKU00985,1,1.8625808
2025-12-23,ST26,SKU00994,3,1.8901241
2025-12-23,ST11,SKU00996,4,1.870577
2025-12-23,ST21,SKU00998,2,1.792872
2025-12-23,ST29,SKU00999,3,1.8359631
2025-12-23,ST06,SKU01000,2,1.8470459
2025-12-23,ST11,SKU01009,4,4.009172
2025-12-23,ST05,SKU01019,1,1.8253347
2025-12-23,ST21,SKU01022,1,1.7288705
2025-12-23,ST22,SKU01030,2,1.8527472
2025-12-23,ST07,SKU01037,1,1.825743
2025-12-23,ST18,SKU01041,1,1.8429927
2025-12-23,ST11,SKU01042,1,1.869362
2025-12-23,ST26,SKU01045,2,2.0566208
2025-12-23,ST20,SKU01048,2,1.5705965
2025-12-23,ST21,SKU01065,1,1.8782152
2025-12-23,ST26,SKU01075,1,2.2098086
2025-12-23,ST04,SKU01082,2,1.8571484
2025-12-23,ST02,SKU01083,3,2.014106
2025-12-23,ST19,SKU01089,1,1.9615555
2025-12-23,ST06,SKU01100,2,1.8371966
2025-12-23,ST18,SKU01106,3,1.7728798
2025-12-23,ST04,SKU01114,3,1.8742026
2025-12-23,ST21,SKU01121,3,1.8328085
2025-12-23,ST28,SKU01125,2,1.8699571
2025-12-23,ST09,SKU01132,2,1.8206763
2025-12-23,ST16,SKU01134,1,1.9251956
2025-12-23,ST15,SKU01164,1,1.8683292
2025-12-23,ST07,SKU01168,1,1.8307532
2025-12-23,ST26,SKU01182,2,1.8841765
2025-12-23,ST25,SKU01184,1,1.9610317
2025-12-23,ST25,SKU01186,5,1.842171
2025-12-23,ST14,SKU01188,1,1.8160574
2025-12-23,ST26,SKU01189,5,1.7997675
2025-12-23,ST20,SKU01198,1,1.7385368
2025-12-23,ST23,SKU01201,1,1.886131
2025-12-23,ST03,SKU01202,1,1.8473173
2025-12-23,ST11,SKU01208,2,1.8740022
2025-12-23,ST28,SKU01209,3,1.8535397
2025-12-23,ST23,SKU01210,2,1.868986
2025-12-23,ST23,SKU01216,2,2.024245
2025-12-23,ST24,SKU01219,1,1.8350099
2025-12-23,ST15,SKU01225,1,1.8299335
2025-12-23,ST01,SKU01243,1,1.9022585
2025-12-23,ST13,SKU01254,1,1.9470031
2025-12-23,ST19,SKU01258,1,1.791732
2025-12-23,ST14,SKU01262,1,2.0260453
2025-12-23,ST20,SKU01272,1,1.8829243
2025-12-23,ST07,SKU01274,1,1.9096136
2025-12-23,ST20,SKU01275,1,1.7568486
2025-12-23,ST17,SKU01278,1,1.9223211
2025-12-23,ST20,SKU01279,1,1.8445139
2025-12-23,ST17,SKU01280,1,1.8903381
2025-12-23,ST04,SKU01292,2,1.9749296
2025-12-23,ST26,SKU01295,1,1.8599001
2025-12-23,ST08,SKU01297,2,1.8792852
2025-12-23,ST22,SKU01301,2,1.8580607
2025-12-23,ST08,SKU01306,2,1.8446941
2025-12-23,ST03,SKU01316,4,1.8697819
2025-12-23,ST18,SKU01317,1,1.8346342
2025-12-23,ST13,SKU01336,1,1.801194
2025-12-23,ST28,SKU01357,1,2.0799453
2025-12-23,ST04,SKU01363,2,3.23503
2025-12-23,ST27,SKU01367,2,1.8805602
2025-12-23,ST29,SKU01371,1,1.8531837
2025-12-23,ST29,SKU01377,1,1.919751
2025-12-23,ST14,SKU01379,2,1.8747933
2025-12-23,ST09,SKU01395,2,1.8495497
2025-12-23,ST30,SKU01409,3,1.881677
2025-12-23,ST29,SKU01414,1,1.8229585
2025-12-23,ST20,SKU01420,3,1.6735451
2025-12-23,ST09,SKU01435,1,1.8612956
2025-12-23,ST02,SKU01436,1,1.8753451
2025-12-23,ST26,SKU01440,1,1.9211928
2025-12-23,ST10,SKU01453,1,1.8818767
2025-12-23,ST20,SKU01456,3,1.8906277
2025-12-23,ST03,SKU01469,1,1.8698542
2025-12-23,ST18,SKU01485,2,1.8841419
2025-12-23,ST07,SKU01488,1,1.8635983
2025-12-23,ST08,SKU01496,1,1.8229083
2025-12-23,ST23,SKU01499,2,1.828004
2025-12-23,ST07,SKU01501,1,1.9104508
2025-12-23,ST21,SKU01507,1,1.7997221
2025-12-23,ST30,SKU01512,5,1.914213
2025-12-23,ST02,SKU01523,4,1.8671976
2025-12-23,ST30,SKU01534,5,2.0147355
2025-12-23,ST04,SKU01535,1,1.9692363
2025-12-23,ST24,SKU01545,2,1.8804438
2025-12-23,ST22,SKU01549,3,1.7476755
2025-12-23,ST12,SKU01551,1,1.831185
2025-12-23,ST18,SKU01555,1,1.8378361
2025-12-23,ST28,SKU01556,1,1.8211877
2025-12-23,ST01,SKU01575,1,1.887235
2025-12-23,ST03,SKU01578,3,1.888111
2025-12-23,ST26,SKU01579,2,1.8459846
2025-12-23,ST29,SKU01596,1,1.8480521
2025-12-23,ST17,SKU01597,1,1.8558671
2025-12-23,ST15,SKU01598,4,1.8599638
2025-12-23,ST27,SKU01611,2,1.8853652
2025-12-23,ST02,SKU01627,2,1.8854232
2025-12-23,ST20,SKU01632,2,1.8696024
2025-12-23,ST29,SKU01637,2,1.9024905
2025-12-23,ST25,SKU01640,1,1.8706062
2025-12-23,ST25,SKU01652,2,1.9297119
2025-12-23,ST23,SKU01664,1,1.9507272
2025-12-23,ST03,SKU01666,1,1.8556126
2025-12-23,ST01,SKU01670,1,1.7976334
2025-12-23,ST14,SKU01671,1,1.8870356
2025-12-23,ST28,SKU01673,3,1.8717442
2025-12-23,ST19,SKU01677,2,1.818905
2025-12-23,ST22,SKU01690,3,1.8798075
2025-12-23,ST22,SKU01693,1,1.8777035
2025-12-23,ST16,SKU01694,1,2.014915
2025-12-23,ST20,SKU01695,3,1.9620162
2025-12-23,ST23,SKU01697,1,1.8802649
2025-12-23,ST22,SKU01701,1,1.7979188
2025-12-23,ST08,SKU01705,1,1.875431
2025-12-23,ST20,SKU01713,1,1.769817
2025-12-23,ST18,SKU01730,3,1.9252636
2025-12-23,ST03,SKU01737,1,1.9968842
2025-12-23,ST16,SKU01741,4,1.8141646
2025-12-23,ST17,SKU01751,2,2.0314708
2025-12-23,ST11,SKU01754,3,1.9389468
2025-12-23,ST19,SKU01760,1,1.9360341
2025-12-23,ST06,SKU01766,4,1.8978885
2025-12-23,ST30,SKU01774,3,1.8903127
2025-12-23,ST09,SKU01775,3,2.0409744
2025-12-23,ST01,SKU01784,1,1.8363271
2025-12-23,ST29,SKU01811,2,1.8996048
2025-12-23,ST09,SKU01823,1,1.8186512
2025-12-23,ST02,SKU01826,1,1.8919753
2025-12-23,ST14,SKU01846,3,1.8767562
2025-12-23,ST10,SKU01856,1,1.8654
2025-12-23,ST08,SKU01859,1,1.9970983
2025-12-23,ST02,SKU01867,3,1.8717232
2025-12-23,ST02,SKU01870,2,1.872749
2025-12-23,ST01,SKU01878,2,1.8380331
2025-12-23,ST07,SKU01881,3,1.8706777
2025-12-23,ST04,SKU01882,3,1.9709152
2025-12-23,ST08,SKU01883,2,1.7253563
2025-12-23,ST17,SKU01884,2,1.9778888
2025-12-23,ST22,SKU01885,2,1.7616389
2025-12-23,ST02,SKU01895,2,1.9186586
2025-12-23,ST03,SKU01899,2,1.9527534
2025-12-23,ST05,SKU01903,1,1.8123925
2025-12-23,ST22,SKU01917,1,1.9295073
2025-12-23,ST25,SKU01943,3,1.835799
2025-12-23,ST28,SKU01944,1,1.8161545
2025-12-23,ST19,SKU01955,2,1.8223084
2025-12-23,ST12,SKU01992,3,1.9192623
2025-12-23,ST27,SKU01993,4,1.8478858
2025-12-23,ST08,SKU02002,1,1.8231376
2025-12-23,ST17,SKU02008,1,1.8048184
2025-12-23,ST06,SKU02016,3,2.0174453
2025-12-23,ST27,SKU02023,3,1.8083433
2025-12-23,ST26,SKU02029,4,1.7492831
2025-12-23,ST07,SKU02032,2,1.7852503
2025-12-23,ST04,SKU02036,3,1.9583843
2025-12-23,ST09,SKU02048,1,1.9570425
2025-12-23,ST30,SKU02052,1,1.9601284
2025-12-23,ST28,SKU02079,3,1.7505699
2025-12-23,ST04,SKU02087,4,1.8932505
2025-12-23,ST23,SKU02088,1,1.9034514
2025-12-23,ST05,SKU02098,1,1.8067353
2025-12-23,ST20,SKU02099,1,1.954163
2025-12-23,ST05,SKU02105,1,2.0849566
2025-12-23,ST15,SKU02107,2,1.8395525
2025-12-23,ST21,SKU02118,1,1.8791757
2025-12-23,ST28,SKU02130,2,1.8962116
2025-12-23,ST28,SKU02131,1,1.91459
2025-12-23,ST21,SKU02132,1,1.8468808
2025-12-23,ST29,SKU02141,6,3.5790777
2025-12-23,ST30,SKU02162,2,1.8921171
2025-12-23,ST24,SKU02163,1,1.7510883
2025-12-23,ST13,SKU02167,5,1.931973
2025-12-23,ST22,SKU02176,2,2.0873427
2025-12-23,ST22,SKU02180,3,1.8254112
2025-12-23,ST21,SKU02186,5,1.9124556
2025-12-23,ST26,SKU02187,1,1.8815937
2025-12-23,ST18,SKU02188,2,1.8793085
2025-12-23,ST06,SKU02204,1,1.8516985
2025-12-23,ST06,SKU02210,1,1.8784741
2025-12-23,ST06,SKU02212,1,1.7683688
2025-12-23,ST20,SKU02215,1,1.8557116
2025-12-23,ST28,SKU02223,3,1.8873495
2025-12-23,ST13,SKU02226,1,1.8408362
2025-12-23,ST12,SKU02229,1,1.7925973
2025-12-23,ST02,SKU02231,1,1.966434
2025-12-23,ST09,SKU02236,3,1.8732212
2025-12-23,ST27,SKU02247,1,1.843625
2025-12-23,ST07,SKU02251,1,1.8397797
2025-12-23,ST29,SKU02252,1,1.8279419
2025-12-23,ST11,SKU02259,1,1.8398898
2025-12-23,ST19,SKU02269,1,1.853619
2025-12-23,ST29,SKU02279,4,1.771387
2025-12-23,ST04,SKU02293,1,1.8255796
2025-12-23,ST17,SKU02297,2,1.8505511
2025-12-23,ST09,SKU02298,1,1.8357595
2025-12-23,ST07,SKU02300,1,1.850106
2025-12-23,ST23,SKU02314,3,1.8340731
2025-12-23,ST20,SKU02316,2,1.8936442
2025-12-23,ST22,SKU02317,1,1.8642132
2025-12-23,ST14,SKU02324,1,1.8482093
2025-12-23,ST18,SKU02325,1,1.9963045
2025-12-23,ST21,SKU02333,1,1.9277445
2025-12-23,ST10,SKU02340,5,1.973788
2025-12-23,ST28,SKU02341,1,1.856073
2025-12-23,ST30,SKU02347,1,1.9093492
2025-12-23,ST06,SKU02361,1,1.898936
2025-12-23,ST05,SKU02368,1,1.8128641
2025-12-23,ST12,SKU02372,3,2.022914
2025-12-23,ST23,SKU02374,1,1.8625401
2025-12-23,ST20,SKU02379,2,1.8926228
2025-12-23,ST20,SKU02386,2,1.76462
2025-12-23,ST30,SKU02404,1,1.8892692
2025-12-23,ST09,SKU02407,3,2.1328623
2025-12-23,ST30,SKU02412,1,1.970293
2025-12-23,ST16,SKU02414,1,1.8659489
2025-12-23,ST19,SKU02415,1,1.952448
2025-12-23,ST11,SKU02416,1,1.8445977
2025-12-23,ST19,SKU02417,1,1.9376216
2025-12-23,ST22,SKU02426,1,1.9117593
2025-12-23,ST08,SKU02431,3,4.105706
2025-12-23,ST01,SKU02433,1,1.8483788
2025-12-23,ST18,SKU02434,3,1.8415022
2025-12-23,ST20,SKU02442,1,1.9061583
2025-12-23,ST09,SKU02447,1,1.7524307
2025-12-23,ST16,SKU02449,2,1.8453132
2025-12-23,ST13,SKU02455,2,1.904131
2025-12-23,ST27,SKU02458,2,1.6513613
2025-12-23,ST12,SKU02461,3,1.9017653
2025-12-23,ST25,SKU02462,1,2.0025864
2025-12-23,ST14,SKU02479,4,1.8627398
2025-12-23,ST07,SKU02482,1,1.7721951
2025-12-23,ST12,SKU02492,3,1.874106
2025-12-23,ST22,SKU02503,1,1.8578513
2025-12-23,ST10,SKU02505,1,1.8823565
2025-12-23,ST17,SKU02506,2,1.7700834
2025-12-23,ST22,SKU02510,1,1.8300136
2025-12-23,ST12,SKU02522,5,1.9751698
2025-12-23,ST01,SKU02526,2,1.7854125
2025-12-23,ST26,SKU02531,1,1.8509904
2025-12-23,ST29,SKU02533,1,1.7437812
2025-12-23,ST30,SKU02538,2,1.7734514
2025-12-23,ST12,SKU02543,1,1.9385056
2025-12-23,ST06,SKU02545,1,1.8173172
2025-12-23,ST19,SKU02550,1,1.8355497
2025-12-23,ST26,SKU02551,1,1.8402251
2025-12-23,ST12,SKU02562,1,1.7917497
2025-12-23,ST03,SKU02588,2,1.8536043
2025-12-23,ST29,SKU02594,1,1.9170281
2025-12-23,ST13,SKU02595,1,1.8588245
2025-12-23,ST21,SKU02614,1,1.9218892
2025-12-23,ST05,SKU02643,4,2.3063097
2025-12-23,ST20,SKU02644,2,1.92929
2025-12-23,ST20,SKU02657,4,3.7566838
2025-12-23,ST26,SKU02660,4,4.0116825
2025-12-23,ST22,SKU02668,1,1.8281118
2025-12-23,ST05,SKU02682,1,1.9554176
2025-12-23,ST07,SKU02690,1,1.7712287
2025-12-23,ST06,SKU02692,1,1.6364838
2025-12-23,ST10,SKU02712,1,1.8870162
2025-12-23,ST17,SKU02713,2,1.8723834
2025-12-23,ST02,SKU02714,1,1.8418875
2025-12-23,ST10,SKU02721,5,1.8322849
2025-12-23,ST18,SKU02725,1,1.8965639
2025-12-23,ST28,SKU02740,2,1.9680706
2025-12-23,ST24,SKU02741,1,1.9955652
2025-12-23,ST11,SKU02744,4,1.888973
2025-12-23,ST18,SKU02747,2,3.3526337
2025-12-23,ST06,SKU02749,1,1.8720552
2025-12-23,ST19,SKU02752,3,1.7734532
2025-12-23,ST12,SKU02756,3,1.909364
2025-12-23,ST13,SKU02757,1,1.84203
2025-12-23,ST20,SKU02764,1,1.9127765
2025-12-23,ST05,SKU02769,3,1.8586801
2025-12-23,ST01,SKU02770,3,1.8033487
2025-12-23,ST09,SKU02778,1,1.8953218
2025-12-23,ST06,SKU02785,4,1.9163557
2025-12-23,ST26,SKU02790,2,2.0966117
2025-12-23,ST09,SKU02791,1,1.8672755
2025-12-23,ST04,SKU02795,1,1.8017068
2025-12-23,ST19,SKU02796,1,1.8708332
2025-12-23,ST05,SKU02818,1,1.8715442
2025-12-23,ST13,SKU02823,3,1.8830264
2025-12-23,ST28,SKU02826,2,1.9116906
2025-12-23,ST18,SKU02836,1,1.840319
2025-12-23,ST28,SKU02839,1,1.832514
2025-12-23,ST30,SKU02849,5,1.764176
2025-12-23,ST21,SKU02850,1,1.8941183
2025-12-23,ST18,SKU02858,1,1.8298684
2025-12-23,ST04,SKU02860,2,1.847329
2025-12-23,ST26,SKU02870,1,1.80472
2025-12-23,ST06,SKU02871,2,1.7116349
2025-12-23,ST17,SKU02877,1,1.5927877
2025-12-23,ST18,SKU02880,2,1.8975635
2025-12-23,ST28,SKU02892,1,1.8476887
2025-12-23,ST18,SKU02893,1,1.8562807
2025-12-23,ST17,SKU02898,4,1.8440101
2025-12-23,ST21,SKU02904,1,1.8893843
2025-12-23,ST19,SKU02915,1,1.905823
2025-12-23,ST28,SKU02923,4,1.8723787
2025-12-23,ST30,SKU02928,3,2.0130522
2025-12-23,ST28,SKU02930,1,1.7284421
2025-12-23,ST10,SKU02934,1,1.9109436
2025-12-23,ST16,SKU02940,4,1.8067585
2025-12-23,ST03,SKU02941,1,1.8490518
2025-12-23,ST01,SKU02951,1,1.8434147
2025-12-23,ST20,SKU02986,1,1.8793037
2025-12-23,ST30,SKU03053,1,1.866615
2025-12-23,ST06,SKU03061,2,1.8392913
2025-12-23,ST30,SKU03065,1,1.8365052
2025-12-23,ST21,SKU03075,1,1.841356
2025-12-23,ST11,SKU03076,3,1.9391048
2025-12-23,ST06,SKU03077,1,1.8772914
2025-12-23,ST07,SKU03084,1,1.9208405
2025-12-23,ST30,SKU03088,3,1.9261436
2025-12-23,ST09,SKU03095,1,1.8071429
2025-12-23,ST18,SKU03112,1,1.7878834
2025-12-23,ST05,SKU03113,2,1.9167672
2025-12-23,ST21,SKU03119,1,1.9170318
2025-12-23,ST17,SKU03122,1,1.8454077
2025-12-23,ST15,SKU03130,1,1.8755908
2025-12-23,ST29,SKU03131,1,1.8853265
2025-12-23,ST09,SKU03134,2,1.881527
2025-12-23,ST29,SKU03146,2,1.8694913
2025-12-23,ST17,SKU03149,2,1.8820051
2025-12-23,ST23,SKU03150,1,1.9562759
2025-12-23,ST12,SKU03152,1,2.5462792
2025-12-23,ST08,SKU03159,1,1.8766462
2025-12-23,ST05,SKU03166,2,1.805494
2025-12-23,ST25,SKU03168,3,1.8959818
2025-12-23,ST07,SKU03171,4,1.9372591
2025-12-23,ST19,SKU03174,1,1.947776
2025-12-23,ST08,SKU03184,1,1.8614637
2025-12-23,ST21,SKU03187,2,1.8228291
2025-12-23,ST15,SKU03190,3,1.8553488
2025-12-23,ST21,SKU03191,3,1.8762203
2025-12-23,ST23,SKU03201,1,1.7315153
2025-12-23,ST26,SKU03204,1,1.8607247
2025-12-23,ST28,SKU03213,1,2.03939
2025-12-23,ST07,SKU03217,3,1.9541497
2025-12-23,ST19,SKU03223,3,1.9027282
2025-12-23,ST07,SKU03228,1,1.8877141
2025-12-23,ST12,SKU03237,1,1.76951
2025-12-23,ST10,SKU03238,1,1.8968111
2025-12-23,ST11,SKU03258,1,1.8352317
2025-12-23,ST05,SKU03259,2,1.8744951
2025-12-23,ST02,SKU03260,3,1.8740983
2025-12-23,ST03,SKU03271,2,1.8132546
2025-12-23,ST08,SKU03272,1,1.9059979
2025-12-23,ST19,SKU03276,1,1.8678336
2025-12-23,ST27,SKU03283,1,1.7828766
2025-12-23,ST01,SKU03288,1,1.8738372
2025-12-23,ST29,SKU03292,1,1.833667
2025-12-23,ST18,SKU03299,1,1.891377
2025-12-23,ST05,SKU03304,2,1.7763679
2025-12-23,ST21,SKU03309,1,1.8400106
2025-12-23,ST23,SKU03314,1,1.9050097
2025-12-23,ST30,SKU03334,2,1.883185
2025-12-23,ST27,SKU03351,1,1.8705456
2025-12-23,ST22,SKU03353,1,2.159298
2025-12-23,ST26,SKU03366,1,1.8288733
2025-12-23,ST11,SKU03377,3,1.8675942
2025-12-23,ST07,SKU03379,1,2.0698857
2025-12-23,ST05,SKU03385,1,1.9382578
2025-12-23,ST10,SKU03386,1,1.8985391
2025-12-23,ST21,SKU03391,4,1.8552672
2025-12-23,ST11,SKU03409,4,1.8142066
2025-12-23,ST24,SKU03410,3,1.7932898
2025-12-23,ST18,SKU03413,1,1.8978543
2025-12-23,ST11,SKU03419,1,1.8290297
2025-12-23,ST20,SKU03423,1,1.9510217
2025-12-23,ST30,SKU03424,1,1.9036546
2025-12-23,ST17,SKU03426,3,1.8199991
2025-12-23,ST27,SKU03427,1,1.7766956
2025-12-23,ST07,SKU03433,1,1.9263618
2025-12-23,ST11,SKU03437,2,1.851865
2025-12-23,ST06,SKU03440,1,1.8492055
2025-12-23,ST27,SKU03443,4,1.8263155
2025-12-23,ST11,SKU03446,1,1.8450801
2025-12-23,ST08,SKU03455,2,1.7845137
2025-12-23,ST30,SKU03460,1,1.8149071
2025-12-23,ST21,SKU03466,3,1.8551753
2025-12-23,ST09,SKU03476,3,1.8123075
2025-12-23,ST22,SKU03477,1,1.9331744
2025-12-23,ST27,SKU03487,1,2.0548751
2025-12-23,ST26,SKU03489,2,1.8607059
2025-12-23,ST14,SKU03496,1,1.9441003
2025-12-23,ST20,SKU03499,1,2.1444175
2025-12-23,ST22,SKU03502,1,1.8680568
2025-12-23,ST01,SKU03512,3,1.7955999
2025-12-23,ST07,SKU03513,3,1.9181143
2025-12-23,ST28,SKU03528,1,1.8448434
2025-12-23,ST17,SKU03532,2,1.8092613
2025-12-23,ST03,SKU03535,1,1.8154106
2025-12-23,ST20,SKU03539,3,1.7752537
2025-12-23,ST27,SKU03546,1,1.9102763
2025-12-23,ST03,SKU03550,2,1.7910626
2025-12-23,ST27,SKU03556,2,1.8016635
2025-12-23,ST28,SKU03559,2,1.7792877
2025-12-23,ST17,SKU03566,9,4.321443
2025-12-23,ST07,SKU03569,1,1.864384
2025-12-23,ST05,SKU03571,2,1.8231447
2025-12-23,ST14,SKU03588,1,1.8554322
2025-12-23,ST21,SKU03590,4,2.1192243
2025-12-23,ST13,SKU03601,1,1.7761883
2025-12-23,ST17,SKU03611,4,1.7258495
2025-12-23,ST10,SKU03614,1,1.8356898
2025-12-23,ST14,SKU03622,1,1.839275
2025-12-23,ST07,SKU03627,1,1.9821925
2025-12-23,ST17,SKU03632,1,1.7633567
2025-12-23,ST23,SKU03633,1,1.8695141
2025-12-23,ST25,SKU03639,2,1.869162
2025-12-23,ST30,SKU03647,1,2.135227
2025-12-23,ST23,SKU03652,2,1.7882073
2025-12-23,ST24,SKU03673,1,1.8597481
2025-12-23,ST08,SKU03680,1,1.821402
2025-12-23,ST26,SKU03681,3,1.8579335
2025-12-23,ST03,SKU03685,2,1.8471267
2025-12-23,ST09,SKU03692,2,1.782527
2025-12-23,ST05,SKU03693,1,2.0673819
2025-12-23,ST03,SKU03694,1,1.8863932
2025-12-23,ST18,SKU03712,4,1.8718076
2025-12-23,ST16,SKU03719,3,1.9408605
2025-12-23,ST04,SKU03720,2,1.7872435
2025-12-23,ST03,SKU03723,1,1.8278122
2025-12-23,ST22,SKU03724,3,1.7593974
2025-12-23,ST27,SKU03727,3,1.7966204
2025-12-23,ST30,SKU03740,2,1.7269083
2025-12-23,ST29,SKU03743,2,1.8703315
2025-12-23,ST06,SKU03755,1,1.9416374
2025-12-23,ST28,SKU03756,4,1.8855205
2025-12-23,ST05,SKU03759,1,1.8574264
2025-12-23,ST11,SKU03766,3,1.8554031
2025-12-23,ST10,SKU03776,2,1.935658
2025-12-23,ST17,SKU03793,1,1.8370751
2025-12-23,ST27,SKU03796,1,1.7763056
2025-12-23,ST11,SKU03797,1,1.8901354
2025-12-23,ST18,SKU03800,4,1.8616685
2025-12-23,ST09,SKU03823,1,1.7084489
2025-12-23,ST21,SKU03835,3,1.8199238
2025-12-23,ST06,SKU03840,2,1.8344318
2025-12-23,ST12,SKU03851,1,1.8579425
2025-12-23,ST21,SKU03854,1,2.0218942
2025-12-23,ST12,SKU03855,1,1.8812265
2025-12-23,ST08,SKU03859,4,1.804139
2025-12-23,ST30,SKU03870,1,1.8711361
2025-12-23,ST04,SKU03881,1,1.8413044
2025-12-23,ST29,SKU03887,2,1.8516897
2025-12-23,ST03,SKU03893,1,1.8546305
2025-12-23,ST04,SKU03896,3,1.9257274
2025-12-23,ST17,SKU03897,2,1.8523313
2025-12-23,ST11,SKU03900,1,1.8871129
2025-12-23,ST05,SKU03902,1,1.8550509
2025-12-23,ST15,SKU03903,1,1.8935045
2025-12-23,ST05,SKU03907,1,1.8209889
2025-12-23,ST17,SKU03919,2,1.8442531
2025-12-23,ST21,SKU03937,1,1.8797392
2025-12-23,ST18,SKU03938,3,1.7734414
2025-12-23,ST18,SKU03941,1,1.8412737
2025-12-23,ST28,SKU03943,2,1.8748413
2025-12-23,ST09,SKU03947,2,1.8444575
2025-12-23,ST01,SKU03951,3,1.8543011
2025-12-23,ST04,SKU03958,2,1.9003861
2025-12-23,ST14,SKU03970,2,1.6676618
2025-12-23,ST18,SKU03979,2,2.039547
2025-12-23,ST04,SKU03986,1,1.7956734
2025-12-23,ST12,SKU03988,3,1.8746712
2025-12-23,ST21,SKU03990,1,1.8396313
2025-12-23,ST21,SKU03999,2,1.8399358
2025-12-23,ST09,SKU04008,3,1.8396585
2025-12-23,ST21,SKU04009,1,1.8208308
2025-12-23,ST07,SKU04012,3,1.8991665
2025-12-23,ST29,SKU04016,4,1.8271097
2025-12-23,ST29,SKU04027,3,1.8876903
2025-12-23,ST17,SKU04028,1,1.8997494
2025-12-23,ST22,SKU04034,1,1.7726504
2025-12-23,ST04,SKU04035,3,1.7664999
2025-12-23,ST21,SKU04039,2,1.8689564
2025-12-23,ST07,SKU04041,5,1.874558
2025-12-23,ST28,SKU04045,2,1.9095497
2025-12-23,ST18,SKU04046,3,1.816907
2025-12-23,ST19,SKU04050,5,1.8152343
2025-12-23,ST03,SKU04071,1,1.8536555
2025-12-23,ST08,SKU04075,2,1.9150916
2025-12-23,ST21,SKU04077,3,1.9222015
2025-12-23,ST06,SKU04088,2,1.9695561
2025-12-23,ST25,SKU04091,4,1.8027892
2025-12-23,ST20,SKU04094,1,1.8846217
2025-12-23,ST01,SKU04097,2,2.0016828
2025-12-23,ST05,SKU04099,1,1.7525454
2025-12-23,ST22,SKU04102,1,1.7155482
2025-12-23,ST14,SKU04113,4,1.8789887
2025-12-23,ST20,SKU04117,1,1.8209113
2025-12-23,ST24,SKU04118,3,1.9087836
2025-12-23,ST07,SKU04125,2,1.921408
2025-12-23,ST26,SKU04126,2,1.7038715
2025-12-23,ST07,SKU04135,3,1.9115089
2025-12-23,ST15,SKU04147,1,2.0418463
2025-12-23,ST29,SKU04154,1,1.9321505
2025-12-23,ST24,SKU04157,1,1.806468
2025-12-23,ST21,SKU04160,1,1.8089796
2025-12-23,ST19,SKU04161,1,1.8975806
2025-12-23,ST07,SKU04162,5,3.7366042
2025-12-23,ST28,SKU04166,3,1.7850564
2025-12-23,ST07,SKU04191,1,1.8560648
2025-12-23,ST20,SKU04196,4,1.8758767
2025-12-23,ST15,SKU04197,1,1.8998535
2025-12-23,ST13,SKU04198,2,1.9128381
2025-12-23,ST02,SKU04199,2,1.8643473
2025-12-23,ST22,SKU04207,3,1.9056629
2025-12-23,ST29,SKU04213,2,1.8809955
2025-12-23,ST30,SKU04218,2,1.8882518
2025-12-23,ST19,SKU04219,1,1.9426708
2025-12-23,ST20,SKU04223,3,2.0302937
2025-12-23,ST17,SKU04233,1,1.851936
2025-12-23,ST18,SKU04234,1,1.8436561
2025-12-23,ST19,SKU04235,1,1.9131461
2025-12-23,ST24,SKU04240,3,1.8201358
2025-12-23,ST18,SKU04242,1,1.9169202
2025-12-23,ST16,SKU04266,1,1.9929799
2025-12-23,ST27,SKU04273,1,1.7709777
2025-12-23,ST04,SKU04277,1,1.8438416
2025-12-23,ST12,SKU04280,1,1.8736426
2025-12-23,ST21,SKU04286,3,1.7909981
2025-12-23,ST29,SKU04289,1,1.9005803
2025-12-23,ST06,SKU04303,1,1.8815678
2025-12-23,ST23,SKU04305,4,1.8235248
2025-12-23,ST14,SKU04315,1,1.8740687
2025-12-23,ST09,SKU04316,1,1.8259925
2025-12-23,ST27,SKU04318,3,1.8448571
2025-12-23,ST30,SKU04321,5,8.51365
2025-12-23,ST29,SKU04329,1,1.7955638
2025-12-23,ST11,SKU04335,2,1.8411291
2025-12-23,ST17,SKU04339,4,1.7613899
2025-12-23,ST26,SKU04341,1,1.8990221
2025-12-23,ST12,SKU04344,2,1.8691152
2025-12-23,ST18,SKU04350,1,1.895491
2025-12-23,ST06,SKU04356,1,1.9078314
2025-12-23,ST20,SKU04357,1,1.846343
2025-12-23,ST22,SKU04358,3,1.8800176
2025-12-23,ST23,SKU04362,1,1.835084
2025-12-23,ST07,SKU04366,2,1.8846298
2025-12-23,ST30,SKU04373,1,1.8595637
2025-12-23,ST22,SKU04380,1,1.9897082
2025-12-23,ST30,SKU04381,2,1.9605478
2025-12-23,ST23,SKU04408,1,1.7753369
2025-12-23,ST22,SKU04410,1,1.8559448
2025-12-23,ST14,SKU04416,1,1.8442872
2025-12-23,ST30,SKU04422,1,1.7403218
2025-12-23,ST17,SKU04430,5,1.846857
2025-12-23,ST23,SKU04432,2,1.9165063
2025-12-23,ST03,SKU04433,2,1.8171852
2025-12-23,ST29,SKU04466,2,1.8512629
2025-12-23,ST21,SKU04474,3,1.7456334
2025-12-23,ST05,SKU04484,3,1.9090229
2025-12-23,ST09,SKU04489,2,1.8383044
2025-12-23,ST04,SKU04493,1,1.801971
2025-12-23,ST11,SKU04499,1,1.8594
2025-12-23,ST30,SKU04508,1,1.795399
2025-12-23,ST10,SKU04515,1,1.8444325
2025-12-23,ST25,SKU04537,2,1.9623895
2025-12-23,ST07,SKU04538,4,1.8834826
2025-12-23,ST18,SKU04542,3,1.9803656
2025-12-23,ST12,SKU04544,1,1.8344249
2025-12-23,ST30,SKU04551,1,1.9100916
2025-12-23,ST28,SKU04570,4,1.926256
2025-12-23,ST26,SKU04571,2,1.7487829
2025-12-23,ST30,SKU04582,1,1.9168515
2025-12-23,ST14,SKU04584,1,1.8695396
2025-12-23,ST16,SKU04586,1,1.8515376
2025-12-23,ST25,SKU04587,2,1.880388
2025-12-23,ST29,SKU04596,2,2.3560452
2025-12-23,ST14,SKU04597,1,1.8767254
2025-12-23,ST04,SKU04600,3,2.0742168
2025-12-23,ST26,SKU04604,3,1.927004
2025-12-23,ST25,SKU04606,3,1.8233862
2025-12-23,ST16,SKU04609,4,1.8872094
2025-12-23,ST11,SKU04612,1,1.8178581
2025-12-23,ST11,SKU04619,1,1.8679734
2025-12-23,ST09,SKU04620,1,1.8743937
2025-12-23,ST28,SKU04621,1,1.9374069
2025-12-23,ST19,SKU04622,3,1.8454103
2025-12-23,ST28,SKU04626,1,1.8956217
2025-12-23,ST16,SKU04629,3,1.9355828
2025-12-23,ST25,SKU04630,4,1.8833969
2025-12-23,ST26,SKU04635,2,1.9200195
2025-12-23,ST22,SKU04646,1,1.9873064
2025-12-23,ST30,SKU04656,2,1.8194559
2025-12-23,ST06,SKU04668,2,1.9600583
2025-12-23,ST29,SKU04677,2,1.8531265
2025-12-23,ST28,SKU04680,4,1.8690145
2025-12-23,ST01,SKU04681,1,1.8213826
2025-12-23,ST30,SKU04686,1,1.8624855
2025-12-23,ST21,SKU04687,1,1.7571105
2025-12-23,ST11,SKU04690,2,1.7182047
2025-12-23,ST05,SKU04696,2,1.8646281
2025-12-23,ST29,SKU04697,3,1.8219434
2025-12-23,ST07,SKU04705,2,1.9325695
2025-12-23,ST06,SKU04710,1,1.9320737
2025-12-23,ST20,SKU04720,4,1.8403443
2025-12-23,ST24,SKU04723,2,1.848002
2025-12-23,ST15,SKU04732,1,1.7938133
2025-12-23,ST23,SKU04735,1,2.0069807
2025-12-23,ST25,SKU04736,4,1.8732811
2025-12-23,ST20,SKU04745,1,1.8446057
2025-12-23,ST09,SKU04775,3,1.7605855
2025-12-23,ST23,SKU04777,2,1.9269452
2025-12-23,ST08,SKU04781,2,1.8400254
2025-12-23,ST07,SKU04782,2,1.8415082
2025-12-23,ST06,SKU04785,2,1.8171859
2025-12-23,ST06,SKU04789,1,1.7683983
2025-12-23,ST01,SKU04796,1,1.9203053
2025-12-23,ST05,SKU04806,3,1.8653429
2025-12-23,ST15,SKU04808,4,1.9185767
2025-12-23,ST20,SKU04823,1,1.8251486
2025-12-23,ST11,SKU04828,1,1.8783636
2025-12-23,ST12,SKU04830,2,1.8435
2025-12-23,ST15,SKU04851,2,1.9324876
2025-12-23,ST06,SKU04868,2,1.8667506
2025-12-23,ST22,SKU04873,1,1.8888603
2025-12-23,ST17,SKU04881,1,1.8741223
2025-12-23,ST07,SKU04899,2,1.8400909
2025-12-23,ST22,SKU04913,2,1.710605
2025-12-23,ST08,SKU04917,5,1.876727
2025-12-23,ST18,SKU04924,1,1.9154761
2025-12-23,ST20,SKU04933,1,1.8788874
2025-12-23,ST17,SKU04936,1,1.8515769
2025-12-23,ST09,SKU04951,3,1.8180718
2025-12-23,ST02,SKU04982,1,1.9112762
2025-12-24,ST06,SKU00002,2,1.7616364
2025-12-24,ST03,SKU00007,1,1.8853053
2025-12-24,ST28,SKU00008,1,1.8858787
2025-12-24,ST23,SKU00010,3,1.9443301
2025-12-24,ST15,SKU00014,1,1.847428
2025-12-24,ST04,SKU00016,3,1.8198613
2025-12-24,ST16,SKU00020,4,1.8782103
2025-12-24,ST15,SKU00029,2,1.8703858
2025-12-24,ST28,SKU00031,1,1.755242
2025-12-24,ST18,SKU00036,1,1.8573842
2025-12-24,ST14,SKU00054,2,1.9356927
2025-12-24,ST18,SKU00062,2,1.7911016
2025-12-24,ST25,SKU00080,2,1.860759
2025-12-24,ST28,SKU00083,1,1.8269786
2025-12-24,ST07,SKU00097,1,1.8923496
2025-12-24,ST04,SKU00102,4,1.842782
2025-12-24,ST30,SKU00108,2,1.8275006
2025-12-24,ST24,SKU00117,1,1.9353632
2025-12-24,ST02,SKU00123,5,1.867154
2025-12-24,ST29,SKU00126,2,1.8514518
2025-12-24,ST06,SKU00134,1,1.9380239
2025-12-24,ST29,SKU00142,1,1.8296273
2025-12-24,ST16,SKU00143,1,1.7408595
2025-12-24,ST30,SKU00166,1,1.9002059
2025-12-24,ST29,SKU00169,3,3.7697966
2025-12-24,ST21,SKU00171,1,1.9156818
2025-12-24,ST21,SKU00177,2,4.1547666
2025-12-24,ST14,SKU00189,2,2.0253525
2025-12-24,ST28,SKU00190,2,1.9539967
2025-12-24,ST15,SKU00196,1,1.8830019
2025-12-24,ST27,SKU00204,2,1.8669822
2025-12-24,ST24,SKU00207,3,1.8977721
2025-12-24,ST28,SKU00209,2,1.91946
2025-12-24,ST02,SKU00227,3,1.8778449
2025-12-24,ST21,SKU00243,1,2.0043023
2025-12-24,ST15,SKU00254,3,1.882831
2025-12-24,ST10,SKU00260,3,1.7821069
2025-12-24,ST25,SKU00266,3,1.8664564
2025-12-24,ST09,SKU00272,3,1.8705872
2025-12-24,ST18,SKU00279,1,1.8233616
2025-12-24,ST03,SKU00282,1,1.9167775
2025-12-24,ST15,SKU00283,1,1.8981792
2025-12-24,ST27,SKU00285,1,1.770918
2025-12-24,ST02,SKU00286,1,1.6917744
2025-12-24,ST29,SKU00293,1,1.8619128
2025-12-24,ST25,SKU00297,3,1.846721
2025-12-24,ST11,SKU00302,2,1.8135344
2025-12-24,ST19,SKU00303,2,1.8354794
2025-12-24,ST24,SKU00310,3,1.9450387
2025-12-24,ST03,SKU00316,2,1.823902
2025-12-24,ST27,SKU00328,1,1.911775
2025-12-24,ST24,SKU00330,2,1.8999714
2025-12-24,ST22,SKU00343,2,1.7164481
2025-12-24,ST27,SKU00345,3,1.8610893
2025-12-24,ST27,SKU00363,1,1.8590776
2025-12-24,ST01,SKU00365,4,1.868894
2025-12-24,ST12,SKU00368,1,1.9915035
2025-12-24,ST08,SKU00369,1,1.8313352
2025-12-24,ST11,SKU00372,3,1.8102059
2025-12-24,ST14,SKU00375,1,1.8549488
2025-12-24,ST06,SKU00376,1,1.8808725
2025-12-24,ST10,SKU00380,1,1.8189552
2025-12-24,ST08,SKU00381,1,2.0167098
2025-12-24,ST19,SKU00403,2,1.8685672
2025-12-24,ST11,SKU00404,1,1.806903
2025-12-24,ST07,SKU00422,1,1.8384466
2025-12-24,ST27,SKU00432,1,1.8620052
2025-12-24,ST29,SKU00439,4,1.8481075
2025-12-24,ST06,SKU00442,2,1.876007
2025-12-24,ST01,SKU00445,1,1.7378603
2025-12-24,ST28,SKU00450,3,1.7662971
2025-12-24,ST16,SKU00465,4,1.8493053
2025-12-24,ST14,SKU00467,2,1.8370018
2025-12-24,ST17,SKU00469,1,2.0346112
2025-12-24,ST27,SKU00471,1,1.867505
2025-12-24,ST14,SKU00473,1,1.7369809
2025-12-24,ST06,SKU00477,1,1.9450947
2025-12-24,ST20,SKU00484,2,2.0588534
2025-12-24,ST08,SKU00486,1,1.8200153
2025-12-24,ST15,SKU00500,1,1.9056824
2025-12-24,ST16,SKU00515,2,1.9058245
2025-12-24,ST15,SKU00531,2,1.9977227
2025-12-24,ST09,SKU00533,2,1.8477746
2025-12-24,ST12,SKU00539,1,1.8091015
2025-12-24,ST20,SKU00558,5,1.8968241
2025-12-24,ST14,SKU00566,1,1.9214748
2025-12-24,ST30,SKU00577,1,1.938023
2025-12-24,ST01,SKU00581,2,1.8662597
2025-12-24,ST12,SKU00583,4,1.9453723
2025-12-24,ST05,SKU00590,1,1.9035172
2025-12-24,ST30,SKU00591,2,1.8850863
2025-12-24,ST30,SKU00595,3,1.9249743
2025-12-24,ST28,SKU00597,1,1.8571343
2025-12-24,ST04,SKU00598,1,1.8470378
2025-12-24,ST26,SKU00604,2,1.8761516
2025-12-24,ST09,SKU00621,1,1.825789
2025-12-24,ST28,SKU00622,1,1.7534945
2025-12-24,ST03,SKU00628,2,2.0092485
2025-12-24,ST14,SKU00634,1,1.8924773
2025-12-24,ST24,SKU00635,3,1.8270446
2025-12-24,ST30,SKU00672,1,1.7804927
2025-12-24,ST13,SKU00685,2,1.8711168
2025-12-24,ST14,SKU00686,3,2.0047414
2025-12-24,ST03,SKU00687,2,1.9455274
2025-12-24,ST28,SKU00692,1,1.7127442
2025-12-24,ST30,SKU00694,1,1.909073
2025-12-24,ST30,SKU00696,1,1.7950727
2025-12-24,ST03,SKU00711,1,1.8801479
2025-12-24,ST27,SKU00716,2,1.8461034
2025-12-24,ST22,SKU00731,1,1.8523629
2025-12-24,ST21,SKU00737,1,1.9210327
2025-12-24,ST27,SKU00738,2,1.8097788
2025-12-24,ST06,SKU00773,2,1.7507185
2025-12-24,ST07,SKU00775,1,1.8421865
2025-12-24,ST12,SKU00778,2,1.854198
2025-12-24,ST09,SKU00787,3,1.8575208
2025-12-24,ST17,SKU00790,1,1.904088
2025-12-24,ST16,SKU00791,1,1.8843964
2025-12-24,ST07,SKU00793,1,1.906288
2025-12-24,ST18,SKU00798,3,1.8879141
2025-12-24,ST21,SKU00809,1,1.9145533
2025-12-24,ST12,SKU00827,1,1.8516195
2025-12-24,ST30,SKU00830,2,1.9635048
2025-12-24,ST27,SKU00832,1,1.9387302
2025-12-24,ST26,SKU00835,2,1.7835491
2025-12-24,ST30,SKU00839,1,1.798849
2025-12-24,ST10,SKU00845,4,1.966197
2025-12-24,ST29,SKU00846,4,2.0407166
2025-12-24,ST29,SKU00861,3,1.8849844
2025-12-24,ST18,SKU00863,1,1.8634784
2025-12-24,ST10,SKU00872,1,1.8709384
2025-12-24,ST30,SKU00876,2,1.9007691
2025-12-24,ST23,SKU00877,3,1.882207
2025-12-24,ST07,SKU00891,4,1.8946841
2025-12-24,ST02,SKU00893,1,1.8167961
2025-12-24,ST27,SKU00898,1,1.847155
2025-12-24,ST17,SKU00901,2,1.7621126
2025-12-24,ST15,SKU00920,1,1.7949404
2025-12-24,ST29,SKU00921,1,1.699564
2025-12-24,ST21,SKU00929,2,1.9457011
2025-12-24,ST14,SKU00935,2,1.8338846
2025-12-24,ST12,SKU00937,1,1.8918221
2025-12-24,ST30,SKU00942,3,4.004524
2025-12-24,ST06,SKU00944,2,1.8000165
2025-12-24,ST27,SKU00945,2,1.8858954
2025-12-24,ST30,SKU00952,4,2.0094597
2025-12-24,ST13,SKU00953,1,1.9089898
2025-12-24,ST04,SKU00962,1,1.8337235
2025-12-24,ST18,SKU00963,2,1.903998
2025-12-24,ST04,SKU00966,1,1.8567919
2025-12-24,ST26,SKU00970,2,1.8915471
2025-12-24,ST26,SKU00982,2,1.8839607
2025-12-24,ST19,SKU00993,1,1.9033602
2025-12-24,ST29,SKU00995,2,1.8909749
2025-12-24,ST27,SKU01009,4,1.7648923
2025-12-24,ST14,SKU01014,1,1.9128718
2025-12-24,ST07,SKU01021,2,1.8997155
2025-12-24,ST24,SKU01024,1,1.8396288
2025-12-24,ST22,SKU01030,2,1.954185
2025-12-24,ST20,SKU01037,3,1.8968736
2025-12-24,ST11,SKU01043,3,1.8398765
2025-12-24,ST05,SKU01045,6,3.6055713
2025-12-24,ST27,SKU01048,4,1.8059353
2025-12-24,ST29,SKU01066,1,1.8158096
2025-12-24,ST20,SKU01067,1,1.9050912
2025-12-24,ST04,SKU01083,1,1.9265811
2025-12-24,ST14,SKU01085,4,1.944136
2025-12-24,ST18,SKU01088,2,1.96128
2025-12-24,ST19,SKU01094,2,1.8917955
2025-12-24,ST20,SKU01099,2,1.817008
2025-12-24,ST26,SKU01101,1,1.7508706
2025-12-24,ST18,SKU01107,1,1.6439058
2025-12-24,ST29,SKU01112,2,1.7586079
2025-12-24,ST02,SKU01127,2,1.8214535
2025-12-24,ST18,SKU01135,3,1.9338202
2025-12-24,ST27,SKU01138,1,1.8286332
2025-12-24,ST30,SKU01140,4,1.9103173
2025-12-24,ST03,SKU01150,1,1.8693084
2025-12-24,ST06,SKU01153,1,1.8535081
2025-12-24,ST23,SKU01164,1,1.8270823
2025-12-24,ST21,SKU01167,1,2.0457113
2025-12-24,ST28,SKU01168,1,1.8354658
2025-12-24,ST25,SKU01170,2,1.7521337
2025-12-24,ST06,SKU01171,2,1.8813455
2025-12-24,ST30,SKU01176,5,1.852674
2025-12-24,ST26,SKU01189,1,1.9166497
2025-12-24,ST26,SKU01193,1,1.842346
2025-12-24,ST09,SKU01213,1,1.8642253
2025-12-24,ST12,SKU01214,1,1.8091168
2025-12-24,ST17,SKU01217,1,1.8734967
2025-12-24,ST05,SKU01230,1,1.8874489
2025-12-24,ST28,SKU01237,1,1.880076
2025-12-24,ST03,SKU01243,1,1.9220164
2025-12-24,ST04,SKU01245,1,1.7627357
2025-12-24,ST30,SKU01253,3,2.1215653
2025-12-24,ST27,SKU01255,2,1.8106982
2025-12-24,ST14,SKU01267,2,2.0157332
2025-12-24,ST22,SKU01274,1,1.9763111
2025-12-24,ST16,SKU01276,2,1.9382313
2025-12-24,ST28,SKU01277,2,1.7864398
2025-12-24,ST25,SKU01281,1,1.7528703
2025-12-24,ST15,SKU01284,1,1.9266564
2025-12-24,ST18,SKU01291,1,1.8587842
2025-12-24,ST05,SKU01292,3,1.94613
2025-12-24,ST08,SKU01304,1,1.8938134
2025-12-24,ST24,SKU01307,1,1.8704445
2025-12-24,ST30,SKU01317,2,1.7580187
2025-12-24,ST26,SKU01366,2,1.8871789
2025-12-24,ST18,SKU01389,2,1.9225322
2025-12-24,ST05,SKU01395,1,1.9057888
2025-12-24,ST27,SKU01396,2,1.5684892
2025-12-24,ST02,SKU01398,2,1.8611906
2025-12-24,ST09,SKU01402,4,1.8481005
2025-12-24,ST26,SKU01411,3,1.8686827
2025-12-24,ST25,SKU01420,1,1.8393484
2025-12-24,ST21,SKU01431,2,1.785059
2025-12-24,ST18,SKU01435,1,1.9472622
2025-12-24,ST23,SKU01443,1,1.900915
2025-12-24,ST17,SKU01446,3,1.9014157
2025-12-24,ST09,SKU01457,1,1.9539133
2025-12-24,ST28,SKU01463,2,2.0072513
2025-12-24,ST11,SKU01481,4,1.8291448
2025-12-24,ST08,SKU01488,1,1.8569599
2025-12-24,ST16,SKU01491,2,1.6253474
2025-12-24,ST07,SKU01493,1,1.8366054
2025-12-24,ST28,SKU01496,1,1.9059587
2025-12-24,ST01,SKU01498,1,1.8526958
2025-12-24,ST15,SKU01507,2,1.8644514
2025-12-24,ST07,SKU01519,2,1.83148
2025-12-24,ST12,SKU01526,1,1.8739458
2025-12-24,ST21,SKU01547,1,1.9436293
2025-12-24,ST11,SKU01563,3,1.8221343
2025-12-24,ST26,SKU01564,1,1.8233427
2025-12-24,ST05,SKU01568,3,1.7607225
2025-12-24,ST29,SKU01571,1,1.8533247
2025-12-24,ST28,SKU01576,2,1.8294301
2025-12-24,ST21,SKU01600,2,2.0317974
2025-12-24,ST06,SKU01608,2,3.8732462
2025-12-24,ST26,SKU01609,1,1.8531569
2025-12-24,ST20,SKU01615,1,1.7848605
2025-12-24,ST23,SKU01619,5,1.8340786
2025-12-24,ST08,SKU01627,1,1.8641477
2025-12-24,ST17,SKU01637,1,1.9495045
2025-12-24,ST28,SKU01639,1,1.8776485
2025-12-24,ST18,SKU01644,3,1.780961
2025-12-24,ST22,SKU01646,1,1.8041112
2025-12-24,ST03,SKU01649,5,1.779174
2025-12-24,ST17,SKU01653,2,1.8504828
2025-12-24,ST29,SKU01657,3,1.9001999
2025-12-24,ST28,SKU01662,1,1.8629744
2025-12-24,ST03,SKU01664,2,1.9445539
2025-12-24,ST28,SKU01666,2,1.8645335
2025-12-24,ST21,SKU01679,3,1.9375949
2025-12-24,ST14,SKU01682,2,1.8709235
2025-12-24,ST29,SKU01685,3,1.9187695
2025-12-24,ST07,SKU01714,1,1.7699597
2025-12-24,ST20,SKU01715,3,1.7964662
2025-12-24,ST22,SKU01728,1,1.8191857
2025-12-24,ST18,SKU01730,3,1.8645416
2025-12-24,ST21,SKU01731,1,1.8105434
2025-12-24,ST09,SKU01735,2,1.9328798
2025-12-24,ST21,SKU01741,1,1.8224252
2025-12-24,ST24,SKU01749,1,1.922671
2025-12-24,ST26,SKU01751,1,1.7960027
2025-12-24,ST17,SKU01767,2,1.8503861
2025-12-24,ST02,SKU01775,1,1.9046816
2025-12-24,ST08,SKU01784,4,1.8799709
2025-12-24,ST10,SKU01802,4,1.8279285
2025-12-24,ST21,SKU01809,3,1.8999033
2025-12-24,ST22,SKU01816,3,1.9821945
2025-12-24,ST05,SKU01829,2,1.8733846
2025-12-24,ST09,SKU01836,3,1.8304621
2025-12-24,ST06,SKU01845,1,1.8959714
2025-12-24,ST08,SKU01853,1,1.895912
2025-12-24,ST03,SKU01854,1,1.9790702
2025-12-24,ST29,SKU01856,1,1.8762774
2025-12-24,ST21,SKU01866,1,1.8750479
2025-12-24,ST15,SKU01871,2,2.0367253
2025-12-24,ST21,SKU01886,1,1.8739384
2025-12-24,ST02,SKU01887,3,1.8633143
2025-12-24,ST27,SKU01890,1,2.019436
2025-12-24,ST04,SKU01909,1,1.7854091
2025-12-24,ST19,SKU01910,1,1.8427339
2025-12-24,ST05,SKU01914,2,1.8458813
2025-12-24,ST15,SKU01916,2,1.8714473
2025-12-24,ST06,SKU01918,1,1.8790611
2025-12-24,ST14,SKU01920,1,1.8667313
2025-12-24,ST10,SKU01921,1,1.8193389
2025-12-24,ST28,SKU01924,1,1.9084724
2025-12-24,ST27,SKU01932,2,1.8877734
2025-12-24,ST04,SKU01945,2,1.8477292
2025-12-24,ST07,SKU01950,1,1.8577281
2025-12-24,ST10,SKU01970,4,1.7300061
2025-12-24,ST28,SKU01972,1,1.8567446
2025-12-24,ST14,SKU01973,2,1.8407419
2025-12-24,ST21,SKU01982,1,1.8848027
2025-12-24,ST21,SKU01993,3,1.8068641
2025-12-24,ST29,SKU02002,1,1.8742279
2025-12-24,ST15,SKU02003,3,1.8170931
2025-12-24,ST28,SKU02015,2,1.8643376
2025-12-24,ST07,SKU02020,2,1.8559872
2025-12-24,ST30,SKU02024,1,1.7170491
2025-12-24,ST06,SKU02027,1,1.946947
2025-12-24,ST28,SKU02029,1,1.8585254
2025-12-24,ST14,SKU02036,1,1.8119117
2025-12-24,ST22,SKU02046,1,1.8418378
2025-12-24,ST04,SKU02050,1,1.8184699
2025-12-24,ST14,SKU02060,2,1.9606556
2025-12-24,ST21,SKU02067,2,1.8461708
2025-12-24,ST14,SKU02068,1,1.8157029
2025-12-24,ST29,SKU02079,1,1.8883634
2025-12-24,ST11,SKU02084,2,1.8496227
2025-12-24,ST29,SKU02086,4,1.8020195
2025-12-24,ST04,SKU02087,1,1.9532839
2025-12-24,ST13,SKU02088,4,1.7982428
2025-12-24,ST27,SKU02092,4,1.9218391
2025-12-24,ST27,SKU02097,1,1.8573928
2025-12-24,ST18,SKU02098,4,1.8930839
2025-12-24,ST30,SKU02103,3,1.8190762
2025-12-24,ST21,SKU02106,2,1.8501807
2025-12-24,ST24,SKU02107,2,1.786892
2025-12-24,ST14,SKU02132,3,1.9496621
2025-12-24,ST28,SKU02141,2,2.1724155
2025-12-24,ST28,SKU02151,1,1.8569175
2025-12-24,ST03,SKU02163,1,1.7648004
2025-12-24,ST04,SKU02166,1,1.8918906
2025-12-24,ST26,SKU02204,1,1.9371697
2025-12-24,ST30,SKU02209,2,1.8117567
2025-12-24,ST28,SKU02251,4,1.832438
2025-12-24,ST23,SKU02255,1,1.8334793
2025-12-24,ST08,SKU02259,3,1.8536476
2025-12-24,ST06,SKU02262,3,1.8976499
2025-12-24,ST12,SKU02265,1,1.8310571
2025-12-24,ST12,SKU02268,4,1.8279527
2025-12-24,ST25,SKU02280,2,1.8251197
2025-12-24,ST15,SKU02285,1,1.9059674
2025-12-24,ST06,SKU02286,1,1.8702859
2025-12-24,ST05,SKU02292,1,1.842443
2025-12-24,ST11,SKU02297,3,1.902839
2025-12-24,ST27,SKU02298,3,1.8122132
2025-12-24,ST02,SKU02333,2,1.9759941
2025-12-24,ST28,SKU02337,2,1.8815695
2025-12-24,ST30,SKU02338,2,1.8864847
2025-12-24,ST09,SKU02339,2,1.8648032
2025-12-24,ST02,SKU02340,1,1.881037
2025-12-24,ST14,SKU02353,2,1.8452096
2025-12-24,ST18,SKU02355,1,1.8297001
2025-12-24,ST16,SKU02359,2,1.8339224
2025-12-24,ST22,SKU02362,4,1.832094
2025-12-24,ST30,SKU02368,3,1.8468754
2025-12-24,ST13,SKU02381,3,1.8296005
2025-12-24,ST01,SKU02382,1,1.89508
2025-12-24,ST13,SKU02383,1,1.8758152
2025-12-24,ST17,SKU02401,1,1.8205602
2025-12-24,ST12,SKU02402,1,1.8438913
2025-12-24,ST24,SKU02404,1,1.8388356
2025-12-24,ST25,SKU02412,2,1.7556255
2025-12-24,ST07,SKU02422,3,1.9941928
2025-12-24,ST30,SKU02426,1,1.8456551
2025-12-24,ST03,SKU02431,1,2.0199938
2025-12-24,ST22,SKU02442,3,1.8666748
2025-12-24,ST19,SKU02449,1,1.9259995
2025-12-24,ST21,SKU02460,3,1.8599327
2025-12-24,ST14,SKU02462,2,1.8932085
2025-12-24,ST11,SKU02464,1,1.8157154
2025-12-24,ST18,SKU02465,2,1.8366851
2025-12-24,ST06,SKU02470,4,1.8105317
2025-12-24,ST11,SKU02476,1,1.7032428
2025-12-24,ST22,SKU02478,1,1.9199038
2025-12-24,ST28,SKU02482,3,1.8419023
2025-12-24,ST01,SKU02483,1,1.9413694
2025-12-24,ST18,SKU02484,1,1.7221514
2025-12-24,ST03,SKU02485,3,1.8071387
2025-12-24,ST30,SKU02488,1,1.6905264
2025-12-24,ST11,SKU02503,1,1.8073134
2025-12-24,ST09,SKU02510,1,1.8323162
2025-12-24,ST14,SKU02511,3,1.869295
2025-12-24,ST12,SKU02513,3,1.8421916
2025-12-24,ST08,SKU02521,1,1.9559468
2025-12-24,ST25,SKU02526,1,1.7880491
2025-12-24,ST30,SKU02531,1,2.1467457
2025-12-24,ST26,SKU02536,1,1.8552625
2025-12-24,ST26,SKU02538,2,1.955171
2025-12-24,ST09,SKU02544,3,1.8627228
2025-12-24,ST07,SKU02554,1,1.8694185
2025-12-24,ST24,SKU02577,1,2.005027
2025-12-24,ST27,SKU02583,1,1.893011
2025-12-24,ST27,SKU02584,1,1.8057035
2025-12-24,ST27,SKU02591,1,1.9116658
2025-12-24,ST01,SKU02592,2,1.8401872
2025-12-24,ST11,SKU02596,1,1.8547263
2025-12-24,ST04,SKU02609,1,1.8103372
2025-12-24,ST29,SKU02619,1,1.7956433
2025-12-24,ST04,SKU02623,3,1.884074
2025-12-24,ST10,SKU02624,2,1.9136107
2025-12-24,ST20,SKU02638,2,1.9484653
2025-12-24,ST11,SKU02640,1,1.7970918
2025-12-24,ST03,SKU02641,2,1.868445
2025-12-24,ST18,SKU02642,1,1.8612908
2025-12-24,ST11,SKU02645,1,1.7233809
2025-12-24,ST12,SKU02647,2,1.7543528
2025-12-24,ST26,SKU02648,1,1.8698603
2025-12-24,ST14,SKU02649,1,1.9468294
2025-12-24,ST28,SKU02650,2,1.8777479
2025-12-24,ST27,SKU02657,1,1.8890895
2025-12-24,ST10,SKU02660,2,1.8104327
2025-12-24,ST09,SKU02662,2,1.7066861
2025-12-24,ST22,SKU02663,1,1.7807872
2025-12-24,ST17,SKU02668,2,1.8702409
2025-12-24,ST04,SKU02685,1,1.8421189
2025-12-24,ST29,SKU02692,5,1.7043189
2025-12-24,ST18,SKU02699,1,1.9688439
2025-12-24,ST15,SKU02701,1,1.7734334
2025-12-24,ST24,SKU02712,3,1.8869958
2025-12-24,ST05,SKU02720,1,1.75989
2025-12-24,ST20,SKU02723,2,1.940677
2025-12-24,ST15,SKU02725,3,1.8900096
2025-12-24,ST27,SKU02730,1,1.8291851
2025-12-24,ST05,SKU02737,1,1.892651
2025-12-24,ST17,SKU02738,2,1.8638445
2025-12-24,ST21,SKU02740,1,1.9010048
2025-12-24,ST07,SKU02747,2,1.7998359
2025-12-24,ST26,SKU02748,1,1.8108209
2025-12-24,ST11,SKU02760,1,1.8729445
2025-12-24,ST03,SKU02762,1,1.8658148
2025-12-24,ST13,SKU02765,1,1.9243119
2025-12-24,ST27,SKU02773,2,1.7806797
2025-12-24,ST07,SKU02786,2,1.875761
2025-12-24,ST30,SKU02788,1,1.8764958
2025-12-24,ST02,SKU02790,4,1.9654969
2025-12-24,ST07,SKU02792,2,1.8179857
2025-12-24,ST06,SKU02797,3,1.8438096
2025-12-24,ST15,SKU02804,1,1.8881091
2025-12-24,ST30,SKU02806,3,1.8405812
2025-12-24,ST05,SKU02814,2,1.9012333
2025-12-24,ST29,SKU02823,3,1.89511
2025-12-24,ST15,SKU02826,1,1.9274781
2025-12-24,ST06,SKU02832,4,1.9401631
2025-12-24,ST28,SKU02835,3,1.8371207
2025-12-24,ST25,SKU02837,3,1.667166
2025-12-24,ST17,SKU02844,1,1.8456383
2025-12-24,ST25,SKU02858,3,1.8459654
2025-12-24,ST13,SKU02863,1,1.9569343
2025-12-24,ST18,SKU02870,1,1.7969426
2025-12-24,ST18,SKU02885,3,1.8497921
2025-12-24,ST07,SKU02889,1,1.9048516
2025-12-24,ST07,SKU02892,7,3.7771986
2025-12-24,ST16,SKU02895,1,1.8106259
2025-12-24,ST13,SKU02898,2,1.7613622
2025-12-24,ST25,SKU02899,4,1.8553306
2025-12-24,ST07,SKU02903,2,1.9280689
2025-12-24,ST10,SKU02920,1,1.8926343
2025-12-24,ST28,SKU02930,2,1.9159362
2025-12-24,ST22,SKU02946,1,1.8352681
2025-12-24,ST29,SKU02947,1,1.857311
2025-12-24,ST05,SKU02954,3,1.8749197
2025-12-24,ST22,SKU02955,4,1.8510593
2025-12-24,ST16,SKU02959,1,1.8393426
2025-12-24,ST26,SKU02973,2,1.8394107
2025-12-24,ST13,SKU02983,4,1.8518908
2025-12-24,ST14,SKU02988,1,1.8387637
2025-12-24,ST03,SKU02989,5,1.8756253
2025-12-24,ST21,SKU02992,3,1.8710109
2025-12-24,ST18,SKU03002,3,1.7465701
2025-12-24,ST30,SKU03003,2,1.868207
2025-12-24,ST25,SKU03018,2,1.8675498
2025-12-24,ST13,SKU03024,1,1.8020387
2025-12-24,ST18,SKU03029,1,1.8871791
2025-12-24,ST21,SKU03049,1,1.7779578
2025-12-24,ST21,SKU03050,1,1.8441824
2025-12-24,ST20,SKU03053,2,1.86902
2025-12-24,ST19,SKU03057,3,1.8883078
2025-12-24,ST25,SKU03074,2,1.8529938
2025-12-24,ST16,SKU03077,3,1.9106989
2025-12-24,ST17,SKU03094,1,1.8650075
2025-12-24,ST25,SKU03106,2,1.8912681
2025-12-24,ST21,SKU03110,1,1.7978314
2025-12-24,ST05,SKU03112,1,1.8407425
2025-12-24,ST14,SKU03122,1,1.8416522
2025-12-24,ST08,SKU03130,2,1.8271343
2025-12-24,ST07,SKU03134,3,1.8207357
2025-12-24,ST01,SKU03135,3,1.8751675
2025-12-24,ST04,SKU03144,4,3.942552
2025-12-24,ST20,SKU03145,1,1.9692211
2025-12-24,ST13,SKU03154,1,1.8983613
2025-12-24,ST19,SKU03160,2,1.8733208
2025-12-24,ST20,SKU03165,1,1.8047606
2025-12-24,ST07,SKU03169,2,1.8607101
2025-12-24,ST01,SKU03171,1,1.9541216
2025-12-24,ST09,SKU03176,2,1.9273357
2025-12-24,ST14,SKU03177,1,1.8926511
2025-12-24,ST14,SKU03178,1,1.9149666
2025-12-24,ST25,SKU03180,3,1.8409612
2025-12-24,ST20,SKU03188,2,1.8406458
2025-12-24,ST08,SKU03196,3,1.82917
2025-12-24,ST28,SKU03197,2,1.8679962
2025-12-24,ST06,SKU03198,1,1.8029006
2025-12-24,ST20,SKU03199,2,1.7164977
2025-12-24,ST17,SKU03200,1,1.9236504
2025-12-24,ST08,SKU03213,2,1.9227469
2025-12-24,ST27,SKU03214,3,1.8963959
2025-12-24,ST22,SKU03227,1,1.7903098
2025-12-24,ST27,SKU03241,1,1.8906184
2025-12-24,ST13,SKU03247,1,2.0361156
2025-12-24,ST29,SKU03255,3,1.8922361
2025-12-24,ST27,SKU03271,1,1.8019173
2025-12-24,ST08,SKU03274,2,1.9022782
2025-12-24,ST29,SKU03285,2,1.8764743
2025-12-24,ST20,SKU03292,2,1.8521398
2025-12-24,ST19,SKU03295,2,1.6975405
2025-12-24,ST12,SKU03312,1,1.9358178
2025-12-24,ST18,SKU03314,1,1.885465
2025-12-24,ST30,SKU03322,3,1.977236
2025-12-24,ST17,SKU03340,4,1.9710265
2025-12-24,ST11,SKU03342,1,1.9258072
2025-12-24,ST16,SKU03355,3,1.8198749
2025-12-24,ST06,SKU03370,1,1.9078147
2025-12-24,ST27,SKU03373,4,1.8410282
2025-12-24,ST17,SKU03385,1,1.9312855
2025-12-24,ST09,SKU03420,1,1.8788209
2025-12-24,ST10,SKU03423,5,1.9563543
2025-12-24,ST13,SKU03447,4,1.8600456
2025-12-24,ST28,SKU03453,1,1.880352
2025-12-24,ST07,SKU03455,4,1.8217732
2025-12-24,ST17,SKU03471,1,1.823259
2025-12-24,ST23,SKU03476,1,1.8573099
2025-12-24,ST29,SKU03486,3,1.8851821
2025-12-24,ST10,SKU03488,1,1.8818414
2025-12-24,ST30,SKU03506,3,1.8884702
2025-12-24,ST14,SKU03512,1,2.0276415
2025-12-24,ST08,SKU03513,2,1.886971
2025-12-24,ST16,SKU03522,4,1.860466
2025-12-24,ST18,SKU03528,2,1.8821458
2025-12-24,ST21,SKU03535,1,1.8391932
2025-12-24,ST14,SKU03537,2,1.742796
2025-12-24,ST27,SKU03546,1,2.0337248
2025-12-24,ST04,SKU03563,2,1.8087846
2025-12-24,ST03,SKU03564,2,1.7703753
2025-12-24,ST20,SKU03572,2,1.9036447
2025-12-24,ST28,SKU03575,5,1.8818673
2025-12-24,ST27,SKU03578,1,1.9171679
2025-12-24,ST21,SKU03587,1,1.8466547
2025-12-24,ST30,SKU03597,2,1.8340961
2025-12-24,ST28,SKU03608,3,1.8093598
2025-12-24,ST08,SKU03609,1,1.9227958
2025-12-24,ST03,SKU03610,1,1.8409861
2025-12-24,ST06,SKU03613,1,1.9086173
2025-12-24,ST09,SKU03616,1,1.9961497
2025-12-24,ST11,SKU03620,1,1.9003937
2025-12-24,ST07,SKU03639,2,1.8260232
2025-12-24,ST20,SKU03649,2,1.9114573
2025-12-24,ST11,SKU03663,1,1.8776429
2025-12-24,ST06,SKU03668,3,1.8817064
2025-12-24,ST30,SKU03669,1,1.8899564
2025-12-24,ST23,SKU03674,1,1.8598883
2025-12-24,ST04,SKU03688,1,1.9430999
2025-12-24,ST06,SKU03691,1,1.7976923
2025-12-24,ST14,SKU03695,2,1.9167618
2025-12-24,ST30,SKU03702,1,1.8951466
2025-12-24,ST18,SKU03705,5,1.8577766
2025-12-24,ST14,SKU03708,1,1.8398172
2025-12-24,ST27,SKU03710,1,1.9025121
2025-12-24,ST20,SKU03716,4,1.896757
2025-12-24,ST26,SKU03717,2,1.948163
2025-12-24,ST28,SKU03726,1,1.981312
2025-12-24,ST22,SKU03727,4,3.4850757
2025-12-24,ST21,SKU03730,1,1.8646184
2025-12-24,ST17,SKU03734,4,1.8607502
2025-12-24,ST16,SKU03739,1,1.8109119
2025-12-24,ST07,SKU03751,1,1.8858162
2025-12-24,ST03,SKU03756,1,1.8782613
2025-12-24,ST01,SKU03763,1,1.8760169
2025-12-24,ST12,SKU03765,4,1.9040562
2025-12-24,ST09,SKU03767,1,1.8272104
2025-12-24,ST08,SKU03806,1,1.8468356
2025-12-24,ST05,SKU03808,2,1.8541836
2025-12-24,ST15,SKU03820,2,2.1235533
2025-12-24,ST30,SKU03826,1,2.1292543
2025-12-24,ST26,SKU03840,1,1.7379721
2025-12-24,ST30,SKU03847,1,1.7871187
2025-12-24,ST06,SKU03849,1,1.9964364
2025-12-24,ST12,SKU03850,1,1.8681862
2025-12-24,ST19,SKU03851,1,1.8643541
2025-12-24,ST28,SKU03857,1,1.8749313
2025-12-24,ST22,SKU03861,1,1.7756178
2025-12-24,ST27,SKU03867,2,1.6916645
2025-12-24,ST29,SKU03882,3,1.8245524
2025-12-24,ST23,SKU03888,2,1.8220123
2025-12-24,ST14,SKU03891,2,1.9419227
2025-12-24,ST24,SKU03893,1,1.8800529
2025-12-24,ST10,SKU03902,2,1.8612261
2025-12-24,ST28,SKU03912,4,1.6219927
2025-12-24,ST29,SKU03920,5,1.8097368
2025-12-24,ST30,SKU03922,1,1.8525941
2025-12-24,ST07,SKU03929,3,1.8658663
2025-12-24,ST15,SKU03947,5,1.855355
2025-12-24,ST27,SKU03952,1,1.8533607
2025-12-24,ST07,SKU03954,1,1.9622043
2025-12-24,ST19,SKU03979,1,1.9790701
2025-12-24,ST02,SKU03983,1,1.959022
2025-12-24,ST29,SKU03991,2,1.7638135
2025-12-24,ST20,SKU04020,2,1.9757628
2025-12-24,ST21,SKU04027,1,1.8590907
2025-12-24,ST27,SKU04032,2,1.7730094
2025-12-24,ST02,SKU04035,1,1.8384022
2025-12-24,ST06,SKU04039,2,1.8194177
2025-12-24,ST17,SKU04041,3,1.85883
2025-12-24,ST09,SKU04043,1,1.6757289
2025-12-24,ST21,SKU04046,2,1.7422191
2025-12-24,ST08,SKU04060,2,1.9384285
2025-12-24,ST13,SKU04078,2,1.794351
2025-12-24,ST09,SKU04080,2,1.877206
2025-12-24,ST21,SKU04084,1,1.8133934
2025-12-24,ST22,SKU04091,1,1.8510746
2025-12-24,ST05,SKU04095,2,1.8820912
2025-12-24,ST21,SKU04105,2,1.9246215
2025-12-24,ST26,SKU04108,2,1.872466
2025-12-24,ST12,SKU04109,2,1.8882221
2025-12-24,ST09,SKU04114,1,1.916327
2025-12-24,ST07,SKU04126,3,3.5863128
2025-12-24,ST08,SKU04128,1,1.8733337
2025-12-24,ST13,SKU04140,1,1.746148
2025-12-24,ST25,SKU04145,5,1.8217173
2025-12-24,ST27,SKU04154,1,1.9245332
2025-12-24,ST27,SKU04157,3,1.6663127
2025-12-24,ST12,SKU04158,2,1.8563145
2025-12-24,ST01,SKU04159,1,1.9066916
2025-12-24,ST24,SKU04162,4,1.9087225
2025-12-24,ST21,SKU04166,1,1.8161669
2025-12-24,ST10,SKU04182,1,1.8967521
2025-12-24,ST27,SKU04186,5,1.8163253
2025-12-24,ST29,SKU04191,1,1.868444
2025-12-24,ST18,SKU04198,3,1.8197726
2025-12-24,ST28,SKU04209,2,1.8909082
2025-12-24,ST06,SKU04220,1,1.8695811
2025-12-24,ST28,SKU04222,1,1.6969414
2025-12-24,ST24,SKU04243,2,1.8562945
2025-12-24,ST22,SKU04245,1,1.817985
2025-12-24,ST18,SKU04247,2,1.9630724
2025-12-24,ST03,SKU04253,5,1.8906733
2025-12-24,ST30,SKU04254,1,1.8494906
2025-12-24,ST30,SKU04267,2,1.822372
2025-12-24,ST05,SKU04287,2,1.8617339
2025-12-24,ST02,SKU04289,3,1.8567795
2025-12-24,ST27,SKU04296,1,1.8517685
2025-12-24,ST19,SKU04298,1,1.8001118
2025-12-24,ST17,SKU04302,1,1.8471855
2025-12-24,ST23,SKU04309,3,1.8859581
2025-12-24,ST07,SKU04316,2,1.8777919
2025-12-24,ST12,SKU04318,1,1.86681
2025-12-24,ST30,SKU04321,3,4.5375123
2025-12-24,ST16,SKU04324,1,1.7482933
2025-12-24,ST29,SKU04329,6,3.659002
2025-12-24,ST13,SKU04344,1,1.8365742
2025-12-24,ST02,SKU04346,1,1.921846
2025-12-24,ST17,SKU04348,1,1.9695237
2025-12-24,ST22,SKU04350,5,3.7498922
2025-12-24,ST23,SKU04358,2,1.9388596
2025-12-24,ST20,SKU04359,2,1.8613605
2025-12-24,ST03,SKU04373,1,1.8179948
2025-12-24,ST05,SKU04376,1,1.846517
2025-12-24,ST29,SKU04381,1,1.8274326
2025-12-24,ST14,SKU04382,3,1.8453182
2025-12-24,ST20,SKU04390,2,1.8706741
2025-12-24,ST18,SKU04404,2,1.9291847
2025-12-24,ST20,SKU04408,1,2.0232866
2025-12-24,ST29,SKU04411,1,1.9035897
2025-12-24,ST24,SKU04415,1,1.8523269
2025-12-24,ST13,SKU04417,1,1.8503103
2025-12-24,ST28,SKU04419,5,4.265226
2025-12-24,ST24,SKU04430,3,1.815242
2025-12-24,ST10,SKU04446,1,1.8506169
2025-12-24,ST29,SKU04450,1,1.8748324
2025-12-24,ST23,SKU04459,1,1.8680059
2025-12-24,ST14,SKU04462,1,1.8679241
2025-12-24,ST09,SKU04468,1,1.6514158
2025-12-24,ST06,SKU04474,1,1.8884574
2025-12-24,ST03,SKU04501,4,1.8294834
2025-12-24,ST10,SKU04502,1,1.919936
2025-12-24,ST01,SKU04506,1,1.8896273
2025-12-24,ST28,SKU04508,1,1.841871
2025-12-24,ST07,SKU04515,3,1.8369424
2025-12-24,ST20,SKU04537,1,1.9056157
2025-12-24,ST19,SKU04540,3,1.8722268
2025-12-24,ST12,SKU04548,1,1.7685274
2025-12-24,ST20,SKU04551,2,1.8717473
2025-12-24,ST09,SKU04555,3,1.9270647
2025-12-24,ST24,SKU04560,3,1.9640946
2025-12-24,ST09,SKU04564,1,1.8243849
2025-12-24,ST12,SKU04565,1,1.8861125
2025-12-24,ST21,SKU04568,1,1.7688468
2025-12-24,ST30,SKU04571,3,1.7507515
2025-12-24,ST24,SKU04578,2,1.777701
2025-12-24,ST01,SKU04579,1,1.8351318
2025-12-24,ST22,SKU04580,1,1.681715
2025-12-24,ST08,SKU04586,5,1.8719923
2025-12-24,ST27,SKU04596,1,2.5575936
2025-12-24,ST07,SKU04602,1,1.8328686
2025-12-24,ST11,SKU04604,1,1.8455371
2025-12-24,ST01,SKU04605,2,1.6942993
2025-12-24,ST11,SKU04608,1,1.7942024
2025-12-24,ST02,SKU04626,3,1.9096563
2025-12-24,ST08,SKU04642,3,1.9002973
2025-12-24,ST28,SKU04646,1,1.8590499
2025-12-24,ST15,SKU04656,2,1.9781995
2025-12-24,ST03,SKU04660,3,1.8403013
2025-12-24,ST18,SKU04661,2,1.8241225
2025-12-24,ST17,SKU04663,2,1.8522658
2025-12-24,ST20,SKU04666,1,1.9172848
2025-12-24,ST09,SKU04677,2,1.7410458
2025-12-24,ST23,SKU04683,2,1.8525025
2025-12-24,ST25,SKU04687,1,1.8385876
2025-12-24,ST16,SKU04689,1,2.121976
2025-12-24,ST08,SKU04694,2,1.8564473
2025-12-24,ST16,SKU04697,1,1.8184646
2025-12-24,ST19,SKU04702,5,1.8222597
2025-12-24,ST04,SKU04710,1,1.8284237
2025-12-24,ST27,SKU04711,2,1.9136629
2025-12-24,ST04,SKU04723,3,1.9752417
2025-12-24,ST07,SKU04750,1,1.956437
2025-12-24,ST10,SKU04766,1,1.8152153
2025-12-24,ST26,SKU04783,1,1.8137796
2025-12-24,ST24,SKU04796,4,1.9368515
2025-12-24,ST20,SKU04799,4,1.9091346
2025-12-24,ST29,SKU04800,1,1.7521205
2025-12-24,ST29,SKU04807,2,1.8344342
2025-12-24,ST06,SKU04808,1,1.8741728
2025-12-24,ST04,SKU04818,1,1.843554
2025-12-24,ST07,SKU04830,1,1.8833108
2025-12-24,ST18,SKU04845,3,1.8903451
2025-12-24,ST30,SKU04846,1,1.8630722
2025-12-24,ST18,SKU04847,1,1.8943342
2025-12-24,ST16,SKU04850,1,1.815075
2025-12-24,ST04,SKU04875,3,1.8291546
2025-12-24,ST28,SKU04882,1,1.9040154
2025-12-24,ST22,SKU04898,3,1.8586744
2025-12-24,ST14,SKU04903,2,2.013677
2025-12-24,ST02,SKU04905,1,1.8458174
2025-12-24,ST29,SKU04907,1,1.931505
2025-12-24,ST26,SKU04909,1,1.8295146
2025-12-24,ST07,SKU04910,1,1.8858896
2025-12-24,ST15,SKU04913,3,1.7805102
2025-12-24,ST29,SKU04923,1,1.9233837
2025-12-24,ST27,SKU04932,1,1.8490435
2025-12-24,ST24,SKU04933,4,1.9169005
2025-12-24,ST30,SKU04935,2,1.940168
2025-12-24,ST14,SKU04936,1,1.8461065
2025-12-24,ST07,SKU04942,1,1.8334718
2025-12-24,ST28,SKU04946,1,1.906281
2025-12-24,ST08,SKU04947,1,1.8778801
2025-12-24,ST30,SKU04954,2,1.9475749
2025-12-24,ST30,SKU04988,1,1.9812708
2025-12-24,ST07,SKU04992,1,1.854786
2025-12-25,ST08,SKU00001,1,1.8420768
2025-12-25,ST30,SKU00002,3,1.7561475
2025-12-25,ST08,SKU00008,1,1.876636
2025-12-25,ST02,SKU00017,2,1.8702128
2025-12-25,ST05,SKU00026,1,1.8417448
2025-12-25,ST28,SKU00030,4,1.8659976
2025-12-25,ST07,SKU00032,1,1.8719686
2025-12-25,ST24,SKU00036,2,1.8735206
2025-12-25,ST11,SKU00042,1,1.9824605
2025-12-25,ST29,SKU00050,2,2.2738736
2025-12-25,ST17,SKU00062,2,3.5243618
2025-12-25,ST12,SKU00063,2,1.8735458
2025-12-25,ST10,SKU00079,2,1.8155843
2025-12-25,ST02,SKU00114,1,1.8822097
2025-12-25,ST08,SKU00117,1,1.9171703
2025-12-25,ST23,SKU00124,1,1.8532549
2025-12-25,ST12,SKU00126,2,1.8443732
2025-12-25,ST27,SKU00133,2,1.9439826
2025-12-25,ST18,SKU00153,2,1.8872049
2025-12-25,ST05,SKU00159,2,1.8813732
2025-12-25,ST30,SKU00163,1,2.189224
2025-12-25,ST25,SKU00165,2,1.7388573
2025-12-25,ST27,SKU00169,3,1.8419989
2025-12-25,ST11,SKU00180,1,1.8826149
2025-12-25,ST04,SKU00182,3,1.8120903
2025-12-25,ST20,SKU00190,2,3.9341836
2025-12-25,ST05,SKU00191,3,1.9071217
2025-12-25,ST30,SKU00203,1,1.8592134
2025-12-25,ST26,SKU00210,3,1.8871013
2025-12-25,ST19,SKU00215,1,1.9119087
2025-12-25,ST07,SKU00219,2,1.8958642
2025-12-25,ST08,SKU00226,1,1.808267
2025-12-25,ST03,SKU00231,1,1.8737376
2025-12-25,ST21,SKU00242,2,1.8734695
2025-12-25,ST30,SKU00243,5,1.904775
2025-12-25,ST02,SKU00245,2,1.8410456
2025-12-25,ST05,SKU00248,1,1.822065
2025-12-25,ST20,SKU00264,3,1.888913
2025-12-25,ST28,SKU00270,1,1.8801037
2025-12-25,ST25,SKU00279,1,1.9663405
2025-12-25,ST08,SKU00281,3,1.8679267
2025-12-25,ST30,SKU00285,3,1.8335534
2025-12-25,ST25,SKU00286,1,1.6992376
2025-12-25,ST29,SKU00291,2,1.7738339
2025-12-25,ST30,SKU00293,2,1.9568983
2025-12-25,ST17,SKU00295,1,1.8804296
2025-12-25,ST07,SKU00296,2,1.8408656
2025-12-25,ST30,SKU00307,1,1.7433689
2025-12-25,ST20,SKU00313,1,1.9838586
2025-12-25,ST30,SKU00317,2,1.7932018
2025-12-25,ST28,SKU00325,3,1.8204097
2025-12-25,ST29,SKU00326,3,1.963788
2025-12-25,ST24,SKU00328,1,1.918311
2025-12-25,ST26,SKU00329,5,1.8810778
2025-12-25,ST15,SKU00340,1,1.8514413
2025-12-25,ST07,SKU00343,1,1.8534399
2025-12-25,ST09,SKU00352,1,1.7745239
2025-12-25,ST14,SKU00353,1,1.9056588
2025-12-25,ST25,SKU00359,1,1.8043724
2025-12-25,ST18,SKU00365,1,1.985196
2025-12-25,ST27,SKU00367,3,1.8687764
2025-12-25,ST07,SKU00375,2,1.9161563
2025-12-25,ST24,SKU00376,1,1.8518258
2025-12-25,ST30,SKU00388,4,1.8137385
2025-12-25,ST30,SKU00390,1,1.8807031
2025-12-25,ST19,SKU00396,2,1.9413735
2025-12-25,ST26,SKU00398,1,1.8840184
2025-12-25,ST29,SKU00416,4,1.9342101
2025-12-25,ST27,SKU00417,3,1.8386843
2025-12-25,ST06,SKU00418,4,1.8663807
2025-12-25,ST20,SKU00426,4,1.8147732
2025-12-25,ST19,SKU00427,1,1.8452578
2025-12-25,ST22,SKU00428,4,1.8637104
2025-12-25,ST06,SKU00432,1,1.8241382
2025-12-25,ST26,SKU00442,1,1.8812014
2025-12-25,ST27,SKU00443,1,1.8177888
2025-12-25,ST12,SKU00445,2,1.7478719
2025-12-25,ST02,SKU00447,2,1.8426517
2025-12-25,ST30,SKU00448,3,1.859368
2025-12-25,ST29,SKU00453,1,1.9860797
2025-12-25,ST17,SKU00457,1,1.9003854
2025-12-25,ST11,SKU00466,2,1.8689001
2025-12-25,ST26,SKU00472,1,1.7958382
2025-12-25,ST30,SKU00475,3,1.8768278
2025-12-25,ST29,SKU00476,1,1.8898417
2025-12-25,ST30,SKU00484,2,1.8889276
2025-12-25,ST06,SKU00490,3,1.9016567
2025-12-25,ST27,SKU00500,1,1.8990042
2025-12-25,ST20,SKU00506,1,1.8835603
2025-12-25,ST11,SKU00509,1,1.9211134
2025-12-25,ST27,SKU00525,1,1.8588631
2025-12-25,ST12,SKU00526,3,1.8500814
2025-12-25,ST22,SKU00531,1,2.1910746
2025-12-25,ST22,SKU00563,4,1.9077002
2025-12-25,ST03,SKU00564,4,1.8662289
2025-12-25,ST07,SKU00565,1,1.8956201
2025-12-25,ST15,SKU00573,2,1.8559831
2025-12-25,ST11,SKU00575,1,1.8344151
2025-12-25,ST25,SKU00581,1,1.8615088
2025-12-25,ST09,SKU00587,1,1.8570147
2025-12-25,ST20,SKU00599,1,1.8872963
2025-12-25,ST27,SKU00605,1,1.8438194
2025-12-25,ST08,SKU00606,1,1.8347228
2025-12-25,ST07,SKU00628,4,1.8848577
2025-12-25,ST01,SKU00631,1,1.8714789
2025-12-25,ST21,SKU00632,3,1.8524634
2025-12-25,ST07,SKU00639,3,1.824213
2025-12-25,ST21,SKU00640,2,1.868795
2025-12-25,ST14,SKU00645,2,1.7754618
2025-12-25,ST09,SKU00646,3,1.8481072
2025-12-25,ST20,SKU00647,1,1.9000859
2025-12-25,ST28,SKU00651,4,1.8674755
2025-12-25,ST14,SKU00653,2,1.8606392
2025-12-25,ST17,SKU00666,1,1.8920352
2025-12-25,ST21,SKU00670,3,1.8890415
2025-12-25,ST20,SKU00676,5,1.921213
2025-12-25,ST07,SKU00678,3,1.8661337
2025-12-25,ST07,SKU00682,2,1.6943947
2025-12-25,ST09,SKU00688,2,1.8947104
2025-12-25,ST22,SKU00693,1,1.8495091
2025-12-25,ST01,SKU00731,1,1.9610375
2025-12-25,ST24,SKU00739,1,1.8610729
2025-12-25,ST08,SKU00769,2,1.8707885
2025-12-25,ST03,SKU00772,1,1.5159715
2025-12-25,ST30,SKU00774,1,1.9184887
2025-12-25,ST07,SKU00795,3,1.9284002
2025-12-25,ST29,SKU00797,2,1.8739347
2025-12-25,ST22,SKU00799,1,1.8642359
2025-12-25,ST23,SKU00800,1,1.818363
2025-12-25,ST23,SKU00814,1,1.7160159
2025-12-25,ST20,SKU00819,5,1.8889236
2025-12-25,ST18,SKU00832,3,1.8886306
2025-12-25,ST25,SKU00845,1,1.8878874
2025-12-25,ST08,SKU00846,1,1.88932
2025-12-25,ST07,SKU00861,2,1.8253703
2025-12-25,ST24,SKU00864,1,1.863429
2025-12-25,ST03,SKU00883,1,1.8785322
2025-12-25,ST18,SKU00884,1,1.9039862
2025-12-25,ST27,SKU00885,2,1.8516469
2025-12-25,ST04,SKU00892,1,1.8537903
2025-12-25,ST11,SKU00893,1,2.054049
2025-12-25,ST20,SKU00902,1,1.8745842
2025-12-25,ST24,SKU00903,1,1.8370341
2025-12-25,ST07,SKU00905,5,1.9088583
2025-12-25,ST09,SKU00910,1,1.8447101
2025-12-25,ST08,SKU00920,3,1.9318765
2025-12-25,ST30,SKU00925,4,1.943939
2025-12-25,ST20,SKU00929,3,1.827601
2025-12-25,ST24,SKU00940,1,1.8771745
2025-12-25,ST20,SKU00942,1,1.8424386
2025-12-25,ST15,SKU00945,1,1.8799027
2025-12-25,ST30,SKU00953,2,4.1630044
2025-12-25,ST04,SKU00957,1,1.8978137
2025-12-25,ST21,SKU00964,1,1.8861136
2025-12-25,ST20,SKU00966,3,1.8768016
2025-12-25,ST08,SKU00970,1,1.8883673
2025-12-25,ST28,SKU00971,1,1.9235277
2025-12-25,ST12,SKU00974,1,1.7950398
2025-12-25,ST05,SKU00977,3,1.7815478
2025-12-25,ST20,SKU00982,1,1.7384882
2025-12-25,ST30,SKU00993,1,1.889242
2025-12-25,ST22,SKU00994,2,1.8620112
2025-12-25,ST24,SKU01008,2,1.8642327
2025-12-25,ST11,SKU01009,4,1.8674574
2025-12-25,ST07,SKU01021,1,1.8562566
2025-12-25,ST03,SKU01023,1,1.840442
2025-12-25,ST08,SKU01027,2,1.7637709
2025-12-25,ST23,SKU01037,2,1.8662189
2025-12-25,ST12,SKU01041,1,1.7772617
2025-12-25,ST22,SKU01045,2,2.044056
2025-12-25,ST27,SKU01046,2,1.8226403
2025-12-25,ST02,SKU01047,2,1.9326134
2025-12-25,ST07,SKU01048,1,1.812465
2025-12-25,ST22,SKU01055,1,1.8952165
2025-12-25,ST02,SKU01070,1,1.818083
2025-12-25,ST12,SKU01082,2,1.901865
2025-12-25,ST04,SKU01083,5,1.8370175
2025-12-25,ST23,SKU01086,1,1.754541
2025-12-25,ST30,SKU01088,1,1.9975816
2025-12-25,ST30,SKU01090,1,1.8031772
2025-12-25,ST25,SKU01092,1,1.7919984
2025-12-25,ST02,SKU01093,1,1.7964691
2025-12-25,ST11,SKU01108,1,1.869122
2025-12-25,ST30,SKU01113,1,1.8676573
2025-12-25,ST21,SKU01118,2,1.8372859
2025-12-25,ST27,SKU01136,1,1.8650684
2025-12-25,ST29,SKU01138,1,1.8185136
2025-12-25,ST11,SKU01140,3,1.9021363
2025-12-25,ST09,SKU01143,3,1.8638893
2025-12-25,ST20,SKU01151,1,1.9025216
2025-12-25,ST03,SKU01159,2,1.9264625
2025-12-25,ST30,SKU01161,1,1.8898895
2025-12-25,ST27,SKU01166,1,1.8404506
2025-12-25,ST23,SKU01169,1,1.8592621
2025-12-25,ST23,SKU01170,1,1.8254011
2025-12-25,ST17,SKU01176,2,1.863638
2025-12-25,ST02,SKU01185,2,1.8547248
2025-12-25,ST27,SKU01189,1,1.8260655
2025-12-25,ST18,SKU01203,1,1.8614496
2025-12-25,ST26,SKU01213,3,1.9017657
2025-12-25,ST15,SKU01230,5,1.8889948
2025-12-25,ST11,SKU01236,1,1.7311625
2025-12-25,ST09,SKU01237,4,1.8292478
2025-12-25,ST17,SKU01238,1,1.7894677
2025-12-25,ST22,SKU01246,2,1.9076105
2025-12-25,ST07,SKU01262,1,1.8877586
2025-12-25,ST07,SKU01274,3,1.8931454
2025-12-25,ST29,SKU01280,1,1.8728498
2025-12-25,ST11,SKU01294,1,1.9336911
2025-12-25,ST30,SKU01295,1,1.8841977
2025-12-25,ST08,SKU01300,1,1.8652686
2025-12-25,ST12,SKU01315,1,1.9631376
2025-12-25,ST19,SKU01316,1,1.885045
2025-12-25,ST26,SKU01317,2,1.8453367
2025-12-25,ST05,SKU01331,5,1.8237797
2025-12-25,ST06,SKU01338,2,1.872907
2025-12-25,ST02,SKU01342,2,1.944472
2025-12-25,ST10,SKU01350,1,1.8288229
2025-12-25,ST24,SKU01354,4,1.9206871
2025-12-25,ST23,SKU01357,3,1.9918183
2025-12-25,ST04,SKU01359,4,1.9581012
2025-12-25,ST17,SKU01363,3,1.8419387
2025-12-25,ST22,SKU01368,4,1.8714
2025-12-25,ST17,SKU01370,1,1.9032892
2025-12-25,ST22,SKU01371,2,1.8532312
2025-12-25,ST30,SKU01390,3,1.7919245
2025-12-25,ST18,SKU01394,1,1.8941728
2025-12-25,ST21,SKU01398,1,1.8412254
2025-12-25,ST07,SKU01414,1,1.8162274
2025-12-25,ST15,SKU01419,1,1.8901123
2025-12-25,ST30,SKU01420,1,1.8946295
2025-12-25,ST14,SKU01428,1,1.8130575
2025-12-25,ST11,SKU01431,1,1.7973859
2025-12-25,ST14,SKU01438,3,1.8051796
2025-12-25,ST21,SKU01442,1,1.9129642
2025-12-25,ST27,SKU01446,2,1.8809091
2025-12-25,ST22,SKU01450,3,1.8910031
2025-12-25,ST19,SKU01466,1,1.8081814
2025-12-25,ST13,SKU01469,1,1.6857588
2025-12-25,ST22,SKU01486,5,1.8686876
2025-12-25,ST29,SKU01489,1,1.8096569
2025-12-25,ST27,SKU01501,3,2.1611905
2025-12-25,ST25,SKU01521,2,1.9010888
2025-12-25,ST13,SKU01526,2,1.8713078
2025-12-25,ST06,SKU01538,4,1.8228502
2025-12-25,ST06,SKU01549,1,1.9318153
2025-12-25,ST13,SKU01553,1,1.8613763
2025-12-25,ST14,SKU01556,1,1.8286077
2025-12-25,ST20,SKU01559,3,1.8785838
2025-12-25,ST15,SKU01564,3,1.9509102
2025-12-25,ST23,SKU01576,1,1.7635148
2025-12-25,ST06,SKU01578,3,1.8851985
2025-12-25,ST14,SKU01579,1,1.8901064
2025-12-25,ST09,SKU01583,3,1.8896511
2025-12-25,ST02,SKU01600,1,1.935207
2025-12-25,ST11,SKU01601,1,1.867519
2025-12-25,ST03,SKU01612,1,2.1721673
2025-12-25,ST01,SKU01620,1,2.1693213
2025-12-25,ST01,SKU01625,2,1.8239241
2025-12-25,ST27,SKU01628,1,1.8378792
2025-12-25,ST14,SKU01638,1,1.9036745
2025-12-25,ST05,SKU01643,1,1.8251536
2025-12-25,ST29,SKU01651,5,1.7346486
2025-12-25,ST26,SKU01656,1,1.8565403
2025-12-25,ST13,SKU01662,2,1.9113092
2025-12-25,ST29,SKU01677,1,1.8088764
2025-12-25,ST28,SKU01685,1,1.8553998
2025-12-25,ST20,SKU01694,1,2.090507
2025-12-25,ST24,SKU01701,1,1.8036733
2025-12-25,ST13,SKU01707,2,1.870732
2025-12-25,ST23,SKU01713,1,1.7708232
2025-12-25,ST13,SKU01722,1,1.919522
2025-12-25,ST14,SKU01725,3,1.9184325
2025-12-25,ST23,SKU01734,1,1.7302245
2025-12-25,ST06,SKU01739,1,1.9096156
2025-12-25,ST29,SKU01742,1,1.8873012
2025-12-25,ST14,SKU01743,1,1.8431892
2025-12-25,ST13,SKU01749,1,1.9294817
2025-12-25,ST27,SKU01751,2,1.8313876
2025-12-25,ST29,SKU01758,2,1.8500159
2025-12-25,ST03,SKU01761,3,1.7757809
2025-12-25,ST04,SKU01766,2,1.7542846
2025-12-25,ST26,SKU01767,1,1.8040205
2025-12-25,ST10,SKU01769,1,1.8290118
2025-12-25,ST25,SKU01775,1,1.9340781
2025-12-25,ST27,SKU01784,1,1.8946826
2025-12-25,ST09,SKU01787,2,1.9339823
2025-12-25,ST24,SKU01790,1,1.7655126
2025-12-25,ST03,SKU01797,1,1.8416817
2025-12-25,ST25,SKU01803,2,1.6942765
2025-12-25,ST17,SKU01814,2,1.9228853
2025-12-25,ST28,SKU01824,2,1.8265449
2025-12-25,ST17,SKU01827,3,1.8091775
2025-12-25,ST18,SKU01828,1,1.7700316
2025-12-25,ST26,SKU01830,2,2.3793073
2025-12-25,ST22,SKU01831,1,1.8731236
2025-12-25,ST05,SKU01836,1,1.8449461
2025-12-25,ST04,SKU01841,1,1.8420354
2025-12-25,ST15,SKU01842,2,1.844724
2025-12-25,ST13,SKU01844,2,1.8949531
2025-12-25,ST29,SKU01878,3,1.7500296
2025-12-25,ST11,SKU01882,1,1.9530177
2025-12-25,ST21,SKU01889,2,1.8698943
2025-12-25,ST07,SKU01903,2,1.8137397
2025-12-25,ST02,SKU01925,4,1.9918238
2025-12-25,ST10,SKU01929,2,1.9613171
2025-12-25,ST09,SKU01935,1,1.8852637
2025-12-25,ST21,SKU01950,2,1.8456614
2025-12-25,ST03,SKU01952,1,1.899655
2025-12-25,ST29,SKU01953,1,2.0374737
2025-12-25,ST27,SKU01967,3,1.8430276
2025-12-25,ST08,SKU01968,1,1.8779154
2025-12-25,ST22,SKU01984,1,1.7983218
2025-12-25,ST22,SKU01987,3,1.8884547
2025-12-25,ST30,SKU01988,1,1.8705064
2025-12-25,ST21,SKU01993,1,1.9235857
2025-12-25,ST11,SKU01996,2,1.8893863
2025-12-25,ST21,SKU02003,1,1.8228359
2025-12-25,ST04,SKU02008,3,1.9065466
2025-12-25,ST16,SKU02009,1,1.8641088
2025-12-25,ST17,SKU02022,2,1.8897144
2025-12-25,ST24,SKU02024,2,1.6818664
2025-12-25,ST20,SKU02028,1,1.9617695
2025-12-25,ST30,SKU02032,3,1.7932383
2025-12-25,ST30,SKU02033,3,1.836369
2025-12-25,ST05,SKU02035,1,1.923027
2025-12-25,ST20,SKU02037,1,1.8173279
2025-12-25,ST20,SKU02046,2,3.7685418
2025-12-25,ST20,SKU02051,2,1.8378191
2025-12-25,ST11,SKU02057,1,1.8184632
2025-12-25,ST14,SKU02065,1,1.8840667
2025-12-25,ST12,SKU02067,1,1.8452961
2025-12-25,ST05,SKU02079,2,1.9496014
2025-12-25,ST30,SKU02088,1,1.8800832
2025-12-25,ST10,SKU02098,5,1.7762951
2025-12-25,ST18,SKU02106,1,1.8492199
2025-12-25,ST08,SKU02107,1,1.826539
2025-12-25,ST20,SKU02113,4,1.8196099
2025-12-25,ST05,SKU02126,1,1.8950024
2025-12-25,ST27,SKU02134,4,1.889374
2025-12-25,ST26,SKU02138,1,1.9052808
2025-12-25,ST30,SKU02141,1,1.9009461
2025-12-25,ST05,SKU02148,1,1.8216099
2025-12-25,ST13,SKU02154,2,1.9841865
2025-12-25,ST24,SKU02155,1,1.7826228
2025-12-25,ST22,SKU02165,2,1.8575741
2025-12-25,ST07,SKU02167,1,1.6269462
2025-12-25,ST20,SKU02173,1,1.8343421
2025-12-25,ST29,SKU02174,1,1.8691963
2025-12-25,ST19,SKU02176,1,1.6819749
2025-12-25,ST18,SKU02179,1,1.9152827
2025-12-25,ST01,SKU02184,1,1.8040811
2025-12-25,ST21,SKU02187,1,1.8705814
2025-12-25,ST19,SKU02198,2,1.801531
2025-12-25,ST17,SKU02210,1,1.9197657
2025-12-25,ST09,SKU02215,3,1.8092722
2025-12-25,ST14,SKU02223,3,1.9313738
2025-12-25,ST12,SKU02229,1,1.8415713
2025-12-25,ST20,SKU02230,1,1.841184
2025-12-25,ST21,SKU02231,4,1.8249335
2025-12-25,ST27,SKU02247,4,1.8338295
2025-12-25,ST17,SKU02256,1,1.8459569
2025-12-25,ST28,SKU02278,4,1.8213341
2025-12-25,ST28,SKU02280,1,1.8485744
2025-12-25,ST22,SKU02282,4,1.873517
2025-12-25,ST25,SKU02297,4,1.918955
2025-12-25,ST22,SKU02305,1,1.7436076
2025-12-25,ST14,SKU02314,2,1.8005362
2025-12-25,ST25,SKU02317,5,2.033118
2025-12-25,ST29,SKU02321,3,1.8753833
2025-12-25,ST29,SKU02325,1,2.0545883
2025-12-25,ST08,SKU02328,3,1.8356599
2025-12-25,ST12,SKU02332,1,1.9061904
2025-12-25,ST26,SKU02335,2,1.9042372
2025-12-25,ST14,SKU02340,2,1.9968207
2025-12-25,ST13,SKU02357,1,1.849315
2025-12-25,ST03,SKU02368,4,3.8387513
2025-12-25,ST07,SKU02372,3,1.882118
2025-12-25,ST01,SKU02378,1,1.8566375
2025-12-25,ST23,SKU02386,3,1.8380815
2025-12-25,ST10,SKU02399,1,1.8544707
2025-12-25,ST09,SKU02401,2,1.9025162
2025-12-25,ST06,SKU02406,1,1.818823
2025-12-25,ST01,SKU02409,2,1.868469
2025-12-25,ST23,SKU02411,2,1.8905035
2025-12-25,ST18,SKU02415,1,1.8321227
2025-12-25,ST18,SKU02416,2,1.8425803
2025-12-25,ST20,SKU02424,4,1.8113605
2025-12-25,ST09,SKU02436,4,1.8629142
2025-12-25,ST05,SKU02461,2,1.8841524
2025-12-25,ST20,SKU02462,3,4.039718
2025-12-25,ST01,SKU02468,1,1.7211027
2025-12-25,ST08,SKU02476,1,1.6716653
2025-12-25,ST19,SKU02478,4,1.9116818
2025-12-25,ST02,SKU02482,1,1.7433378
2025-12-25,ST14,SKU02484,1,1.7002277
2025-12-25,ST07,SKU02503,3,1.8522004
2025-12-25,ST11,SKU02512,1,1.8806847
2025-12-25,ST21,SKU02515,2,1.7476219
2025-12-25,ST10,SKU02521,5,1.8893584
2025-12-25,ST15,SKU02522,3,2.0514688
2025-12-25,ST09,SKU02534,1,1.7967994
2025-12-25,ST28,SKU02538,2,1.7073399
2025-12-25,ST18,SKU02543,1,1.8753021
2025-12-25,ST01,SKU02544,1,1.8821764
2025-12-25,ST29,SKU02545,1,1.8291028
2025-12-25,ST08,SKU02569,1,1.8284179
2025-12-25,ST29,SKU02576,1,1.7458532
2025-12-25,ST09,SKU02579,1,1.8361212
2025-12-25,ST30,SKU02580,1,2.106867
2025-12-25,ST07,SKU02583,3,1.8594849
2025-12-25,ST01,SKU02594,1,1.807428
2025-12-25,ST29,SKU02606,2,1.74274
2025-12-25,ST09,SKU02611,1,1.9786685
2025-12-25,ST09,SKU02614,1,1.7851273
2025-12-25,ST11,SKU02615,1,1.8273212
2025-12-25,ST18,SKU02622,2,1.945013
2025-12-25,ST07,SKU02623,2,1.877642
2025-12-25,ST20,SKU02628,3,1.9528596
2025-12-25,ST08,SKU02629,1,1.8245759
2025-12-25,ST09,SKU02635,2,1.8030243
2025-12-25,ST15,SKU02640,2,1.836344
2025-12-25,ST29,SKU02646,1,1.8589689
2025-12-25,ST29,SKU02648,1,1.8291869
2025-12-25,ST27,SKU02654,1,1.8798264
2025-12-25,ST08,SKU02656,2,1.8782332
2025-12-25,ST01,SKU02660,1,1.8519665
2025-12-25,ST09,SKU02666,1,1.7709373
2025-12-25,ST13,SKU02682,1,1.9053963
2025-12-25,ST17,SKU02683,2,1.8484325
2025-12-25,ST14,SKU02690,1,1.8284154
2025-12-25,ST08,SKU02692,1,1.7857404
2025-12-25,ST09,SKU02693,2,1.8644756
2025-12-25,ST05,SKU02697,1,1.8833177
2025-12-25,ST05,SKU02698,3,1.8850976
2025-12-25,ST29,SKU02708,1,1.8275074
2025-12-25,ST24,SKU02709,3,2.0021532
2025-12-25,ST08,SKU02716,1,1.9028382
2025-12-25,ST11,SKU02717,2,1.8280368
2025-12-25,ST29,SKU02731,1,1.9044544
2025-12-25,ST05,SKU02737,3,1.7909895
2025-12-25,ST16,SKU02747,3,1.8239421
2025-12-25,ST22,SKU02761,3,1.8593479
2025-12-25,ST16,SKU02764,3,1.8180816
2025-12-25,ST15,SKU02771,1,1.8597393
2025-12-25,ST29,SKU02778,1,1.8600079
2025-12-25,ST18,SKU02780,1,1.699349
2025-12-25,ST14,SKU02787,1,1.8863803
2025-12-25,ST07,SKU02797,1,1.8254418
2025-12-25,ST27,SKU02806,4,1.7646636
2025-12-25,ST03,SKU02819,2,1.841253
2025-12-25,ST27,SKU02821,2,1.9135633
2025-12-25,ST27,SKU02834,1,1.9008384
2025-12-25,ST08,SKU02840,1,1.8511637
2025-12-25,ST26,SKU02846,3,1.8342491
2025-12-25,ST07,SKU02848,3,1.8694303
2025-12-25,ST17,SKU02858,1,1.8918027
2025-12-25,ST10,SKU02864,1,1.8546966
2025-12-25,ST07,SKU02878,1,1.8573304
2025-12-25,ST11,SKU02891,2,1.9193074
2025-12-25,ST29,SKU02892,1,1.7616643
2025-12-25,ST09,SKU02894,2,1.8466837
2025-12-25,ST07,SKU02895,1,1.8611768
2025-12-25,ST08,SKU02898,4,1.8608099
2025-12-25,ST28,SKU02907,1,1.7217066
2025-12-25,ST04,SKU02914,3,1.9554119
2025-12-25,ST29,SKU02921,5,1.8716918
2025-12-25,ST11,SKU02923,3,1.8355137
2025-12-25,ST23,SKU02928,1,1.8380951
2025-12-25,ST22,SKU02930,2,4.1612005
2025-12-25,ST26,SKU02931,1,1.7827331
2025-12-25,ST14,SKU02938,1,1.8697537
2025-12-25,ST10,SKU02940,2,1.8096715
2025-12-25,ST24,SKU02946,1,1.8938202
2025-12-25,ST18,SKU02949,1,1.9713762
2025-12-25,ST15,SKU02954,2,1.9582465
2025-12-25,ST21,SKU02973,2,1.828262
2025-12-25,ST28,SKU02979,1,1.8877567
2025-12-25,ST07,SKU02982,4,1.8645765
2025-12-25,ST28,SKU02983,2,1.9422829
2025-12-25,ST01,SKU02987,1,1.7762527
2025-12-25,ST24,SKU02996,1,1.7289256
2025-12-25,ST25,SKU03001,2,1.9072554
2025-12-25,ST17,SKU03019,3,1.8084234
2025-12-25,ST27,SKU03024,3,1.7582614
2025-12-25,ST13,SKU03026,1,1.9246145
2025-12-25,ST30,SKU03031,3,1.8894943
2025-12-25,ST20,SKU03033,1,1.7893537
2025-12-25,ST03,SKU03046,2,1.8605144
2025-12-25,ST27,SKU03049,2,1.8080682
2025-12-25,ST09,SKU03057,2,1.938066
2025-12-25,ST17,SKU03062,1,1.9244672
2025-12-25,ST30,SKU03072,3,1.884647
2025-12-25,ST06,SKU03077,2,1.9004711
2025-12-25,ST11,SKU03084,1,2.0365
2025-12-25,ST20,SKU03085,4,1.9113201
2025-12-25,ST24,SKU03088,4,1.8937799
2025-12-25,ST30,SKU03093,1,1.8841965
2025-12-25,ST14,SKU03130,3,1.8637065
2025-12-25,ST03,SKU03145,3,1.8545607
2025-12-25,ST29,SKU03147,1,1.896837
2025-12-25,ST11,SKU03149,1,1.9092481
2025-12-25,ST03,SKU03151,1,1.8479216
2025-12-25,ST05,SKU03171,1,1.9538441
2025-12-25,ST19,SKU03174,2,1.7326633
2025-12-25,ST29,SKU03176,1,1.954899
2025-12-25,ST11,SKU03182,2,1.8719537
2025-12-25,ST16,SKU03190,1,1.8528584
2025-12-25,ST07,SKU03193,2,1.8322772
2025-12-25,ST21,SKU03196,2,1.8784572
2025-12-25,ST20,SKU03199,2,1.7779464
2025-12-25,ST25,SKU03208,1,1.9189303
2025-12-25,ST17,SKU03212,1,1.8329172
2025-12-25,ST11,SKU03217,1,1.8916826
2025-12-25,ST08,SKU03226,2,1.8563938
2025-12-25,ST20,SKU03240,1,1.9704887
2025-12-25,ST07,SKU03246,1,1.7939646
2025-12-25,ST17,SKU03256,2,1.884625
2025-12-25,ST23,SKU03259,1,1.724761
2025-12-25,ST27,SKU03274,4,2.0425634
2025-12-25,ST22,SKU03275,1,1.8365502
2025-12-25,ST01,SKU03277,1,1.7894044
2025-12-25,ST21,SKU03292,3,3.925216
2025-12-25,ST06,SKU03295,1,1.6998687
2025-12-25,ST07,SKU03305,2,1.8199433
2025-12-25,ST08,SKU03337,1,1.8945135
2025-12-25,ST29,SKU03340,1,1.8909546
2025-12-25,ST05,SKU03353,1,1.9404337
2025-12-25,ST23,SKU03371,2,1.8835946
2025-12-25,ST11,SKU03385,2,1.7605573
2025-12-25,ST19,SKU03389,1,1.7889032
2025-12-25,ST23,SKU03391,1,1.8912756
2025-12-25,ST03,SKU03397,1,1.7979321
2025-12-25,ST21,SKU03402,1,1.8929126
2025-12-25,ST29,SKU03403,3,1.8268927
2025-12-25,ST17,SKU03404,1,1.9355533
2025-12-25,ST20,SKU03407,3,1.8618704
2025-12-25,ST13,SKU03409,1,1.8607947
2025-12-25,ST27,SKU03425,1,1.9193466
2025-12-25,ST19,SKU03432,1,1.8471988
2025-12-25,ST09,SKU03446,2,1.9745674
2025-12-25,ST04,SKU03448,1,1.8914282
2025-12-25,ST11,SKU03459,1,1.894669
2025-12-25,ST26,SKU03461,3,1.9581507
2025-12-25,ST11,SKU03466,2,1.861128
2025-12-25,ST30,SKU03476,1,1.8582964
2025-12-25,ST08,SKU03481,2,1.7834967
2025-12-25,ST27,SKU03485,2,1.8984438
2025-12-25,ST29,SKU03496,3,1.9081309
2025-12-25,ST06,SKU03505,1,1.9886311
2025-12-25,ST13,SKU03510,1,1.8817586
2025-12-25,ST07,SKU03512,1,1.832178
2025-12-25,ST07,SKU03513,4,1.9211172
2025-12-25,ST17,SKU03536,2,1.8468859
2025-12-25,ST23,SKU03537,2,1.7456024
2025-12-25,ST01,SKU03544,2,1.9203366
2025-12-25,ST29,SKU03546,1,1.8701942
2025-12-25,ST02,SKU03564,1,1.8423642
2025-12-25,ST21,SKU03572,3,1.9329935
2025-12-25,ST30,SKU03576,3,1.8969316
2025-12-25,ST05,SKU03577,2,1.8199819
2025-12-25,ST09,SKU03582,1,1.9247525
2025-12-25,ST13,SKU03583,1,1.6118289
2025-12-25,ST20,SKU03584,1,1.826902
2025-12-25,ST11,SKU03587,2,1.8040752
2025-12-25,ST02,SKU03604,1,1.8220192
2025-12-25,ST08,SKU03626,1,1.8950295
2025-12-25,ST26,SKU03638,1,1.9003961
2025-12-25,ST20,SKU03639,1,1.8173624
2025-12-25,ST11,SKU03643,3,1.8948169
2025-12-25,ST10,SKU03648,2,1.872064
2025-12-25,ST24,SKU03649,1,1.8693035
2025-12-25,ST20,SKU03652,1,1.845219
2025-12-25,ST25,SKU03669,2,1.9560156
2025-12-25,ST19,SKU03684,1,1.8541911
2025-12-25,ST30,SKU03692,3,1.8660916
2025-12-25,ST10,SKU03693,1,1.9924912
2025-12-25,ST17,SKU03699,2,1.9218668
2025-12-25,ST22,SKU03702,4,1.8601927
2025-12-25,ST07,SKU03705,1,1.8250861
2025-12-25,ST07,SKU03723,1,1.8569572
2025-12-25,ST30,SKU03727,2,1.7656744
2025-12-25,ST05,SKU03736,1,1.8271435
2025-12-25,ST19,SKU03738,1,1.8882729
2025-12-25,ST04,SKU03740,2,1.8697203
2025-12-25,ST06,SKU03743,3,1.8455006
2025-12-25,ST20,SKU03750,1,1.8996487
2025-12-25,ST20,SKU03755,1,1.8973961
2025-12-25,ST13,SKU03759,1,1.8191142
2025-12-25,ST18,SKU03760,1,1.9202139
2025-12-25,ST03,SKU03768,1,1.9099506
2025-12-25,ST11,SKU03789,2,1.8793521
2025-12-25,ST06,SKU03792,1,1.8430032
2025-12-25,ST05,SKU03803,1,2.0390728
2025-12-25,ST20,SKU03814,2,1.8759475
2025-12-25,ST28,SKU03819,1,1.8910232
2025-12-25,ST19,SKU03820,1,2.0951996
2025-12-25,ST20,SKU03834,3,1.8661002
2025-12-25,ST07,SKU03840,1,1.9718018
2025-12-25,ST01,SKU03842,2,1.9072706
2025-12-25,ST01,SKU03844,2,1.8280259
2025-12-25,ST04,SKU03851,2,1.9097466
2025-12-25,ST14,SKU03855,1,1.9100394
2025-12-25,ST27,SKU03857,1,1.677678
2025-12-25,ST02,SKU03874,1,1.8723831
2025-12-25,ST28,SKU03876,2,1.8129237
2025-12-25,ST07,SKU03878,1,1.9187914
2025-12-25,ST11,SKU03880,1,1.8173332
2025-12-25,ST13,SKU03891,1,1.8388491
2025-12-25,ST04,SKU03895,3,1.8294758
2025-12-25,ST09,SKU03906,4,1.8931501
2025-12-25,ST22,SKU03907,1,1.8329962
2025-12-25,ST08,SKU03913,1,1.8849357
2025-12-25,ST30,SKU03914,1,1.8693802
2025-12-25,ST20,SKU03924,2,1.9041628
2025-12-25,ST28,SKU03936,2,1.9232719
2025-12-25,ST26,SKU03941,3,1.8635193
2025-12-25,ST07,SKU03945,4,1.853511
2025-12-25,ST01,SKU03990,2,1.825287
2025-12-25,ST24,SKU04016,2,2.073636
2025-12-25,ST09,SKU04026,2,1.8500915
2025-12-25,ST14,SKU04033,3,1.8359174
2025-12-25,ST22,SKU04038,1,2.072546
2025-12-25,ST02,SKU04041,5,1.8364209
2025-12-25,ST18,SKU04045,1,1.9479153
2025-12-25,ST13,SKU04050,1,1.8303779
2025-12-25,ST24,SKU04051,1,1.8739163
2025-12-25,ST27,SKU04059,1,1.8215338
2025-12-25,ST27,SKU04060,4,2.1668692
2025-12-25,ST11,SKU04065,3,2.0559177
2025-12-25,ST23,SKU04066,1,1.8513908
2025-12-25,ST02,SKU04068,1,1.8599721
2025-12-25,ST03,SKU04082,1,2.0203907
2025-12-25,ST26,SKU04088,2,1.8992563
2025-12-25,ST04,SKU04096,1,2.0965364
2025-12-25,ST04,SKU04105,1,1.9687485
2025-12-25,ST20,SKU04107,1,1.848928
2025-12-25,ST27,SKU04109,2,1.8396543
2025-12-25,ST20,SKU04127,3,1.8549142
2025-12-25,ST06,SKU04135,5,1.9006845
2025-12-25,ST18,SKU04138,1,1.8694197
2025-12-25,ST25,SKU04154,2,1.7076952
2025-12-25,ST11,SKU04157,2,1.8087597
2025-12-25,ST25,SKU04162,5,1.9092791
2025-12-25,ST18,SKU04165,1,1.7635474
2025-12-25,ST22,SKU04166,1,1.747466
2025-12-25,ST07,SKU04170,1,1.8684758
2025-12-25,ST27,SKU04175,2,1.845895
2025-12-25,ST26,SKU04181,4,1.9828705
2025-12-25,ST27,SKU04185,1,1.8041744
2025-12-25,ST09,SKU04186,1,1.7378569
2025-12-25,ST30,SKU04188,3,1.8751404
2025-12-25,ST13,SKU04191,2,1.8559524
2025-12-25,ST19,SKU04208,1,1.9296601
2025-12-25,ST09,SKU04215,1,1.8230911
2025-12-25,ST18,SKU04226,1,1.8666929
2025-12-25,ST30,SKU04231,2,1.9284308
2025-12-25,ST03,SKU04235,1,1.8886118
2025-12-25,ST05,SKU04243,1,1.8633986
2025-12-25,ST20,SKU04245,1,1.9248728
2025-12-25,ST08,SKU04257,4,1.8059217
2025-12-25,ST17,SKU04264,3,1.949658
2025-12-25,ST18,SKU04272,1,1.8234956
2025-12-25,ST23,SKU04273,1,1.7881025
2025-12-25,ST17,SKU04277,4,1.849221
2025-12-25,ST20,SKU04282,3,1.8178933
2025-12-25,ST05,SKU04286,4,1.8263706
2025-12-25,ST08,SKU04290,1,1.918554
2025-12-25,ST23,SKU04305,1,1.8805978
2025-12-25,ST09,SKU04306,1,1.909112
2025-12-25,ST09,SKU04318,2,1.8946828
2025-12-25,ST30,SKU04321,3,5.324417
2025-12-25,ST04,SKU04322,1,1.9773531
2025-12-25,ST30,SKU04324,1,1.6764704
2025-12-25,ST14,SKU04329,1,1.723461
2025-12-25,ST07,SKU04335,1,1.7540939
2025-12-25,ST07,SKU04337,1,1.7800863
2025-12-25,ST05,SKU04338,1,1.8548023
2025-12-25,ST04,SKU04346,1,1.9671655
2025-12-25,ST26,SKU04347,3,1.8233731
2025-12-25,ST22,SKU04349,1,2.0025425
2025-12-25,ST30,SKU04359,1,1.8809786
2025-12-25,ST02,SKU04362,2,1.8481925
2025-12-25,ST26,SKU04373,2,1.7821661
2025-12-25,ST03,SKU04374,1,1.8838443
2025-12-25,ST19,SKU04375,4,1.9293051
2025-12-25,ST04,SKU04385,5,1.8709451
2025-12-25,ST25,SKU04386,4,1.8462265
2025-12-25,ST15,SKU04387,1,1.8365829
2025-12-25,ST24,SKU04396,1,1.7806015
2025-12-25,ST09,SKU04407,1,2.0006118
2025-12-25,ST02,SKU04431,4,1.8802863
2025-12-25,ST14,SKU04437,2,1.7680445
2025-12-25,ST04,SKU04447,1,1.8841152
2025-12-25,ST02,SKU04456,1,1.8181515
2025-12-25,ST29,SKU04479,1,1.941814
2025-12-25,ST20,SKU04489,2,1.872146
2025-12-25,ST09,SKU04497,1,1.8731728
2025-12-25,ST21,SKU04502,1,1.9016579
2025-12-25,ST03,SKU04506,1,1.8862906
2025-12-25,ST11,SKU04508,1,1.8232899
2025-12-25,ST29,SKU04511,1,1.8773046
2025-12-25,ST25,SKU04520,2,1.819289
2025-12-25,ST23,SKU04525,1,1.8772852
2025-12-25,ST23,SKU04528,2,1.8595967
2025-12-25,ST17,SKU04537,1,1.8944767
2025-12-25,ST20,SKU04538,5,1.9359554
2025-12-25,ST29,SKU04551,2,1.6765151
2025-12-25,ST04,SKU04558,1,1.772696
2025-12-25,ST27,SKU04562,1,1.9017767
2025-12-25,ST13,SKU04568,4,1.8119646
2025-12-25,ST27,SKU04570,1,1.9031442
2025-12-25,ST22,SKU04571,2,1.8188457
2025-12-25,ST07,SKU04581,1,1.8109046
2025-12-25,ST14,SKU04591,1,1.7681937
2025-12-25,ST10,SKU04594,1,1.8366843
2025-12-25,ST27,SKU04596,1,1.790859
2025-12-25,ST27,SKU04610,1,1.8515466
2025-12-25,ST18,SKU04616,1,1.8735046
2025-12-25,ST22,SKU04617,1,1.829155
2025-12-25,ST18,SKU04626,1,1.986256
2025-12-25,ST29,SKU04631,1,1.8433597
2025-12-25,ST16,SKU04634,1,1.9017324
2025-12-25,ST26,SKU04635,1,1.8697664
2025-12-25,ST23,SKU04638,1,1.8254051
2025-12-25,ST07,SKU04664,2,1.8071983
2025-12-25,ST22,SKU04675,1,1.8819628
2025-12-25,ST05,SKU04677,1,1.8080574
2025-12-25,ST10,SKU04682,2,1.8741194
2025-12-25,ST03,SKU04688,3,1.8056282
2025-12-25,ST09,SKU04694,1,1.8540055
2025-12-25,ST08,SKU04699,4,1.8767593
2025-12-25,ST22,SKU04706,3,1.9106678
2025-12-25,ST26,SKU04710,3,1.8525448
2025-12-25,ST22,SKU04713,1,1.9054954
2025-12-25,ST28,SKU04721,3,1.8402431
2025-12-25,ST28,SKU04725,1,1.7236018
2025-12-25,ST07,SKU04726,1,1.8542576
2025-12-25,ST08,SKU04735,1,1.864442
2025-12-25,ST07,SKU04738,1,1.9066799
2025-12-25,ST17,SKU04749,3,1.8416653
2025-12-25,ST07,SKU04750,1,1.8012346
2025-12-25,ST20,SKU04753,2,1.9129162
2025-12-25,ST26,SKU04759,1,1.8422252
2025-12-25,ST15,SKU04760,3,2.058511
2025-12-25,ST22,SKU04764,5,1.8741589
2025-12-25,ST06,SKU04766,2,1.7984066
2025-12-25,ST12,SKU04780,1,1.9040855
2025-12-25,ST08,SKU04796,2,1.8682411
2025-12-25,ST21,SKU04801,2,1.8477414
2025-12-25,ST01,SKU04818,1,1.8524603
2025-12-25,ST07,SKU04821,2,1.8517114
2025-12-25,ST18,SKU04825,3,1.8519583
2025-12-25,ST11,SKU04835,2,1.8355447
2025-12-25,ST06,SKU04845,1,1.9522566
2025-12-25,ST08,SKU04847,1,1.8203429
2025-12-25,ST01,SKU04857,1,1.8042725
2025-12-25,ST18,SKU04861,2,1.7537367
2025-12-25,ST10,SKU04865,1,1.9187453
2025-12-25,ST05,SKU04872,1,2.0422719
2025-12-25,ST17,SKU04880,1,1.8653231
2025-12-25,ST17,SKU04883,1,1.8362763
2025-12-25,ST12,SKU04896,1,1.9099619
2025-12-25,ST23,SKU04905,1,1.9722896
2025-12-25,ST11,SKU04909,2,1.838851
2025-12-25,ST03,SKU04910,2,1.9209993
2025-12-25,ST19,SKU04913,1,1.9599526
2025-12-25,ST22,SKU04914,4,1.8921983
2025-12-25,ST29,SKU04921,1,1.8162643
2025-12-25,ST07,SKU04922,2,1.8863256
2025-12-25,ST25,SKU04924,1,2.0460954
2025-12-25,ST25,SKU04926,2,1.9954399
2025-12-25,ST08,SKU04928,1,1.8861674
2025-12-25,ST20,SKU04930,1,1.8607786
2025-12-25,ST05,SKU04934,4,1.7733845
2025-12-25,ST07,SKU04936,3,1.8230575
2025-12-25,ST06,SKU04939,1,1.8058739
2025-12-25,ST13,SKU04940,1,2.0051496
2025-12-25,ST11,SKU04954,1,1.9113225
2025-12-25,ST23,SKU04964,2,1.8652756
2025-12-25,ST14,SKU04969,1,1.7920063
2025-12-25,ST06,SKU04995,3,1.9154334
2025-12-26,ST22,SKU00002,1,1.6289654
2025-12-26,ST07,SKU00014,1,1.792762
2025-12-26,ST13,SKU00020,1,1.897429
2025-12-26,ST28,SKU00036,2,1.9052818
2025-12-26,ST18,SKU00040,1,1.8326433
2025-12-26,ST18,SKU00045,1,1.8738815
2025-12-26,ST16,SKU00048,2,1.8409073
2025-12-26,ST04,SKU00049,1,1.8591858
2025-12-26,ST30,SKU00050,4,1.8799356
2025-12-26,ST15,SKU00067,1,1.6791241
2025-12-26,ST18,SKU00076,2,1.8500413
2025-12-26,ST22,SKU00079,1,1.9091214
2025-12-26,ST18,SKU00086,3,1.925586
2025-12-26,ST20,SKU00093,1,1.8605891
2025-12-26,ST09,SKU00094,1,1.9107597
2025-12-26,ST11,SKU00096,2,1.8676268
2025-12-26,ST15,SKU00097,1,1.9495596
2025-12-26,ST04,SKU00105,1,1.8844936
2025-12-26,ST09,SKU00117,2,1.8285917
2025-12-26,ST05,SKU00126,2,1.8674982
2025-12-26,ST20,SKU00129,1,1.8820537
2025-12-26,ST17,SKU00131,1,1.8641789
2025-12-26,ST12,SKU00145,5,1.927849
2025-12-26,ST26,SKU00157,1,1.8570242
2025-12-26,ST22,SKU00158,1,1.8274906
2025-12-26,ST29,SKU00163,1,1.9109696
2025-12-26,ST18,SKU00166,3,1.9245733
2025-12-26,ST15,SKU00178,2,1.8688941
2025-12-26,ST23,SKU00179,2,1.790413
2025-12-26,ST22,SKU00182,3,1.8721526
2025-12-26,ST20,SKU00190,1,1.872872
2025-12-26,ST27,SKU00193,1,1.8221217
2025-12-26,ST07,SKU00195,1,1.8478693
2025-12-26,ST17,SKU00211,1,1.8610986
2025-12-26,ST17,SKU00231,1,1.8598036
2025-12-26,ST21,SKU00233,2,1.8366858
2025-12-26,ST30,SKU00238,3,1.8227072
2025-12-26,ST26,SKU00243,2,1.9425902
2025-12-26,ST21,SKU00252,2,1.8949691
2025-12-26,ST26,SKU00253,2,1.8349007
2025-12-26,ST23,SKU00255,1,1.8517778
2025-12-26,ST14,SKU00257,1,1.8112161
2025-12-26,ST06,SKU00260,3,1.8170865
2025-12-26,ST07,SKU00263,3,1.9087144
2025-12-26,ST30,SKU00264,1,1.8910346
2025-12-26,ST08,SKU00270,3,1.8253914
2025-12-26,ST16,SKU00283,1,1.9266855
2025-12-26,ST20,SKU00285,1,1.7311852
2025-12-26,ST28,SKU00286,1,1.7380171
2025-12-26,ST25,SKU00291,3,1.8416086
2025-12-26,ST03,SKU00298,2,1.8593919
2025-12-26,ST04,SKU00305,1,1.8440212
2025-12-26,ST04,SKU00314,1,1.8891885
2025-12-26,ST11,SKU00319,1,1.8687223
2025-12-26,ST08,SKU00325,1,1.9125744
2025-12-26,ST04,SKU00326,4,2.0392942
2025-12-26,ST26,SKU00328,1,1.917252
2025-12-26,ST14,SKU00332,1,1.9178332
2025-12-26,ST26,SKU00359,2,1.8144249
2025-12-26,ST16,SKU00361,1,1.8405253
2025-12-26,ST07,SKU00363,4,1.8796335
2025-12-26,ST23,SKU00368,1,2.0001588
2025-12-26,ST03,SKU00369,1,2.0004082
2025-12-26,ST25,SKU00376,1,1.8789955
2025-12-26,ST01,SKU00386,1,1.8885447
2025-12-26,ST22,SKU00393,1,1.8188361
2025-12-26,ST21,SKU00396,2,1.8917335
2025-12-26,ST30,SKU00406,1,1.8617462
2025-12-26,ST28,SKU00408,4,1.9095901
2025-12-26,ST18,SKU00409,2,1.8949594
2025-12-26,ST07,SKU00412,1,1.926645
2025-12-26,ST17,SKU00430,2,1.8724355
2025-12-26,ST19,SKU00436,1,1.8217964
2025-12-26,ST22,SKU00443,2,2.010976
2025-12-26,ST09,SKU00450,1,1.7790214
2025-12-26,ST13,SKU00454,5,1.8464271
2025-12-26,ST15,SKU00484,2,1.7536315
2025-12-26,ST27,SKU00496,4,1.8464078
2025-12-26,ST24,SKU00499,1,1.8860373
2025-12-26,ST08,SKU00500,2,1.802989
2025-12-26,ST04,SKU00506,3,1.876298
2025-12-26,ST25,SKU00507,1,1.8097725
2025-12-26,ST11,SKU00520,1,1.8201016
2025-12-26,ST30,SKU00531,2,1.8338757
2025-12-26,ST24,SKU00534,1,1.8332058
2025-12-26,ST29,SKU00539,2,1.8486742
2025-12-26,ST30,SKU00540,3,1.9538457
2025-12-26,ST30,SKU00544,1,1.8919969
2025-12-26,ST07,SKU00545,2,1.7756459
2025-12-26,ST26,SKU00548,2,1.8753242
2025-12-26,ST12,SKU00559,1,1.816566
2025-12-26,ST01,SKU00568,1,1.8599943
2025-12-26,ST05,SKU00569,1,2.1492946
2025-12-26,ST27,SKU00596,1,1.9569277
2025-12-26,ST29,SKU00597,4,1.8263928
2025-12-26,ST20,SKU00627,1,1.8698976
2025-12-26,ST22,SKU00628,1,1.9157888
2025-12-26,ST15,SKU00630,3,1.8674524
2025-12-26,ST08,SKU00631,1,1.8962137
2025-12-26,ST05,SKU00642,1,1.7727792
2025-12-26,ST01,SKU00656,3,1.9642841
2025-12-26,ST20,SKU00664,3,1.9424498
2025-12-26,ST20,SKU00672,2,1.8197618
2025-12-26,ST29,SKU00685,1,1.959256
2025-12-26,ST03,SKU00686,1,1.9351456
2025-12-26,ST14,SKU00692,2,1.933169
2025-12-26,ST26,SKU00693,2,1.8269917
2025-12-26,ST10,SKU00717,1,1.9098364
2025-12-26,ST20,SKU00721,3,1.8585976
2025-12-26,ST17,SKU00726,3,1.9062382
2025-12-26,ST17,SKU00728,3,1.9436216
2025-12-26,ST17,SKU00729,5,1.8002397
2025-12-26,ST05,SKU00730,2,2.0406227
2025-12-26,ST01,SKU00738,1,1.8229235
2025-12-26,ST26,SKU00763,4,1.919812
2025-12-26,ST26,SKU00773,1,1.7873231
2025-12-26,ST05,SKU00774,1,1.9457219
2025-12-26,ST07,SKU00778,2,1.9769951
2025-12-26,ST24,SKU00779,2,1.831534
2025-12-26,ST26,SKU00787,1,1.8975264
2025-12-26,ST23,SKU00791,1,1.8970184
2025-12-26,ST04,SKU00793,1,1.8293724
2025-12-26,ST27,SKU00794,1,1.8775121
2025-12-26,ST25,SKU00810,1,1.8845
2025-12-26,ST27,SKU00819,1,1.8193467
2025-12-26,ST21,SKU00823,3,1.8243129
2025-12-26,ST17,SKU00830,3,1.8934188
2025-12-26,ST21,SKU00832,3,1.8169687
2025-12-26,ST19,SKU00845,2,1.8574702
2025-12-26,ST16,SKU00846,2,2.0562832
2025-12-26,ST02,SKU00854,1,1.8351308
2025-12-26,ST22,SKU00856,1,1.7914704
2025-12-26,ST22,SKU00861,2,1.834103
2025-12-26,ST09,SKU00862,1,1.767454
2025-12-26,ST04,SKU00875,1,1.9845781
2025-12-26,ST08,SKU00885,1,1.8789834
2025-12-26,ST04,SKU00886,4,1.6506021
2025-12-26,ST22,SKU00893,3,1.870035
2025-12-26,ST20,SKU00896,3,1.9150866
2025-12-26,ST11,SKU00901,3,1.8346483
2025-12-26,ST29,SKU00917,4,1.8098384
2025-12-26,ST24,SKU00920,3,1.7341009
2025-12-26,ST08,SKU00921,4,2.0746152
2025-12-26,ST23,SKU00926,2,1.8454715
2025-12-26,ST05,SKU00927,2,1.7943277
2025-12-26,ST22,SKU00929,2,2.131247
2025-12-26,ST26,SKU00936,2,1.8601065
2025-12-26,ST17,SKU00942,3,1.9017006
2025-12-26,ST06,SKU00945,1,1.921575
2025-12-26,ST04,SKU00947,1,1.8970907
2025-12-26,ST12,SKU00952,1,1.9654888
2025-12-26,ST20,SKU00953,2,1.8564001
2025-12-26,ST26,SKU00954,1,1.8539734
2025-12-26,ST05,SKU00959,1,1.8667699
2025-12-26,ST06,SKU00964,2,1.8609062
2025-12-26,ST19,SKU00967,2,1.8099922
2025-12-26,ST08,SKU00970,1,1.8991648
2025-12-26,ST27,SKU00974,2,1.9857227
2025-12-26,ST28,SKU00994,3,1.9204129
2025-12-26,ST27,SKU00999,1,1.7902372
2025-12-26,ST19,SKU01000,4,1.8003703
2025-12-26,ST20,SKU01003,4,1.8436712
2025-12-26,ST25,SKU01007,3,1.8978815
2025-12-26,ST20,SKU01009,1,1.9212117
2025-12-26,ST28,SKU01014,2,1.9321647
2025-12-26,ST28,SKU01018,1,1.9577272
2025-12-26,ST08,SKU01021,1,1.8926644
2025-12-26,ST26,SKU01030,1,1.813354
2025-12-26,ST21,SKU01037,2,1.8110766
2025-12-26,ST17,SKU01039,1,1.8892624
2025-12-26,ST30,SKU01041,1,1.7500813
2025-12-26,ST30,SKU01045,1,1.7688972
2025-12-26,ST15,SKU01050,3,1.8617848
2025-12-26,ST13,SKU01057,2,1.8754382
2025-12-26,ST24,SKU01066,1,1.9052899
2025-12-26,ST20,SKU01079,2,1.9196104
2025-12-26,ST24,SKU01084,1,1.979048
2025-12-26,ST05,SKU01093,1,1.7784586
2025-12-26,ST23,SKU01098,1,1.8889363
2025-12-26,ST05,SKU01111,1,1.8012071
2025-12-26,ST12,SKU01114,2,1.8409202
2025-12-26,ST13,SKU01115,2,1.8639412
2025-12-26,ST17,SKU01126,1,1.82675
2025-12-26,ST11,SKU01133,3,1.8024763
2025-12-26,ST04,SKU01137,3,1.8650645
2025-12-26,ST28,SKU01138,1,1.7871579
2025-12-26,ST08,SKU01141,5,1.8464861
2025-12-26,ST04,SKU01146,2,1.8186858
2025-12-26,ST08,SKU01153,1,1.9546672
2025-12-26,ST15,SKU01161,2,1.9083052
2025-12-26,ST25,SKU01164,1,1.820233
2025-12-26,ST26,SKU01165,1,1.8198962
2025-12-26,ST14,SKU01188,1,1.7223202
2025-12-26,ST24,SKU01189,1,1.7655071
2025-12-26,ST20,SKU01196,1,1.7463595
2025-12-26,ST01,SKU01201,1,1.8971727
2025-12-26,ST05,SKU01210,4,1.9069676
2025-12-26,ST05,SKU01220,2,1.8919561
2025-12-26,ST12,SKU01223,1,1.8469106
2025-12-26,ST11,SKU01242,2,1.922065
2025-12-26,ST24,SKU01245,5,1.8371344
2025-12-26,ST11,SKU01246,3,1.9194494
2025-12-26,ST12,SKU01248,1,1.8304757
2025-12-26,ST07,SKU01264,1,2.0216894
2025-12-26,ST09,SKU01275,1,1.8346409
2025-12-26,ST14,SKU01277,1,1.8243954
2025-12-26,ST12,SKU01301,1,1.8906174
2025-12-26,ST05,SKU01309,5,1.8204411
2025-12-26,ST29,SKU01317,1,1.8051844
2025-12-26,ST07,SKU01327,3,1.8317217
2025-12-26,ST28,SKU01328,1,1.8750473
2025-12-26,ST19,SKU01329,1,1.7364309
2025-12-26,ST27,SKU01331,4,1.7604158
2025-12-26,ST08,SKU01332,1,1.9562731
2025-12-26,ST29,SKU01338,1,1.8993397
2025-12-26,ST14,SKU01341,2,1.9525048
2025-12-26,ST27,SKU01343,1,1.8409616
2025-12-26,ST30,SKU01350,1,1.8335056
2025-12-26,ST06,SKU01351,1,1.8537982
2025-12-26,ST06,SKU01363,1,1.7891132
2025-12-26,ST11,SKU01368,1,1.8752401
2025-12-26,ST30,SKU01370,3,1.9915721
2025-12-26,ST29,SKU01371,3,1.8519593
2025-12-26,ST21,SKU01374,3,1.8180796
2025-12-26,ST29,SKU01385,1,1.8476225
2025-12-26,ST03,SKU01398,3,1.8498843
2025-12-26,ST29,SKU01399,1,1.8769289
2025-12-26,ST09,SKU01401,1,1.8097146
2025-12-26,ST22,SKU01402,3,1.8817962
2025-12-26,ST24,SKU01410,1,1.9080883
2025-12-26,ST15,SKU01414,2,1.8435962
2025-12-26,ST28,SKU01420,4,1.8181036
2025-12-26,ST07,SKU01429,1,1.9019791
2025-12-26,ST06,SKU01438,1,1.7880465
2025-12-26,ST24,SKU01449,1,1.8779414
2025-12-26,ST04,SKU01450,1,1.9288846
2025-12-26,ST30,SKU01466,1,1.8582348
2025-12-26,ST12,SKU01469,3,1.6977304
2025-12-26,ST17,SKU01470,1,1.80968
2025-12-26,ST23,SKU01477,1,1.901475
2025-12-26,ST07,SKU01485,2,1.896099
2025-12-26,ST18,SKU01491,3,1.8217746
2025-12-26,ST16,SKU01494,3,1.9236676
2025-12-26,ST20,SKU01499,1,1.821528
2025-12-26,ST12,SKU01507,4,1.8697672
2025-12-26,ST14,SKU01540,1,1.8366213
2025-12-26,ST16,SKU01547,2,1.9472706
2025-12-26,ST05,SKU01550,1,1.8428025
2025-12-26,ST13,SKU01555,1,1.8358881
2025-12-26,ST05,SKU01556,3,1.8362842
2025-12-26,ST17,SKU01563,2,1.8221726
2025-12-26,ST03,SKU01568,4,1.7840816
2025-12-26,ST28,SKU01581,1,1.8676058
2025-12-26,ST28,SKU01590,1,1.8452098
2025-12-26,ST29,SKU01591,1,1.8822346
2025-12-26,ST12,SKU01624,1,1.7951263
2025-12-26,ST09,SKU01632,1,1.904256
2025-12-26,ST30,SKU01636,1,1.8319737
2025-12-26,ST18,SKU01645,2,1.8850003
2025-12-26,ST25,SKU01651,1,1.7185093
2025-12-26,ST26,SKU01657,1,1.8728434
2025-12-26,ST18,SKU01660,1,2.0285833
2025-12-26,ST26,SKU01677,1,1.8942326
2025-12-26,ST26,SKU01683,1,2.0702326
2025-12-26,ST17,SKU01685,1,1.8817487
2025-12-26,ST15,SKU01687,2,1.8576035
2025-12-26,ST04,SKU01695,1,1.8954847
2025-12-26,ST20,SKU01701,1,1.830757
2025-12-26,ST12,SKU01704,1,1.8577243
2025-12-26,ST25,SKU01714,3,1.8423723
2025-12-26,ST14,SKU01718,1,1.8870832
2025-12-26,ST29,SKU01723,2,1.8739568
2025-12-26,ST25,SKU01728,1,1.8124275
2025-12-26,ST17,SKU01730,1,1.891347
2025-12-26,ST20,SKU01732,2,4.112748
2025-12-26,ST24,SKU01735,1,1.9189665
2025-12-26,ST22,SKU01736,1,1.8622526
2025-12-26,ST12,SKU01737,1,1.9467548
2025-12-26,ST04,SKU01744,3,1.9612844
2025-12-26,ST20,SKU01746,3,1.9953704
2025-12-26,ST20,SKU01751,3,1.896489
2025-12-26,ST08,SKU01752,1,1.9650962
2025-12-26,ST26,SKU01769,3,1.8415933
2025-12-26,ST12,SKU01773,2,1.9405987
2025-12-26,ST21,SKU01774,3,1.7766908
2025-12-26,ST15,SKU01775,1,1.8525897
2025-12-26,ST24,SKU01793,1,1.7688242
2025-12-26,ST26,SKU01815,1,1.8074648
2025-12-26,ST30,SKU01818,1,1.8177294
2025-12-26,ST03,SKU01828,1,1.8329018
2025-12-26,ST17,SKU01829,5,1.8980843
2025-12-26,ST11,SKU01836,3,1.8437974
2025-12-26,ST22,SKU01843,4,1.8757684
2025-12-26,ST03,SKU01846,4,1.8537866
2025-12-26,ST16,SKU01849,4,1.8994362
2025-12-26,ST18,SKU01872,1,1.8977171
2025-12-26,ST16,SKU01878,3,1.823391
2025-12-26,ST30,SKU01880,1,1.8452291
2025-12-26,ST29,SKU01882,3,1.8461481
2025-12-26,ST01,SKU01894,2,1.8821809
2025-12-26,ST26,SKU01900,2,1.848361
2025-12-26,ST04,SKU01902,1,1.7538066
2025-12-26,ST26,SKU01904,3,1.8143878
2025-12-26,ST22,SKU01913,3,1.9397833
2025-12-26,ST30,SKU01914,1,1.8606931
2025-12-26,ST21,SKU01916,1,1.84674
2025-12-26,ST10,SKU01926,2,1.9315655
2025-12-26,ST17,SKU01928,2,1.9130994
2025-12-26,ST27,SKU01931,2,1.8554357
2025-12-26,ST28,SKU01933,1,1.8048239
2025-12-26,ST17,SKU01939,1,2.1198945
2025-12-26,ST01,SKU01950,1,1.7097123
2025-12-26,ST28,SKU01951,3,1.8853073
2025-12-26,ST29,SKU01953,1,1.8562834
2025-12-26,ST14,SKU01968,2,1.8908281
2025-12-26,ST03,SKU01976,3,1.8380278
2025-12-26,ST22,SKU01979,2,1.8686284
2025-12-26,ST21,SKU01982,2,1.8090576
2025-12-26,ST19,SKU01985,1,1.8202778
2025-12-26,ST04,SKU01988,3,1.9010482
2025-12-26,ST29,SKU01989,2,1.8226988
2025-12-26,ST16,SKU01990,1,1.832142
2025-12-26,ST05,SKU01992,1,1.8588965
2025-12-26,ST22,SKU01994,3,1.9541684
2025-12-26,ST09,SKU02004,4,2.0327091
2025-12-26,ST29,SKU02006,5,1.8444735
2025-12-26,ST18,SKU02009,3,1.8400182
2025-12-26,ST17,SKU02022,1,1.8242255
2025-12-26,ST22,SKU02024,2,1.7398938
2025-12-26,ST22,SKU02027,3,1.9035779
2025-12-26,ST05,SKU02034,1,1.8592609
2025-12-26,ST07,SKU02037,3,1.8131058
2025-12-26,ST14,SKU02050,1,1.8298738
2025-12-26,ST29,SKU02051,1,1.7900543
2025-12-26,ST22,SKU02078,5,1.8725152
2025-12-26,ST25,SKU02081,2,1.7718328
2025-12-26,ST16,SKU02084,1,1.8896364
2025-12-26,ST30,SKU02087,1,2.1394157
2025-12-26,ST27,SKU02090,1,1.7974019
2025-12-26,ST20,SKU02091,4,1.8126317
2025-12-26,ST13,SKU02105,2,2.06975
2025-12-26,ST27,SKU02107,2,1.794068
2025-12-26,ST25,SKU02108,3,1.8537703
2025-12-26,ST24,SKU02109,3,1.8853263
2025-12-26,ST08,SKU02111,1,1.8343948
2025-12-26,ST20,SKU02118,1,1.8702193
2025-12-26,ST09,SKU02129,1,1.5618535
2025-12-26,ST13,SKU02130,1,1.8961068
2025-12-26,ST24,SKU02141,3,1.9423974
2025-12-26,ST01,SKU02142,1,1.8155518
2025-12-26,ST05,SKU02155,1,1.7682462
2025-12-26,ST01,SKU02162,3,1.8113818
2025-12-26,ST11,SKU02164,2,1.801585
2025-12-26,ST20,SKU02165,2,1.8529116
2025-12-26,ST14,SKU02167,1,1.6761518
2025-12-26,ST04,SKU02176,2,1.9365531
2025-12-26,ST06,SKU02178,1,1.8814521
2025-12-26,ST08,SKU02183,2,1.801253
2025-12-26,ST07,SKU02186,1,1.8822029
2025-12-26,ST12,SKU02191,3,1.7957345
2025-12-26,ST10,SKU02208,1,1.8202808
2025-12-26,ST22,SKU02209,2,2.0441637
2025-12-26,ST06,SKU02215,4,1.7993218
2025-12-26,ST29,SKU02216,1,1.8207492
2025-12-26,ST26,SKU02218,2,1.8590091
2025-12-26,ST13,SKU02223,1,1.9079506
2025-12-26,ST29,SKU02234,3,1.8506774
2025-12-26,ST16,SKU02244,1,1.7958066
2025-12-26,ST03,SKU02247,3,2.0804496
2025-12-26,ST22,SKU02248,1,1.8014301
2025-12-26,ST11,SKU02252,1,1.8931648
2025-12-26,ST06,SKU02254,1,1.8119076
2025-12-26,ST25,SKU02257,4,1.7912872
2025-12-26,ST13,SKU02258,1,1.7112174
2025-12-26,ST19,SKU02268,1,1.79464
2025-12-26,ST18,SKU02270,1,1.905294
2025-12-26,ST20,SKU02297,3,1.8981078
2025-12-26,ST24,SKU02298,5,1.8254701
2025-12-26,ST01,SKU02300,2,1.8419871
2025-12-26,ST15,SKU02301,4,1.9088728
2025-12-26,ST11,SKU02305,4,1.6620597
2025-12-26,ST07,SKU02311,1,1.8553255
2025-12-26,ST05,SKU02313,1,1.8069435
2025-12-26,ST17,SKU02314,1,1.7083231
2025-12-26,ST19,SKU02325,1,1.835435
2025-12-26,ST13,SKU02331,1,1.9138635
2025-12-26,ST08,SKU02336,2,1.8283006
2025-12-26,ST17,SKU02350,2,1.8804022
2025-12-26,ST02,SKU02355,1,1.8336252
2025-12-26,ST29,SKU02357,1,1.819042
2025-12-26,ST29,SKU02366,1,1.8620847
2025-12-26,ST21,SKU02367,3,1.8860598
2025-12-26,ST07,SKU02368,1,1.7677189
2025-12-26,ST21,SKU02373,2,1.963596
2025-12-26,ST17,SKU02376,3,1.8393222
2025-12-26,ST08,SKU02382,1,1.9706128
2025-12-26,ST05,SKU02384,1,1.8332081
2025-12-26,ST02,SKU02396,1,1.863453
2025-12-26,ST29,SKU02401,1,1.9383537
2025-12-26,ST16,SKU02407,1,1.9730788
2025-12-26,ST12,SKU02411,4,1.8829412
2025-12-26,ST06,SKU02417,3,1.9553679
2025-12-26,ST27,SKU02420,2,1.8385311
2025-12-26,ST08,SKU02429,1,1.8304394
2025-12-26,ST30,SKU02431,3,1.9069047
2025-12-26,ST25,SKU02434,1,1.8098565
2025-12-26,ST30,SKU02449,1,1.9323753
2025-12-26,ST18,SKU02450,1,1.8422045
2025-12-26,ST14,SKU02457,2,1.7636582
2025-12-26,ST01,SKU02469,3,1.8572751
2025-12-26,ST18,SKU02474,1,1.9286294
2025-12-26,ST08,SKU02478,2,1.8042141
2025-12-26,ST02,SKU02484,1,1.7777674
2025-12-26,ST22,SKU02486,5,1.7689059
2025-12-26,ST04,SKU02503,3,2.049916
2025-12-26,ST08,SKU02516,2,1.8715307
2025-12-26,ST22,SKU02517,1,1.7660527
2025-12-26,ST15,SKU02526,3,1.8154497
2025-12-26,ST27,SKU02531,1,1.8955215
2025-12-26,ST14,SKU02536,3,1.8504668
2025-12-26,ST15,SKU02537,1,1.8943056
2025-12-26,ST25,SKU02538,2,1.6729552
2025-12-26,ST16,SKU02540,1,1.8185755
2025-12-26,ST06,SKU02555,3,1.7988832
2025-12-26,ST27,SKU02576,3,1.835748
2025-12-26,ST03,SKU02596,4,1.8468926
2025-12-26,ST22,SKU02602,1,1.8836634
2025-12-26,ST04,SKU02611,1,1.8511286
2025-12-26,ST25,SKU02612,1,1.8531936
2025-12-26,ST06,SKU02614,1,1.8851751
2025-12-26,ST28,SKU02618,1,1.7852963
2025-12-26,ST28,SKU02629,3,1.7891748
2025-12-26,ST17,SKU02640,2,1.8474466
2025-12-26,ST26,SKU02659,1,1.8465098
2025-12-26,ST01,SKU02660,2,1.798398
2025-12-26,ST06,SKU02670,1,1.8764354
2025-12-26,ST10,SKU02676,4,1.8820184
2025-12-26,ST26,SKU02681,2,1.7980887
2025-12-26,ST26,SKU02683,4,1.7918458
2025-12-26,ST26,SKU02694,1,1.8205591
2025-12-26,ST05,SKU02698,1,1.8931792
2025-12-26,ST20,SKU02702,2,1.8580304
2025-12-26,ST17,SKU02703,1,1.99268
2025-12-26,ST06,SKU02712,3,1.8817066
2025-12-26,ST20,SKU02720,2,2.100231
2025-12-26,ST21,SKU02731,1,2.0457544
2025-12-26,ST25,SKU02736,1,1.9338893
2025-12-26,ST11,SKU02737,1,1.9002547
2025-12-26,ST26,SKU02738,1,1.9643195
2025-12-26,ST19,SKU02740,1,1.845605
2025-12-26,ST03,SKU02747,2,1.7465992
2025-12-26,ST30,SKU02752,1,1.7941164
2025-12-26,ST28,SKU02764,2,1.7852689
2025-12-26,ST05,SKU02769,4,1.8273995
2025-12-26,ST20,SKU02776,1,1.8670008
2025-12-26,ST20,SKU02788,3,2.0027332
2025-12-26,ST29,SKU02790,2,1.9072134
2025-12-26,ST14,SKU02791,2,1.8871098
2025-12-26,ST12,SKU02792,2,1.8069885
2025-12-26,ST11,SKU02812,1,1.8657212
2025-12-26,ST29,SKU02814,1,1.806799
2025-12-26,ST09,SKU02819,2,1.7141658
2025-12-26,ST28,SKU02821,3,1.8716031
2025-12-26,ST28,SKU02825,1,1.8851196
2025-12-26,ST21,SKU02826,1,1.8477128
2025-12-26,ST27,SKU02833,2,1.7620612
2025-12-26,ST20,SKU02836,1,1.8480016
2025-12-26,ST29,SKU02840,4,1.8744289
2025-12-26,ST07,SKU02848,1,1.8116547
2025-12-26,ST19,SKU02852,2,1.8274589
2025-12-26,ST22,SKU02858,1,1.7887889
2025-12-26,ST23,SKU02863,1,1.8307341
2025-12-26,ST26,SKU02864,3,1.8677521
2025-12-26,ST09,SKU02870,2,1.7829229
2025-12-26,ST12,SKU02876,1,1.847489
2025-12-26,ST08,SKU02879,5,1.9008123
2025-12-26,ST15,SKU02899,1,1.9544154
2025-12-26,ST25,SKU02902,3,1.8489532
2025-12-26,ST18,SKU02906,1,1.9099818
2025-12-26,ST20,SKU02923,1,1.8098013
2025-12-26,ST21,SKU02924,4,2.0534236
2025-12-26,ST17,SKU02928,1,1.8937012
2025-12-26,ST06,SKU02930,1,1.7362419
2025-12-26,ST25,SKU02931,2,1.9242449
2025-12-26,ST21,SKU02932,2,1.8581029
2025-12-26,ST22,SKU02939,1,1.850138
2025-12-26,ST26,SKU02950,1,1.7963346
2025-12-26,ST10,SKU02952,2,1.9070268
2025-12-26,ST28,SKU02954,3,1.9997962
2025-12-26,ST27,SKU02973,5,1.8360463
2025-12-26,ST27,SKU02981,1,1.9121385
2025-12-26,ST25,SKU02983,2,1.9509075
2025-12-26,ST17,SKU02988,1,1.8167652
2025-12-26,ST16,SKU03018,2,1.803091
2025-12-26,ST26,SKU03024,2,1.8398529
2025-12-26,ST27,SKU03026,2,1.9398654
2025-12-26,ST06,SKU03030,1,1.7180591
2025-12-26,ST12,SKU03031,2,2.042559
2025-12-26,ST30,SKU03034,1,1.9602394
2025-12-26,ST04,SKU03043,2,1.9284476
2025-12-26,ST24,SKU03055,1,2.0291464
2025-12-26,ST04,SKU03060,2,1.7638015
2025-12-26,ST06,SKU03062,1,1.9382285
2025-12-26,ST25,SKU03063,3,2.598924
2025-12-26,ST28,SKU03066,1,1.8374549
2025-12-26,ST02,SKU03074,1,1.8634702
2025-12-26,ST22,SKU03086,1,1.8637346
2025-12-26,ST07,SKU03088,1,2.1760197
2025-12-26,ST08,SKU03105,4,1.7346053
2025-12-26,ST17,SKU03107,1,1.8218626
2025-12-26,ST06,SKU03110,2,1.8354661
2025-12-26,ST17,SKU03115,4,2.0771868
2025-12-26,ST28,SKU03122,1,1.8284246
2025-12-26,ST28,SKU03130,3,1.8137028
2025-12-26,ST23,SKU03132,3,1.8514777
2025-12-26,ST07,SKU03133,2,1.9589901
2025-12-26,ST01,SKU03139,1,1.6902182
2025-12-26,ST21,SKU03149,3,1.9384625
2025-12-26,ST12,SKU03154,1,2.0120254
2025-12-26,ST10,SKU03158,2,1.8312356
2025-12-26,ST25,SKU03166,1,1.9016593
2025-12-26,ST20,SKU03174,1,1.8251171
2025-12-26,ST27,SKU03195,3,1.7555912
2025-12-26,ST30,SKU03203,1,2.097563
2025-12-26,ST12,SKU03209,1,1.7958517
2025-12-26,ST22,SKU03215,1,1.8487817
2025-12-26,ST29,SKU03220,3,1.8580986
2025-12-26,ST06,SKU03232,1,1.853734
2025-12-26,ST20,SKU03233,1,1.8013896
2025-12-26,ST08,SKU03241,2,1.8285148
2025-12-26,ST25,SKU03253,1,1.7568847
2025-12-26,ST29,SKU03259,2,1.6975323
2025-12-26,ST16,SKU03282,3,1.9116418
2025-12-26,ST29,SKU03292,4,1.8760304
2025-12-26,ST11,SKU03309,1,1.9109966
2025-12-26,ST30,SKU03318,1,1.826173
2025-12-26,ST14,SKU03322,1,1.8945388
2025-12-26,ST07,SKU03323,1,1.5931947
2025-12-26,ST06,SKU03325,1,1.8972399
2025-12-26,ST13,SKU03328,1,1.8917303
2025-12-26,ST15,SKU03347,2,1.8517096
2025-12-26,ST23,SKU03353,1,2.0526824
2025-12-26,ST17,SKU03371,3,1.8864392
2025-12-26,ST22,SKU03372,3,1.8195386
2025-12-26,ST16,SKU03378,3,1.8648317
2025-12-26,ST21,SKU03385,1,1.7554475
2025-12-26,ST16,SKU03395,1,1.8467283
2025-12-26,ST28,SKU03396,2,1.8251749
2025-12-26,ST29,SKU03397,2,2.1139035
2025-12-26,ST04,SKU03402,1,1.9345031
2025-12-26,ST07,SKU03408,1,1.8368218
2025-12-26,ST01,SKU03423,1,1.8756993
2025-12-26,ST20,SKU03425,2,1.9712139
2025-12-26,ST21,SKU03430,4,1.8574481
2025-12-26,ST24,SKU03443,2,1.8225349
2025-12-26,ST17,SKU03460,1,1.7635435
2025-12-26,ST16,SKU03468,1,1.8672006
2025-12-26,ST05,SKU03469,1,1.8757612
2025-12-26,ST18,SKU03488,1,1.8875226
2025-12-26,ST21,SKU03490,3,1.8245288
2025-12-26,ST08,SKU03500,1,1.8635902
2025-12-26,ST05,SKU03501,3,1.8884939
2025-12-26,ST19,SKU03505,2,1.9632778
2025-12-26,ST01,SKU03516,1,2.0137959
2025-12-26,ST12,SKU03518,1,1.8502735
2025-12-26,ST16,SKU03524,3,1.8586125
2025-12-26,ST28,SKU03528,1,1.8678536
2025-12-26,ST14,SKU03529,2,1.9717617
2025-12-26,ST22,SKU03532,1,1.7069358
2025-12-26,ST21,SKU03535,1,1.8695551
2025-12-26,ST08,SKU03545,1,1.9373418
2025-12-26,ST19,SKU03552,1,1.8292141
2025-12-26,ST07,SKU03553,1,1.6856971
2025-12-26,ST15,SKU03554,1,1.8621442
2025-12-26,ST05,SKU03568,1,1.9705801
2025-12-26,ST14,SKU03580,3,1.9116596
2025-12-26,ST04,SKU03586,1,1.8650315
2025-12-26,ST04,SKU03588,1,1.8433864
2025-12-26,ST22,SKU03611,1,1.7013441
2025-12-26,ST04,SKU03613,1,1.9064329
2025-12-26,ST26,SKU03616,1,1.9270204
2025-12-26,ST11,SKU03623,1,1.8183867
2025-12-26,ST20,SKU03626,4,1.9472952
2025-12-26,ST18,SKU03639,1,1.8216693
2025-12-26,ST22,SKU03647,1,1.78524
2025-12-26,ST21,SKU03652,3,1.832786
2025-12-26,ST02,SKU03679,2,1.9166316
2025-12-26,ST11,SKU03682,2,1.8214474
2025-12-26,ST22,SKU03684,1,1.8073469
2025-12-26,ST25,SKU03688,1,1.908385
2025-12-26,ST14,SKU03702,1,2.1443164
2025-12-26,ST18,SKU03705,2,1.8944125
2025-12-26,ST30,SKU03727,4,1.7756733
2025-12-26,ST27,SKU03728,2,1.8463877
2025-12-26,ST06,SKU03733,1,1.8809863
2025-12-26,ST27,SKU03740,4,2.136065
2025-12-26,ST07,SKU03742,1,1.8609129
2025-12-26,ST18,SKU03745,4,1.9158448
2025-12-26,ST26,SKU03755,4,1.9634556
2025-12-26,ST21,SKU03761,3,1.8169475
2025-12-26,ST15,SKU03783,1,1.8380312
2025-12-26,ST21,SKU03800,1,1.8757892
2025-12-26,ST14,SKU03802,1,1.8577121
2025-12-26,ST24,SKU03804,3,1.8735867
2025-12-26,ST16,SKU03808,4,1.8602706
2025-12-26,ST01,SKU03812,2,1.8347558
2025-12-26,ST24,SKU03819,2,1.8852018
2025-12-26,ST12,SKU03820,4,1.9444343
2025-12-26,ST06,SKU03832,3,1.8573132
2025-12-26,ST24,SKU03840,1,1.6967123
2025-12-26,ST05,SKU03851,1,2.0313482
2025-12-26,ST08,SKU03852,1,1.8743196
2025-12-26,ST07,SKU03854,3,1.9259804
2025-12-26,ST08,SKU03870,1,2.0082536
2025-12-26,ST04,SKU03880,2,1.8296254
2025-12-26,ST07,SKU03891,1,1.8059553
2025-12-26,ST22,SKU03901,4,1.8673688
2025-12-26,ST30,SKU03906,3,1.8407295
2025-12-26,ST29,SKU03907,2,1.8869513
2025-12-26,ST03,SKU03919,1,1.8198345
2025-12-26,ST12,SKU03923,1,1.8850623
2025-12-26,ST28,SKU03925,2,1.9369967
2025-12-26,ST24,SKU03931,3,1.8775305
2025-12-26,ST04,SKU03947,2,1.8072321
2025-12-26,ST26,SKU03962,1,1.7777488
2025-12-26,ST12,SKU03974,3,1.8793521
2025-12-26,ST16,SKU03979,1,2.118802
2025-12-26,ST26,SKU03992,1,1.8286319
2025-12-26,ST20,SKU03997,1,1.8540899
2025-12-26,ST17,SKU04012,2,1.8952817
2025-12-26,ST28,SKU04016,2,1.7598516
2025-12-26,ST10,SKU04032,2,1.9500694
2025-12-26,ST03,SKU04033,2,1.8291066
2025-12-26,ST21,SKU04035,3,1.8339717
2025-12-26,ST27,SKU04037,1,1.9442836
2025-12-26,ST19,SKU04039,1,1.8126469
2025-12-26,ST17,SKU04041,3,1.798062
2025-12-26,ST26,SKU04042,1,1.7286252
2025-12-26,ST12,SKU04046,1,1.7689602
2025-12-26,ST15,SKU04051,2,1.8937278
2025-12-26,ST20,SKU04058,5,1.8642659
2025-12-26,ST24,SKU04060,2,2.0041943
2025-12-26,ST24,SKU04064,3,1.9450202
2025-12-26,ST05,SKU04078,1,1.7887883
2025-12-26,ST19,SKU04088,1,1.8961323
2025-12-26,ST05,SKU04096,1,1.9309939
2025-12-26,ST29,SKU04103,5,1.8639045
2025-12-26,ST28,SKU04105,3,2.066902
2025-12-26,ST08,SKU04136,1,1.8613282
2025-12-26,ST08,SKU04143,1,1.8446007
2025-12-26,ST14,SKU04150,2,1.7815667
2025-12-26,ST19,SKU04152,1,2.1492825
2025-12-26,ST29,SKU04154,2,1.8328867
2025-12-26,ST22,SKU04157,3,1.8683004
2025-12-26,ST29,SKU04166,2,1.751083
2025-12-26,ST06,SKU04168,3,1.9432397
2025-12-26,ST08,SKU04185,3,1.9766147
2025-12-26,ST18,SKU04191,3,1.9518279
2025-12-26,ST19,SKU04201,1,1.7988454
2025-12-26,ST22,SKU04204,3,1.8965204
2025-12-26,ST11,SKU04208,3,1.8888252
2025-12-26,ST12,SKU04211,1,1.8045849
2025-12-26,ST08,SKU04218,3,1.8700775
2025-12-26,ST17,SKU04225,3,1.8517544
2025-12-26,ST05,SKU04227,4,1.8068297
2025-12-26,ST09,SKU04237,1,1.854028
2025-12-26,ST18,SKU04245,1,1.8001359
2025-12-26,ST17,SKU04255,3,1.8555237
2025-12-26,ST21,SKU04256,1,1.8436152
2025-12-26,ST22,SKU04262,3,2.0288641
2025-12-26,ST17,SKU04275,3,1.8873816
2025-12-26,ST13,SKU04276,1,1.8975923
2025-12-26,ST09,SKU04286,1,1.8561505
2025-12-26,ST29,SKU04288,1,1.9248154
2025-12-26,ST05,SKU04289,1,1.8813573
2025-12-26,ST28,SKU04315,1,1.8733282
2025-12-26,ST14,SKU04317,2,1.7973278
2025-12-26,ST26,SKU04319,1,1.7966434
2025-12-26,ST30,SKU04321,7,5.589735
2025-12-26,ST20,SKU04323,1,1.8598026
2025-12-26,ST07,SKU04328,1,1.7177521
2025-12-26,ST28,SKU04329,1,2.0604906
2025-12-26,ST16,SKU04337,1,1.7970176
2025-12-26,ST14,SKU04338,1,1.889641
2025-12-26,ST04,SKU04339,3,1.8316386
2025-12-26,ST02,SKU04341,1,1.9049747
2025-12-26,ST22,SKU04350,3,1.8462808
2025-12-26,ST30,SKU04359,1,1.9355537
2025-12-26,ST12,SKU04361,1,1.8711671
2025-12-26,ST29,SKU04365,2,1.7840792
2025-12-26,ST16,SKU04367,2,1.9014812
2025-12-26,ST22,SKU04372,2,1.8494946
2025-12-26,ST10,SKU04373,2,1.8785734
2025-12-26,ST14,SKU04376,4,1.8872
2025-12-26,ST17,SKU04378,1,1.8507674
2025-12-26,ST01,SKU04379,1,1.9046923
2025-12-26,ST30,SKU04381,1,1.914295
2025-12-26,ST22,SKU04386,1,1.8456752
2025-12-26,ST26,SKU04405,1,1.8530298
2025-12-26,ST22,SKU04415,1,1.8645035
2025-12-26,ST26,SKU04417,2,1.8977407
2025-12-26,ST21,SKU04422,1,1.8431789
2025-12-26,ST23,SKU04425,1,1.9024998
2025-12-26,ST25,SKU04426,1,1.864332
2025-12-26,ST23,SKU04430,1,1.8062748
2025-12-26,ST14,SKU04433,2,1.8421175
2025-12-26,ST07,SKU04445,3,1.9061642
2025-12-26,ST01,SKU04447,2,1.8721523
2025-12-26,ST26,SKU04453,1,1.8785826
2025-12-26,ST27,SKU04458,2,1.8712003
2025-12-26,ST07,SKU04459,2,1.8768207
2025-12-26,ST03,SKU04463,5,1.9100785
2025-12-26,ST17,SKU04465,5,1.9008203
2025-12-26,ST26,SKU04466,1,1.8577203
2025-12-26,ST20,SKU04469,3,1.8813101
2025-12-26,ST15,SKU04479,4,1.8654983
2025-12-26,ST17,SKU04484,1,1.8747966
2025-12-26,ST13,SKU04490,1,1.8685656
2025-12-26,ST28,SKU04498,1,1.9087198
2025-12-26,ST06,SKU04508,1,1.860268
2025-12-26,ST27,SKU04515,1,1.8259517
2025-12-26,ST14,SKU04519,4,1.8171451
2025-12-26,ST23,SKU04520,1,1.8254808
2025-12-26,ST17,SKU04523,2,1.8218272
2025-12-26,ST15,SKU04525,2,1.8459916
2025-12-26,ST26,SKU04538,2,1.971023
2025-12-26,ST29,SKU04541,5,1.8380529
2025-12-26,ST25,SKU04551,2,1.8928866
2025-12-26,ST14,SKU04556,3,1.8648107
2025-12-26,ST29,SKU04562,3,1.9511029
2025-12-26,ST04,SKU04568,3,1.8730193
2025-12-26,ST30,SKU04571,1,1.5885494
2025-12-26,ST13,SKU04574,1,1.853412
2025-12-26,ST23,SKU04585,1,1.8927273
2025-12-26,ST28,SKU04588,1,1.8198574
2025-12-26,ST30,SKU04592,1,1.8592485
2025-12-26,ST29,SKU04596,6,6.5849905
2025-12-26,ST01,SKU04604,1,1.954211
2025-12-26,ST28,SKU04623,1,1.8520135
2025-12-26,ST30,SKU04632,1,1.8525704
2025-12-26,ST27,SKU04637,2,1.9047066
2025-12-26,ST14,SKU04642,1,1.8839784
2025-12-26,ST22,SKU04646,1,1.7849694
2025-12-26,ST28,SKU04647,1,1.8167622
2025-12-26,ST04,SKU04662,3,1.9551737
2025-12-26,ST21,SKU04663,4,1.8282592
2025-12-26,ST24,SKU04695,4,1.8757187
2025-12-26,ST28,SKU04714,1,1.892847
2025-12-26,ST22,SKU04721,2,1.8176972
2025-12-26,ST06,SKU04727,2,1.8894831
2025-12-26,ST06,SKU04735,3,1.767594
2025-12-26,ST17,SKU04739,3,1.8765894
2025-12-26,ST21,SKU04748,2,1.9065062
2025-12-26,ST29,SKU04756,3,1.7213603
2025-12-26,ST21,SKU04771,1,1.7106638
2025-12-26,ST26,SKU04783,2,1.9403735
2025-12-26,ST27,SKU04784,1,1.8763217
2025-12-26,ST09,SKU04788,2,1.8072846
2025-12-26,ST23,SKU04794,1,1.9529195
2025-12-26,ST27,SKU04798,5,1.9081976
2025-12-26,ST25,SKU04821,2,1.8422445
2025-12-26,ST29,SKU04824,3,2.021325
2025-12-26,ST11,SKU04827,2,1.7972702
2025-12-26,ST01,SKU04856,1,1.707833
2025-12-26,ST29,SKU04870,1,1.7328013
2025-12-26,ST03,SKU04877,2,1.9389439
2025-12-26,ST24,SKU04882,1,2.004097
2025-12-26,ST20,SKU04902,2,1.7884514
2025-12-26,ST24,SKU04903,3,1.8851697
2025-12-26,ST12,SKU04909,2,1.9085702
2025-12-26,ST07,SKU04911,1,1.8699737
2025-12-26,ST22,SKU04913,3,1.7958826
2025-12-26,ST22,SKU04924,1,1.8157666
2025-12-26,ST08,SKU04926,1,2.0032635
2025-12-26,ST06,SKU04934,3,1.8967556
2025-12-26,ST08,SKU04936,2,1.8931879
2025-12-26,ST03,SKU04942,3,1.8443412
2025-12-26,ST27,SKU04973,1,1.8144037
2025-12-26,ST20,SKU04976,1,1.8846437
2025-12-26,ST30,SKU04979,2,1.8617299
2025-12-26,ST25,SKU04980,2,1.9429953
2025-12-26,ST03,SKU04987,1,1.8095238
2025-12-26,ST02,SKU04991,1,1.8381529
2025-12-26,ST16,SKU04995,2,1.9369613
2025-12-27,ST18,SKU00002,5,1.8146175
2025-12-27,ST04,SKU00028,1,1.8398422
2025-12-27,ST21,SKU00029,2,1.8602775
2025-12-27,ST08,SKU00036,1,1.941483
2025-12-27,ST21,SKU00047,1,1.850182
2025-12-27,ST07,SKU00048,5,1.8398776
2025-12-27,ST06,SKU00050,1,2.1174095
2025-12-27,ST23,SKU00055,2,1.8280004
2025-12-27,ST06,SKU00060,1,1.8254062
2025-12-27,ST04,SKU00070,4,1.840393
2025-12-27,ST09,SKU00076,4,1.871953
2025-12-27,ST30,SKU00079,4,1.7976058
2025-12-27,ST29,SKU00083,1,1.8430058
2025-12-27,ST21,SKU00088,2,1.8926436
2025-12-27,ST29,SKU00089,1,1.7324288
2025-12-27,ST07,SKU00092,1,1.7050117
2025-12-27,ST03,SKU00098,1,1.8469329
2025-12-27,ST06,SKU00131,1,2.072504
2025-12-27,ST29,SKU00143,1,1.686363
2025-12-27,ST02,SKU00155,1,1.7181625
2025-12-27,ST29,SKU00169,3,1.8006483
2025-12-27,ST04,SKU00178,1,1.8903817
2025-12-27,ST25,SKU00180,1,1.9511441
2025-12-27,ST29,SKU00190,3,1.9431978
2025-12-27,ST09,SKU00201,1,1.8366661
2025-12-27,ST04,SKU00202,2,1.8495842
2025-12-27,ST10,SKU00210,1,1.9148577
2025-12-27,ST19,SKU00216,1,1.7713702
2025-12-27,ST28,SKU00225,3,1.8284217
2025-12-27,ST04,SKU00234,1,1.748673
2025-12-27,ST17,SKU00238,1,1.7965599
2025-12-27,ST23,SKU00249,1,2.019717
2025-12-27,ST27,SKU00260,1,1.806984
2025-12-27,ST21,SKU00263,4,1.8814938
2025-12-27,ST26,SKU00264,1,1.834622
2025-12-27,ST27,SKU00271,1,2.0608456
2025-12-27,ST07,SKU00285,2,1.993778
2025-12-27,ST20,SKU00286,2,1.7561835
2025-12-27,ST17,SKU00307,1,1.7373961
2025-12-27,ST06,SKU00313,2,2.0148025
2025-12-27,ST22,SKU00317,1,1.9092144
2025-12-27,ST29,SKU00320,1,1.8385766
2025-12-27,ST04,SKU00322,4,4.284152
2025-12-27,ST21,SKU00323,1,1.8523245
2025-12-27,ST07,SKU00328,1,2.0113847
2025-12-27,ST04,SKU00342,1,1.9521167
2025-12-27,ST05,SKU00349,3,1.9321281
2025-12-27,ST23,SKU00358,2,1.8453559
2025-12-27,ST29,SKU00363,1,1.9227935
2025-12-27,ST11,SKU00365,1,1.9613861
2025-12-27,ST14,SKU00368,1,1.7636408
2025-12-27,ST08,SKU00369,2,1.7601578
2025-12-27,ST05,SKU00371,1,1.9013072
2025-12-27,ST28,SKU00389,1,1.9976163
2025-12-27,ST04,SKU00409,5,1.8336853
2025-12-27,ST30,SKU00411,1,1.9947466
2025-12-27,ST30,SKU00416,4,1.8353919
2025-12-27,ST06,SKU00418,1,1.7636539
2025-12-27,ST23,SKU00422,2,1.8778406
2025-12-27,ST08,SKU00428,3,1.8295116
2025-12-27,ST06,SKU00442,3,1.8830266
2025-12-27,ST08,SKU00443,1,1.83053
2025-12-27,ST14,SKU00445,1,1.8770331
2025-12-27,ST29,SKU00455,1,1.865773
2025-12-27,ST29,SKU00456,2,1.8390471
2025-12-27,ST07,SKU00473,2,1.7154675
2025-12-27,ST21,SKU00484,1,1.8029456
2025-12-27,ST26,SKU00485,1,1.835634
2025-12-27,ST29,SKU00500,1,1.8929204
2025-12-27,ST26,SKU00501,1,1.8423725
2025-12-27,ST30,SKU00506,1,1.789187
2025-12-27,ST29,SKU00507,5,1.5852237
2025-12-27,ST06,SKU00517,1,1.6895131
2025-12-27,ST03,SKU00519,2,1.9332516
2025-12-27,ST29,SKU00531,2,1.8548901
2025-12-27,ST04,SKU00535,2,1.8996998
2025-12-27,ST27,SKU00539,1,1.9700638
2025-12-27,ST29,SKU00554,1,2.017421
2025-12-27,ST23,SKU00596,1,1.8469085
2025-12-27,ST26,SKU00599,1,1.9763306
2025-12-27,ST01,SKU00603,2,1.8975725
2025-12-27,ST29,SKU00604,3,1.9083095
2025-12-27,ST13,SKU00605,1,2.0810442
2025-12-27,ST07,SKU00623,1,1.7837284
2025-12-27,ST14,SKU00641,5,1.8866898
2025-12-27,ST11,SKU00643,3,1.9380327
2025-12-27,ST22,SKU00656,1,1.9514753
2025-12-27,ST16,SKU00661,2,1.8737315
2025-12-27,ST17,SKU00671,5,1.9360094
2025-12-27,ST14,SKU00672,5,1.8289765
2025-12-27,ST01,SKU00673,1,1.8755219
2025-12-27,ST11,SKU00675,3,1.9001415
2025-12-27,ST22,SKU00685,1,1.8597099
2025-12-27,ST26,SKU00686,4,1.8764721
2025-12-27,ST29,SKU00694,1,1.9660641
2025-12-27,ST08,SKU00728,1,1.8925948
2025-12-27,ST25,SKU00736,1,1.7925161
2025-12-27,ST22,SKU00745,2,1.6295787
2025-12-27,ST27,SKU00757,3,1.868112
2025-12-27,ST21,SKU00763,1,1.8465432
2025-12-27,ST20,SKU00766,5,1.8179245
2025-12-27,ST10,SKU00773,1,1.8560537
2025-12-27,ST14,SKU00774,3,1.8389208
2025-12-27,ST01,SKU00779,1,1.8095996
2025-12-27,ST28,SKU00781,1,1.8642085
2025-12-27,ST27,SKU00782,2,1.7954285
2025-12-27,ST21,SKU00787,1,1.9716191
2025-12-27,ST11,SKU00789,1,1.8965453
2025-12-27,ST03,SKU00790,1,1.8849977
2025-12-27,ST30,SKU00791,1,1.9289769
2025-12-27,ST07,SKU00799,1,1.860997
2025-12-27,ST01,SKU00816,1,1.9501327
2025-12-27,ST21,SKU00823,1,1.8412386
2025-12-27,ST17,SKU00827,2,1.8131807
2025-12-27,ST22,SKU00831,1,1.8467408
2025-12-27,ST07,SKU00840,1,1.8243476
2025-12-27,ST21,SKU00841,1,1.865799
2025-12-27,ST30,SKU00845,3,1.8141807
2025-12-27,ST10,SKU00864,1,1.8426542
2025-12-27,ST28,SKU00874,1,1.8762904
2025-12-27,ST01,SKU00891,3,2.3280952
2025-12-27,ST17,SKU00896,1,1.8969135
2025-12-27,ST06,SKU00897,1,1.8832263
2025-12-27,ST01,SKU00901,5,1.8639731
2025-12-27,ST02,SKU00905,2,1.8200372
2025-12-27,ST20,SKU00909,1,1.8473423
2025-12-27,ST30,SKU00915,1,1.8328633
2025-12-27,ST07,SKU00917,2,1.8331628
2025-12-27,ST29,SKU00919,2,2.0171328
2025-12-27,ST21,SKU00929,1,2.1229832
2025-12-27,ST26,SKU00934,1,1.906706
2025-12-27,ST10,SKU00940,1,1.8491101
2025-12-27,ST26,SKU00942,2,1.8150715
2025-12-27,ST29,SKU00953,3,1.8472762
2025-12-27,ST21,SKU00956,3,1.8074569
2025-12-27,ST04,SKU00958,4,1.6599529
2025-12-27,ST27,SKU00959,1,1.9381915
2025-12-27,ST20,SKU00974,1,2.2846076
2025-12-27,ST22,SKU00975,3,1.8722199
2025-12-27,ST07,SKU00976,2,1.7789428
2025-12-27,ST06,SKU00980,4,1.7959918
2025-12-27,ST07,SKU00994,1,1.8487728
2025-12-27,ST24,SKU00995,1,1.8685986
2025-12-27,ST29,SKU01002,4,1.8859643
2025-12-27,ST28,SKU01009,1,1.889374
2025-12-27,ST21,SKU01010,3,1.8526627
2025-12-27,ST25,SKU01021,1,2.0994055
2025-12-27,ST16,SKU01027,3,1.7730007
2025-12-27,ST07,SKU01037,1,1.9565269
2025-12-27,ST16,SKU01040,3,1.8685716
2025-12-27,ST27,SKU01045,1,1.8062655
2025-12-27,ST21,SKU01056,2,1.8807536
2025-12-27,ST28,SKU01077,1,1.8852758
2025-12-27,ST28,SKU01079,1,1.923586
2025-12-27,ST21,SKU01082,1,1.9019256
2025-12-27,ST18,SKU01083,3,1.9141973
2025-12-27,ST22,SKU01085,3,1.8256404
2025-12-27,ST23,SKU01087,4,1.923746
2025-12-27,ST07,SKU01106,2,1.8695039
2025-12-27,ST28,SKU01113,1,1.8802215
2025-12-27,ST04,SKU01115,1,1.8370098
2025-12-27,ST07,SKU01122,4,1.6857891
2025-12-27,ST15,SKU01126,4,1.8451575
2025-12-27,ST15,SKU01127,2,1.6979934
2025-12-27,ST27,SKU01134,3,1.8828243
2025-12-27,ST21,SKU01138,2,2.041552
2025-12-27,ST03,SKU01163,1,1.9051394
2025-12-27,ST15,SKU01189,1,1.8097931
2025-12-27,ST11,SKU01192,1,1.8687024
2025-12-27,ST15,SKU01199,2,1.7944076
2025-12-27,ST14,SKU01210,2,1.8840467
2025-12-27,ST04,SKU01220,1,1.8143115
2025-12-27,ST30,SKU01225,3,1.8813405
2025-12-27,ST16,SKU01230,1,1.8198655
2025-12-27,ST06,SKU01232,1,1.9206504
2025-12-27,ST21,SKU01237,1,1.8200581
2025-12-27,ST08,SKU01243,1,1.8923877
2025-12-27,ST19,SKU01244,1,1.84793
2025-12-27,ST17,SKU01249,1,1.879799
2025-12-27,ST19,SKU01251,1,1.8812349
2025-12-27,ST17,SKU01257,3,1.9852256
2025-12-27,ST22,SKU01269,1,1.9955605
2025-12-27,ST23,SKU01274,3,3.8098316
2025-12-27,ST19,SKU01275,1,1.7820241
2025-12-27,ST27,SKU01276,3,1.8568637
2025-12-27,ST05,SKU01284,2,1.9617249
2025-12-27,ST05,SKU01293,3,1.8556331
2025-12-27,ST11,SKU01302,1,1.7833567
2025-12-27,ST23,SKU01305,1,1.8271351
2025-12-27,ST09,SKU01309,1,1.9471016
2025-12-27,ST29,SKU01315,1,1.7773936
2025-12-27,ST18,SKU01316,1,1.8656225
2025-12-27,ST08,SKU01317,1,1.7769653
2025-12-27,ST29,SKU01330,4,1.9212128
2025-12-27,ST10,SKU01335,3,1.8984609
2025-12-27,ST06,SKU01338,1,1.8545157
2025-12-27,ST25,SKU01341,2,1.9291152
2025-12-27,ST22,SKU01342,1,1.8516707
2025-12-27,ST23,SKU01343,3,1.8406202
2025-12-27,ST07,SKU01355,1,1.8896663
2025-12-27,ST29,SKU01363,1,1.8407618
2025-12-27,ST16,SKU01368,1,1.887166
2025-12-27,ST29,SKU01370,1,1.779968
2025-12-27,ST29,SKU01371,1,1.9081113
2025-12-27,ST05,SKU01380,1,1.9125971
2025-12-27,ST11,SKU01387,2,1.8355736
2025-12-27,ST17,SKU01405,1,1.862465
2025-12-27,ST09,SKU01416,1,1.9039302
2025-12-27,ST21,SKU01420,4,1.842166
2025-12-27,ST11,SKU01427,2,1.8395545
2025-12-27,ST06,SKU01432,2,1.9084114
2025-12-27,ST15,SKU01435,1,1.8648057
2025-12-27,ST18,SKU01439,1,1.9549379
2025-12-27,ST21,SKU01443,2,1.7953593
2025-12-27,ST01,SKU01444,4,1.8442478
2025-12-27,ST18,SKU01446,2,1.8967816
2025-12-27,ST20,SKU01449,1,1.8774256
2025-12-27,ST30,SKU01463,1,2.0397232
2025-12-27,ST04,SKU01469,1,1.8623676
2025-12-27,ST18,SKU01478,1,1.8204709
2025-12-27,ST06,SKU01484,2,1.8142902
2025-12-27,ST10,SKU01485,1,1.9414942
2025-12-27,ST20,SKU01487,1,1.904672
2025-12-27,ST26,SKU01493,2,1.825523
2025-12-27,ST05,SKU01497,1,1.8481367
2025-12-27,ST20,SKU01499,3,1.8374822
2025-12-27,ST23,SKU01503,1,1.8207911
2025-12-27,ST21,SKU01507,2,1.8826716
2025-12-27,ST09,SKU01512,1,1.7634869
2025-12-27,ST23,SKU01514,4,1.8986402
2025-12-27,ST17,SKU01517,3,1.7777375
2025-12-27,ST08,SKU01523,1,1.8367893
2025-12-27,ST03,SKU01534,1,1.7137358
2025-12-27,ST04,SKU01542,1,1.8485432
2025-12-27,ST06,SKU01556,5,1.8111368
2025-12-27,ST10,SKU01568,1,1.8300393
2025-12-27,ST20,SKU01570,1,1.7226534
2025-12-27,ST03,SKU01571,2,1.8201641
2025-12-27,ST11,SKU01572,1,1.8375093
2025-12-27,ST02,SKU01578,4,1.835996
2025-12-27,ST22,SKU01583,2,1.8671714
2025-12-27,ST14,SKU01595,3,1.843006
2025-12-27,ST24,SKU01596,1,1.8469998
2025-12-27,ST05,SKU01598,1,1.8360627
2025-12-27,ST22,SKU01614,1,1.8493208
2025-12-27,ST16,SKU01624,1,1.7872878
2025-12-27,ST28,SKU01625,2,1.8709837
2025-12-27,ST29,SKU01638,2,1.8497413
2025-12-27,ST17,SKU01644,4,1.8571718
2025-12-27,ST28,SKU01657,2,1.7760195
2025-12-27,ST28,SKU01662,2,1.768377
2025-12-27,ST08,SKU01673,3,1.8993102
2025-12-27,ST21,SKU01677,1,1.7184654
2025-12-27,ST17,SKU01680,2,1.8929725
2025-12-27,ST17,SKU01682,1,1.7860448
2025-12-27,ST15,SKU01699,1,1.8302909
2025-12-27,ST21,SKU01700,4,1.8816507
2025-12-27,ST25,SKU01701,1,1.821234
2025-12-27,ST21,SKU01714,3,1.9298218
2025-12-27,ST05,SKU01717,1,2.2518592
2025-12-27,ST23,SKU01730,1,1.7877588
2025-12-27,ST06,SKU01733,1,1.9688311
2025-12-27,ST10,SKU01737,3,2.004433
2025-12-27,ST07,SKU01741,1,1.8345842
2025-12-27,ST25,SKU01747,3,1.910192
2025-12-27,ST28,SKU01751,2,1.9499824
2025-12-27,ST12,SKU01752,1,1.9064988
2025-12-27,ST15,SKU01761,2,1.875511
2025-12-27,ST24,SKU01769,2,1.8035461
2025-12-27,ST18,SKU01774,2,1.8990883
2025-12-27,ST26,SKU01775,1,1.9060906
2025-12-27,ST21,SKU01778,1,1.8494338
2025-12-27,ST04,SKU01786,3,1.8951455
2025-12-27,ST22,SKU01792,1,1.5949664
2025-12-27,ST30,SKU01832,1,1.9228969
2025-12-27,ST13,SKU01833,2,1.8000547
2025-12-27,ST01,SKU01839,2,1.8402119
2025-12-27,ST06,SKU01855,1,1.8138766
2025-12-27,ST22,SKU01870,1,1.8257155
2025-12-27,ST05,SKU01883,1,1.8825324
2025-12-27,ST24,SKU01902,1,1.7828264
2025-12-27,ST20,SKU01908,2,1.7976731
2025-12-27,ST04,SKU01938,1,1.9324462
2025-12-27,ST10,SKU01948,2,1.9261009
2025-12-27,ST03,SKU01953,1,1.7166622
2025-12-27,ST09,SKU01963,1,1.8446606
2025-12-27,ST07,SKU01976,1,1.8360547
2025-12-27,ST22,SKU01979,1,1.8411835
2025-12-27,ST06,SKU01984,2,1.835432
2025-12-27,ST30,SKU01987,2,1.8757054
2025-12-27,ST14,SKU01988,1,1.9898081
2025-12-27,ST04,SKU01993,2,3.9838853
2025-12-27,ST09,SKU02002,1,1.8871424
2025-12-27,ST28,SKU02005,4,1.8149452
2025-12-27,ST12,SKU02012,1,1.9289325
2025-12-27,ST27,SKU02015,1,2.065273
2025-12-27,ST21,SKU02024,3,1.7786773
2025-12-27,ST17,SKU02037,3,1.8545189
2025-12-27,ST03,SKU02038,1,1.6174469
2025-12-27,ST30,SKU02046,1,1.9009404
2025-12-27,ST10,SKU02058,1,1.8406694
2025-12-27,ST06,SKU02064,3,1.9946885
2025-12-27,ST30,SKU02072,1,1.8343835
2025-12-27,ST11,SKU02082,1,1.8554302
2025-12-27,ST30,SKU02088,1,1.8408892
2025-12-27,ST08,SKU02091,2,1.8485392
2025-12-27,ST27,SKU02103,1,1.8307574
2025-12-27,ST28,SKU02106,2,1.8119084
2025-12-27,ST15,SKU02107,2,1.7930256
2025-12-27,ST28,SKU02111,3,1.8779556
2025-12-27,ST18,SKU02115,2,1.8657095
2025-12-27,ST28,SKU02136,2,1.9475256
2025-12-27,ST12,SKU02141,1,2.0813754
2025-12-27,ST24,SKU02155,2,1.7380506
2025-12-27,ST22,SKU02162,5,1.8790563
2025-12-27,ST28,SKU02167,1,1.921008
2025-12-27,ST06,SKU02176,1,1.8880401
2025-12-27,ST29,SKU02177,1,1.8970293
2025-12-27,ST11,SKU02187,3,1.8929071
2025-12-27,ST24,SKU02192,3,1.8261378
2025-12-27,ST15,SKU02196,3,1.8171086
2025-12-27,ST11,SKU02201,1,1.988333
2025-12-27,ST01,SKU02203,2,1.778728
2025-12-27,ST27,SKU02212,1,1.7501383
2025-12-27,ST29,SKU02219,1,1.8851959
2025-12-27,ST08,SKU02233,1,1.8679106
2025-12-27,ST16,SKU02242,1,1.8383693
2025-12-27,ST29,SKU02247,5,1.7324486
2025-12-27,ST08,SKU02251,1,1.8666551
2025-12-27,ST09,SKU02260,1,1.8995311
2025-12-27,ST03,SKU02262,2,1.878267
2025-12-27,ST05,SKU02271,1,1.8822677
2025-12-27,ST20,SKU02275,3,1.911656
2025-12-27,ST14,SKU02279,3,1.7844632
2025-12-27,ST13,SKU02282,2,1.8358705
2025-12-27,ST14,SKU02283,1,1.762376
2025-12-27,ST05,SKU02284,1,1.8852025
2025-12-27,ST17,SKU02297,1,1.9000417
2025-12-27,ST02,SKU02298,2,1.8470554
2025-12-27,ST04,SKU02308,2,1.8974069
2025-12-27,ST27,SKU02314,4,1.8375266
2025-12-27,ST09,SKU02316,2,1.8840249
2025-12-27,ST04,SKU02330,4,1.8491395
2025-12-27,ST19,SKU02340,2,1.7886511
2025-12-27,ST04,SKU02350,3,1.8496476
2025-12-27,ST22,SKU02353,4,1.8481481
2025-12-27,ST24,SKU02354,1,1.8578296
2025-12-27,ST30,SKU02361,4,1.9047312
2025-12-27,ST09,SKU02367,1,1.849126
2025-12-27,ST18,SKU02370,1,1.875634
2025-12-27,ST22,SKU02395,2,1.8164588
2025-12-27,ST16,SKU02401,1,1.8990223
2025-12-27,ST27,SKU02404,2,1.8178792
2025-12-27,ST05,SKU02406,1,1.8218879
2025-12-27,ST01,SKU02410,3,1.888699
2025-12-27,ST24,SKU02412,2,1.9001334
2025-12-27,ST21,SKU02421,3,1.8307068
2025-12-27,ST12,SKU02425,1,1.6990132
2025-12-27,ST21,SKU02430,1,1.846601
2025-12-27,ST01,SKU02431,1,1.8271686
2025-12-27,ST20,SKU02442,2,2.0369053
2025-12-27,ST02,SKU02449,1,1.9750779
2025-12-27,ST01,SKU02457,2,1.7919369
2025-12-27,ST01,SKU02468,5,1.686267
2025-12-27,ST23,SKU02474,2,1.9686384
2025-12-27,ST25,SKU02484,3,1.8706765
2025-12-27,ST21,SKU02486,1,1.8156947
2025-12-27,ST08,SKU02494,3,1.8242935
2025-12-27,ST04,SKU02503,1,1.8154885
2025-12-27,ST01,SKU02513,4,1.7868254
2025-12-27,ST17,SKU02515,1,1.7819544
2025-12-27,ST25,SKU02526,3,1.8748516
2025-12-27,ST09,SKU02531,3,1.9996172
2025-12-27,ST18,SKU02537,1,1.9851843
2025-12-27,ST28,SKU02548,2,1.9012678
2025-12-27,ST05,SKU02562,5,1.7903664
2025-12-27,ST06,SKU02572,2,1.831525
2025-12-27,ST11,SKU02593,3,1.867037
2025-12-27,ST22,SKU02595,4,1.8473371
2025-12-27,ST12,SKU02606,1,1.801466
2025-12-27,ST13,SKU02610,1,1.8353751
2025-12-27,ST23,SKU02611,1,1.8534478
2025-12-27,ST06,SKU02614,1,1.8862034
2025-12-27,ST20,SKU02640,1,1.746594
2025-12-27,ST04,SKU02644,1,1.8010569
2025-12-27,ST22,SKU02648,4,1.8748474
2025-12-27,ST23,SKU02650,4,1.8741996
2025-12-27,ST09,SKU02652,1,1.8722341
2025-12-27,ST18,SKU02655,4,1.9768529
2025-12-27,ST28,SKU02657,3,1.7358531
2025-12-27,ST30,SKU02660,1,1.7243689
2025-12-27,ST29,SKU02662,2,1.8682197
2025-12-27,ST24,SKU02663,1,1.7591107
2025-12-27,ST05,SKU02668,2,1.8275651
2025-12-27,ST17,SKU02680,1,1.8136104
2025-12-27,ST30,SKU02683,1,2.1344578
2025-12-27,ST22,SKU02690,4,1.8287637
2025-12-27,ST05,SKU02692,3,1.8537875
2025-12-27,ST23,SKU02705,1,1.7451712
2025-12-27,ST06,SKU02712,5,1.8238482
2025-12-27,ST26,SKU02734,5,1.8873636
2025-12-27,ST14,SKU02737,1,1.943501
2025-12-27,ST05,SKU02738,3,1.9515778
2025-12-27,ST30,SKU02740,3,1.8433869
2025-12-27,ST08,SKU02747,1,1.7779752
2025-12-27,ST09,SKU02753,1,1.9380597
2025-12-27,ST07,SKU02756,1,1.771396
2025-12-27,ST29,SKU02771,1,1.9089212
2025-12-27,ST28,SKU02776,1,1.8799597
2025-12-27,ST04,SKU02778,1,1.9302045
2025-12-27,ST21,SKU02784,3,1.840686
2025-12-27,ST17,SKU02785,1,1.9761091
2025-12-27,ST28,SKU02790,1,1.7935711
2025-12-27,ST27,SKU02803,1,1.7675043
2025-12-27,ST15,SKU02806,1,1.8110162
2025-12-27,ST30,SKU02807,1,1.9101628
2025-12-27,ST30,SKU02825,2,1.8732616
2025-12-27,ST05,SKU02840,2,1.8638256
2025-12-27,ST21,SKU02844,3,1.875455
2025-12-27,ST26,SKU02856,1,1.9412017
2025-12-27,ST22,SKU02858,3,4.1672716
2025-12-27,ST21,SKU02870,1,1.9911594
2025-12-27,ST14,SKU02891,1,1.872377
2025-12-27,ST18,SKU02892,2,1.8300319
2025-12-27,ST17,SKU02898,3,1.9744645
2025-12-27,ST29,SKU02912,3,1.8621138
2025-12-27,ST29,SKU02923,1,1.7594092
2025-12-27,ST30,SKU02930,1,1.770102
2025-12-27,ST28,SKU02933,2,1.8297286
2025-12-27,ST09,SKU02935,3,1.9328856
2025-12-27,ST07,SKU02943,2,1.8250504
2025-12-27,ST25,SKU02950,2,1.8142902
2025-12-27,ST03,SKU02954,1,1.8958815
2025-12-27,ST06,SKU02963,1,1.8060861
2025-12-27,ST19,SKU02973,5,1.8207074
2025-12-27,ST27,SKU02981,1,1.8702705
2025-12-27,ST28,SKU02988,2,1.835546
2025-12-27,ST15,SKU03008,1,1.7192926
2025-12-27,ST29,SKU03016,1,1.9046528
2025-12-27,ST18,SKU03022,1,1.9076315
2025-12-27,ST05,SKU03027,1,1.7927383
2025-12-27,ST16,SKU03030,1,1.7139819
2025-12-27,ST12,SKU03038,3,1.8779058
2025-12-27,ST23,SKU03049,4,1.7688712
2025-12-27,ST01,SKU03055,1,2.0475526
2025-12-27,ST18,SKU03057,3,1.861625
2025-12-27,ST18,SKU03063,3,2.1589801
2025-12-27,ST21,SKU03088,1,1.8841666
2025-12-27,ST07,SKU03094,5,1.893471
2025-12-27,ST30,SKU03103,2,1.8107692
2025-12-27,ST28,SKU03130,1,1.9450759
2025-12-27,ST17,SKU03134,2,1.8586329
2025-12-27,ST23,SKU03140,2,1.8862038
2025-12-27,ST16,SKU03146,2,1.8122923
2025-12-27,ST06,SKU03149,3,1.8529156
2025-12-27,ST06,SKU03153,3,1.7799065
2025-12-27,ST23,SKU03162,2,1.8647823
2025-12-27,ST27,SKU03166,3,1.8709751
2025-12-27,ST02,SKU03172,1,1.9881063
2025-12-27,ST26,SKU03190,2,1.8865248
2025-12-27,ST18,SKU03194,1,1.8990204
2025-12-27,ST18,SKU03201,2,1.8895189
2025-12-27,ST06,SKU03207,3,1.9399536
2025-12-27,ST07,SKU03209,1,1.8001125
2025-12-27,ST30,SKU03225,1,1.9485258
2025-12-27,ST18,SKU03227,3,1.7978352
2025-12-27,ST30,SKU03237,1,1.8614845
2025-12-27,ST16,SKU03242,2,1.8329448
2025-12-27,ST20,SKU03248,4,1.9603589
2025-12-27,ST22,SKU03253,1,1.7708728
2025-12-27,ST16,SKU03259,2,1.7532756
2025-12-27,ST05,SKU03274,4,1.9744513
2025-12-27,ST10,SKU03283,1,1.7520555
2025-12-27,ST29,SKU03292,4,4.759153
2025-12-27,ST14,SKU03306,4,1.8680062
2025-12-27,ST02,SKU03320,2,1.7768556
2025-12-27,ST30,SKU03321,1,1.8408828
2025-12-27,ST14,SKU03328,1,1.8639092
2025-12-27,ST28,SKU03341,1,1.7873993
2025-12-27,ST18,SKU03342,1,1.9283179
2025-12-27,ST07,SKU03345,1,1.8752387
2025-12-27,ST26,SKU03353,2,1.9981894
2025-12-27,ST21,SKU03362,1,1.8455198
2025-12-27,ST29,SKU03365,1,1.8778275
2025-12-27,ST24,SKU03374,3,2.0797932
2025-12-27,ST08,SKU03376,2,1.9451209
2025-12-27,ST07,SKU03378,2,1.8858217
2025-12-27,ST18,SKU03381,1,1.8311217
2025-12-27,ST12,SKU03389,2,1.8782717
2025-12-27,ST04,SKU03395,1,1.8269701
2025-12-27,ST28,SKU03397,1,1.8465427
2025-12-27,ST13,SKU03417,1,1.8179984
2025-12-27,ST08,SKU03423,2,1.8836347
2025-12-27,ST11,SKU03433,3,1.8192152
2025-12-27,ST08,SKU03436,1,1.983003
2025-12-27,ST21,SKU03438,1,1.8853978
2025-12-27,ST18,SKU03446,2,1.94603
2025-12-27,ST23,SKU03460,2,1.9327612
2025-12-27,ST29,SKU03461,1,1.956412
2025-12-27,ST27,SKU03480,1,1.762182
2025-12-27,ST15,SKU03518,4,1.8667778
2025-12-27,ST01,SKU03521,2,1.749599
2025-12-27,ST25,SKU03535,2,1.8172141
2025-12-27,ST28,SKU03536,1,1.8587784
2025-12-27,ST21,SKU03546,1,1.9317021
2025-12-27,ST29,SKU03550,1,1.85148
2025-12-27,ST22,SKU03560,4,1.8243887
2025-12-27,ST07,SKU03571,1,1.9337897
2025-12-27,ST14,SKU03578,1,1.8763798
2025-12-27,ST07,SKU03585,3,1.8434223
2025-12-27,ST11,SKU03599,1,1.9060812
2025-12-27,ST28,SKU03603,2,1.8820286
2025-12-27,ST22,SKU03622,1,1.8260521
2025-12-27,ST06,SKU03639,1,1.7916565
2025-12-27,ST20,SKU03640,4,1.7956802
2025-12-27,ST07,SKU03646,1,1.8119667
2025-12-27,ST28,SKU03656,2,1.8996224
2025-12-27,ST08,SKU03661,2,1.8615706
2025-12-27,ST10,SKU03668,2,1.8616091
2025-12-27,ST27,SKU03674,1,1.8306214
2025-12-27,ST14,SKU03685,1,1.7927746
2025-12-27,ST22,SKU03687,4,1.8219235
2025-12-27,ST27,SKU03696,1,1.8323798
2025-12-27,ST27,SKU03702,2,1.8560468
2025-12-27,ST03,SKU03721,3,1.8070173
2025-12-27,ST17,SKU03725,3,1.8692664
2025-12-27,ST05,SKU03726,2,1.9077731
2025-12-27,ST30,SKU03727,3,3.4221737
2025-12-27,ST04,SKU03734,1,1.9306091
2025-12-27,ST05,SKU03735,1,1.8818489
2025-12-27,ST01,SKU03739,1,1.8393605
2025-12-27,ST23,SKU03741,1,1.7662091
2025-12-27,ST06,SKU03743,2,1.8557069
2025-12-27,ST21,SKU03751,1,1.8914993
2025-12-27,ST06,SKU03759,1,1.8869069
2025-12-27,ST05,SKU03762,2,1.8545948
2025-12-27,ST07,SKU03771,1,1.8430465
2025-12-27,ST30,SKU03779,1,1.8805395
2025-12-27,ST17,SKU03781,3,1.8883837
2025-12-27,ST21,SKU03799,3,1.7784338
2025-12-27,ST30,SKU03800,1,1.7979748
2025-12-27,ST14,SKU03802,3,1.8320774
2025-12-27,ST18,SKU03805,2,1.8031045
2025-12-27,ST17,SKU03812,2,1.8125387
2025-12-27,ST27,SKU03820,1,1.9372572
2025-12-27,ST07,SKU03826,2,1.943711
2025-12-27,ST05,SKU03834,1,1.8793547
2025-12-27,ST05,SKU03840,2,1.8883073
2025-12-27,ST06,SKU03842,1,1.9050946
2025-12-27,ST10,SKU03844,2,1.7988646
2025-12-27,ST29,SKU03849,1,1.9627578
2025-12-27,ST12,SKU03851,1,1.8850076
2025-12-27,ST22,SKU03857,1,1.8229064
2025-12-27,ST20,SKU03862,3,1.8254894
2025-12-27,ST04,SKU03874,1,1.8382213
2025-12-27,ST08,SKU03876,1,1.8404394
2025-12-27,ST14,SKU03880,1,1.7932693
2025-12-27,ST29,SKU03881,2,1.8689071
2025-12-27,ST30,SKU03885,1,1.8579526
2025-12-27,ST10,SKU03886,1,1.8612247
2025-12-27,ST09,SKU03891,2,1.812913
2025-12-27,ST20,SKU03902,4,1.8439964
2025-12-27,ST06,SKU03912,1,1.7743462
2025-12-27,ST11,SKU03917,2,2.1355836
2025-12-27,ST16,SKU03919,1,1.7702491
2025-12-27,ST21,SKU03933,3,1.7926564
2025-12-27,ST09,SKU03961,1,1.7885646
2025-12-27,ST20,SKU03967,3,1.8958632
2025-12-27,ST12,SKU03968,2,1.6931127
2025-12-27,ST23,SKU03976,2,1.8956386
2025-12-27,ST21,SKU03982,1,1.8751795
2025-12-27,ST05,SKU03998,1,1.8387102
2025-12-27,ST30,SKU04005,3,1.8262478
2025-12-27,ST14,SKU04006,1,1.7863209
2025-12-27,ST28,SKU04011,4,1.9093198
2025-12-27,ST08,SKU04012,5,3.7610326
2025-12-27,ST14,SKU04014,1,1.907032
2025-12-27,ST21,SKU04016,4,1.9949758
2025-12-27,ST07,SKU04022,1,1.8564665
2025-12-27,ST27,SKU04032,1,1.9268191
2025-12-27,ST30,SKU04038,1,1.9228892
2025-12-27,ST20,SKU04046,1,1.8221893
2025-12-27,ST18,SKU04051,1,1.8372549
2025-12-27,ST05,SKU04056,2,1.9194229
2025-12-27,ST05,SKU04080,3,1.9107802
2025-12-27,ST30,SKU04088,2,1.9241893
2025-12-27,ST03,SKU04090,2,1.910493
2025-12-27,ST16,SKU04095,4,1.8760889
2025-12-27,ST08,SKU04096,1,2.0616946
2025-12-27,ST30,SKU04100,2,1.8648323
2025-12-27,ST07,SKU04110,5,1.9686465
2025-12-27,ST04,SKU04112,1,1.8181144
2025-12-27,ST21,SKU04120,1,1.8630445
2025-12-27,ST03,SKU04126,1,1.9137733
2025-12-27,ST25,SKU04131,2,1.835039
2025-12-27,ST01,SKU04134,1,1.7783368
2025-12-27,ST29,SKU04140,2,1.7641175
2025-12-27,ST28,SKU04141,2,1.8418578
2025-12-27,ST30,SKU04144,3,1.913942
2025-12-27,ST27,SKU04154,3,2.1710238
2025-12-27,ST21,SKU04155,2,1.7871928
2025-12-27,ST30,SKU04157,3,1.8776189
2025-12-27,ST21,SKU04161,2,1.8749683
2025-12-27,ST23,SKU04166,1,1.707797
2025-12-27,ST13,SKU04179,1,1.8780004
2025-12-27,ST21,SKU04190,2,1.8693159
2025-12-27,ST16,SKU04191,2,1.8509675
2025-12-27,ST06,SKU04193,1,1.8735219
2025-12-27,ST20,SKU04202,1,1.9773196
2025-12-27,ST26,SKU04207,1,1.861495
2025-12-27,ST21,SKU04210,3,1.8169749
2025-12-27,ST29,SKU04226,4,1.7568966
2025-12-27,ST05,SKU04234,4,1.822298
2025-12-27,ST13,SKU04243,1,1.8426784
2025-12-27,ST09,SKU04244,2,1.8611671
2025-12-27,ST17,SKU04245,2,1.7551492
2025-12-27,ST22,SKU04264,1,1.9573464
2025-12-27,ST07,SKU04268,1,1.7221667
2025-12-27,ST10,SKU04270,1,1.8789719
2025-12-27,ST26,SKU04280,1,1.8371408
2025-12-27,ST05,SKU04282,1,1.9068829
2025-12-27,ST10,SKU04286,1,1.795314
2025-12-27,ST07,SKU04292,2,1.9259663
2025-12-27,ST21,SKU04294,3,1.8344711
2025-12-27,ST25,SKU04298,3,1.8204064
2025-12-27,ST14,SKU04301,2,1.9058158
2025-12-27,ST13,SKU04315,2,1.8447927
2025-12-27,ST20,SKU04317,1,1.7257246
2025-12-27,ST30,SKU04321,3,4.6208906
2025-12-27,ST20,SKU04323,2,1.8475178
2025-12-27,ST07,SKU04328,3,1.7659107
2025-12-27,ST30,SKU04329,3,2.1395245
2025-12-27,ST06,SKU04337,1,1.7484976
2025-12-27,ST30,SKU04338,1,1.8305864
2025-12-27,ST03,SKU04341,2,1.8930751
2025-12-27,ST22,SKU04344,1,1.8648844
2025-12-27,ST30,SKU04346,1,2.0678887
2025-12-27,ST06,SKU04350,3,1.9308878
2025-12-27,ST04,SKU04354,2,1.9457895
2025-12-27,ST17,SKU04357,2,1.7082595
2025-12-27,ST15,SKU04359,4,1.8253835
2025-12-27,ST14,SKU04370,1,1.7977992
2025-12-27,ST20,SKU04372,2,1.8534144
2025-12-27,ST27,SKU04390,1,1.8918337
2025-12-27,ST05,SKU04402,1,1.9359516
2025-12-27,ST18,SKU04404,3,2.0617127
2025-12-27,ST28,SKU04407,1,1.8510787
2025-12-27,ST21,SKU04408,1,1.8010134
2025-12-27,ST28,SKU04413,2,1.7335373
2025-12-27,ST23,SKU04421,3,1.9000558
2025-12-27,ST18,SKU04424,1,1.8741664
2025-12-27,ST14,SKU04438,4,1.8386606
2025-12-27,ST08,SKU04446,1,1.8121754
2025-12-27,ST05,SKU04449,5,1.8348088
2025-12-27,ST23,SKU04452,1,1.8010585
2025-12-27,ST27,SKU04453,2,1.9710981
2025-12-27,ST20,SKU04456,1,1.8004074
2025-12-27,ST05,SKU04457,5,1.9440114
2025-12-27,ST21,SKU04459,3,1.8148971
2025-12-27,ST21,SKU04468,4,1.9281172
2025-12-27,ST12,SKU04481,4,1.811819
2025-12-27,ST14,SKU04493,1,1.7681123
2025-12-27,ST04,SKU04507,1,1.8548197
2025-12-27,ST06,SKU04508,1,1.9381891
2025-12-27,ST15,SKU04515,2,1.8584951
2025-12-27,ST17,SKU04520,1,1.8234178
2025-12-27,ST22,SKU04537,1,1.8778421
2025-12-27,ST13,SKU04539,1,1.826474
2025-12-27,ST15,SKU04541,2,1.8035676
2025-12-27,ST15,SKU04546,3,1.856319
2025-12-27,ST20,SKU04550,1,1.9958202
2025-12-27,ST26,SKU04551,1,2.222833
2025-12-27,ST13,SKU04557,2,1.8267107
2025-12-27,ST23,SKU04560,1,1.8328329
2025-12-27,ST21,SKU04562,2,1.9251497
2025-12-27,ST21,SKU04570,1,1.8050786
2025-12-27,ST10,SKU04571,3,1.8634655
2025-12-27,ST09,SKU04575,2,1.8167745
2025-12-27,ST14,SKU04578,2,1.6818844
2025-12-27,ST19,SKU04592,1,1.834334
2025-12-27,ST09,SKU04594,1,1.8345457
2025-12-27,ST13,SKU04595,3,1.9033283
2025-12-27,ST22,SKU04596,2,3.0349092
2025-12-27,ST14,SKU04601,1,1.8127131
2025-12-27,ST14,SKU04613,1,1.9323127
2025-12-27,ST30,SKU04618,1,1.8703506
2025-12-27,ST10,SKU04626,2,2.0447624
2025-12-27,ST14,SKU04631,2,1.8721972
2025-12-27,ST06,SKU04633,3,1.8255824
2025-12-27,ST04,SKU04637,2,1.9282042
2025-12-27,ST04,SKU04651,2,1.9630928
2025-12-27,ST16,SKU04658,2,1.8120625
2025-12-27,ST05,SKU04662,1,2.0467546
2025-12-27,ST28,SKU04663,1,1.7776266
2025-12-27,ST16,SKU04691,2,1.8782561
2025-12-27,ST26,SKU04694,4,1.7713952
2025-12-27,ST15,SKU04699,4,1.8768475
2025-12-27,ST17,SKU04702,2,1.8905972
2025-12-27,ST21,SKU04711,1,1.8395579
2025-12-27,ST21,SKU04732,3,1.7923944
2025-12-27,ST24,SKU04734,2,1.8035091
2025-12-27,ST08,SKU04742,1,1.8527652
2025-12-27,ST08,SKU04747,1,1.6620821
2025-12-27,ST23,SKU04748,2,1.922765
2025-12-27,ST10,SKU04756,1,1.847646
2025-12-27,ST11,SKU04777,4,1.9505942
2025-12-27,ST07,SKU04789,2,1.814903
2025-12-27,ST23,SKU04796,1,1.8171734
2025-12-27,ST22,SKU04801,3,1.808301
2025-12-27,ST07,SKU04816,1,1.6034285
2025-12-27,ST09,SKU04822,2,1.9566956
2025-12-27,ST23,SKU04823,4,1.7459357
2025-12-27,ST17,SKU04824,1,1.87587
2025-12-27,ST09,SKU04825,1,1.8516864
2025-12-27,ST09,SKU04827,1,1.8488296
2025-12-27,ST28,SKU04836,1,1.771779
2025-12-27,ST22,SKU04853,1,1.8436303
2025-12-27,ST08,SKU04857,1,1.8556837
2025-12-27,ST01,SKU04859,5,2.0123098
2025-12-27,ST15,SKU04862,4,1.7886822
2025-12-27,ST03,SKU04895,2,1.8268656
2025-12-27,ST29,SKU04902,2,1.8052546
2025-12-27,ST05,SKU04903,1,1.7816534
2025-12-27,ST14,SKU04907,2,1.9542674
2025-12-27,ST26,SKU04908,5,1.8559974
2025-12-27,ST02,SKU04921,1,1.7861894
2025-12-27,ST05,SKU04926,4,3.7895608
2025-12-27,ST28,SKU04932,1,1.8166066
2025-12-27,ST21,SKU04933,1,1.8514771
2025-12-27,ST21,SKU04936,1,1.8914137
2025-12-27,ST07,SKU04947,3,1.8891957
2025-12-27,ST09,SKU04955,1,1.8307287
2025-12-27,ST28,SKU04959,1,1.9120758
2025-12-27,ST16,SKU04967,1,1.8814803
2025-12-27,ST16,SKU04968,1,1.9400513
2025-12-27,ST17,SKU04973,2,1.8829885
2025-12-27,ST11,SKU04978,2,1.8202686
2025-12-27,ST06,SKU04988,2,1.913092
2025-12-27,ST21,SKU04989,1,1.913572
2025-12-27,ST30,SKU04990,2,1.8896838
2025-12-27,ST30,SKU04998,4,1.8116748
2025-12-28,ST18,SKU00002,2,1.7134495
2025-12-28,ST06,SKU00016,1,2.0411367
2025-12-28,ST11,SKU00017,1,1.8358985
2025-12-28,ST12,SKU00020,5,1.8748653
2025-12-28,ST16,SKU00034,2,1.862434
2025-12-28,ST29,SKU00049,1,1.8644456
2025-12-28,ST30,SKU00050,1,1.6378233
2025-12-28,ST22,SKU00060,1,1.8242866
2025-12-28,ST16,SKU00079,3,1.9052914
2025-12-28,ST29,SKU00082,2,1.8865377
2025-12-28,ST27,SKU00085,2,1.8120737
2025-12-28,ST29,SKU00089,2,1.8450943
2025-12-28,ST15,SKU00098,1,1.8070863
2025-12-28,ST14,SKU00101,3,1.8268527
2025-12-28,ST20,SKU00107,1,1.8629438
2025-12-28,ST14,SKU00121,5,1.8687992
2025-12-28,ST29,SKU00125,2,1.9303299
2025-12-28,ST17,SKU00146,1,1.8171726
2025-12-28,ST05,SKU00150,2,1.5994948
2025-12-28,ST21,SKU00172,1,1.8072332
2025-12-28,ST18,SKU00183,1,1.8220979
2025-12-28,ST26,SKU00190,2,1.9023318
2025-12-28,ST07,SKU00232,1,1.759249
2025-12-28,ST20,SKU00243,2,1.8332617
2025-12-28,ST13,SKU00249,2,1.9142582
2025-12-28,ST26,SKU00256,1,1.82408
2025-12-28,ST18,SKU00263,1,1.843201
2025-12-28,ST28,SKU00264,2,1.8981655
2025-12-28,ST04,SKU00266,2,1.9432212
2025-12-28,ST15,SKU00274,1,1.9704535
2025-12-28,ST05,SKU00281,1,1.8498944
2025-12-28,ST27,SKU00286,3,1.8255754
2025-12-28,ST20,SKU00291,1,1.8063662
2025-12-28,ST30,SKU00293,1,1.7997199
2025-12-28,ST30,SKU00295,1,1.8926502
2025-12-28,ST11,SKU00296,4,1.8467282
2025-12-28,ST09,SKU00306,1,1.8385092
2025-12-28,ST12,SKU00318,1,1.8392055
2025-12-28,ST09,SKU00322,1,1.8394735
2025-12-28,ST29,SKU00335,2,1.9135933
2025-12-28,ST27,SKU00337,2,1.8763437
2025-12-28,ST27,SKU00347,1,1.8353055
2025-12-28,ST07,SKU00348,3,1.8547431
2025-12-28,ST22,SKU00353,2,1.9789069
2025-12-28,ST25,SKU00354,3,1.7311261
2025-12-28,ST27,SKU00359,2,1.9143312
2025-12-28,ST04,SKU00360,2,1.8607996
2025-12-28,ST25,SKU00363,1,2.3082666
2025-12-28,ST22,SKU00379,1,1.9384011
2025-12-28,ST22,SKU00388,1,1.7526768
2025-12-28,ST03,SKU00389,1,1.7713845
2025-12-28,ST05,SKU00391,2,1.9300077
2025-12-28,ST20,SKU00396,2,1.8885918
2025-12-28,ST29,SKU00404,2,1.8346181
2025-12-28,ST05,SKU00416,1,1.7919677
2025-12-28,ST06,SKU00417,1,1.9220898
2025-12-28,ST04,SKU00420,1,1.9352211
2025-12-28,ST01,SKU00425,1,1.8137211
2025-12-28,ST09,SKU00427,2,1.8846276
2025-12-28,ST04,SKU00429,1,1.8921604
2025-12-28,ST03,SKU00443,1,1.9323606
2025-12-28,ST30,SKU00446,1,1.8634274
2025-12-28,ST07,SKU00447,1,1.8123766
2025-12-28,ST30,SKU00454,2,1.9128461
2025-12-28,ST21,SKU00465,3,1.8515499
2025-12-28,ST09,SKU00470,5,1.9291598
2025-12-28,ST22,SKU00479,1,1.8012501
2025-12-28,ST21,SKU00490,1,1.8503994
2025-12-28,ST20,SKU00493,1,1.8667092
2025-12-28,ST25,SKU00500,3,1.95752
2025-12-28,ST04,SKU00501,1,1.7955108
2025-12-28,ST20,SKU00505,2,1.8299114
2025-12-28,ST19,SKU00516,2,1.8808274
2025-12-28,ST30,SKU00519,1,1.8246586
2025-12-28,ST22,SKU00546,1,1.5924536
2025-12-28,ST13,SKU00548,4,1.8775085
2025-12-28,ST03,SKU00554,3,1.9332954
2025-12-28,ST12,SKU00558,4,1.753635
2025-12-28,ST07,SKU00568,1,1.8432012
2025-12-28,ST25,SKU00570,1,1.8635669
2025-12-28,ST18,SKU00595,2,1.6982831
2025-12-28,ST18,SKU00596,1,1.8290079
2025-12-28,ST14,SKU00597,3,1.9674783
2025-12-28,ST06,SKU00599,1,1.9698491
2025-12-28,ST19,SKU00603,4,2.0402493
2025-12-28,ST09,SKU00619,3,1.854822
2025-12-28,ST30,SKU00624,1,1.9135337
2025-12-28,ST02,SKU00628,3,1.9694312
2025-12-28,ST08,SKU00641,3,2.0071218
2025-12-28,ST15,SKU00644,1,2.0536234
2025-12-28,ST30,SKU00646,2,1.8581291
2025-12-28,ST23,SKU00664,1,2.0288386
2025-12-28,ST21,SKU00678,1,1.635245
2025-12-28,ST20,SKU00681,1,1.7668173
2025-12-28,ST07,SKU00684,1,1.8377686
2025-12-28,ST29,SKU00685,1,1.8869036
2025-12-28,ST20,SKU00692,1,1.8507636
2025-12-28,ST25,SKU00700,1,1.7632115
2025-12-28,ST06,SKU00711,5,1.8691473
2025-12-28,ST21,SKU00714,3,1.9050871
2025-12-28,ST30,SKU00721,2,1.5359881
2025-12-28,ST06,SKU00724,2,1.9992591
2025-12-28,ST15,SKU00744,5,1.8367912
2025-12-28,ST08,SKU00754,1,1.8402681
2025-12-28,ST20,SKU00755,1,1.8569572
2025-12-28,ST12,SKU00762,4,1.8585162
2025-12-28,ST11,SKU00765,1,1.9119424
2025-12-28,ST13,SKU00772,1,1.8786987
2025-12-28,ST06,SKU00774,3,1.8535033
2025-12-28,ST10,SKU00777,1,1.884228
2025-12-28,ST03,SKU00779,4,1.837964
2025-12-28,ST29,SKU00782,1,1.8517988
2025-12-28,ST05,SKU00788,1,1.7685614
2025-12-28,ST26,SKU00790,1,1.9402912
2025-12-28,ST20,SKU00802,1,1.9321079
2025-12-28,ST30,SKU00805,1,2.0480773
2025-12-28,ST06,SKU00816,1,1.864884
2025-12-28,ST24,SKU00821,1,1.6905054
2025-12-28,ST20,SKU00823,1,1.8480159
2025-12-28,ST30,SKU00845,2,1.8638945
2025-12-28,ST06,SKU00847,2,1.8767002
2025-12-28,ST12,SKU00869,2,1.8767717
2025-12-28,ST12,SKU00875,3,1.6544098
2025-12-28,ST09,SKU00880,1,1.7387822
2025-12-28,ST30,SKU00883,1,1.9642739
2025-12-28,ST14,SKU00888,1,1.8862175
2025-12-28,ST22,SKU00902,3,1.818403
2025-12-28,ST21,SKU00907,2,1.8626997
2025-12-28,ST23,SKU00908,1,1.9036626
2025-12-28,ST11,SKU00910,2,1.8131411
2025-12-28,ST07,SKU00920,1,1.936107
2025-12-28,ST28,SKU00925,2,2.0216634
2025-12-28,ST11,SKU00930,2,2.0106761
2025-12-28,ST28,SKU00932,2,1.8955108
2025-12-28,ST30,SKU00942,2,1.8259829
2025-12-28,ST30,SKU00953,2,1.9074284
2025-12-28,ST16,SKU00962,1,1.8274288
2025-12-28,ST19,SKU00964,1,1.8959178
2025-12-28,ST23,SKU00967,3,1.8928901
2025-12-28,ST03,SKU00974,1,1.9082792
2025-12-28,ST06,SKU00976,2,1.7384516
2025-12-28,ST06,SKU00984,1,1.8335395
2025-12-28,ST30,SKU00994,1,1.854038
2025-12-28,ST17,SKU00998,1,1.9028513
2025-12-28,ST22,SKU01009,1,1.9351192
2025-12-28,ST06,SKU01014,4,1.8875408
2025-12-28,ST06,SKU01016,1,1.8455396
2025-12-28,ST27,SKU01018,5,1.8889868
2025-12-28,ST06,SKU01021,3,2.0706217
2025-12-28,ST11,SKU01027,1,1.9148414
2025-12-28,ST11,SKU01030,3,1.9334748
2025-12-28,ST21,SKU01037,1,1.9926963
2025-12-28,ST18,SKU01045,1,1.8020436
2025-12-28,ST24,SKU01049,3,1.7994336
2025-12-28,ST21,SKU01054,2,1.8340948
2025-12-28,ST16,SKU01057,1,1.9577718
2025-12-28,ST06,SKU01081,1,1.819665
2025-12-28,ST22,SKU01088,1,1.9445447
2025-12-28,ST03,SKU01092,1,1.7561514
2025-12-28,ST23,SKU01123,1,1.6713709
2025-12-28,ST28,SKU01127,1,1.597621
2025-12-28,ST30,SKU01136,1,1.8553746
2025-12-28,ST09,SKU01138,1,1.905682
2025-12-28,ST08,SKU01143,2,1.9000224
2025-12-28,ST22,SKU01152,4,1.8701038
2025-12-28,ST07,SKU01159,3,1.9729785
2025-12-28,ST10,SKU01161,2,1.872086
2025-12-28,ST05,SKU01189,2,2.0066853
2025-12-28,ST04,SKU01194,2,1.8450294
2025-12-28,ST05,SKU01199,2,1.8110074
2025-12-28,ST08,SKU01203,2,1.8671094
2025-12-28,ST22,SKU01206,1,1.8384385
2025-12-28,ST12,SKU01207,2,1.905108
2025-12-28,ST09,SKU01209,2,1.8435887
2025-12-28,ST08,SKU01214,3,1.7713168
2025-12-28,ST30,SKU01218,2,1.9068217
2025-12-28,ST22,SKU01232,3,1.8942167
2025-12-28,ST29,SKU01233,1,1.8798378
2025-12-28,ST21,SKU01236,2,2.010186
2025-12-28,ST07,SKU01243,1,1.8597325
2025-12-28,ST14,SKU01244,2,1.757933
2025-12-28,ST21,SKU01252,2,1.7947109
2025-12-28,ST20,SKU01255,1,2.0250814
2025-12-28,ST07,SKU01266,1,1.8430655
2025-12-28,ST30,SKU01274,2,1.9636594
2025-12-28,ST11,SKU01278,1,1.8446091
2025-12-28,ST17,SKU01280,2,1.87166
2025-12-28,ST23,SKU01307,1,1.857961
2025-12-28,ST18,SKU01317,2,1.5722965
2025-12-28,ST28,SKU01330,1,1.9067601
2025-12-28,ST07,SKU01333,2,1.8345817
2025-12-28,ST08,SKU01363,1,1.8890319
2025-12-28,ST04,SKU01365,3,1.811196
2025-12-28,ST22,SKU01367,1,1.8756738
2025-12-28,ST22,SKU01371,5,4.113919
2025-12-28,ST02,SKU01377,4,1.9094715
2025-12-28,ST09,SKU01395,1,1.902044
2025-12-28,ST25,SKU01396,1,1.7944001
2025-12-28,ST06,SKU01414,5,4.255404
2025-12-28,ST24,SKU01418,5,1.7971407
2025-12-28,ST28,SKU01420,3,1.8277893
2025-12-28,ST09,SKU01428,2,1.8821257
2025-12-28,ST08,SKU01435,1,1.9128435
2025-12-28,ST12,SKU01439,1,1.8495024
2025-12-28,ST02,SKU01448,2,1.8495724
2025-12-28,ST05,SKU01449,1,1.8502522
2025-12-28,ST22,SKU01450,1,1.9507835
2025-12-28,ST28,SKU01456,2,1.7252202
2025-12-28,ST01,SKU01460,2,1.8806131
2025-12-28,ST20,SKU01463,2,1.8887615
2025-12-28,ST20,SKU01465,2,1.8640167
2025-12-28,ST27,SKU01489,1,1.8082695
2025-12-28,ST11,SKU01497,1,1.8657424
2025-12-28,ST11,SKU01498,3,1.7993385
2025-12-28,ST30,SKU01515,3,1.8573388
2025-12-28,ST12,SKU01519,1,1.8257083
2025-12-28,ST18,SKU01523,4,1.823721
2025-12-28,ST20,SKU01534,1,1.9937898
2025-12-28,ST01,SKU01535,4,1.8957201
2025-12-28,ST20,SKU01541,3,1.860227
2025-12-28,ST30,SKU01555,3,1.8710564
2025-12-28,ST22,SKU01556,1,1.923892
2025-12-28,ST29,SKU01578,1,1.8619244
2025-12-28,ST13,SKU01590,5,1.8453081
2025-12-28,ST07,SKU01599,1,1.9748651
2025-12-28,ST16,SKU01600,2,1.9008213
2025-12-28,ST08,SKU01602,1,1.8638256
2025-12-28,ST18,SKU01604,1,1.8566186
2025-12-28,ST08,SKU01610,2,1.7913188
2025-12-28,ST20,SKU01634,1,1.9152203
2025-12-28,ST03,SKU01640,4,1.8927145
2025-12-28,ST21,SKU01654,3,2.0794582
2025-12-28,ST16,SKU01662,1,1.8555919
2025-12-28,ST23,SKU01664,1,1.8845783
2025-12-28,ST03,SKU01666,2,1.8526648
2025-12-28,ST28,SKU01676,2,1.8840406
2025-12-28,ST22,SKU01691,5,1.8243663
2025-12-28,ST21,SKU01698,4,1.871876
2025-12-28,ST13,SKU01701,3,1.7864547
2025-12-28,ST07,SKU01712,1,1.822179
2025-12-28,ST20,SKU01716,1,1.7890164
2025-12-28,ST13,SKU01724,1,1.8209718
2025-12-28,ST13,SKU01725,1,1.8922268
2025-12-28,ST22,SKU01732,4,1.978567
2025-12-28,ST05,SKU01737,1,2.044836
2025-12-28,ST05,SKU01747,1,2.0231032
2025-12-28,ST03,SKU01751,1,2.0021896
2025-12-28,ST17,SKU01752,1,1.8167505
2025-12-28,ST29,SKU01757,1,1.859793
2025-12-28,ST04,SKU01760,2,1.9530803
2025-12-28,ST20,SKU01764,2,1.8806335
2025-12-28,ST21,SKU01766,1,1.9259467
2025-12-28,ST20,SKU01773,2,2.10934
2025-12-28,ST17,SKU01774,1,1.9384527
2025-12-28,ST29,SKU01775,5,1.8834691
2025-12-28,ST18,SKU01784,2,1.8693795
2025-12-28,ST03,SKU01802,2,1.8051703
2025-12-28,ST28,SKU01804,1,1.9249419
2025-12-28,ST06,SKU01806,1,1.7643278
2025-12-28,ST04,SKU01815,2,1.8056167
2025-12-28,ST27,SKU01816,3,2.4570622
2025-12-28,ST29,SKU01823,1,1.8315172
2025-12-28,ST30,SKU01835,1,1.9595075
2025-12-28,ST30,SKU01836,1,1.5615078
2025-12-28,ST10,SKU01843,1,1.8210593
2025-12-28,ST04,SKU01850,1,1.8432318
2025-12-28,ST30,SKU01865,1,1.9670839
2025-12-28,ST11,SKU01869,2,1.8756015
2025-12-28,ST07,SKU01870,3,1.9539138
2025-12-28,ST22,SKU01876,1,1.6639638
2025-12-28,ST22,SKU01897,1,1.8909284
2025-12-28,ST27,SKU01919,3,1.8223416
2025-12-28,ST27,SKU01920,1,1.932705
2025-12-28,ST15,SKU01922,1,1.8304441
2025-12-28,ST30,SKU01940,1,1.8668374
2025-12-28,ST08,SKU01949,1,1.8659762
2025-12-28,ST30,SKU01950,2,1.7468052
2025-12-28,ST20,SKU01953,2,1.7993739
2025-12-28,ST21,SKU01958,1,1.8527986
2025-12-28,ST29,SKU01965,2,1.9337947
2025-12-28,ST30,SKU01966,1,1.8635284
2025-12-28,ST14,SKU01972,2,1.8720285
2025-12-28,ST12,SKU01977,1,1.7925117
2025-12-28,ST20,SKU01986,4,1.9897332
2025-12-28,ST01,SKU01988,4,1.8396213
2025-12-28,ST18,SKU01992,3,1.814793
2025-12-28,ST07,SKU01993,4,1.7419912
2025-12-28,ST07,SKU02003,1,1.8985572
2025-12-28,ST09,SKU02016,1,2.0049927
2025-12-28,ST15,SKU02018,2,1.850017
2025-12-28,ST01,SKU02031,2,1.9220847
2025-12-28,ST30,SKU02033,1,1.8829134
2025-12-28,ST14,SKU02040,3,1.850862
2025-12-28,ST03,SKU02046,4,1.9994595
2025-12-28,ST17,SKU02056,1,1.9232026
2025-12-28,ST30,SKU02068,1,2.0435436
2025-12-28,ST06,SKU02071,1,2.072278
2025-12-28,ST24,SKU02079,3,1.7814101
2025-12-28,ST12,SKU02087,1,1.8912953
2025-12-28,ST30,SKU02095,2,1.8837146
2025-12-28,ST30,SKU02096,2,1.9026083
2025-12-28,ST25,SKU02107,2,1.7304257
2025-12-28,ST11,SKU02123,1,1.8345718
2025-12-28,ST27,SKU02141,2,2.065266
2025-12-28,ST20,SKU02153,1,1.8538144
2025-12-28,ST08,SKU02155,1,1.8498259
2025-12-28,ST27,SKU02163,4,1.7275587
2025-12-28,ST30,SKU02177,2,1.8643147
2025-12-28,ST10,SKU02178,4,1.9063741
2025-12-28,ST14,SKU02179,4,1.917333
2025-12-28,ST26,SKU02180,2,1.787202
2025-12-28,ST07,SKU02184,1,1.7745576
2025-12-28,ST13,SKU02192,1,1.8390105
2025-12-28,ST16,SKU02215,4,1.7174712
2025-12-28,ST29,SKU02225,1,1.9138074
2025-12-28,ST25,SKU02239,3,1.8456202
2025-12-28,ST09,SKU02240,1,1.830551
2025-12-28,ST22,SKU02242,1,1.8176812
2025-12-28,ST30,SKU02246,3,1.8309948
2025-12-28,ST12,SKU02261,2,1.8752676
2025-12-28,ST14,SKU02268,1,1.9962062
2025-12-28,ST03,SKU02271,1,1.8859775
2025-12-28,ST11,SKU02272,1,1.883666
2025-12-28,ST28,SKU02283,1,1.9736563
2025-12-28,ST17,SKU02287,2,1.8025788
2025-12-28,ST06,SKU02297,4,1.8080068
2025-12-28,ST09,SKU02303,1,1.8381468
2025-12-28,ST03,SKU02308,2,1.9222493
2025-12-28,ST12,SKU02309,4,1.827276
2025-12-28,ST06,SKU02314,1,1.8053223
2025-12-28,ST23,SKU02316,1,1.8856933
2025-12-28,ST07,SKU02317,1,1.8549181
2025-12-28,ST27,SKU02328,2,1.8658566
2025-12-28,ST08,SKU02333,1,1.866159
2025-12-28,ST08,SKU02335,2,1.9195601
2025-12-28,ST06,SKU02338,1,1.8555971
2025-12-28,ST18,SKU02342,1,1.9783602
2025-12-28,ST29,SKU02344,2,1.8845196
2025-12-28,ST07,SKU02345,1,1.8842973
2025-12-28,ST05,SKU02351,1,1.7102915
2025-12-28,ST05,SKU02354,2,1.974617
2025-12-28,ST22,SKU02368,1,1.7551191
2025-12-28,ST06,SKU02371,1,1.8237008
2025-12-28,ST30,SKU02372,2,1.790297
2025-12-28,ST20,SKU02382,1,1.7860318
2025-12-28,ST11,SKU02389,2,1.8476547
2025-12-28,ST22,SKU02394,4,1.8719634
2025-12-28,ST03,SKU02397,2,1.9170274
2025-12-28,ST07,SKU02401,1,1.9003314
2025-12-28,ST27,SKU02404,2,1.866762
2025-12-28,ST29,SKU02405,3,1.8765597
2025-12-28,ST20,SKU02408,1,1.782444
2025-12-28,ST06,SKU02414,1,1.961232
2025-12-28,ST22,SKU02415,5,1.9457293
2025-12-28,ST17,SKU02428,1,1.8664593
2025-12-28,ST02,SKU02439,1,1.8984377
2025-12-28,ST28,SKU02449,2,1.9757965
2025-12-28,ST19,SKU02452,3,1.809186
2025-12-28,ST28,SKU02455,5,1.8827319
2025-12-28,ST04,SKU02463,2,1.8366984
2025-12-28,ST10,SKU02465,2,1.954882
2025-12-28,ST22,SKU02469,4,1.835755
2025-12-28,ST08,SKU02475,2,1.9451649
2025-12-28,ST06,SKU02478,1,1.8252683
2025-12-28,ST30,SKU02479,1,1.784225
2025-12-28,ST16,SKU02482,1,1.8732941
2025-12-28,ST08,SKU02488,1,1.8225754
2025-12-28,ST19,SKU02490,5,1.8512187
2025-12-28,ST01,SKU02493,4,1.8775129
2025-12-28,ST14,SKU02497,1,1.9346611
2025-12-28,ST11,SKU02516,1,1.9297066
2025-12-28,ST04,SKU02521,1,1.8379853
2025-12-28,ST17,SKU02525,2,1.8934244
2025-12-28,ST16,SKU02526,1,1.7865524
2025-12-28,ST06,SKU02532,1,1.8318912
2025-12-28,ST20,SKU02537,2,1.9035788
2025-12-28,ST07,SKU02538,2,1.8687426
2025-12-28,ST18,SKU02543,4,1.7887474
2025-12-28,ST19,SKU02562,3,1.7900362
2025-12-28,ST17,SKU02582,1,1.8482335
2025-12-28,ST28,SKU02589,4,1.9482235
2025-12-28,ST08,SKU02591,1,1.8781725
2025-12-28,ST13,SKU02603,3,1.8981012
2025-12-28,ST24,SKU02611,1,1.9725541
2025-12-28,ST11,SKU02614,2,2.041418
2025-12-28,ST19,SKU02624,1,2.050126
2025-12-28,ST06,SKU02636,1,1.8818498
2025-12-28,ST06,SKU02640,3,1.6890241
2025-12-28,ST22,SKU02642,3,1.8206964
2025-12-28,ST09,SKU02660,3,1.7256488
2025-12-28,ST20,SKU02665,2,1.9509966
2025-12-28,ST10,SKU02669,1,2.0071788
2025-12-28,ST03,SKU02673,1,1.8348672
2025-12-28,ST23,SKU02678,3,1.8821404
2025-12-28,ST30,SKU02692,1,1.8433583
2025-12-28,ST08,SKU02706,1,2.0331514
2025-12-28,ST29,SKU02725,1,1.9554843
2025-12-28,ST28,SKU02738,2,1.9031931
2025-12-28,ST28,SKU02740,6,4.3254128
2025-12-28,ST22,SKU02769,4,1.9898983
2025-12-28,ST17,SKU02772,3,1.9421233
2025-12-28,ST19,SKU02778,1,1.8573141
2025-12-28,ST23,SKU02798,2,1.853059
2025-12-28,ST07,SKU02801,1,1.886149
2025-12-28,ST10,SKU02811,3,1.8781822
2025-12-28,ST11,SKU02812,3,1.9091883
2025-12-28,ST26,SKU02815,3,1.8519601
2025-12-28,ST28,SKU02833,1,2.0835962
2025-12-28,ST06,SKU02837,3,1.8953575
2025-12-28,ST09,SKU02840,1,1.8334543
2025-12-28,ST17,SKU02858,1,1.8095083
2025-12-28,ST05,SKU02867,2,1.7958333
2025-12-28,ST12,SKU02879,1,1.8979273
2025-12-28,ST13,SKU02880,1,1.832016
2025-12-28,ST29,SKU02883,1,1.8263597
2025-12-28,ST22,SKU02888,1,1.8537332
2025-12-28,ST22,SKU02891,1,1.8690047
2025-12-28,ST14,SKU02892,1,1.864953
2025-12-28,ST13,SKU02909,4,1.8995031
2025-12-28,ST14,SKU02918,1,1.8021085
2025-12-28,ST22,SKU02921,1,1.9466131
2025-12-28,ST30,SKU02930,1,1.794812
2025-12-28,ST06,SKU02933,2,1.8621328
2025-12-28,ST25,SKU02937,3,1.8552829
2025-12-28,ST20,SKU02943,1,1.896553
2025-12-28,ST29,SKU02947,1,1.8644197
2025-12-28,ST05,SKU02956,3,1.9909222
2025-12-28,ST28,SKU02974,4,1.8923075
2025-12-28,ST01,SKU02981,1,1.870647
2025-12-28,ST22,SKU02983,5,1.8620205
2025-12-28,ST07,SKU02984,3,1.9157584
2025-12-28,ST13,SKU02988,2,1.8330038
2025-12-28,ST25,SKU02990,5,1.8503284
2025-12-28,ST01,SKU02992,2,1.9914606
2025-12-28,ST28,SKU02998,4,1.8367473
2025-12-28,ST09,SKU03023,2,1.8750355
2025-12-28,ST12,SKU03030,1,1.8329369
2025-12-28,ST14,SKU03038,2,1.9203422
2025-12-28,ST14,SKU03052,1,2.0148137
2025-12-28,ST24,SKU03053,1,1.8982828
2025-12-28,ST04,SKU03054,2,1.8216037
2025-12-28,ST06,SKU03055,1,1.9319975
2025-12-28,ST05,SKU03063,1,2.0217152
2025-12-28,ST28,SKU03076,1,2.0082443
2025-12-28,ST11,SKU03077,3,1.9047033
2025-12-28,ST01,SKU03080,5,1.8571035
2025-12-28,ST29,SKU03083,1,1.7971674
2025-12-28,ST10,SKU03084,1,1.8803232
2025-12-28,ST09,SKU03088,1,1.8813722
2025-12-28,ST12,SKU03098,2,1.8104792
2025-12-28,ST03,SKU03104,1,1.6918232
2025-12-28,ST06,SKU03114,1,1.8652219
2025-12-28,ST03,SKU03122,1,1.8804935
2025-12-28,ST23,SKU03125,1,1.88949
2025-12-28,ST26,SKU03132,1,1.9491785
2025-12-28,ST20,SKU03138,4,1.8519511
2025-12-28,ST21,SKU03153,5,1.8634626
2025-12-28,ST21,SKU03167,5,1.8642398
2025-12-28,ST17,SKU03173,1,2.111334
2025-12-28,ST17,SKU03182,2,1.8356419
2025-12-28,ST23,SKU03198,1,1.9301835
2025-12-28,ST09,SKU03213,2,1.9270322
2025-12-28,ST07,SKU03222,4,1.8420664
2025-12-28,ST06,SKU03240,1,1.8950614
2025-12-28,ST29,SKU03254,1,1.7592939
2025-12-28,ST18,SKU03255,1,1.9153681
2025-12-28,ST22,SKU03271,3,1.8300337
2025-12-28,ST08,SKU03274,1,2.0741434
2025-12-28,ST20,SKU03275,1,1.8313901
2025-12-28,ST23,SKU03292,1,2.0161843
2025-12-28,ST18,SKU03298,1,1.8648108
2025-12-28,ST03,SKU03302,2,1.9878914
2025-12-28,ST05,SKU03313,3,1.8268528
2025-12-28,ST07,SKU03316,1,2.0182211
2025-12-28,ST10,SKU03319,1,1.8347689
2025-12-28,ST22,SKU03329,4,1.8773111
2025-12-28,ST15,SKU03331,1,1.8601655
2025-12-28,ST05,SKU03348,4,1.8319799
2025-12-28,ST12,SKU03349,2,1.8050519
2025-12-28,ST02,SKU03364,1,1.7487448
2025-12-28,ST17,SKU03366,2,1.8584082
2025-12-28,ST06,SKU03372,2,1.8275318
2025-12-28,ST23,SKU03380,2,1.8436733
2025-12-28,ST28,SKU03385,4,1.7665972
2025-12-28,ST06,SKU03397,1,1.941314
2025-12-28,ST21,SKU03398,5,1.8651527
2025-12-28,ST25,SKU03400,1,1.847298
2025-12-28,ST17,SKU03424,2,1.8675761
2025-12-28,ST03,SKU03427,1,1.7110381
2025-12-28,ST13,SKU03440,1,1.8609717
2025-12-28,ST27,SKU03455,1,1.8383117
2025-12-28,ST28,SKU03462,2,1.8473289
2025-12-28,ST30,SKU03475,1,1.8456832
2025-12-28,ST07,SKU03476,4,1.927956
2025-12-28,ST09,SKU03486,3,1.8702312
2025-12-28,ST09,SKU03500,1,1.837456
2025-12-28,ST08,SKU03506,2,2.0647907
2025-12-28,ST23,SKU03507,3,1.7687175
2025-12-28,ST20,SKU03512,1,1.8980958
2025-12-28,ST11,SKU03522,1,1.8257239
2025-12-28,ST16,SKU03525,1,1.7602471
2025-12-28,ST27,SKU03528,1,1.8588496
2025-12-28,ST14,SKU03531,1,1.903956
2025-12-28,ST01,SKU03540,1,1.8503295
2025-12-28,ST07,SKU03554,1,1.8638929
2025-12-28,ST22,SKU03571,4,1.8215787
2025-12-28,ST08,SKU03575,1,1.8648739
2025-12-28,ST09,SKU03587,1,1.9486954
2025-12-28,ST12,SKU03605,1,1.8366845
2025-12-28,ST24,SKU03610,2,1.8338792
2025-12-28,ST03,SKU03611,1,1.6245602
2025-12-28,ST17,SKU03613,1,1.8765254
2025-12-28,ST06,SKU03622,4,4.014778
2025-12-28,ST03,SKU03625,1,1.8147409
2025-12-28,ST03,SKU03633,2,1.8606358
2025-12-28,ST21,SKU03639,5,1.781393
2025-12-28,ST24,SKU03641,1,1.7607396
2025-12-28,ST29,SKU03647,2,1.8376904
2025-12-28,ST03,SKU03666,1,1.7498082
2025-12-28,ST18,SKU03669,1,1.9111507
2025-12-28,ST09,SKU03676,4,1.8453825
2025-12-28,ST20,SKU03702,4,1.8756669
2025-12-28,ST08,SKU03704,1,1.9610162
2025-12-28,ST16,SKU03706,2,1.8829566
2025-12-28,ST23,SKU03708,1,1.7968421
2025-12-28,ST14,SKU03710,1,2.037906
2025-12-28,ST18,SKU03717,1,1.8378904
2025-12-28,ST03,SKU03721,3,1.8200442
2025-12-28,ST29,SKU03724,2,1.9667884
2025-12-28,ST05,SKU03726,1,1.8984696
2025-12-28,ST19,SKU03727,2,1.9729809
2025-12-28,ST16,SKU03734,2,2.037167
2025-12-28,ST22,SKU03740,5,2.0841653
2025-12-28,ST20,SKU03744,2,1.8993071
2025-12-28,ST25,SKU03754,2,1.8480937
2025-12-28,ST27,SKU03762,1,1.8440517
2025-12-28,ST14,SKU03768,3,1.908436
2025-12-28,ST14,SKU03775,1,1.7926704
2025-12-28,ST26,SKU03779,1,1.8809729
2025-12-28,ST30,SKU03787,1,1.8271326
2025-12-28,ST13,SKU03792,1,1.8455062
2025-12-28,ST09,SKU03793,2,1.8838255
2025-12-28,ST18,SKU03800,2,1.8514332
2025-12-28,ST15,SKU03819,3,1.8480753
2025-12-28,ST06,SKU03851,1,1.7560595
2025-12-28,ST23,SKU03854,4,1.8861091
2025-12-28,ST22,SKU03870,1,1.9242382
2025-12-28,ST28,SKU03874,1,1.8452581
2025-12-28,ST28,SKU03881,1,1.8605169
2025-12-28,ST04,SKU03891,1,1.8223076
2025-12-28,ST20,SKU03900,3,1.916258
2025-12-28,ST28,SKU03901,4,1.8826953
2025-12-28,ST14,SKU03910,1,1.8443155
2025-12-28,ST06,SKU03924,1,1.9086337
2025-12-28,ST21,SKU03937,2,1.8199838
2025-12-28,ST20,SKU03942,1,1.8396006
2025-12-28,ST11,SKU03951,1,1.8556205
2025-12-28,ST12,SKU03969,1,1.7706165
2025-12-28,ST28,SKU03976,2,1.8602662
2025-12-28,ST18,SKU03981,1,1.8978074
2025-12-28,ST10,SKU03987,1,1.7572186
2025-12-28,ST07,SKU03989,4,1.6689563
2025-12-28,ST30,SKU04008,3,1.860935
2025-12-28,ST22,SKU04016,1,1.8754052
2025-12-28,ST14,SKU04020,2,1.9098451
2025-12-28,ST15,SKU04021,3,1.8469647
2025-12-28,ST17,SKU04026,1,1.8352165
2025-12-28,ST29,SKU04032,2,3.9971104
2025-12-28,ST21,SKU04035,3,1.774683
2025-12-28,ST11,SKU04041,3,1.9352596
2025-12-28,ST22,SKU04042,1,1.9532042
2025-12-28,ST13,SKU04046,2,1.9775337
2025-12-28,ST01,SKU04049,1,1.8990481
2025-12-28,ST30,SKU04051,2,1.8573989
2025-12-28,ST21,SKU04056,3,2.097667
2025-12-28,ST25,SKU04057,1,1.7969224
2025-12-28,ST09,SKU04063,1,1.933029
2025-12-28,ST13,SKU04072,3,1.9451193
2025-12-28,ST18,SKU04077,1,1.7941381
2025-12-28,ST18,SKU04080,1,1.8846054
2025-12-28,ST14,SKU04082,1,1.880087
2025-12-28,ST27,SKU04087,1,1.9563601
2025-12-28,ST27,SKU04095,1,1.8808063
2025-12-28,ST12,SKU04105,4,1.9957483
2025-12-28,ST03,SKU04110,1,1.8724911
2025-12-28,ST04,SKU04112,4,1.7940036
2025-12-28,ST07,SKU04114,1,1.9800546
2025-12-28,ST07,SKU04137,1,1.8536054
2025-12-28,ST22,SKU04141,2,1.8744289
2025-12-28,ST03,SKU04147,1,1.9815171
2025-12-28,ST29,SKU04154,2,3.9184406
2025-12-28,ST05,SKU04155,2,1.7726341
2025-12-28,ST06,SKU04157,2,1.8615624
2025-12-28,ST16,SKU04158,1,1.7372491
2025-12-28,ST26,SKU04161,2,1.9504806
2025-12-28,ST27,SKU04166,2,1.867365
2025-12-28,ST14,SKU04183,1,1.8548492
2025-12-28,ST27,SKU04191,2,1.8488989
2025-12-28,ST18,SKU04196,2,1.8424815
2025-12-28,ST20,SKU04241,2,1.8651489
2025-12-28,ST06,SKU04245,1,1.7102016
2025-12-28,ST13,SKU04255,2,1.9117867
2025-12-28,ST05,SKU04264,2,2.2132924
2025-12-28,ST25,SKU04267,1,1.8353223
2025-12-28,ST21,SKU04268,2,1.7345802
2025-12-28,ST05,SKU04275,5,2.0896595
2025-12-28,ST28,SKU04278,2,1.9416583
2025-12-28,ST30,SKU04279,2,1.9155525
2025-12-28,ST03,SKU04280,1,1.8841202
2025-12-28,ST18,SKU04286,1,1.7784336
2025-12-28,ST30,SKU04288,1,1.9722147
2025-12-28,ST21,SKU04289,3,1.8839146
2025-12-28,ST22,SKU04296,5,4.271179
2025-12-28,ST14,SKU04298,2,1.8193389
2025-12-28,ST06,SKU04302,1,1.8389626
2025-12-28,ST06,SKU04304,4,1.84339
2025-12-28,ST23,SKU04306,2,1.8769394
2025-12-28,ST26,SKU04317,3,1.7218555
2025-12-28,ST30,SKU04321,5,7.5971513
2025-12-28,ST09,SKU04324,1,1.9645433
2025-12-28,ST04,SKU04325,1,1.8491493
2025-12-28,ST15,SKU04329,2,2.1726995
2025-12-28,ST01,SKU04336,1,1.7503636
2025-12-28,ST07,SKU04341,4,1.902267
2025-12-28,ST25,SKU04350,1,1.7796925
2025-12-28,ST29,SKU04354,1,1.9396497
2025-12-28,ST04,SKU04363,1,1.7771832
2025-12-28,ST12,SKU04366,2,1.6385976
2025-12-28,ST09,SKU04372,3,1.8468196
2025-12-28,ST15,SKU04381,2,1.9735423
2025-12-28,ST28,SKU04390,2,1.8925027
2025-12-28,ST07,SKU04397,2,1.8390098
2025-12-28,ST22,SKU04400,3,1.9382094
2025-12-28,ST24,SKU04408,2,1.7114322
2025-12-28,ST12,SKU04411,1,1.8907683
2025-12-28,ST07,SKU04412,1,1.8939705
2025-12-28,ST17,SKU04417,1,2.497998
2025-12-28,ST15,SKU04430,1,1.8540919
2025-12-28,ST07,SKU04438,2,1.7126412
2025-12-28,ST02,SKU04453,1,1.7837065
2025-12-28,ST06,SKU04456,5,1.949942
2025-12-28,ST30,SKU04461,2,1.8214432
2025-12-28,ST07,SKU04476,2,1.8823174
2025-12-28,ST17,SKU04489,1,1.9118959
2025-12-28,ST22,SKU04502,3,1.8176906
2025-12-28,ST23,SKU04503,5,1.9795624
2025-12-28,ST18,SKU04508,1,1.9100878
2025-12-28,ST16,SKU04520,2,1.8255837
2025-12-28,ST24,SKU04527,2,1.8007191
2025-12-28,ST14,SKU04531,3,1.7801001
2025-12-28,ST14,SKU04539,2,1.8374869
2025-12-28,ST11,SKU04541,2,1.7630899
2025-12-28,ST22,SKU04547,1,1.9121062
2025-12-28,ST06,SKU04549,1,1.8039702
2025-12-28,ST22,SKU04551,2,1.9887824
2025-12-28,ST27,SKU04559,1,2.0767052
2025-12-28,ST08,SKU04560,2,1.8914171
2025-12-28,ST03,SKU04567,1,1.8475944
2025-12-28,ST30,SKU04571,2,1.7105681
2025-12-28,ST13,SKU04592,2,1.841193
2025-12-28,ST21,SKU04593,1,1.773035
2025-12-28,ST30,SKU04596,4,4.7809143
2025-12-28,ST29,SKU04604,1,2.1218865
2025-12-28,ST15,SKU04606,1,1.8626908
2025-12-28,ST08,SKU04608,3,1.7752544
2025-12-28,ST12,SKU04610,1,1.8404152
2025-12-28,ST11,SKU04620,2,1.8710092
2025-12-28,ST13,SKU04621,3,2.0496259
2025-12-28,ST18,SKU04627,1,1.8483645
2025-12-28,ST30,SKU04628,1,1.9229802
2025-12-28,ST30,SKU04630,1,1.8389935
2025-12-28,ST18,SKU04633,2,1.8376875
2025-12-28,ST09,SKU04638,2,1.8088626
2025-12-28,ST27,SKU04646,2,1.852188
2025-12-28,ST27,SKU04649,1,1.9594499
2025-12-28,ST14,SKU04657,3,1.8958099
2025-12-28,ST18,SKU04663,2,1.800016
2025-12-28,ST06,SKU04666,4,1.7516888
2025-12-28,ST01,SKU04669,3,1.733496
2025-12-28,ST14,SKU04683,2,1.8822464
2025-12-28,ST10,SKU04687,3,4.052716
2025-12-28,ST14,SKU04698,1,1.9820107
2025-12-28,ST18,SKU04708,2,1.8412539
2025-12-28,ST06,SKU04709,3,1.9393754
2025-12-28,ST11,SKU04710,1,1.852158
2025-12-28,ST17,SKU04721,1,1.8536912
2025-12-28,ST03,SKU04723,3,1.9284145
2025-12-28,ST13,SKU04730,1,1.8276366
2025-12-28,ST20,SKU04733,1,1.8284903
2025-12-28,ST27,SKU04740,2,1.829843
2025-12-28,ST19,SKU04749,2,1.8244177
2025-12-28,ST29,SKU04779,1,1.9557843
2025-12-28,ST06,SKU04782,1,1.7631484
2025-12-28,ST04,SKU04788,2,1.8135954
2025-12-28,ST13,SKU04794,3,1.9495994
2025-12-28,ST07,SKU04800,1,1.6871319
2025-12-28,ST08,SKU04810,1,1.9494041
2025-12-28,ST20,SKU04813,3,1.9438457
2025-12-28,ST10,SKU04816,3,1.5835552
2025-12-28,ST06,SKU04818,2,1.9336139
2025-12-28,ST03,SKU04828,1,1.9808573
2025-12-28,ST11,SKU04842,1,1.8071145
2025-12-28,ST30,SKU04856,2,1.7616168
2025-12-28,ST27,SKU04869,1,1.9231308
2025-12-28,ST03,SKU04871,1,1.8118606
2025-12-28,ST01,SKU04878,5,1.8236663
2025-12-28,ST01,SKU04893,1,1.8275427
2025-12-28,ST22,SKU04897,1,1.9008793
2025-12-28,ST28,SKU04903,3,1.8890078
2025-12-28,ST14,SKU04911,1,1.8991832
2025-12-28,ST29,SKU04913,3,1.8297222
2025-12-28,ST07,SKU04914,1,1.8344574
2025-12-28,ST22,SKU04922,1,1.8555926
2025-12-28,ST20,SKU04924,3,2.002995
2025-12-28,ST16,SKU04926,2,1.8866651
2025-12-28,ST10,SKU04927,1,1.8614573
2025-12-28,ST11,SKU04934,1,1.7481226
2025-12-28,ST22,SKU04939,1,1.8409804
2025-12-28,ST27,SKU04944,1,1.8795545
2025-12-28,ST13,SKU04946,4,1.9581403
2025-12-28,ST20,SKU04954,4,1.868199
2025-12-28,ST03,SKU04956,2,1.8529688
2025-12-28,ST08,SKU04969,1,1.7964029
2025-12-28,ST06,SKU04976,1,1.8524585
2025-12-28,ST04,SKU04995,4,1.8891406
2025-12-28,ST01,SKU04998,1,1.750812
2025-12-29,ST30,SKU00002,1,1.8154565
2025-12-29,ST03,SKU00018,2,1.9240352
2025-12-29,ST07,SKU00020,3,1.8405577
2025-12-29,ST24,SKU00026,3,1.883707
2025-12-29,ST24,SKU00039,3,1.8538414
2025-12-29,ST16,SKU00043,1,1.8753022
2025-12-29,ST14,SKU00056,4,2.0693088
2025-12-29,ST03,SKU00063,2,1.888135
2025-12-29,ST14,SKU00079,1,1.8292538
2025-12-29,ST18,SKU00096,1,1.8388754
2025-12-29,ST30,SKU00103,3,2.06215
2025-12-29,ST08,SKU00112,3,1.961966
2025-12-29,ST23,SKU00119,1,2.0412867
2025-12-29,ST04,SKU00126,2,1.852155
2025-12-29,ST10,SKU00159,1,1.8439654
2025-12-29,ST01,SKU00165,2,1.8044857
2025-12-29,ST29,SKU00166,3,1.7931352
2025-12-29,ST10,SKU00169,3,1.8894333
2025-12-29,ST26,SKU00172,1,1.8551209
2025-12-29,ST29,SKU00177,2,1.8589151
2025-12-29,ST04,SKU00178,3,1.8991727
2025-12-29,ST21,SKU00182,5,1.801958
2025-12-29,ST22,SKU00190,1,1.8849443
2025-12-29,ST05,SKU00213,1,1.9186203
2025-12-29,ST11,SKU00218,1,1.9080372
2025-12-29,ST24,SKU00232,3,1.9290154
2025-12-29,ST16,SKU00234,3,1.947058
2025-12-29,ST03,SKU00249,5,1.816379
2025-12-29,ST08,SKU00252,1,2.1120684
2025-12-29,ST10,SKU00254,1,1.9147488
2025-12-29,ST29,SKU00259,2,1.8384413
2025-12-29,ST30,SKU00260,1,1.777117
2025-12-29,ST29,SKU00263,2,2.0261483
2025-12-29,ST28,SKU00264,2,2.001096
2025-12-29,ST20,SKU00278,1,2.0008185
2025-12-29,ST26,SKU00282,2,1.8314065
2025-12-29,ST24,SKU00285,5,3.9916117
2025-12-29,ST13,SKU00286,1,1.9437292
2025-12-29,ST09,SKU00294,1,1.983535
2025-12-29,ST17,SKU00312,2,1.872937
2025-12-29,ST04,SKU00316,3,1.9153439
2025-12-29,ST04,SKU00325,1,1.9083698
2025-12-29,ST22,SKU00328,2,2.3285856
2025-12-29,ST09,SKU00336,1,1.940698
2025-12-29,ST10,SKU00351,1,1.8432585
2025-12-29,ST26,SKU00366,1,1.8424915
2025-12-29,ST16,SKU00369,2,1.8706605
2025-12-29,ST17,SKU00374,1,1.9067495
2025-12-29,ST19,SKU00377,1,1.9931573
2025-12-29,ST14,SKU00378,2,1.9999295
2025-12-29,ST09,SKU00387,1,1.7746787
2025-12-29,ST11,SKU00412,4,1.9670924
2025-12-29,ST20,SKU00415,4,1.9691949
2025-12-29,ST08,SKU00418,1,2.1142187
2025-12-29,ST08,SKU00426,1,1.9412197
2025-12-29,ST05,SKU00427,1,1.7905911
2025-12-29,ST30,SKU00432,2,1.896822
2025-12-29,ST29,SKU00444,1,1.9046063
2025-12-29,ST14,SKU00445,1,1.8588064
2025-12-29,ST06,SKU00450,1,1.8940221
2025-12-29,ST05,SKU00461,2,1.8567449
2025-12-29,ST24,SKU00470,2,1.9180825
2025-12-29,ST06,SKU00479,3,1.8779548
2025-12-29,ST12,SKU00484,2,1.877826
2025-12-29,ST05,SKU00493,3,1.9919845
2025-12-29,ST11,SKU00500,3,1.874389
2025-12-29,ST01,SKU00506,1,1.9631077
2025-12-29,ST11,SKU00518,3,1.8978474
2025-12-29,ST08,SKU00531,4,2.0682156
2025-12-29,ST27,SKU00538,2,1.6930246
2025-12-29,ST30,SKU00539,1,1.8810968
2025-12-29,ST13,SKU00540,5,1.8703945
2025-12-29,ST11,SKU00565,2,1.9621989
2025-12-29,ST20,SKU00577,3,2.036529
2025-12-29,ST01,SKU00585,1,2.0136487
2025-12-29,ST14,SKU00593,1,1.8932587
2025-12-29,ST29,SKU00599,3,1.9475709
2025-12-29,ST26,SKU00602,1,1.7132428
2025-12-29,ST18,SKU00605,2,1.834492
2025-12-29,ST16,SKU00636,1,1.9443487
2025-12-29,ST24,SKU00653,1,1.792836
2025-12-29,ST07,SKU00659,2,1.9505224
2025-12-29,ST14,SKU00663,1,1.9479588
2025-12-29,ST17,SKU00670,1,1.8747206
2025-12-29,ST27,SKU00672,1,1.8891264
2025-12-29,ST10,SKU00676,1,1.8569028
2025-12-29,ST07,SKU00687,1,2.0361164
2025-12-29,ST05,SKU00720,3,1.9272621
2025-12-29,ST10,SKU00728,1,1.9990528
2025-12-29,ST21,SKU00733,2,1.8748292
2025-12-29,ST04,SKU00766,1,1.9057114
2025-12-29,ST29,SKU00774,2,1.9094522
2025-12-29,ST23,SKU00806,1,1.9793458
2025-12-29,ST04,SKU00823,3,1.8388095
2025-12-29,ST14,SKU00827,1,1.9927149
2025-12-29,ST14,SKU00831,1,2.1832433
2025-12-29,ST08,SKU00836,2,1.8556194
2025-12-29,ST29,SKU00845,2,1.9790119
2025-12-29,ST22,SKU00848,1,1.9047421
2025-12-29,ST25,SKU00864,2,1.9104568
2025-12-29,ST22,SKU00865,4,1.828256
2025-12-29,ST01,SKU00867,1,1.8781527
2025-12-29,ST05,SKU00871,5,1.8632003
2025-12-29,ST14,SKU00878,1,1.9365462
2025-12-29,ST08,SKU00881,2,2.02241
2025-12-29,ST03,SKU00882,2,1.8270832
2025-12-29,ST30,SKU00893,4,3.7472105
2025-12-29,ST04,SKU00896,1,1.8004665
2025-12-29,ST27,SKU00917,1,1.8652356
2025-12-29,ST02,SKU00918,1,1.8714807
2025-12-29,ST26,SKU00920,2,2.036503
2025-12-29,ST26,SKU00924,4,1.9733466
2025-12-29,ST03,SKU00925,1,2.221848
2025-12-29,ST22,SKU00930,3,1.889807
2025-12-29,ST20,SKU00931,3,1.9359856
2025-12-29,ST30,SKU00938,1,1.8548635
2025-12-29,ST23,SKU00942,2,1.8236916
2025-12-29,ST26,SKU00953,1,2.0663843
2025-12-29,ST02,SKU00974,3,1.6124778
2025-12-29,ST14,SKU00980,2,1.7806184
2025-12-29,ST17,SKU00982,3,1.9252683
2025-12-29,ST14,SKU00985,2,2.0026982
2025-12-29,ST03,SKU00988,4,1.9288397
2025-12-29,ST27,SKU00993,1,1.962712
2025-12-29,ST27,SKU00994,5,1.9559927
2025-12-29,ST19,SKU00996,1,1.8772845
2025-12-29,ST14,SKU01002,4,1.9771618
2025-12-29,ST02,SKU01004,1,1.8853232
2025-12-29,ST08,SKU01008,3,1.9337653
2025-12-29,ST16,SKU01009,1,1.9397683
2025-12-29,ST03,SKU01021,2,1.9121021
2025-12-29,ST09,SKU01023,1,1.883563
2025-12-29,ST25,SKU01028,1,1.889237
2025-12-29,ST25,SKU01030,4,1.7997752
2025-12-29,ST10,SKU01031,2,2.014356
2025-12-29,ST27,SKU01038,1,2.0762374
2025-12-29,ST28,SKU01045,2,4.7035317
2025-12-29,ST29,SKU01046,1,1.7376189
2025-12-29,ST30,SKU01067,1,1.8598793
2025-12-29,ST03,SKU01085,1,1.9694113
2025-12-29,ST05,SKU01088,1,1.9681762
2025-12-29,ST10,SKU01091,2,1.7943815
2025-12-29,ST27,SKU01092,1,2.0790935
2025-12-29,ST08,SKU01100,1,1.8115498
2025-12-29,ST27,SKU01103,1,1.8426656
2025-12-29,ST21,SKU01118,2,1.8966349
2025-12-29,ST27,SKU01124,1,1.9274522
2025-12-29,ST11,SKU01125,2,1.9628596
2025-12-29,ST27,SKU01136,1,1.8935982
2025-12-29,ST25,SKU01137,1,2.0205865
2025-12-29,ST09,SKU01151,1,1.9886999
2025-12-29,ST03,SKU01152,5,1.9892771
2025-12-29,ST26,SKU01153,3,1.7614129
2025-12-29,ST22,SKU01159,5,2.007014
2025-12-29,ST13,SKU01164,3,1.9429693
2025-12-29,ST16,SKU01169,1,1.9215052
2025-12-29,ST11,SKU01170,1,2.1789982
2025-12-29,ST14,SKU01177,1,1.9049007
2025-12-29,ST11,SKU01183,1,1.8893462
2025-12-29,ST27,SKU01189,2,2.0066745
2025-12-29,ST27,SKU01193,2,1.8794906
2025-12-29,ST14,SKU01204,1,2.0948691
2025-12-29,ST03,SKU01223,1,1.8671489
2025-12-29,ST30,SKU01235,1,1.9153771
2025-12-29,ST06,SKU01244,2,2.0223267
2025-12-29,ST10,SKU01245,1,1.8555456
2025-12-29,ST11,SKU01272,1,1.8761882
2025-12-29,ST04,SKU01276,4,1.8893551
2025-12-29,ST30,SKU01284,1,1.9991509
2025-12-29,ST09,SKU01285,5,1.8968431
2025-12-29,ST18,SKU01286,1,1.8716867
2025-12-29,ST16,SKU01305,2,1.8399144
2025-12-29,ST23,SKU01314,1,1.9244325
2025-12-29,ST23,SKU01319,1,2.0043604
2025-12-29,ST16,SKU01338,3,1.8922191
2025-12-29,ST30,SKU01342,2,1.8387748
2025-12-29,ST21,SKU01343,1,1.8832234
2025-12-29,ST29,SKU01350,1,1.9448336
2025-12-29,ST23,SKU01357,2,2.108127
2025-12-29,ST29,SKU01363,1,1.8980794
2025-12-29,ST26,SKU01371,2,1.8493044
2025-12-29,ST27,SKU01406,3,1.8651983
2025-12-29,ST29,SKU01420,4,1.970457
2025-12-29,ST11,SKU01438,1,1.8242935
2025-12-29,ST17,SKU01445,1,1.9703983
2025-12-29,ST08,SKU01466,2,1.7046511
2025-12-29,ST15,SKU01476,2,1.8709513
2025-12-29,ST26,SKU01478,2,1.8703151
2025-12-29,ST24,SKU01490,5,2.0434766
2025-12-29,ST27,SKU01504,1,2.1304958
2025-12-29,ST21,SKU01507,2,1.8975805
2025-12-29,ST25,SKU01514,4,1.88946
2025-12-29,ST26,SKU01540,2,1.8678515
2025-12-29,ST18,SKU01543,2,1.9205759
2025-12-29,ST14,SKU01561,2,1.9016404
2025-12-29,ST16,SKU01589,2,1.7926809
2025-12-29,ST14,SKU01592,1,1.9477198
2025-12-29,ST22,SKU01613,3,1.817492
2025-12-29,ST14,SKU01615,1,1.8896037
2025-12-29,ST06,SKU01628,1,1.8535959
2025-12-29,ST08,SKU01638,1,2.0103009
2025-12-29,ST19,SKU01644,2,2.1334424
2025-12-29,ST11,SKU01654,1,2.0980835
2025-12-29,ST16,SKU01655,2,2.2715158
2025-12-29,ST16,SKU01662,3,1.8292465
2025-12-29,ST14,SKU01666,1,1.875937
2025-12-29,ST22,SKU01672,2,1.9960904
2025-12-29,ST11,SKU01677,1,1.775654
2025-12-29,ST11,SKU01681,1,1.8891025
2025-12-29,ST17,SKU01688,1,1.9030883
2025-12-29,ST18,SKU01700,2,1.8464949
2025-12-29,ST16,SKU01701,4,4.41307
2025-12-29,ST09,SKU01706,2,2.0053866
2025-12-29,ST20,SKU01713,1,1.9169997
2025-12-29,ST25,SKU01730,1,1.8868088
2025-12-29,ST13,SKU01737,3,1.8978707
2025-12-29,ST29,SKU01742,1,1.7934846
2025-12-29,ST26,SKU01761,3,1.8209974
2025-12-29,ST19,SKU01771,2,1.9562964
2025-12-29,ST16,SKU01777,1,2.0038412
2025-12-29,ST30,SKU01782,1,1.9780742
2025-12-29,ST16,SKU01784,1,1.8152606
2025-12-29,ST21,SKU01799,2,1.8905964
2025-12-29,ST15,SKU01815,2,2.129011
2025-12-29,ST15,SKU01833,1,1.7859386
2025-12-29,ST04,SKU01836,1,1.9478176
2025-12-29,ST11,SKU01839,3,1.9665252
2025-12-29,ST17,SKU01850,1,1.9050236
2025-12-29,ST11,SKU01852,1,1.9222857
2025-12-29,ST05,SKU01859,2,2.0392954
2025-12-29,ST24,SKU01864,3,1.9459394
2025-12-29,ST08,SKU01866,4,1.9581038
2025-12-29,ST26,SKU01878,3,1.7676568
2025-12-29,ST12,SKU01890,1,1.8912166
2025-12-29,ST22,SKU01894,1,1.9053358
2025-12-29,ST05,SKU01916,3,1.899559
2025-12-29,ST07,SKU01920,1,1.8492632
2025-12-29,ST06,SKU01923,1,1.8657967
2025-12-29,ST13,SKU01926,2,1.8755943
2025-12-29,ST06,SKU01935,1,1.8659345
2025-12-29,ST13,SKU01936,2,1.8778013
2025-12-29,ST30,SKU01942,3,1.8740135
2025-12-29,ST08,SKU01944,1,1.9012953
2025-12-29,ST28,SKU01962,3,1.9729477
2025-12-29,ST26,SKU01968,1,2.0032384
2025-12-29,ST08,SKU01974,1,2.0865557
2025-12-29,ST22,SKU01978,2,1.8241646
2025-12-29,ST26,SKU01982,3,1.8443927
2025-12-29,ST25,SKU01983,2,1.9336627
2025-12-29,ST06,SKU01993,1,1.9952029
2025-12-29,ST30,SKU01996,1,1.9632561
2025-12-29,ST30,SKU02016,2,1.9067265
2025-12-29,ST20,SKU02018,4,1.9790498
2025-12-29,ST21,SKU02019,1,1.9927993
2025-12-29,ST27,SKU02031,1,1.8951358
2025-12-29,ST02,SKU02036,1,1.8739165
2025-12-29,ST13,SKU02037,1,1.8576293
2025-12-29,ST11,SKU02040,2,2.263798
2025-12-29,ST16,SKU02048,2,1.9948375
2025-12-29,ST20,SKU02063,1,1.8482546
2025-12-29,ST30,SKU02079,1,1.9570619
2025-12-29,ST03,SKU02088,1,1.8904482
2025-12-29,ST22,SKU02090,2,1.8986726
2025-12-29,ST14,SKU02100,1,1.9826237
2025-12-29,ST12,SKU02106,3,1.8850397
2025-12-29,ST22,SKU02120,1,1.844441
2025-12-29,ST26,SKU02141,2,2.0410612
2025-12-29,ST30,SKU02144,2,2.1393232
2025-12-29,ST18,SKU02148,1,2.040926
2025-12-29,ST21,SKU02157,4,1.9518753
2025-12-29,ST10,SKU02160,1,1.8914034
2025-12-29,ST07,SKU02176,1,2.0370176
2025-12-29,ST26,SKU02186,3,1.8866764
2025-12-29,ST16,SKU02187,1,1.7854384
2025-12-29,ST28,SKU02199,4,1.841616
2025-12-29,ST17,SKU02212,1,1.8868765
2025-12-29,ST16,SKU02225,2,1.9055308
2025-12-29,ST05,SKU02231,1,1.8091996
2025-12-29,ST20,SKU02242,1,1.8653075
2025-12-29,ST29,SKU02243,2,1.9633434
2025-12-29,ST03,SKU02253,2,1.8842256
2025-12-29,ST09,SKU02260,5,1.8949833
2025-12-29,ST08,SKU02262,2,1.8912516
2025-12-29,ST21,SKU02266,2,1.843735
2025-12-29,ST20,SKU02268,3,1.9418665
2025-12-29,ST29,SKU02270,1,1.84887
2025-12-29,ST21,SKU02271,1,1.9436111
2025-12-29,ST23,SKU02272,2,2.0378602
2025-12-29,ST30,SKU02274,2,1.7819772
2025-12-29,ST08,SKU02288,3,1.9310899
2025-12-29,ST03,SKU02292,1,1.9296454
2025-12-29,ST06,SKU02294,3,2.002012
2025-12-29,ST08,SKU02297,2,1.8646829
2025-12-29,ST05,SKU02301,1,1.9781644
2025-12-29,ST22,SKU02303,1,1.8435245
2025-12-29,ST07,SKU02314,1,1.9531606
2025-12-29,ST01,SKU02316,1,1.966929
2025-12-29,ST08,SKU02324,1,1.8802817
2025-12-29,ST26,SKU02330,2,2.0208232
2025-12-29,ST21,SKU02333,1,2.1461363
2025-12-29,ST20,SKU02335,1,1.9517653
2025-12-29,ST27,SKU02336,1,1.7781132
2025-12-29,ST14,SKU02338,3,2.1007345
2025-12-29,ST11,SKU02340,1,2.0296285
2025-12-29,ST11,SKU02342,1,1.8707426
2025-12-29,ST28,SKU02343,1,1.9622402
2025-12-29,ST09,SKU02346,1,1.9302955
2025-12-29,ST25,SKU02368,3,1.8536838
2025-12-29,ST04,SKU02379,2,1.8858597
2025-12-29,ST27,SKU02383,1,2.1554425
2025-12-29,ST02,SKU02392,1,1.8076566
2025-12-29,ST04,SKU02397,1,1.8557405
2025-12-29,ST04,SKU02401,1,2.023696
2025-12-29,ST05,SKU02407,2,1.9670955
2025-12-29,ST22,SKU02409,1,1.8804448
2025-12-29,ST17,SKU02412,1,1.9141768
2025-12-29,ST29,SKU02415,3,1.9946221
2025-12-29,ST27,SKU02433,1,1.8559426
2025-12-29,ST11,SKU02434,2,1.9366472
2025-12-29,ST29,SKU02440,1,1.911578
2025-12-29,ST29,SKU02442,1,2.0229182
2025-12-29,ST26,SKU02445,1,1.8337982
2025-12-29,ST27,SKU02449,5,1.9396647
2025-12-29,ST25,SKU02450,4,1.8812553
2025-12-29,ST10,SKU02460,1,1.6319804
2025-12-29,ST16,SKU02464,3,1.8386934
2025-12-29,ST20,SKU02465,1,1.8652722
2025-12-29,ST26,SKU02470,2,1.8813013
2025-12-29,ST11,SKU02476,2,1.897972
2025-12-29,ST07,SKU02482,2,1.8274969
2025-12-29,ST16,SKU02486,1,1.8408691
2025-12-29,ST29,SKU02488,3,1.7878032
2025-12-29,ST14,SKU02495,2,1.8261224
2025-12-29,ST09,SKU02496,5,1.9298227
2025-12-29,ST30,SKU02503,1,1.9245665
2025-12-29,ST26,SKU02526,1,1.8167918
2025-12-29,ST28,SKU02527,2,1.9878203
2025-12-29,ST26,SKU02531,1,1.8183472
2025-12-29,ST10,SKU02536,1,1.8451052
2025-12-29,ST11,SKU02538,3,2.1042867
2025-12-29,ST13,SKU02543,4,2.1598523
2025-12-29,ST30,SKU02545,2,1.9357846
2025-12-29,ST04,SKU02552,1,2.067376
2025-12-29,ST23,SKU02567,2,1.7800509
2025-12-29,ST01,SKU02601,1,2.3806193
2025-12-29,ST29,SKU02608,1,1.9765784
2025-12-29,ST17,SKU02613,2,1.8707831
2025-12-29,ST30,SKU02614,1,1.9136496
2025-12-29,ST11,SKU02620,6,4.21022
2025-12-29,ST22,SKU02624,1,1.8302472
2025-12-29,ST30,SKU02626,1,1.9101943
2025-12-29,ST28,SKU02632,1,1.7030748
2025-12-29,ST08,SKU02654,1,1.831007
2025-12-29,ST05,SKU02655,2,1.841301
2025-12-29,ST17,SKU02661,3,1.8711551
2025-12-29,ST28,SKU02668,4,2.0546308
2025-12-29,ST17,SKU02677,2,1.820353
2025-12-29,ST05,SKU02679,1,1.8722353
2025-12-29,ST28,SKU02683,5,2.08859
2025-12-29,ST15,SKU02684,1,1.8977361
2025-12-29,ST01,SKU02685,1,1.7670175
2025-12-29,ST30,SKU02687,1,1.8331851
2025-12-29,ST30,SKU02692,3,2.0636077
2025-12-29,ST22,SKU02693,1,1.8261365
2025-12-29,ST19,SKU02712,2,1.8819098
2025-12-29,ST20,SKU02720,1,1.9866649
2025-12-29,ST26,SKU02723,2,1.9389501
2025-12-29,ST16,SKU02724,1,1.7668048
2025-12-29,ST21,SKU02725,2,1.9077184
2025-12-29,ST03,SKU02731,1,1.9019222
2025-12-29,ST05,SKU02737,1,2.0088506
2025-12-29,ST14,SKU02740,1,1.8269662
2025-12-29,ST21,SKU02744,1,2.0475473
2025-12-29,ST30,SKU02745,2,1.8901914
2025-12-29,ST29,SKU02747,1,1.9771789
2025-12-29,ST07,SKU02754,4,1.9237032
2025-12-29,ST27,SKU02760,1,1.9187042
2025-12-29,ST29,SKU02764,3,1.8676738
2025-12-29,ST15,SKU02776,2,2.038108
2025-12-29,ST25,SKU02778,1,1.8624839
2025-12-29,ST18,SKU02785,4,3.226926
2025-12-29,ST15,SKU02791,2,2.0723677
2025-12-29,ST17,SKU02805,1,1.8715584
2025-12-29,ST08,SKU02820,4,1.8634506
2025-12-29,ST29,SKU02821,3,1.8836057
2025-12-29,ST13,SKU02826,2,1.8906914
2025-12-29,ST18,SKU02830,1,1.8981565
2025-12-29,ST09,SKU02844,4,1.9716746
2025-12-29,ST20,SKU02849,2,1.9332175
2025-12-29,ST17,SKU02858,3,1.8805847
2025-12-29,ST01,SKU02862,1,2.0807338
2025-12-29,ST19,SKU02870,4,2.0286708
2025-12-29,ST26,SKU02874,2,1.9013121
2025-12-29,ST03,SKU02876,1,1.8610884
2025-12-29,ST29,SKU02892,4,1.9873332
2025-12-29,ST05,SKU02898,2,1.9201725
2025-12-29,ST05,SKU02912,2,1.9620138
2025-12-29,ST30,SKU02923,1,1.8748091
2025-12-29,ST27,SKU02930,1,1.8840357
2025-12-29,ST16,SKU02932,2,1.8855475
2025-12-29,ST18,SKU02940,2,1.9605863
2025-12-29,ST04,SKU02947,3,1.8746977
2025-12-29,ST06,SKU02949,2,1.7883453
2025-12-29,ST25,SKU02951,1,1.8270597
2025-12-29,ST27,SKU02952,1,1.9443305
2025-12-29,ST06,SKU02967,2,1.9671726
2025-12-29,ST05,SKU02968,3,1.9684492
2025-12-29,ST09,SKU02971,1,1.9525386
2025-12-29,ST14,SKU02980,1,2.087715
2025-12-29,ST15,SKU02983,1,1.9500196
2025-12-29,ST17,SKU02993,1,1.8614327
2025-12-29,ST03,SKU02998,2,1.8645641
2025-12-29,ST18,SKU03019,1,1.892488
2025-12-29,ST29,SKU03030,1,1.9611568
2025-12-29,ST14,SKU03046,2,1.9098336
2025-12-29,ST07,SKU03049,1,1.879872
2025-12-29,ST11,SKU03050,1,1.9706951
2025-12-29,ST29,SKU03063,2,1.7669187
2025-12-29,ST22,SKU03069,1,1.8698747
2025-12-29,ST14,SKU03077,1,2.108194
2025-12-29,ST18,SKU03084,1,1.8827075
2025-12-29,ST28,SKU03088,3,1.9031675
2025-12-29,ST03,SKU03100,1,1.9300405
2025-12-29,ST17,SKU03104,2,1.9327356
2025-12-29,ST28,SKU03145,1,1.972119
2025-12-29,ST30,SKU03148,2,1.8727301
2025-12-29,ST04,SKU03157,2,1.8992392
2025-12-29,ST16,SKU03158,2,1.997918
2025-12-29,ST20,SKU03159,2,1.8118566
2025-12-29,ST20,SKU03171,1,1.8640795
2025-12-29,ST07,SKU03172,2,1.9741385
2025-12-29,ST25,SKU03188,2,1.999707
2025-12-29,ST24,SKU03197,3,1.8173814
2025-12-29,ST05,SKU03198,1,1.8791491
2025-12-29,ST27,SKU03199,1,1.9898698
2025-12-29,ST27,SKU03215,2,1.8459876
2025-12-29,ST26,SKU03217,3,1.8677093
2025-12-29,ST05,SKU03223,1,1.9240551
2025-12-29,ST27,SKU03227,3,1.8681289
2025-12-29,ST08,SKU03231,1,2.0146632
2025-12-29,ST11,SKU03232,1,2.1571453
2025-12-29,ST17,SKU03246,1,1.9401245
2025-12-29,ST01,SKU03259,1,1.8171474
2025-12-29,ST17,SKU03264,2,1.9117231
2025-12-29,ST30,SKU03274,2,2.110512
2025-12-29,ST26,SKU03284,1,2.0002089
2025-12-29,ST28,SKU03285,1,1.8889058
2025-12-29,ST25,SKU03292,2,1.9729923
2025-12-29,ST24,SKU03298,1,1.9188854
2025-12-29,ST16,SKU03321,2,1.8529588
2025-12-29,ST15,SKU03323,1,2.023795
2025-12-29,ST03,SKU03330,1,1.921218
2025-12-29,ST14,SKU03336,2,1.8445672
2025-12-29,ST07,SKU03339,3,1.8786985
2025-12-29,ST12,SKU03353,2,1.9572204
2025-12-29,ST04,SKU03363,2,1.8392211
2025-12-29,ST17,SKU03368,1,1.8650793
2025-12-29,ST09,SKU03370,3,2.0566106
2025-12-29,ST20,SKU03378,3,1.8532554
2025-12-29,ST30,SKU03379,2,2.0438962
2025-12-29,ST30,SKU03393,1,2.0023825
2025-12-29,ST30,SKU03397,1,1.8585151
2025-12-29,ST23,SKU03425,1,1.8951102
2025-12-29,ST16,SKU03429,1,1.8346618
2025-12-29,ST22,SKU03439,2,1.9087243
2025-12-29,ST28,SKU03450,1,1.7620553
2025-12-29,ST25,SKU03460,2,2.5997615
2025-12-29,ST21,SKU03501,2,1.819121
2025-12-29,ST16,SKU03506,1,1.916304
2025-12-29,ST06,SKU03527,2,2.0009117
2025-12-29,ST21,SKU03530,4,1.8185432
2025-12-29,ST16,SKU03535,1,1.8956752
2025-12-29,ST30,SKU03546,1,1.90281
2025-12-29,ST27,SKU03550,2,1.9991997
2025-12-29,ST12,SKU03555,1,1.8829061
2025-12-29,ST15,SKU03556,1,2.1639307
2025-12-29,ST23,SKU03578,2,1.8284357
2025-12-29,ST08,SKU03581,2,2.0702538
2025-12-29,ST14,SKU03587,3,1.8155783
2025-12-29,ST10,SKU03604,2,1.7242471
2025-12-29,ST24,SKU03605,3,1.8769866
2025-12-29,ST08,SKU03608,1,1.9423938
2025-12-29,ST22,SKU03620,1,1.864743
2025-12-29,ST19,SKU03622,1,1.8525376
2025-12-29,ST07,SKU03626,2,1.9965622
2025-12-29,ST21,SKU03632,1,1.9585525
2025-12-29,ST17,SKU03647,1,2.3081431
2025-12-29,ST10,SKU03653,2,1.9926176
2025-12-29,ST10,SKU03655,3,1.8773252
2025-12-29,ST29,SKU03666,1,1.8753293
2025-12-29,ST26,SKU03684,1,1.9542398
2025-12-29,ST04,SKU03687,1,1.815416
2025-12-29,ST11,SKU03693,2,1.9887273
2025-12-29,ST18,SKU03711,1,1.9508015
2025-12-29,ST03,SKU03715,3,1.9460843
2025-12-29,ST27,SKU03727,1,1.7341219
2025-12-29,ST09,SKU03738,2,2.2334201
2025-12-29,ST22,SKU03745,2,1.8141128
2025-12-29,ST22,SKU03751,1,1.9203122
2025-12-29,ST03,SKU03752,1,2.0850058
2025-12-29,ST07,SKU03756,2,2.0462525
2025-12-29,ST08,SKU03789,3,1.9596457
2025-12-29,ST25,SKU03793,2,1.9130639
2025-12-29,ST16,SKU03799,3,2.048869
2025-12-29,ST29,SKU03800,1,1.9063945
2025-12-29,ST02,SKU03804,2,1.9138743
2025-12-29,ST11,SKU03808,1,2.0407844
2025-12-29,ST24,SKU03812,4,1.9732572
2025-12-29,ST11,SKU03813,2,2.1011074
2025-12-29,ST30,SKU03820,4,2.2566197
2025-12-29,ST11,SKU03840,1,1.956378
2025-12-29,ST23,SKU03847,1,1.9206762
2025-12-29,ST30,SKU03854,3,1.9908226
2025-12-29,ST19,SKU03856,1,1.8907831
2025-12-29,ST29,SKU03865,2,1.8868457
2025-12-29,ST20,SKU03866,2,1.7784392
2025-12-29,ST30,SKU03869,1,1.8794055
2025-12-29,ST13,SKU03870,1,1.9725475
2025-12-29,ST02,SKU03876,1,1.8877758
2025-12-29,ST20,SKU03889,3,1.8083915
2025-12-29,ST18,SKU03907,1,1.9495592
2025-12-29,ST20,SKU03910,4,1.8985493
2025-12-29,ST14,SKU03913,1,1.8843284
2025-12-29,ST14,SKU03914,3,2.00538
2025-12-29,ST06,SKU03922,4,1.9363463
2025-12-29,ST25,SKU03938,1,1.8386028
2025-12-29,ST05,SKU03943,4,1.9276946
2025-12-29,ST17,SKU03954,1,1.8881534
2025-12-29,ST20,SKU03985,1,1.8729844
2025-12-29,ST24,SKU03998,1,1.7784747
2025-12-29,ST16,SKU04011,1,1.8570876
2025-12-29,ST13,SKU04012,2,1.8914375
2025-12-29,ST13,SKU04016,3,3.7987769
2025-12-29,ST27,SKU04029,1,1.929854
2025-12-29,ST18,SKU04032,1,1.9446177
2025-12-29,ST10,SKU04034,2,1.912099
2025-12-29,ST11,SKU04035,2,1.8578129
2025-12-29,ST20,SKU04036,4,1.8691372
2025-12-29,ST26,SKU04041,3,1.7237096
2025-12-29,ST21,SKU04043,3,1.9114705
2025-12-29,ST08,SKU04056,1,1.916807
2025-12-29,ST03,SKU04061,4,2.0626085
2025-12-29,ST07,SKU04063,2,2.00039
2025-12-29,ST03,SKU04065,4,2.1591144
2025-12-29,ST29,SKU04071,1,1.800335
2025-12-29,ST05,SKU04072,3,1.9168595
2025-12-29,ST05,SKU04076,4,1.9827249
2025-12-29,ST11,SKU04079,1,1.8569095
2025-12-29,ST23,SKU04088,1,1.9409727
2025-12-29,ST05,SKU04095,4,1.899727
2025-12-29,ST11,SKU04107,1,1.8428495
2025-12-29,ST10,SKU04110,2,2.020751
2025-12-29,ST25,SKU04122,1,1.9749438
2025-12-29,ST03,SKU04131,1,1.8978163
2025-12-29,ST16,SKU04154,1,2.225366
2025-12-29,ST08,SKU04155,2,1.9314096
2025-12-29,ST20,SKU04156,3,2.0179183
2025-12-29,ST09,SKU04158,3,2.057926
2025-12-29,ST18,SKU04162,1,1.9796565
2025-12-29,ST21,SKU04163,1,1.8675268
2025-12-29,ST27,SKU04166,1,1.96226
2025-12-29,ST10,SKU04175,1,1.8710444
2025-12-29,ST06,SKU04177,2,2.0866616
2025-12-29,ST30,SKU04185,1,1.9578565
2025-12-29,ST09,SKU04197,1,2.4712257
2025-12-29,ST30,SKU04198,1,2.0712807
2025-12-29,ST26,SKU04211,1,1.8677919
2025-12-29,ST15,SKU04227,1,1.8081132
2025-12-29,ST20,SKU04233,1,1.9067209
2025-12-29,ST08,SKU04237,1,1.8439882
2025-12-29,ST30,SKU04255,1,1.9141966
2025-12-29,ST14,SKU04264,1,1.8838342
2025-12-29,ST08,SKU04266,2,1.9903458
2025-12-29,ST20,SKU04269,1,1.9403781
2025-12-29,ST18,SKU04272,3,1.9695561
2025-12-29,ST14,SKU04273,1,2.041537
2025-12-29,ST11,SKU04275,5,1.8703097
2025-12-29,ST16,SKU04280,2,1.8624587
2025-12-29,ST28,SKU04288,3,1.8680037
2025-12-29,ST15,SKU04297,1,1.9253355
2025-12-29,ST01,SKU04305,2,1.8824954
2025-12-29,ST28,SKU04307,2,1.9361966
2025-12-29,ST30,SKU04309,2,1.8082395
2025-12-29,ST05,SKU04310,1,1.9105295
2025-12-29,ST29,SKU04315,2,1.9195756
2025-12-29,ST10,SKU04317,1,1.9873501
2025-12-29,ST26,SKU04318,1,1.9372821
2025-12-29,ST30,SKU04320,1,1.9307165
2025-12-29,ST30,SKU04321,11,13.362969
2025-12-29,ST19,SKU04322,3,1.9353257
2025-12-29,ST08,SKU04333,2,1.8382752
2025-12-29,ST14,SKU04338,1,1.8714211
2025-12-29,ST18,SKU04346,1,2.018762
2025-12-29,ST18,SKU04348,1,1.9359438
2025-12-29,ST11,SKU04349,3,2.1788054
2025-12-29,ST29,SKU04350,2,2.095818
2025-12-29,ST21,SKU04356,2,1.8732431
2025-12-29,ST26,SKU04362,1,2.1401014
2025-12-29,ST26,SKU04365,3,1.8448169
2025-12-29,ST28,SKU04366,2,1.9949071
2025-12-29,ST17,SKU04368,3,1.8593135
2025-12-29,ST25,SKU04374,1,1.939405
2025-12-29,ST06,SKU04380,2,1.9450673
2025-12-29,ST18,SKU04381,2,1.9071206
2025-12-29,ST07,SKU04404,1,1.9038562
2025-12-29,ST17,SKU04408,1,2.0880752
2025-12-29,ST18,SKU04411,3,1.9589367
2025-12-29,ST17,SKU04416,4,1.8823153
2025-12-29,ST17,SKU04422,2,1.9703972
2025-12-29,ST14,SKU04424,3,2.0202444
2025-12-29,ST20,SKU04437,3,1.95598
2025-12-29,ST22,SKU04438,1,1.8652194
2025-12-29,ST27,SKU04450,4,1.9115877
2025-12-29,ST20,SKU04453,2,2.1724594
2025-12-29,ST18,SKU04462,1,1.8726442
2025-12-29,ST30,SKU04466,1,1.8440752
2025-12-29,ST17,SKU04469,3,1.8955737
2025-12-29,ST13,SKU04475,1,1.8074516
2025-12-29,ST29,SKU04481,2,2.214991
2025-12-29,ST09,SKU04483,4,1.8788135
2025-12-29,ST04,SKU04495,4,2.0571864
2025-12-29,ST17,SKU04508,1,1.9553291
2025-12-29,ST16,SKU04510,1,1.8517227
2025-12-29,ST14,SKU04515,1,1.935246
2025-12-29,ST17,SKU04522,1,1.8980762
2025-12-29,ST30,SKU04551,1,1.9777172
2025-12-29,ST26,SKU04555,4,1.877694
2025-12-29,ST29,SKU04571,2,2.0063608
2025-12-29,ST13,SKU04572,1,1.7821752
2025-12-29,ST17,SKU04575,4,1.9929948
2025-12-29,ST15,SKU04585,4,2.0519824
2025-12-29,ST16,SKU04593,1,1.8031654
2025-12-29,ST30,SKU04596,1,2.4062672
2025-12-29,ST25,SKU04616,2,1.8928661
2025-12-29,ST11,SKU04626,1,2.042972
2025-12-29,ST10,SKU04627,1,1.8813403
2025-12-29,ST04,SKU04633,1,1.905319
2025-12-29,ST29,SKU04644,1,1.9670635
2025-12-29,ST25,SKU04646,1,2.0601032
2025-12-29,ST20,SKU04663,1,1.8206394
2025-12-29,ST03,SKU04681,3,1.9635322
2025-12-29,ST26,SKU04692,1,1.7483706
2025-12-29,ST09,SKU04702,1,2.0328739
2025-12-29,ST04,SKU04707,3,1.9044173
2025-12-29,ST26,SKU04708,1,1.740049
2025-12-29,ST24,SKU04716,1,2.0124695
2025-12-29,ST30,SKU04731,1,1.8410864
2025-12-29,ST08,SKU04734,1,1.9205475
2025-12-29,ST27,SKU04736,4,1.8172921
2025-12-29,ST01,SKU04744,3,1.971256
2025-12-29,ST17,SKU04748,2,1.9330871
2025-12-29,ST09,SKU04749,2,1.9689603
2025-12-29,ST22,SKU04752,3,1.7970741
2025-12-29,ST22,SKU04756,2,1.922899
2025-12-29,ST28,SKU04761,1,1.8450578
2025-12-29,ST20,SKU04768,1,1.4891199
2025-12-29,ST11,SKU04778,1,2.1526303
2025-12-29,ST05,SKU04783,1,2.033814
2025-12-29,ST06,SKU04793,3,1.8884943
2025-12-29,ST30,SKU04796,2,2.019229
2025-12-29,ST16,SKU04801,3,1.9576089
2025-12-29,ST29,SKU04803,2,1.9990805
2025-12-29,ST14,SKU04822,1,1.8921188
2025-12-29,ST09,SKU04826,1,1.9960302
2025-12-29,ST20,SKU04833,1,1.9617934
2025-12-29,ST29,SKU04847,1,1.9748585
2025-12-29,ST20,SKU04851,1,1.9927918
2025-12-29,ST07,SKU04866,1,1.8795773
2025-12-29,ST20,SKU04868,1,1.8960446
2025-12-29,ST07,SKU04872,1,2.1338916
2025-12-29,ST07,SKU04889,1,1.8280842
2025-12-29,ST24,SKU04895,1,1.9217424
2025-12-29,ST07,SKU04903,1,1.9425454
2025-12-29,ST04,SKU04920,1,1.9666284
2025-12-29,ST11,SKU04933,1,1.9151894
2025-12-29,ST21,SKU04934,2,1.9236238
2025-12-29,ST19,SKU04935,1,1.7646981
2025-12-29,ST02,SKU04936,4,1.7882618
2025-12-29,ST15,SKU04938,1,1.8677424
2025-12-29,ST30,SKU04939,4,1.9284079
2025-12-29,ST16,SKU04950,1,1.9358804
2025-12-29,ST29,SKU04954,1,2.0190938
2025-12-29,ST03,SKU04960,1,1.8465003
2025-12-29,ST14,SKU04970,1,1.8845221
2025-12-29,ST24,SKU04973,1,1.9819686
2025-12-29,ST07,SKU04975,4,1.9076867
2025-12-29,ST21,SKU04980,2,1.9214525
2025-12-29,ST20,SKU04998,2,2.0816035
2025-12-30,ST28,SKU00002,5,1.820208
2025-12-30,ST28,SKU00013,1,1.9834858
2025-12-30,ST21,SKU00019,4,1.8824998
2025-12-30,ST20,SKU00020,3,1.9110267
2025-12-30,ST18,SKU00021,1,1.8548962
2025-12-30,ST20,SKU00026,1,1.8672628
2025-12-30,ST21,SKU00031,1,1.7066772
2025-12-30,ST30,SKU00036,1,2.0628293
2025-12-30,ST28,SKU00038,2,1.9090713
2025-12-30,ST21,SKU00039,2,1.8622317
2025-12-30,ST19,SKU00054,2,1.9722908
2025-12-30,ST04,SKU00055,1,1.9748896
2025-12-30,ST28,SKU00062,5,3.824971
2025-12-30,ST14,SKU00076,1,1.974132
2025-12-30,ST28,SKU00079,4,1.9768442
2025-12-30,ST29,SKU00086,1,1.9963932
2025-12-30,ST13,SKU00096,4,1.8272732
2025-12-30,ST06,SKU00098,1,2.0191748
2025-12-30,ST18,SKU00104,2,1.9214237
2025-12-30,ST25,SKU00113,1,1.8100115
2025-12-30,ST22,SKU00114,3,1.8351307
2025-12-30,ST01,SKU00116,1,1.8203986
2025-12-30,ST01,SKU00125,2,1.8750283
2025-12-30,ST23,SKU00129,2,1.9450806
2025-12-30,ST09,SKU00137,1,1.8354499
2025-12-30,ST15,SKU00146,5,1.9434316
2025-12-30,ST08,SKU00158,1,1.981683
2025-12-30,ST06,SKU00169,2,1.9601715
2025-12-30,ST29,SKU00170,4,1.5804212
2025-12-30,ST07,SKU00188,3,1.6562488
2025-12-30,ST30,SKU00190,1,1.726998
2025-12-30,ST06,SKU00193,2,1.9086223
2025-12-30,ST20,SKU00196,1,1.9070274
2025-12-30,ST29,SKU00208,2,1.8639898
2025-12-30,ST03,SKU00209,2,1.9489622
2025-12-30,ST18,SKU00211,1,1.9130923
2025-12-30,ST20,SKU00213,3,1.88568
2025-12-30,ST02,SKU00221,1,1.8427166
2025-12-30,ST13,SKU00223,1,1.7762202
2025-12-30,ST18,SKU00242,2,1.875152
2025-12-30,ST10,SKU00245,5,1.9526423
2025-12-30,ST23,SKU00249,2,1.9236828
2025-12-30,ST30,SKU00254,1,1.795017
2025-12-30,ST11,SKU00257,2,1.9033705
2025-12-30,ST08,SKU00264,1,1.893836
2025-12-30,ST17,SKU00265,1,1.8905848
2025-12-30,ST20,SKU00271,1,1.9900185
2025-12-30,ST26,SKU00281,1,1.813545
2025-12-30,ST20,SKU00285,2,1.9527541
2025-12-30,ST30,SKU00286,3,2.2467902
2025-12-30,ST10,SKU00290,1,1.823201
2025-12-30,ST26,SKU00310,1,1.9706804
2025-12-30,ST21,SKU00312,1,1.9021789
2025-12-30,ST07,SKU00314,2,1.857011
2025-12-30,ST30,SKU00322,3,1.8688554
2025-12-30,ST21,SKU00328,1,1.9301207
2025-12-30,ST11,SKU00330,1,1.6663133
2025-12-30,ST24,SKU00331,1,1.8486274
2025-12-30,ST21,SKU00332,1,2.010986
2025-12-30,ST22,SKU00363,1,2.2461853
2025-12-30,ST16,SKU00367,3,1.9804887
2025-12-30,ST23,SKU00369,2,2.022519
2025-12-30,ST06,SKU00374,2,1.8909149
2025-12-30,ST22,SKU00376,2,1.856475
2025-12-30,ST05,SKU00396,1,1.8904078
2025-12-30,ST04,SKU00397,1,1.9390688
2025-12-30,ST07,SKU00399,4,1.8824939
2025-12-30,ST14,SKU00401,2,1.9407122
2025-12-30,ST11,SKU00403,2,1.8754777
2025-12-30,ST29,SKU00406,1,1.8176996
2025-12-30,ST15,SKU00415,1,1.787234
2025-12-30,ST29,SKU00416,1,1.9610256
2025-12-30,ST01,SKU00417,1,1.8875871
2025-12-30,ST17,SKU00419,1,1.9063256
2025-12-30,ST24,SKU00422,3,1.9282498
2025-12-30,ST19,SKU00445,1,1.9187479
2025-12-30,ST19,SKU00446,4,2.043392
2025-12-30,ST25,SKU00447,2,2.0540087
2025-12-30,ST21,SKU00456,2,1.9246969
2025-12-30,ST11,SKU00457,1,2.0061204
2025-12-30,ST28,SKU00458,2,1.9133306
2025-12-30,ST08,SKU00478,2,2.0110102
2025-12-30,ST09,SKU00482,2,1.9321784
2025-12-30,ST16,SKU00484,2,1.9653845
2025-12-30,ST12,SKU00487,1,1.8926075
2025-12-30,ST23,SKU00497,1,2.0622153
2025-12-30,ST18,SKU00500,3,1.8340855
2025-12-30,ST18,SKU00503,1,1.7570984
2025-12-30,ST13,SKU00515,1,1.877557
2025-12-30,ST01,SKU00521,3,1.8306189
2025-12-30,ST19,SKU00539,1,1.933509
2025-12-30,ST28,SKU00541,3,1.9588071
2025-12-30,ST17,SKU00554,2,2.323516
2025-12-30,ST03,SKU00558,1,2.1371853
2025-12-30,ST21,SKU00561,1,2.0109098
2025-12-30,ST08,SKU00565,1,1.9531794
2025-12-30,ST21,SKU00566,3,2.0000238
2025-12-30,ST01,SKU00578,3,1.8291785
2025-12-30,ST18,SKU00599,2,2.0206184
2025-12-30,ST05,SKU00609,4,1.8665816
2025-12-30,ST20,SKU00612,2,1.8343347
2025-12-30,ST30,SKU00623,1,1.8681325
2025-12-30,ST21,SKU00624,1,2.0198977
2025-12-30,ST18,SKU00628,2,2.0391128
2025-12-30,ST21,SKU00635,3,1.7957957
2025-12-30,ST05,SKU00639,1,1.810632
2025-12-30,ST03,SKU00641,2,1.8284255
2025-12-30,ST08,SKU00643,1,1.9325495
2025-12-30,ST06,SKU00654,1,1.9983617
2025-12-30,ST17,SKU00677,1,2.0259128
2025-12-30,ST16,SKU00680,4,2.3211987
2025-12-30,ST03,SKU00690,1,1.8663883
2025-12-30,ST03,SKU00699,2,1.8912182
2025-12-30,ST25,SKU00711,2,1.8914772
2025-12-30,ST11,SKU00725,1,1.9457557
2025-12-30,ST29,SKU00731,1,1.7861581
2025-12-30,ST21,SKU00743,2,1.8947834
2025-12-30,ST07,SKU00744,3,1.8455961
2025-12-30,ST01,SKU00747,1,1.8442408
2025-12-30,ST03,SKU00755,1,1.8578783
2025-12-30,ST27,SKU00762,2,1.8636941
2025-12-30,ST25,SKU00779,1,1.7981567
2025-12-30,ST23,SKU00791,2,1.8787014
2025-12-30,ST21,SKU00797,1,1.9145517
2025-12-30,ST02,SKU00801,4,2.1583235
2025-12-30,ST17,SKU00815,1,1.7887553
2025-12-30,ST29,SKU00819,3,1.9346056
2025-12-30,ST02,SKU00823,1,1.7707971
2025-12-30,ST09,SKU00830,1,2.0404813
2025-12-30,ST28,SKU00831,3,2.1742535
2025-12-30,ST20,SKU00832,3,1.8971295
2025-12-30,ST14,SKU00845,2,1.8440222
2025-12-30,ST06,SKU00847,4,2.0965042
2025-12-30,ST04,SKU00862,1,1.9167374
2025-12-30,ST22,SKU00863,3,1.7927552
2025-12-30,ST10,SKU00879,3,1.9462811
2025-12-30,ST25,SKU00886,2,2.1673079
2025-12-30,ST08,SKU00893,1,1.799457
2025-12-30,ST30,SKU00901,1,1.9444076
2025-12-30,ST30,SKU00902,1,1.9764973
2025-12-30,ST13,SKU00903,1,1.934222
2025-12-30,ST22,SKU00904,2,1.8718435
2025-12-30,ST29,SKU00921,1,1.958099
2025-12-30,ST08,SKU00922,1,1.84448
2025-12-30,ST08,SKU00929,1,2.1339152
2025-12-30,ST30,SKU00931,2,1.8978047
2025-12-30,ST17,SKU00942,1,2.0358002
2025-12-30,ST29,SKU00945,1,1.9130899
2025-12-30,ST20,SKU00952,2,2.0195184
2025-12-30,ST30,SKU00953,3,2.0211658
2025-12-30,ST22,SKU00960,1,1.92859
2025-12-30,ST05,SKU00963,4,1.8752036
2025-12-30,ST20,SKU00970,1,1.7955953
2025-12-30,ST19,SKU00974,4,1.9199517
2025-12-30,ST13,SKU00975,1,2.0127723
2025-12-30,ST26,SKU00976,1,1.9339018
2025-12-30,ST05,SKU00981,5,1.7371931
2025-12-30,ST03,SKU00982,1,1.6396837
2025-12-30,ST22,SKU00984,1,1.8570036
2025-12-30,ST03,SKU00993,3,2.0075648
2025-12-30,ST29,SKU00994,1,2.0829759
2025-12-30,ST04,SKU00995,1,1.8327428
2025-12-30,ST01,SKU00996,1,1.8998557
2025-12-30,ST11,SKU00997,1,1.9523743
2025-12-30,ST10,SKU01014,1,1.8143772
2025-12-30,ST07,SKU01017,1,2.202761
2025-12-30,ST30,SKU01030,1,1.9118545
2025-12-30,ST04,SKU01035,1,1.9919615
2025-12-30,ST02,SKU01037,1,2.0059948
2025-12-30,ST28,SKU01045,3,2.0501745
2025-12-30,ST20,SKU01059,2,1.8272293
2025-12-30,ST29,SKU01064,1,1.8870392
2025-12-30,ST30,SKU01066,1,1.8714472
2025-12-30,ST09,SKU01072,1,1.8024963
2025-12-30,ST29,SKU01079,4,1.8157085
2025-12-30,ST18,SKU01084,1,2.0327735
2025-12-30,ST06,SKU01095,1,1.906334
2025-12-30,ST06,SKU01096,1,1.8468515
2025-12-30,ST24,SKU01103,3,1.8506933
2025-12-30,ST03,SKU01113,2,1.912035
2025-12-30,ST11,SKU01116,1,1.9950548
2025-12-30,ST19,SKU01120,2,1.89568
2025-12-30,ST19,SKU01122,1,2.0817168
2025-12-30,ST11,SKU01123,3,1.7546681
2025-12-30,ST22,SKU01128,4,1.9958754
2025-12-30,ST08,SKU01129,1,1.8279653
2025-12-30,ST19,SKU01137,1,1.9967306
2025-12-30,ST06,SKU01138,1,1.802076
2025-12-30,ST17,SKU01164,4,1.7884244
2025-12-30,ST05,SKU01169,4,1.9195803
2025-12-30,ST05,SKU01170,2,2.0098722
2025-12-30,ST06,SKU01172,2,1.846013
2025-12-30,ST16,SKU01181,5,1.8354627
2025-12-30,ST04,SKU01182,3,1.9821137
2025-12-30,ST29,SKU01201,2,1.8563855
2025-12-30,ST24,SKU01205,3,1.7474121
2025-12-30,ST20,SKU01207,1,1.936659
2025-12-30,ST06,SKU01214,3,1.9020736
2025-12-30,ST08,SKU01220,1,1.9382735
2025-12-30,ST19,SKU01227,2,2.0772057
2025-12-30,ST25,SKU01232,5,2.0880823
2025-12-30,ST10,SKU01236,1,1.7884651
2025-12-30,ST14,SKU01260,1,2.001609
2025-12-30,ST30,SKU01261,1,1.9155936
2025-12-30,ST18,SKU01270,1,2.4536595
2025-12-30,ST11,SKU01274,2,1.9330211
2025-12-30,ST27,SKU01281,2,1.9000291
2025-12-30,ST21,SKU01297,1,1.8970808
2025-12-30,ST11,SKU01315,1,1.7870158
2025-12-30,ST28,SKU01322,3,2.139298
2025-12-30,ST19,SKU01326,5,1.9021077
2025-12-30,ST15,SKU01332,2,1.9993027
2025-12-30,ST07,SKU01339,2,1.8424405
2025-12-30,ST03,SKU01342,1,2.0009158
2025-12-30,ST22,SKU01355,3,1.9582802
2025-12-30,ST27,SKU01357,1,1.992868
2025-12-30,ST20,SKU01363,5,2.0011072
2025-12-30,ST20,SKU01368,3,1.7954303
2025-12-30,ST28,SKU01370,3,1.9590127
2025-12-30,ST30,SKU01371,2,1.8729657
2025-12-30,ST30,SKU01377,1,1.8856453
2025-12-30,ST18,SKU01390,2,1.7754668
2025-12-30,ST08,SKU01398,1,1.9189432
2025-12-30,ST20,SKU01401,2,1.8442764
2025-12-30,ST19,SKU01411,1,1.9186065
2025-12-30,ST14,SKU01414,2,1.9810821
2025-12-30,ST27,SKU01418,5,1.9150994
2025-12-30,ST18,SKU01420,1,1.8806111
2025-12-30,ST21,SKU01435,3,1.777375
2025-12-30,ST21,SKU01438,2,1.8919698
2025-12-30,ST14,SKU01446,1,1.9945842
2025-12-30,ST18,SKU01460,1,1.8467025
2025-12-30,ST14,SKU01462,1,2.029163
2025-12-30,ST03,SKU01466,1,2.2151508
2025-12-30,ST18,SKU01470,1,1.9540739
2025-12-30,ST21,SKU01483,1,1.9635862
2025-12-30,ST18,SKU01507,2,1.9583753
2025-12-30,ST21,SKU01509,1,1.9480277
2025-12-30,ST21,SKU01516,1,1.8912467
2025-12-30,ST17,SKU01526,3,1.8814911
2025-12-30,ST07,SKU01544,1,1.8332843
2025-12-30,ST22,SKU01562,1,2.0265374
2025-12-30,ST07,SKU01564,1,1.9763777
2025-12-30,ST17,SKU01565,1,1.9281172
2025-12-30,ST18,SKU01574,1,1.8894631
2025-12-30,ST10,SKU01578,1,2.047779
2025-12-30,ST28,SKU01587,2,1.986953
2025-12-30,ST29,SKU01597,3,1.9724976
2025-12-30,ST21,SKU01598,4,1.9191855
2025-12-30,ST13,SKU01621,1,1.9716858
2025-12-30,ST15,SKU01634,2,1.8606598
2025-12-30,ST30,SKU01638,2,1.983198
2025-12-30,ST20,SKU01655,3,2.25983
2025-12-30,ST18,SKU01660,2,1.8288709
2025-12-30,ST06,SKU01671,3,1.8801664
2025-12-30,ST27,SKU01677,2,1.9488385
2025-12-30,ST10,SKU01679,1,1.8786923
2025-12-30,ST17,SKU01688,1,1.9112207
2025-12-30,ST12,SKU01689,1,1.875792
2025-12-30,ST29,SKU01704,2,1.9167733
2025-12-30,ST28,SKU01720,4,2.474679
2025-12-30,ST23,SKU01724,1,1.9189199
2025-12-30,ST06,SKU01726,1,2.056254
2025-12-30,ST18,SKU01732,1,1.9809697
2025-12-30,ST10,SKU01737,1,1.9318438
2025-12-30,ST16,SKU01751,2,2.0867624
2025-12-30,ST21,SKU01774,4,2.035108
2025-12-30,ST19,SKU01775,1,1.9956313
2025-12-30,ST26,SKU01779,1,1.9425297
2025-12-30,ST17,SKU01780,1,1.9817232
2025-12-30,ST18,SKU01784,1,1.8608552
2025-12-30,ST30,SKU01788,1,1.9173026
2025-12-30,ST30,SKU01804,3,1.8867024
2025-12-30,ST04,SKU01814,4,2.0201905
2025-12-30,ST16,SKU01823,2,2.03564
2025-12-30,ST10,SKU01832,1,1.9636599
2025-12-30,ST13,SKU01836,1,1.9037323
2025-12-30,ST22,SKU01837,3,1.8900639
2025-12-30,ST27,SKU01842,1,1.8925554
2025-12-30,ST10,SKU01846,1,1.8962823
2025-12-30,ST22,SKU01879,1,1.8506238
2025-12-30,ST08,SKU01884,2,1.9285978
2025-12-30,ST07,SKU01887,3,1.807449
2025-12-30,ST14,SKU01888,2,1.8088712
2025-12-30,ST16,SKU01890,1,1.812035
2025-12-30,ST09,SKU01892,2,1.8889542
2025-12-30,ST14,SKU01902,1,1.8183465
2025-12-30,ST11,SKU01909,3,1.9588517
2025-12-30,ST19,SKU01938,4,1.8695606
2025-12-30,ST19,SKU01942,2,1.9624107
2025-12-30,ST11,SKU01950,3,1.9076523
2025-12-30,ST24,SKU01953,1,1.9504583
2025-12-30,ST20,SKU01954,4,1.8385624
2025-12-30,ST05,SKU01959,1,1.9327501
2025-12-30,ST23,SKU01961,2,1.8284568
2025-12-30,ST17,SKU01968,1,1.9546182
2025-12-30,ST14,SKU01987,4,2.051391
2025-12-30,ST05,SKU01992,1,1.9401248
2025-12-30,ST20,SKU01996,1,1.9317427
2025-12-30,ST20,SKU02003,3,1.910328
2025-12-30,ST21,SKU02004,1,2.0147147
2025-12-30,ST02,SKU02012,1,1.8784747
2025-12-30,ST05,SKU02018,1,1.9509033
2025-12-30,ST06,SKU02036,1,1.9792513
2025-12-30,ST21,SKU02043,1,1.8295953
2025-12-30,ST01,SKU02046,1,1.9577607
2025-12-30,ST08,SKU02049,2,1.845039
2025-12-30,ST21,SKU02060,2,1.8369507
2025-12-30,ST07,SKU02061,3,2.3164427
2025-12-30,ST17,SKU02086,3,1.9812956
2025-12-30,ST11,SKU02087,1,2.1715398
2025-12-30,ST30,SKU02088,2,1.9232234
2025-12-30,ST30,SKU02098,1,1.8317666
2025-12-30,ST20,SKU02099,1,1.8594639
2025-12-30,ST05,SKU02105,4,2.0037434
2025-12-30,ST27,SKU02107,2,1.7968183
2025-12-30,ST01,SKU02115,1,1.8668796
2025-12-30,ST29,SKU02128,2,1.7396098
2025-12-30,ST29,SKU02130,1,1.8705735
2025-12-30,ST29,SKU02135,4,1.9414731
2025-12-30,ST26,SKU02141,2,2.222086
2025-12-30,ST11,SKU02143,4,1.972733
2025-12-30,ST28,SKU02146,1,1.9987247
2025-12-30,ST08,SKU02155,2,2.0146492
2025-12-30,ST03,SKU02161,3,1.9059895
2025-12-30,ST28,SKU02165,5,1.8620243
2025-12-30,ST07,SKU02173,2,1.8794818
2025-12-30,ST17,SKU02176,3,2.5436885
2025-12-30,ST27,SKU02187,1,1.7186226
2025-12-30,ST18,SKU02189,3,1.8570282
2025-12-30,ST17,SKU02191,4,1.8686525
2025-12-30,ST28,SKU02201,3,1.9106095
2025-12-30,ST10,SKU02218,2,1.931596
2025-12-30,ST08,SKU02219,3,1.8653594
2025-12-30,ST04,SKU02227,2,1.8688403
2025-12-30,ST02,SKU02233,2,1.8093114
2025-12-30,ST10,SKU02247,1,1.9476225
2025-12-30,ST06,SKU02259,2,1.857743
2025-12-30,ST23,SKU02264,3,1.8443199
2025-12-30,ST24,SKU02270,1,1.8325245
2025-12-30,ST20,SKU02272,1,2.0140963
2025-12-30,ST16,SKU02281,1,1.8551494
2025-12-30,ST28,SKU02286,3,1.8646706
2025-12-30,ST26,SKU02298,2,1.8021306
2025-12-30,ST18,SKU02299,1,1.9332393
2025-12-30,ST09,SKU02314,1,2.0098395
2025-12-30,ST06,SKU02320,3,1.9071698
2025-12-30,ST17,SKU02321,1,1.9027839
2025-12-30,ST14,SKU02323,1,1.8983556
2025-12-30,ST03,SKU02332,1,2.1769404
2025-12-30,ST22,SKU02340,1,2.0817297
2025-12-30,ST11,SKU02342,1,1.9179676
2025-12-30,ST20,SKU02353,5,1.9685832
2025-12-30,ST23,SKU02355,3,1.8786312
2025-12-30,ST17,SKU02359,1,1.9867966
2025-12-30,ST21,SKU02360,1,1.9927135
2025-12-30,ST21,SKU02368,7,3.5854404
2025-12-30,ST21,SKU02369,1,1.8895307
2025-12-30,ST15,SKU02374,1,1.8842174
2025-12-30,ST11,SKU02381,2,1.8487985
2025-12-30,ST14,SKU02401,1,1.9964528
2025-12-30,ST19,SKU02412,2,1.9182855
2025-12-30,ST04,SKU02413,3,1.9549557
2025-12-30,ST19,SKU02415,2,1.9589013
2025-12-30,ST30,SKU02422,2,1.993978
2025-12-30,ST18,SKU02425,4,1.8669403
2025-12-30,ST22,SKU02431,1,1.9024768
2025-12-30,ST05,SKU02433,3,1.899697
2025-12-30,ST14,SKU02434,1,1.7926558
2025-12-30,ST13,SKU02441,1,1.8694003
2025-12-30,ST06,SKU02442,3,1.9779223
2025-12-30,ST28,SKU02448,1,1.8535016
2025-12-30,ST25,SKU02450,1,1.8125962
2025-12-30,ST13,SKU02454,1,1.8971967
2025-12-30,ST27,SKU02462,1,2.1886525
2025-12-30,ST14,SKU02479,1,1.9307307
2025-12-30,ST07,SKU02485,4,1.8715973
2025-12-30,ST10,SKU02486,1,1.9644004
2025-12-30,ST14,SKU02491,1,1.934038
2025-12-30,ST21,SKU02505,1,1.7759287
2025-12-30,ST29,SKU02515,1,1.9011405
2025-12-30,ST29,SKU02521,1,2.0834708
2025-12-30,ST06,SKU02524,1,1.8774564
2025-12-30,ST16,SKU02526,1,1.8374043
2025-12-30,ST30,SKU02531,1,2.002166
2025-12-30,ST08,SKU02532,1,2.0638094
2025-12-30,ST07,SKU02537,1,1.8443599
2025-12-30,ST30,SKU02542,1,1.9504232
2025-12-30,ST22,SKU02556,1,1.7499245
2025-12-30,ST08,SKU02557,1,1.9565842
2025-12-30,ST19,SKU02564,1,2.021087
2025-12-30,ST21,SKU02579,1,1.8357837
2025-12-30,ST30,SKU02586,4,1.964862
2025-12-30,ST30,SKU02612,2,1.9223043
2025-12-30,ST22,SKU02614,4,1.7942898
2025-12-30,ST30,SKU02635,1,1.8314749
2025-12-30,ST21,SKU02648,2,1.843883
2025-12-30,ST27,SKU02650,5,1.9599966
2025-12-30,ST28,SKU02651,1,1.9472477
2025-12-30,ST07,SKU02655,3,1.9596751
2025-12-30,ST11,SKU02656,1,1.8913713
2025-12-30,ST20,SKU02660,2,1.9303204
2025-12-30,ST27,SKU02676,1,1.8783633
2025-12-30,ST07,SKU02677,1,1.7837576
2025-12-30,ST21,SKU02678,1,1.8550918
2025-12-30,ST29,SKU02681,3,1.7836486
2025-12-30,ST09,SKU02683,1,1.8365425
2025-12-30,ST13,SKU02685,1,1.8870709
2025-12-30,ST27,SKU02686,2,1.8785335
2025-12-30,ST30,SKU02692,2,2.0771127
2025-12-30,ST20,SKU02705,1,1.9369373
2025-12-30,ST01,SKU02714,1,1.8152386
2025-12-30,ST22,SKU02719,2,1.871611
2025-12-30,ST28,SKU02724,3,1.7536789
2025-12-30,ST29,SKU02737,1,1.832476
2025-12-30,ST06,SKU02740,2,1.8970075
2025-12-30,ST03,SKU02747,4,1.9920536
2025-12-30,ST23,SKU02750,1,1.7582805
2025-12-30,ST30,SKU02753,1,2.110172
2025-12-30,ST27,SKU02764,3,1.7567867
2025-12-30,ST18,SKU02769,1,1.9960524
2025-12-30,ST16,SKU02785,1,1.9760247
2025-12-30,ST04,SKU02790,1,1.82004
2025-12-30,ST30,SKU02791,1,1.9469097
2025-12-30,ST30,SKU02793,1,1.8534778
2025-12-30,ST16,SKU02795,2,1.9839056
2025-12-30,ST12,SKU02803,2,1.8232234
2025-12-30,ST11,SKU02812,1,1.8332349
2025-12-30,ST05,SKU02820,1,1.7547915
2025-12-30,ST25,SKU02821,2,1.8701789
2025-12-30,ST25,SKU02827,3,1.7910045
2025-12-30,ST01,SKU02829,2,1.8470529
2025-12-30,ST14,SKU02832,3,1.9110271
2025-12-30,ST11,SKU02833,3,2.0724626
2025-12-30,ST18,SKU02852,1,1.8991671
2025-12-30,ST18,SKU02858,1,1.8994769
2025-12-30,ST26,SKU02860,2,1.9844977
2025-12-30,ST07,SKU02876,5,1.8160051
2025-12-30,ST17,SKU02878,3,2.0687077
2025-12-30,ST30,SKU02891,2,1.9388115
2025-12-30,ST30,SKU02892,1,2.1838286
2025-12-30,ST18,SKU02898,3,1.7972195
2025-12-30,ST22,SKU02930,3,1.9450717
2025-12-30,ST09,SKU02937,3,2.0009649
2025-12-30,ST20,SKU02943,1,1.897388
2025-12-30,ST28,SKU02954,3,1.8279288
2025-12-30,ST18,SKU02956,1,1.9053158
2025-12-30,ST30,SKU02963,1,1.9325924
2025-12-30,ST21,SKU02971,3,1.9043393
2025-12-30,ST19,SKU02972,2,1.8700645
2025-12-30,ST19,SKU02976,1,1.8002999
2025-12-30,ST06,SKU02979,1,1.9159379
2025-12-30,ST11,SKU02983,3,1.9698359
2025-12-30,ST10,SKU02990,1,1.964885
2025-12-30,ST25,SKU02993,2,1.8840237
2025-12-30,ST23,SKU03008,3,1.9258995
2025-12-30,ST22,SKU03010,2,1.8497602
2025-12-30,ST02,SKU03020,1,1.8563868
2025-12-30,ST08,SKU03021,4,1.8590856
2025-12-30,ST21,SKU03030,1,1.8979961
2025-12-30,ST07,SKU03040,2,2.1467028
2025-12-30,ST21,SKU03050,1,1.8716339
2025-12-30,ST06,SKU03053,1,2.2368674
2025-12-30,ST16,SKU03054,2,1.8457636
2025-12-30,ST27,SKU03057,2,1.8995409
2025-12-30,ST18,SKU03069,4,1.8705325
2025-12-30,ST23,SKU03079,1,1.8884159
2025-12-30,ST15,SKU03081,3,1.8903109
2025-12-30,ST25,SKU03088,2,2.064371
2025-12-30,ST04,SKU03101,1,1.8775362
2025-12-30,ST29,SKU03119,1,2.0808356
2025-12-30,ST11,SKU03154,1,1.8707948
2025-12-30,ST22,SKU03166,5,1.8804091
2025-12-30,ST11,SKU03168,5,2.0142694
2025-12-30,ST04,SKU03170,2,1.9719049
2025-12-30,ST18,SKU03172,2,1.9008698
2025-12-30,ST30,SKU03174,2,1.9738357
2025-12-30,ST06,SKU03182,1,1.8571497
2025-12-30,ST21,SKU03183,3,1.9286507
2025-12-30,ST02,SKU03186,4,1.889891
2025-12-30,ST13,SKU03187,2,1.8726721
2025-12-30,ST05,SKU03189,1,1.8926893
2025-12-30,ST21,SKU03196,1,1.9132652
2025-12-30,ST30,SKU03199,5,1.8803679
2025-12-30,ST30,SKU03202,3,1.8705261
2025-12-30,ST29,SKU03206,3,1.8753247
2025-12-30,ST26,SKU03210,4,1.8516071
2025-12-30,ST13,SKU03213,4,2.0135865
2025-12-30,ST15,SKU03217,3,1.7937651
2025-12-30,ST14,SKU03225,1,2.1122994
2025-12-30,ST12,SKU03228,1,2.062354
2025-12-30,ST21,SKU03231,4,1.981829
2025-12-30,ST11,SKU03233,2,1.842098
2025-12-30,ST22,SKU03234,3,1.8695029
2025-12-30,ST20,SKU03235,2,1.8880193
2025-12-30,ST21,SKU03240,1,1.7766422
2025-12-30,ST11,SKU03243,3,1.8737644
2025-12-30,ST22,SKU03250,4,1.9322698
2025-12-30,ST07,SKU03251,1,1.8879077
2025-12-30,ST25,SKU03252,1,1.8308413
2025-12-30,ST19,SKU03253,1,1.9660823
2025-12-30,ST24,SKU03262,3,2.0214455
2025-12-30,ST25,SKU03274,5,2.074227
2025-12-30,ST19,SKU03276,1,1.7527148
2025-12-30,ST28,SKU03277,1,1.8844646
2025-12-30,ST29,SKU03283,1,1.8448249
2025-12-30,ST20,SKU03292,3,4.3046637
2025-12-30,ST30,SKU03295,3,1.9654442
2025-12-30,ST20,SKU03296,1,2.116777
2025-12-30,ST08,SKU03317,1,1.8005952
2025-12-30,ST24,SKU03323,1,2.2550778
2025-12-30,ST06,SKU03324,1,2.087125
2025-12-30,ST09,SKU03327,1,2.0374663
2025-12-30,ST23,SKU03328,1,1.869423
2025-12-30,ST13,SKU03345,1,1.848403
2025-12-30,ST21,SKU03374,2,1.8476144
2025-12-30,ST22,SKU03379,1,2.4685307
2025-12-30,ST07,SKU03389,1,1.9890242
2025-12-30,ST26,SKU03392,2,2.0163503
2025-12-30,ST27,SKU03396,1,1.8636217
2025-12-30,ST24,SKU03408,1,1.7745875
2025-12-30,ST01,SKU03422,1,1.9009593
2025-12-30,ST25,SKU03423,5,1.9551711
2025-12-30,ST06,SKU03425,1,1.906207
2025-12-30,ST30,SKU03434,1,1.9871224
2025-12-30,ST20,SKU03437,1,1.8439268
2025-12-30,ST20,SKU03447,1,1.8323152
2025-12-30,ST05,SKU03458,3,1.804044
2025-12-30,ST04,SKU03476,1,2.017686
2025-12-30,ST11,SKU03483,1,1.7757701
2025-12-30,ST21,SKU03500,3,2.2749875
2025-12-30,ST26,SKU03506,1,2.1049345
2025-12-30,ST07,SKU03507,3,1.7632864
2025-12-30,ST29,SKU03513,1,1.9395491
2025-12-30,ST30,SKU03530,1,2.0541165
2025-12-30,ST29,SKU03533,1,2.05178
2025-12-30,ST16,SKU03535,2,1.8828168
2025-12-30,ST20,SKU03536,2,1.8680093
2025-12-30,ST30,SKU03546,1,1.9366788
2025-12-30,ST29,SKU03550,1,1.7959504
2025-12-30,ST04,SKU03563,1,2.0291765
2025-12-30,ST27,SKU03585,3,1.837763
2025-12-30,ST25,SKU03587,2,1.8833474
2025-12-30,ST21,SKU03593,1,1.8789928
2025-12-30,ST29,SKU03599,1,1.8270353
2025-12-30,ST23,SKU03601,3,1.9254606
2025-12-30,ST20,SKU03610,2,2.0033844
2025-12-30,ST07,SKU03616,1,2.1410565
2025-12-30,ST19,SKU03617,2,1.9092263
2025-12-30,ST07,SKU03622,1,1.8805845
2025-12-30,ST29,SKU03632,1,1.8174996
2025-12-30,ST06,SKU03633,5,2.0370836
2025-12-30,ST25,SKU03636,5,1.8902243
2025-12-30,ST14,SKU03641,1,1.8555691
2025-12-30,ST17,SKU03660,2,1.7990514
2025-12-30,ST05,SKU03666,1,1.7816708
2025-12-30,ST10,SKU03679,1,2.0150325
2025-12-30,ST21,SKU03684,1,1.9599482
2025-12-30,ST25,SKU03685,1,1.9282609
2025-12-30,ST17,SKU03693,3,1.8609664
2025-12-30,ST22,SKU03702,2,1.878641
2025-12-30,ST01,SKU03705,2,2.0609674
2025-12-30,ST27,SKU03724,1,1.826155
2025-12-30,ST30,SKU03727,2,1.8023919
2025-12-30,ST21,SKU03731,4,1.9368588
2025-12-30,ST23,SKU03734,2,1.9404832
2025-12-30,ST11,SKU03737,2,1.6181982
2025-12-30,ST12,SKU03741,3,2.165679
2025-12-30,ST18,SKU03743,1,1.7721767
2025-12-30,ST21,SKU03747,4,1.8482311
2025-12-30,ST18,SKU03768,1,1.8902109
2025-12-30,ST27,SKU03775,1,1.7942882
2025-12-30,ST04,SKU03779,2,1.9876485
2025-12-30,ST05,SKU03789,1,1.9698023
2025-12-30,ST22,SKU03800,1,1.8838058
2025-12-30,ST05,SKU03812,3,1.9121174
2025-12-30,ST14,SKU03814,1,1.9042308
2025-12-30,ST07,SKU03826,1,1.8749459
2025-12-30,ST06,SKU03832,3,2.127053
2025-12-30,ST22,SKU03840,1,1.916558
2025-12-30,ST07,SKU03843,3,1.9075098
2025-12-30,ST03,SKU03853,1,1.8712643
2025-12-30,ST21,SKU03854,2,1.9494009
2025-12-30,ST11,SKU03856,1,1.8804328
2025-12-30,ST20,SKU03859,1,1.8978282
2025-12-30,ST21,SKU03862,4,1.8779758
2025-12-30,ST18,SKU03876,1,1.9464083
2025-12-30,ST26,SKU03894,2,1.940755
2025-12-30,ST07,SKU03902,1,1.8471489
2025-12-30,ST27,SKU03907,3,3.9868243
2025-12-30,ST08,SKU03915,2,2.027502
2025-12-30,ST22,SKU03937,1,1.8173192
2025-12-30,ST28,SKU03945,1,1.7571373
2025-12-30,ST12,SKU03969,3,1.9241836
2025-12-30,ST23,SKU03982,1,1.7577446
2025-12-30,ST22,SKU03997,1,1.9479693
2025-12-30,ST20,SKU04010,1,1.821421
2025-12-30,ST21,SKU04012,3,1.9697609
2025-12-30,ST17,SKU04016,1,2.0842383
2025-12-30,ST21,SKU04018,4,1.8346715
2025-12-30,ST20,SKU04032,2,1.8829361
2025-12-30,ST30,SKU04036,1,1.9156272
2025-12-30,ST20,SKU04043,1,2.0004652
2025-12-30,ST13,SKU04046,1,1.9158928
2025-12-30,ST07,SKU04054,1,1.9839817
2025-12-30,ST23,SKU04064,1,1.9281986
2025-12-30,ST12,SKU04088,2,1.9700683
2025-12-30,ST30,SKU04105,3,1.9083642
2025-12-30,ST29,SKU04109,1,1.7612704
2025-12-30,ST05,SKU04114,1,1.892211
2025-12-30,ST22,SKU04120,1,1.8538874
2025-12-30,ST01,SKU04125,1,1.8578846
2025-12-30,ST17,SKU04126,5,1.9911895
2025-12-30,ST06,SKU04131,3,1.8673502
2025-12-30,ST06,SKU04146,2,1.9602007
2025-12-30,ST28,SKU04154,2,1.9686316
2025-12-30,ST16,SKU04155,4,1.9591229
2025-12-30,ST20,SKU04157,3,2.0002444
2025-12-30,ST04,SKU04158,4,2.0316718
2025-12-30,ST30,SKU04159,1,1.9758092
2025-12-30,ST27,SKU04164,1,1.9043916
2025-12-30,ST03,SKU04166,3,1.8657564
2025-12-30,ST07,SKU04173,1,1.7963951
2025-12-30,ST25,SKU04181,4,1.9767946
2025-12-30,ST06,SKU04185,2,1.7432356
2025-12-30,ST16,SKU04188,2,1.9178693
2025-12-30,ST05,SKU04191,2,1.9578362
2025-12-30,ST11,SKU04196,1,1.7139729
2025-12-30,ST21,SKU04199,4,1.8999612
2025-12-30,ST30,SKU04205,1,1.8503785
2025-12-30,ST20,SKU04216,3,1.9459705
2025-12-30,ST17,SKU04225,1,1.8608114
2025-12-30,ST25,SKU04235,3,1.8590916
2025-12-30,ST27,SKU04245,1,1.981478
2025-12-30,ST26,SKU04248,3,1.8508047
2025-12-30,ST25,SKU04254,1,1.9669614
2025-12-30,ST17,SKU04255,1,1.9243358
2025-12-30,ST07,SKU04256,1,1.9375939
2025-12-30,ST30,SKU04257,1,1.8859376
2025-12-30,ST14,SKU04264,2,1.8557379
2025-12-30,ST28,SKU04269,1,1.8960301
2025-12-30,ST28,SKU04280,4,1.8749162
2025-12-30,ST30,SKU04283,4,1.9431093
2025-12-30,ST27,SKU04291,2,2.0045774
2025-12-30,ST29,SKU04297,1,1.8819904
2025-12-30,ST22,SKU04305,1,1.9346222
2025-12-30,ST29,SKU04307,5,1.9780664
2025-12-30,ST26,SKU04309,2,1.9078683
2025-12-30,ST08,SKU04310,1,1.9308729
2025-12-30,ST26,SKU04316,4,1.8885394
2025-12-30,ST16,SKU04318,1,2.0684159
2025-12-30,ST30,SKU04321,9,7.3779106
2025-12-30,ST08,SKU04327,2,1.8928775
2025-12-30,ST21,SKU04329,2,2.2019854
2025-12-30,ST10,SKU04346,3,2.16494
2025-12-30,ST09,SKU04350,2,2.0655339
2025-12-30,ST21,SKU04354,2,1.9736711
2025-12-30,ST07,SKU04358,1,1.8447834
2025-12-30,ST29,SKU04362,1,1.886757
2025-12-30,ST29,SKU04375,2,1.9007313
2025-12-30,ST18,SKU04381,2,1.9255884
2025-12-30,ST25,SKU04389,2,1.858791
2025-12-30,ST05,SKU04390,2,1.7265706
2025-12-30,ST28,SKU04395,5,1.9489888
2025-12-30,ST27,SKU04413,2,2.0934973
2025-12-30,ST25,SKU04415,2,1.9292386
2025-12-30,ST11,SKU04416,1,1.8766527
2025-12-30,ST14,SKU04417,2,2.2956316
2025-12-30,ST18,SKU04418,1,1.951612
2025-12-30,ST18,SKU04422,1,1.8286129
2025-12-30,ST23,SKU04424,1,1.9064276
2025-12-30,ST07,SKU04430,1,1.8702632
2025-12-30,ST22,SKU04432,2,2.0609653
2025-12-30,ST24,SKU04438,3,1.7812364
2025-12-30,ST09,SKU04453,1,1.9648838
2025-12-30,ST21,SKU04459,1,1.8914857
2025-12-30,ST11,SKU04462,1,1.8731948
2025-12-30,ST07,SKU04464,2,1.9424192
2025-12-30,ST29,SKU04465,3,1.9772933
2025-12-30,ST23,SKU04474,1,1.9464258
2025-12-30,ST26,SKU04475,1,1.4742947
2025-12-30,ST27,SKU04476,4,1.970987
2025-12-30,ST07,SKU04482,1,1.9167736
2025-12-30,ST05,SKU04489,1,1.9011086
2025-12-30,ST20,SKU04498,1,1.8690376
2025-12-30,ST11,SKU04501,1,1.874493
2025-12-30,ST08,SKU04508,2,1.9742682
2025-12-30,ST27,SKU04514,1,1.868367
2025-12-30,ST28,SKU04538,2,1.8898063
2025-12-30,ST12,SKU04551,1,1.9670995
2025-12-30,ST17,SKU04560,5,1.832619
2025-12-30,ST20,SKU04562,3,1.8440627
2025-12-30,ST05,SKU04563,2,1.984508
2025-12-30,ST17,SKU04571,5,2.0278888
2025-12-30,ST07,SKU04591,3,1.7760261
2025-12-30,ST29,SKU04596,1,2.45911
2025-12-30,ST21,SKU04598,2,1.9570923
2025-12-30,ST08,SKU04604,1,1.8691756
2025-12-30,ST16,SKU04609,1,1.8181264
2025-12-30,ST27,SKU04615,3,1.8235835
2025-12-30,ST27,SKU04626,1,2.0834932
2025-12-30,ST19,SKU04627,2,1.6646638
2025-12-30,ST04,SKU04633,2,1.8630103
2025-12-30,ST30,SKU04638,3,1.7814788
2025-12-30,ST19,SKU04645,1,1.7059481
2025-12-30,ST18,SKU04646,2,1.9667548
2025-12-30,ST22,SKU04655,3,2.0146427
2025-12-30,ST29,SKU04662,3,1.9161249
2025-12-30,ST17,SKU04676,1,1.8607779
2025-12-30,ST07,SKU04677,1,2.0529323
2025-12-30,ST30,SKU04682,1,1.8000317
2025-12-30,ST07,SKU04684,1,1.958721
2025-12-30,ST01,SKU04724,1,2.2206516
2025-12-30,ST22,SKU04735,2,2.0934224
2025-12-30,ST19,SKU04744,1,1.9478564
2025-12-30,ST20,SKU04749,2,1.9404968
2025-12-30,ST25,SKU04756,2,1.8064814
2025-12-30,ST30,SKU04770,2,1.7716733
2025-12-30,ST16,SKU04772,4,1.9566258
2025-12-30,ST29,SKU04776,2,1.9226556
2025-12-30,ST13,SKU04778,1,1.9329214
2025-12-30,ST26,SKU04796,1,1.9851531
2025-12-30,ST14,SKU04805,1,1.8400903
2025-12-30,ST29,SKU04813,1,2.0780087
2025-12-30,ST12,SKU04814,1,1.9484642
2025-12-30,ST29,SKU04815,1,1.8567924
2025-12-30,ST10,SKU04820,2,2.081693
2025-12-30,ST16,SKU04821,4,1.9160998
2025-12-30,ST27,SKU04824,1,2.0054069
2025-12-30,ST22,SKU04845,1,1.8813955
2025-12-30,ST05,SKU04850,1,1.801223
2025-12-30,ST01,SKU04853,1,1.9257499
2025-12-30,ST30,SKU04859,1,2.035998
2025-12-30,ST29,SKU04867,3,2.015388
2025-12-30,ST21,SKU04876,2,1.9895151
2025-12-30,ST10,SKU04877,2,1.9743545
2025-12-30,ST08,SKU04892,3,2.1125262
2025-12-30,ST27,SKU04895,3,1.9515511
2025-12-30,ST05,SKU04898,2,1.9465035
2025-12-30,ST04,SKU04899,4,2.0018034
2025-12-30,ST17,SKU04904,1,1.8909518
2025-12-30,ST21,SKU04913,3,4.536712
2025-12-30,ST30,SKU04916,1,1.9443812
2025-12-30,ST20,SKU04924,1,2.0613668
2025-12-30,ST18,SKU04926,1,1.9490168
2025-12-30,ST21,SKU04928,3,1.9047518
2025-12-30,ST27,SKU04933,1,1.8917046
2025-12-30,ST18,SKU04936,1,1.7908562
2025-12-30,ST08,SKU04940,1,1.8966314
2025-12-30,ST13,SKU04944,1,1.7803159
2025-12-30,ST22,SKU04950,2,1.9300605
2025-12-30,ST07,SKU04952,3,1.7973989
2025-12-30,ST08,SKU04954,3,1.9033246
2025-12-30,ST18,SKU04959,2,1.8310369
2025-12-30,ST06,SKU04965,2,1.7664223
2025-12-30,ST19,SKU04976,1,1.8629453
2025-12-30,ST04,SKU04986,4,1.7696807
2025-12-30,ST29,SKU04991,3,2.3862388
2025-12-31,ST14,SKU00010,2,1.8841774
2025-12-31,ST24,SKU00011,3,1.8878803
2025-12-31,ST14,SKU00014,1,1.7179679
2025-12-31,ST04,SKU00035,1,2.2221448
2025-12-31,ST29,SKU00050,1,2.2096796
2025-12-31,ST27,SKU00051,2,1.9202929
2025-12-31,ST20,SKU00055,1,1.9293851
2025-12-31,ST13,SKU00062,1,1.9997029
2025-12-31,ST12,SKU00068,1,1.8019087
2025-12-31,ST17,SKU00075,1,2.2532864
2025-12-31,ST30,SKU00079,2,1.9556116
2025-12-31,ST17,SKU00085,3,1.9175045
2025-12-31,ST03,SKU00090,2,2.0353394
2025-12-31,ST18,SKU00092,1,1.919117
2025-12-31,ST26,SKU00093,1,1.9345282
2025-12-31,ST04,SKU00095,2,1.8290447
2025-12-31,ST03,SKU00122,1,1.8458121
2025-12-31,ST24,SKU00126,1,1.990783
2025-12-31,ST01,SKU00128,1,1.7943244
2025-12-31,ST13,SKU00142,1,1.8364986
2025-12-31,ST22,SKU00144,1,1.9575601
2025-12-31,ST06,SKU00146,1,2.004682
2025-12-31,ST24,SKU00152,3,1.8313204
2025-12-31,ST13,SKU00158,3,1.9374875
2025-12-31,ST22,SKU00171,1,1.9357934
2025-12-31,ST19,SKU00177,4,2.1301005
2025-12-31,ST07,SKU00180,3,1.9497006
2025-12-31,ST30,SKU00190,1,2.0667493
2025-12-31,ST26,SKU00215,1,1.854614
2025-12-31,ST10,SKU00239,2,1.8207204
2025-12-31,ST06,SKU00241,1,1.880638
2025-12-31,ST05,SKU00243,4,2.070578
2025-12-31,ST22,SKU00254,1,1.851753
2025-12-31,ST11,SKU00256,4,1.803997
2025-12-31,ST29,SKU00263,2,1.9628558
2025-12-31,ST17,SKU00264,2,1.7922814
2025-12-31,ST19,SKU00270,1,1.8080869
2025-12-31,ST24,SKU00271,3,1.9940668
2025-12-31,ST21,SKU00274,1,1.7750374
2025-12-31,ST12,SKU00278,1,1.8322228
2025-12-31,ST19,SKU00285,1,1.9291259
2025-12-31,ST30,SKU00286,1,2.0503585
2025-12-31,ST15,SKU00294,1,1.9028803
2025-12-31,ST17,SKU00304,1,1.9061085
2025-12-31,ST17,SKU00314,1,1.874386
2025-12-31,ST17,SKU00324,1,2.010308
2025-12-31,ST25,SKU00345,3,1.9650342
2025-12-31,ST26,SKU00358,1,1.8555645
2025-12-31,ST19,SKU00359,1,1.8452933
2025-12-31,ST22,SKU00362,1,1.9723454
2025-12-31,ST24,SKU00363,3,1.9535398
2025-12-31,ST26,SKU00366,2,1.9673828
2025-12-31,ST10,SKU00376,1,1.9180243
2025-12-31,ST11,SKU00388,3,1.7371593
2025-12-31,ST13,SKU00390,1,2.4209123
2025-12-31,ST08,SKU00398,1,1.941409
2025-12-31,ST07,SKU00400,1,1.8937935
2025-12-31,ST30,SKU00404,2,1.9416445
2025-12-31,ST05,SKU00407,2,1.9563476
2025-12-31,ST22,SKU00409,1,1.8742568
2025-12-31,ST22,SKU00420,1,1.9461428
2025-12-31,ST24,SKU00421,5,1.7093543
2025-12-31,ST19,SKU00426,1,1.8266424
2025-12-31,ST04,SKU00427,2,1.8432026
2025-12-31,ST22,SKU00429,2,1.8857883
2025-12-31,ST13,SKU00439,1,1.763445
2025-12-31,ST19,SKU00443,1,1.9286288
2025-12-31,ST10,SKU00449,2,1.6217165
2025-12-31,ST18,SKU00453,1,2.139263
2025-12-31,ST23,SKU00457,1,2.0725431
2025-12-31,ST03,SKU00464,3,1.9179816
2025-12-31,ST02,SKU00468,2,1.789638
2025-12-31,ST26,SKU00474,2,1.7961025
2025-12-31,ST22,SKU00484,2,1.9094586
2025-12-31,ST30,SKU00485,1,1.8968569
2025-12-31,ST11,SKU00487,2,1.7954123
2025-12-31,ST26,SKU00500,1,1.8441039
2025-12-31,ST18,SKU00503,1,1.8378558
2025-12-31,ST24,SKU00508,1,1.8891096
2025-12-31,ST27,SKU00519,1,2.115364
2025-12-31,ST22,SKU00530,1,2.0813308
2025-12-31,ST11,SKU00531,1,2.1694162
2025-12-31,ST28,SKU00534,1,1.897006
2025-12-31,ST27,SKU00539,1,1.8377775
2025-12-31,ST25,SKU00562,5,1.8989396
2025-12-31,ST08,SKU00578,4,1.7301773
2025-12-31,ST19,SKU00591,1,1.9627972
2025-12-31,ST30,SKU00594,2,3.9025269
2025-12-31,ST06,SKU00596,2,1.8734101
2025-12-31,ST19,SKU00599,3,1.8977207
2025-12-31,ST22,SKU00610,1,2.0291464
2025-12-31,ST11,SKU00611,1,1.7886921
2025-12-31,ST26,SKU00620,1,1.8958049
2025-12-31,ST11,SKU00625,3,2.011941
2025-12-31,ST27,SKU00631,1,2.2345574
2025-12-31,ST03,SKU00632,1,1.8383892
2025-12-31,ST11,SKU00636,1,1.8875036
2025-12-31,ST11,SKU00639,4,1.712029
2025-12-31,ST07,SKU00644,1,1.8390245
2025-12-31,ST16,SKU00650,1,1.9796788
2025-12-31,ST05,SKU00653,1,1.7559415
2025-12-31,ST07,SKU00658,3,1.8747712
2025-12-31,ST30,SKU00661,2,1.8309432
2025-12-31,ST03,SKU00663,1,1.9039049
2025-12-31,ST01,SKU00669,2,1.7806724
2025-12-31,ST22,SKU00681,3,1.805767
2025-12-31,ST22,SKU00685,1,1.8301085
2025-12-31,ST30,SKU00698,1,1.9969808
2025-12-31,ST12,SKU00702,3,1.8316119
2025-12-31,ST23,SKU00719,1,1.9023403
2025-12-31,ST17,SKU00727,1,1.9293385
2025-12-31,ST24,SKU00728,1,2.1158524
2025-12-31,ST13,SKU00741,3,1.9410858
2025-12-31,ST17,SKU00753,2,1.9048139
2025-12-31,ST24,SKU00772,2,1.8371844
2025-12-31,ST29,SKU00774,1,1.9675442
2025-12-31,ST26,SKU00775,1,1.8224467
2025-12-31,ST09,SKU00776,1,1.8134625
2025-12-31,ST19,SKU00779,1,1.7947862
2025-12-31,ST22,SKU00790,1,1.8201123
2025-12-31,ST25,SKU00797,5,1.9375277
2025-12-31,ST07,SKU00812,1,1.908299
2025-12-31,ST07,SKU00819,2,1.8633562
2025-12-31,ST07,SKU00823,4,1.9292761
2025-12-31,ST21,SKU00832,3,1.8376814
2025-12-31,ST24,SKU00833,1,1.9621735
2025-12-31,ST05,SKU00834,2,1.8109418
2025-12-31,ST30,SKU00840,1,1.9089977
2025-12-31,ST26,SKU00841,1,1.8863887
2025-12-31,ST09,SKU00845,1,2.1752145
2025-12-31,ST15,SKU00850,2,1.743965
2025-12-31,ST28,SKU00861,2,1.8609781
2025-12-31,ST29,SKU00886,2,2.1551325
2025-12-31,ST10,SKU00888,3,1.8267038
2025-12-31,ST28,SKU00889,1,1.8241981
2025-12-31,ST07,SKU00891,1,2.1097405
2025-12-31,ST22,SKU00892,1,1.9525193
2025-12-31,ST22,SKU00893,4,1.7644211
2025-12-31,ST14,SKU00902,5,1.9409778
2025-12-31,ST05,SKU00903,1,1.9517777
2025-12-31,ST07,SKU00908,3,1.896198
2025-12-31,ST22,SKU00912,2,1.983528
2025-12-31,ST16,SKU00915,1,1.8267783
2025-12-31,ST25,SKU00917,2,2.0749183
2025-12-31,ST26,SKU00920,1,1.8420542
2025-12-31,ST20,SKU00924,2,1.9952726
2025-12-31,ST05,SKU00930,1,1.9216211
2025-12-31,ST20,SKU00937,1,1.9313023
2025-12-31,ST22,SKU00942,1,1.8691558
2025-12-31,ST21,SKU00949,1,1.8379185
2025-12-31,ST28,SKU00953,5,1.8870455
2025-12-31,ST18,SKU00958,1,1.7490429
2025-12-31,ST14,SKU00959,2,1.9344223
2025-12-31,ST18,SKU00960,3,1.9870623
2025-12-31,ST29,SKU00966,1,1.8752762
2025-12-31,ST29,SKU00974,1,1.6896677
2025-12-31,ST01,SKU00980,3,1.6756926
2025-12-31,ST30,SKU00982,5,1.8241196
2025-12-31,ST30,SKU00994,3,1.9778264
2025-12-31,ST30,SKU01008,3,1.8294845
2025-12-31,ST19,SKU01009,1,1.9245723
2025-12-31,ST05,SKU01014,2,1.9379287
2025-12-31,ST27,SKU01030,2,1.7285413
2025-12-31,ST06,SKU01033,1,1.9919286
2025-12-31,ST21,SKU01037,1,1.9658568
2025-12-31,ST27,SKU01045,3,1.9877282
2025-12-31,ST23,SKU01048,2,2.085159
2025-12-31,ST23,SKU01049,2,1.890915
2025-12-31,ST07,SKU01054,1,1.84899
2025-12-31,ST11,SKU01057,1,1.8760254
2025-12-31,ST18,SKU01059,3,1.8651125
2025-12-31,ST29,SKU01085,1,1.9292115
2025-12-31,ST27,SKU01090,1,1.7398422
2025-12-31,ST14,SKU01099,1,1.8493795
2025-12-31,ST30,SKU01116,2,1.9308996
2025-12-31,ST16,SKU01119,2,1.7634658
2025-12-31,ST29,SKU01121,3,1.7744316
2025-12-31,ST18,SKU01127,1,1.9999553
2025-12-31,ST24,SKU01129,1,1.9297237
2025-12-31,ST24,SKU01138,1,1.982247
2025-12-31,ST27,SKU01152,3,1.9299309
2025-12-31,ST12,SKU01153,1,1.7881929
2025-12-31,ST07,SKU01159,1,2.0357249
2025-12-31,ST01,SKU01164,5,1.7271919
2025-12-31,ST06,SKU01165,1,1.9633255
2025-12-31,ST11,SKU01170,1,1.9096855
2025-12-31,ST14,SKU01174,3,1.9279599
2025-12-31,ST26,SKU01181,5,4.760837
2025-12-31,ST26,SKU01182,2,1.9124326
2025-12-31,ST10,SKU01183,2,1.8210188
2025-12-31,ST28,SKU01189,2,1.8110541
2025-12-31,ST14,SKU01197,1,2.0934684
2025-12-31,ST20,SKU01202,1,2.1042001
2025-12-31,ST27,SKU01208,2,1.788553
2025-12-31,ST28,SKU01212,2,1.9234982
2025-12-31,ST17,SKU01220,2,2.0351949
2025-12-31,ST29,SKU01227,3,1.9424987
2025-12-31,ST17,SKU01232,1,1.9304113
2025-12-31,ST29,SKU01242,3,1.9911458
2025-12-31,ST16,SKU01271,5,1.8232661
2025-12-31,ST24,SKU01319,2,1.9376642
2025-12-31,ST27,SKU01330,3,1.876927
2025-12-31,ST20,SKU01331,1,2.1198757
2025-12-31,ST01,SKU01334,2,1.9070247
2025-12-31,ST29,SKU01340,1,1.7646872
2025-12-31,ST30,SKU01344,1,1.8430103
2025-12-31,ST27,SKU01367,1,1.8242831
2025-12-31,ST29,SKU01371,1,1.9548668
2025-12-31,ST27,SKU01379,3,1.781032
2025-12-31,ST18,SKU01392,4,1.9012649
2025-12-31,ST26,SKU01410,1,1.8947915
2025-12-31,ST30,SKU01414,2,1.8321968
2025-12-31,ST29,SKU01420,2,1.9406911
2025-12-31,ST22,SKU01435,2,1.67472
2025-12-31,ST18,SKU01438,1,1.8328921
2025-12-31,ST21,SKU01446,4,1.8686868
2025-12-31,ST06,SKU01449,2,1.9113811
2025-12-31,ST05,SKU01454,2,1.9727958
2025-12-31,ST21,SKU01456,1,1.9861275
2025-12-31,ST29,SKU01466,2,1.4750308
2025-12-31,ST24,SKU01468,1,1.8994724
2025-12-31,ST06,SKU01485,1,1.9368857
2025-12-31,ST18,SKU01489,2,1.8452221
2025-12-31,ST18,SKU01490,1,2.0492406
2025-12-31,ST29,SKU01496,1,1.8650464
2025-12-31,ST17,SKU01507,1,1.9276626
2025-12-31,ST21,SKU01519,2,1.9670831
2025-12-31,ST04,SKU01547,1,1.8860781
2025-12-31,ST01,SKU01555,2,1.8098438
2025-12-31,ST27,SKU01556,1,1.9033328
2025-12-31,ST19,SKU01563,4,1.8862574
2025-12-31,ST11,SKU01576,1,1.8329713
2025-12-31,ST27,SKU01578,1,1.8465226
2025-12-31,ST24,SKU01587,2,1.9511971
2025-12-31,ST29,SKU01588,2,1.9078436
2025-12-31,ST15,SKU01594,3,1.7961352
2025-12-31,ST22,SKU01599,1,1.9209421
2025-12-31,ST07,SKU01601,1,1.9506878
2025-12-31,ST28,SKU01627,1,1.841604
2025-12-31,ST23,SKU01628,2,1.8743274
2025-12-31,ST11,SKU01637,2,1.923169
2025-12-31,ST18,SKU01638,1,2.0567029
2025-12-31,ST24,SKU01644,4,1.9496415
2025-12-31,ST06,SKU01645,1,1.8837601
2025-12-31,ST24,SKU01651,1,1.7530174
2025-12-31,ST25,SKU01677,2,1.702818
2025-12-31,ST03,SKU01684,4,1.8619742
2025-12-31,ST28,SKU01685,1,1.9082733
2025-12-31,ST22,SKU01688,2,1.8928205
2025-12-31,ST18,SKU01701,1,2.179442
2025-12-31,ST15,SKU01724,1,1.8687629
2025-12-31,ST06,SKU01725,3,2.0566564
2025-12-31,ST12,SKU01727,2,1.8592433
2025-12-31,ST07,SKU01730,2,1.8826076
2025-12-31,ST30,SKU01743,2,1.8909454
2025-12-31,ST24,SKU01751,3,2.050984
2025-12-31,ST03,SKU01754,2,1.8724511
2025-12-31,ST06,SKU01767,1,1.7225083
2025-12-31,ST02,SKU01769,4,1.9542879
2025-12-31,ST20,SKU01771,1,1.8769348
2025-12-31,ST05,SKU01774,1,1.987644
2025-12-31,ST29,SKU01775,2,1.9168911
2025-12-31,ST07,SKU01776,3,1.8150078
2025-12-31,ST29,SKU01779,2,1.8570588
2025-12-31,ST26,SKU01783,4,1.8866246
2025-12-31,ST07,SKU01797,1,1.981545
2025-12-31,ST09,SKU01805,1,1.6470107
2025-12-31,ST11,SKU01815,1,1.9665368
2025-12-31,ST01,SKU01819,1,1.9470805
2025-12-31,ST19,SKU01830,1,1.982385
2025-12-31,ST21,SKU01836,1,1.8875968
2025-12-31,ST09,SKU01837,2,1.8614019
2025-12-31,ST29,SKU01840,2,1.8847497
2025-12-31,ST19,SKU01854,4,1.8279215
2025-12-31,ST06,SKU01855,3,1.8657194
2025-12-31,ST23,SKU01856,1,1.7758105
2025-12-31,ST18,SKU01860,1,1.8958082
2025-12-31,ST11,SKU01862,1,1.8404692
2025-12-31,ST04,SKU01880,3,1.9167192
2025-12-31,ST24,SKU01901,1,1.8555125
2025-12-31,ST29,SKU01913,1,2.0030994
2025-12-31,ST15,SKU01925,1,1.8545269
2025-12-31,ST04,SKU01928,1,1.833407
2025-12-31,ST09,SKU01969,1,1.8580238
2025-12-31,ST21,SKU01972,1,2.0557609
2025-12-31,ST22,SKU01976,1,1.881097
2025-12-31,ST20,SKU01982,1,1.8200247
2025-12-31,ST20,SKU01985,3,1.9616497
2025-12-31,ST13,SKU01993,1,2.0439374
2025-12-31,ST27,SKU02015,1,1.8740244
2025-12-31,ST11,SKU02024,1,2.051861
2025-12-31,ST17,SKU02031,2,1.8940858
2025-12-31,ST10,SKU02035,2,1.8958861
2025-12-31,ST17,SKU02036,1,2.0798316
2025-12-31,ST28,SKU02044,1,1.8289151
2025-12-31,ST22,SKU02046,5,3.9753206
2025-12-31,ST19,SKU02051,1,1.8726852
2025-12-31,ST22,SKU02070,1,1.9806565
2025-12-31,ST12,SKU02077,1,1.978991
2025-12-31,ST26,SKU02079,1,1.9105837
2025-12-31,ST04,SKU02082,1,1.8556603
2025-12-31,ST22,SKU02087,1,1.9480479
2025-12-31,ST07,SKU02097,2,1.7682573
2025-12-31,ST24,SKU02100,2,1.9083939
2025-12-31,ST29,SKU02111,1,1.8881768
2025-12-31,ST20,SKU02122,4,1.897238
2025-12-31,ST12,SKU02128,1,1.8653821
2025-12-31,ST19,SKU02141,2,1.9099387
2025-12-31,ST01,SKU02146,1,1.9255611
2025-12-31,ST14,SKU02148,1,1.9756023
2025-12-31,ST19,SKU02149,2,1.787857
2025-12-31,ST21,SKU02155,4,1.9256
2025-12-31,ST27,SKU02158,5,1.8051696
2025-12-31,ST07,SKU02165,1,1.9915895
2025-12-31,ST06,SKU02171,1,1.8314998
2025-12-31,ST11,SKU02191,1,1.8543583
2025-12-31,ST15,SKU02230,2,1.8008157
2025-12-31,ST28,SKU02243,1,1.9034153
2025-12-31,ST07,SKU02254,4,1.8865818
2025-12-31,ST05,SKU02258,3,1.8206807
2025-12-31,ST18,SKU02259,1,1.8444228
2025-12-31,ST23,SKU02262,1,1.9360077
2025-12-31,ST11,SKU02268,1,1.8798366
2025-12-31,ST30,SKU02283,4,1.84208
2025-12-31,ST30,SKU02290,1,1.8558822
2025-12-31,ST09,SKU02294,1,2.0487075
2025-12-31,ST14,SKU02300,1,2.2788653
2025-12-31,ST17,SKU02301,1,1.96722
2025-12-31,ST05,SKU02317,1,1.9582633
2025-12-31,ST20,SKU02325,1,1.9386771
2025-12-31,ST07,SKU02340,2,1.7739764
2025-12-31,ST19,SKU02343,4,1.8573388
2025-12-31,ST22,SKU02351,1,1.9270319
2025-12-31,ST03,SKU02355,3,1.6974225
2025-12-31,ST21,SKU02359,2,1.9530003
2025-12-31,ST18,SKU02368,4,1.980945
2025-12-31,ST11,SKU02373,1,1.8086107
2025-12-31,ST28,SKU02377,1,1.9046052
2025-12-31,ST16,SKU02378,1,1.8757617
2025-12-31,ST22,SKU02382,1,1.9264528
2025-12-31,ST22,SKU02383,2,2.2098644
2025-12-31,ST05,SKU02390,2,1.8407104
2025-12-31,ST01,SKU02393,4,1.8712171
2025-12-31,ST28,SKU02396,1,1.9398744
2025-12-31,ST07,SKU02401,1,2.0691395
2025-12-31,ST26,SKU02403,1,1.8542968
2025-12-31,ST07,SKU02404,2,1.7380748
2025-12-31,ST06,SKU02411,1,1.8768085
2025-12-31,ST19,SKU02416,3,1.8319448
2025-12-31,ST19,SKU02421,3,2.0061426
2025-12-31,ST11,SKU02430,1,1.8773859
2025-12-31,ST23,SKU02431,4,1.9265742
2025-12-31,ST18,SKU02434,2,1.8912389
2025-12-31,ST06,SKU02461,1,1.8087561
2025-12-31,ST27,SKU02489,1,1.9210218
2025-12-31,ST28,SKU02514,1,2.021219
2025-12-31,ST30,SKU02531,1,1.9947995
2025-12-31,ST22,SKU02532,2,1.9845504
2025-12-31,ST21,SKU02536,2,1.8832824
2025-12-31,ST30,SKU02538,2,1.6367654
2025-12-31,ST21,SKU02544,4,1.937827
2025-12-31,ST26,SKU02549,2,1.864244
2025-12-31,ST30,SKU02553,2,1.9975053
2025-12-31,ST30,SKU02571,2,1.8609396
2025-12-31,ST06,SKU02581,3,1.8400304
2025-12-31,ST22,SKU02583,1,1.8928111
2025-12-31,ST06,SKU02592,3,1.8679878
2025-12-31,ST06,SKU02624,1,2.0058196
2025-12-31,ST05,SKU02633,1,1.9290019
2025-12-31,ST22,SKU02640,1,2.0008976
2025-12-31,ST10,SKU02642,1,1.7157423
2025-12-31,ST23,SKU02655,1,2.0135722
2025-12-31,ST27,SKU02656,2,1.9577149
2025-12-31,ST18,SKU02660,2,1.8857055
2025-12-31,ST18,SKU02668,2,1.9953254
2025-12-31,ST06,SKU02678,3,1.7657331
2025-12-31,ST28,SKU02685,1,1.9227895
2025-12-31,ST26,SKU02692,4,1.8127036
2025-12-31,ST30,SKU02705,1,1.8801568
2025-12-31,ST02,SKU02706,1,2.146007
2025-12-31,ST03,SKU02720,2,2.0940845
2025-12-31,ST15,SKU02737,2,1.8589131
2025-12-31,ST15,SKU02740,1,1.8651589
2025-12-31,ST18,SKU02747,5,3.8283784
2025-12-31,ST28,SKU02750,1,1.7094642
2025-12-31,ST22,SKU02753,3,4.101972
2025-12-31,ST27,SKU02756,3,1.8070637
2025-12-31,ST29,SKU02764,4,1.9194895
2025-12-31,ST30,SKU02767,1,1.8308022
2025-12-31,ST03,SKU02771,2,1.8542503
2025-12-31,ST07,SKU02784,2,1.8895248
2025-12-31,ST16,SKU02786,1,2.0855818
2025-12-31,ST26,SKU02791,2,1.9328897
2025-12-31,ST12,SKU02798,1,1.9552938
2025-12-31,ST18,SKU02802,1,2.0902262
2025-12-31,ST09,SKU02808,2,1.9281505
2025-12-31,ST12,SKU02821,1,1.9121127
2025-12-31,ST27,SKU02833,4,2.3940978
2025-12-31,ST22,SKU02837,2,1.9233071
2025-12-31,ST25,SKU02839,3,1.9221838
2025-12-31,ST13,SKU02840,1,1.9287742
2025-12-31,ST30,SKU02848,1,1.8989711
2025-12-31,ST07,SKU02849,2,1.9238776
2025-12-31,ST27,SKU02854,2,1.7567111
2025-12-31,ST15,SKU02860,4,1.9313449
2025-12-31,ST11,SKU02882,2,1.811416
2025-12-31,ST03,SKU02889,1,1.8138185
2025-12-31,ST18,SKU02895,2,1.8578507
2025-12-31,ST23,SKU02910,1,1.9259546
2025-12-31,ST22,SKU02912,2,2.2748997
2025-12-31,ST04,SKU02920,2,1.7510889
2025-12-31,ST12,SKU02922,1,1.8584111
2025-12-31,ST24,SKU02923,1,1.9268045
2025-12-31,ST29,SKU02924,1,2.0406833
2025-12-31,ST29,SKU02930,1,1.989886
2025-12-31,ST08,SKU02939,1,1.9489952
2025-12-31,ST23,SKU02946,1,1.7634592
2025-12-31,ST21,SKU02949,1,1.808434
2025-12-31,ST21,SKU02950,2,1.8687416
2025-12-31,ST09,SKU02951,1,1.894048
2025-12-31,ST21,SKU02952,1,1.9258887
2025-12-31,ST13,SKU02954,1,1.7491341
2025-12-31,ST29,SKU02962,1,1.8626916
2025-12-31,ST29,SKU02968,1,1.9823067
2025-12-31,ST24,SKU02971,2,1.917875
2025-12-31,ST01,SKU02977,4,1.8523916
2025-12-31,ST29,SKU02993,1,1.8612213
2025-12-31,ST14,SKU03006,2,1.8921994
2025-12-31,ST07,SKU03010,2,1.827458
2025-12-31,ST02,SKU03025,4,1.8638984
2025-12-31,ST18,SKU03030,3,1.8132992
2025-12-31,ST22,SKU03034,1,1.9581124
2025-12-31,ST05,SKU03044,1,2.0558722
2025-12-31,ST21,SKU03053,5,2.4097655
2025-12-31,ST24,SKU03057,1,2.056896
2025-12-31,ST14,SKU03061,2,1.8482001
2025-12-31,ST22,SKU03063,1,2.4490278
2025-12-31,ST18,SKU03064,1,2.0476017
2025-12-31,ST17,SKU03067,2,1.9175187
2025-12-31,ST13,SKU03069,3,1.8427606
2025-12-31,ST27,SKU03076,2,2.0655627
2025-12-31,ST10,SKU03088,1,1.8678344
2025-12-31,ST06,SKU03094,1,1.9354373
2025-12-31,ST27,SKU03110,1,1.8878978
2025-12-31,ST04,SKU03117,2,1.852045
2025-12-31,ST25,SKU03138,2,1.8956422
2025-12-31,ST14,SKU03155,2,1.7811052
2025-12-31,ST27,SKU03169,1,1.8055222
2025-12-31,ST30,SKU03180,2,2.1131067
2025-12-31,ST20,SKU03194,1,1.9492484
2025-12-31,ST10,SKU03199,1,1.8771788
2025-12-31,ST20,SKU03228,2,1.9280448
2025-12-31,ST29,SKU03259,2,2.0388231
2025-12-31,ST05,SKU03268,3,1.8258289
2025-12-31,ST05,SKU03273,2,1.8949805
2025-12-31,ST24,SKU03274,2,1.9709427
2025-12-31,ST06,SKU03276,2,1.7226914
2025-12-31,ST20,SKU03292,1,1.8259007
2025-12-31,ST29,SKU03299,3,1.9509933
2025-12-31,ST02,SKU03305,1,1.9741164
2025-12-31,ST22,SKU03319,1,1.9047844
2025-12-31,ST03,SKU03324,2,2.067666
2025-12-31,ST08,SKU03326,2,2.2964933
2025-12-31,ST24,SKU03340,2,2.150774
2025-12-31,ST16,SKU03353,2,2.1052442
2025-12-31,ST30,SKU03366,2,1.8902744
2025-12-31,ST20,SKU03370,1,2.0013564
2025-12-31,ST18,SKU03374,3,1.8838824
2025-12-31,ST08,SKU03380,2,1.7533635
2025-12-31,ST05,SKU03384,3,1.789737
2025-12-31,ST30,SKU03385,1,1.8313591
2025-12-31,ST18,SKU03387,1,1.7573993
2025-12-31,ST25,SKU03394,1,2.211449
2025-12-31,ST20,SKU03397,1,1.8890795
2025-12-31,ST13,SKU03398,1,1.8993793
2025-12-31,ST05,SKU03403,1,1.8998667
2025-12-31,ST18,SKU03422,7,3.682767
2025-12-31,ST29,SKU03428,1,1.7579173
2025-12-31,ST04,SKU03442,2,2.0117764
2025-12-31,ST29,SKU03456,2,1.8284235
2025-12-31,ST12,SKU03459,3,1.803397
2025-12-31,ST21,SKU03462,2,1.8329284
2025-12-31,ST10,SKU03468,1,1.8921701
2025-12-31,ST20,SKU03476,1,2.37886
2025-12-31,ST29,SKU03481,2,1.8145528
2025-12-31,ST29,SKU03512,2,1.8883789
2025-12-31,ST21,SKU03516,2,1.8416207
2025-12-31,ST27,SKU03523,2,1.8023909
2025-12-31,ST06,SKU03557,1,1.787912
2025-12-31,ST03,SKU03566,1,1.9675052
2025-12-31,ST10,SKU03567,1,1.9019791
2025-12-31,ST23,SKU03571,1,1.7577306
2025-12-31,ST21,SKU03572,2,1.8833276
2025-12-31,ST11,SKU03600,1,1.870157
2025-12-31,ST06,SKU03608,3,1.9268944
2025-12-31,ST10,SKU03622,3,1.7754441
2025-12-31,ST22,SKU03631,2,1.9466861
2025-12-31,ST17,SKU03633,5,2.0415015
2025-12-31,ST22,SKU03638,1,1.9274836
2025-12-31,ST04,SKU03641,1,1.8470829
2025-12-31,ST26,SKU03643,1,1.7849497
2025-12-31,ST14,SKU03644,1,1.8964788
2025-12-31,ST21,SKU03647,1,1.954949
2025-12-31,ST29,SKU03650,3,1.8816969
2025-12-31,ST21,SKU03671,2,2.0271926
2025-12-31,ST16,SKU03673,1,1.885033
2025-12-31,ST23,SKU03690,1,2.0956984
2025-12-31,ST21,SKU03693,2,1.8324362
2025-12-31,ST14,SKU03694,1,1.9079833
2025-12-31,ST06,SKU03715,4,1.8374755
2025-12-31,ST04,SKU03720,2,1.9095993
2025-12-31,ST13,SKU03723,3,1.822518
2025-12-31,ST30,SKU03724,1,1.8877816
2025-12-31,ST11,SKU03725,2,1.8818971
2025-12-31,ST30,SKU03726,1,1.9637249
2025-12-31,ST30,SKU03727,2,3.9669425
2025-12-31,ST22,SKU03731,1,1.8242275
2025-12-31,ST30,SKU03741,2,1.984992
2025-12-31,ST09,SKU03747,1,2.0001888
2025-12-31,ST11,SKU03748,2,1.9819591
2025-12-31,ST03,SKU03759,1,1.8864228
2025-12-31,ST05,SKU03779,1,1.9873005
2025-12-31,ST12,SKU03784,2,1.8951285
2025-12-31,ST03,SKU03791,1,1.797609
2025-12-31,ST08,SKU03793,1,1.9056065
2025-12-31,ST06,SKU03794,1,1.9420952
2025-12-31,ST22,SKU03800,1,1.8775991
2025-12-31,ST16,SKU03801,2,1.8406093
2025-12-31,ST06,SKU03820,3,1.5707862
2025-12-31,ST20,SKU03831,4,1.8602159
2025-12-31,ST29,SKU03834,5,2.0564919
2025-12-31,ST15,SKU03836,1,2.0074575
2025-12-31,ST21,SKU03840,1,1.8641802
2025-12-31,ST26,SKU03843,3,1.9436114
2025-12-31,ST22,SKU03844,1,1.972839
2025-12-31,ST19,SKU03847,1,2.0332174
2025-12-31,ST13,SKU03869,2,1.6439894
2025-12-31,ST12,SKU03872,1,1.9513996
2025-12-31,ST04,SKU03874,2,1.913018
2025-12-31,ST08,SKU03880,1,1.7640659
2025-12-31,ST12,SKU03883,3,1.8245972
2025-12-31,ST30,SKU03889,1,1.7861232
2025-12-31,ST07,SKU03897,5,4.0567136
2025-12-31,ST26,SKU03904,1,1.9848505
2025-12-31,ST22,SKU03907,2,1.8102314
2025-12-31,ST24,SKU03918,1,1.8261498
2025-12-31,ST21,SKU03919,1,1.8310872
2025-12-31,ST23,SKU03942,2,1.7533717
2025-12-31,ST24,SKU03946,2,2.0098388
2025-12-31,ST29,SKU03955,2,1.8091284
2025-12-31,ST21,SKU03971,2,1.9374579
2025-12-31,ST11,SKU03973,1,1.8532695
2025-12-31,ST17,SKU03979,2,2.0837295
2025-12-31,ST20,SKU03987,1,1.8800715
2025-12-31,ST30,SKU04004,1,1.8627768
2025-12-31,ST21,SKU04005,2,1.854382
2025-12-31,ST21,SKU04010,3,1.8497288
2025-12-31,ST19,SKU04013,1,1.862969
2025-12-31,ST26,SKU04016,3,2.0489206
2025-12-31,ST26,SKU04026,3,1.8810233
2025-12-31,ST20,SKU04031,4,1.8353552
2025-12-31,ST06,SKU04033,1,1.9715759
2025-12-31,ST24,SKU04034,2,1.927258
2025-12-31,ST03,SKU04046,3,1.8915304
2025-12-31,ST21,SKU04051,1,1.8482691
2025-12-31,ST29,SKU04060,3,1.8646026
2025-12-31,ST27,SKU04063,2,1.8341179
2025-12-31,ST12,SKU04068,2,1.8413266
2025-12-31,ST30,SKU04083,1,1.8210508
2025-12-31,ST30,SKU04084,1,1.8875495
2025-12-31,ST22,SKU04105,3,2.104539
2025-12-31,ST06,SKU04107,1,1.826084
2025-12-31,ST06,SKU04115,1,1.8481672
2025-12-31,ST30,SKU04126,2,1.7555653
2025-12-31,ST24,SKU04131,2,1.8878504
2025-12-31,ST11,SKU04134,4,1.9282027
2025-12-31,ST15,SKU04135,5,1.8412292
2025-12-31,ST17,SKU04140,1,2.3229218
2025-12-31,ST29,SKU04143,2,1.834073
2025-12-31,ST29,SKU04154,3,2.4666924
2025-12-31,ST11,SKU04157,1,1.659527
2025-12-31,ST19,SKU04160,1,1.9972571
2025-12-31,ST19,SKU04165,1,1.9692445
2025-12-31,ST18,SKU04166,5,1.7391319
2025-12-31,ST22,SKU04185,2,2.0277717
2025-12-31,ST14,SKU04186,3,1.8963014
2025-12-31,ST22,SKU04197,3,1.9363335
2025-12-31,ST13,SKU04198,1,1.9359379
2025-12-31,ST20,SKU04204,1,1.9284304
2025-12-31,ST29,SKU04227,2,2.0172615
2025-12-31,ST30,SKU04235,2,1.8590292
2025-12-31,ST02,SKU04240,4,1.8327028
2025-12-31,ST02,SKU04245,2,1.8286396
2025-12-31,ST30,SKU04252,1,1.8945272
2025-12-31,ST21,SKU04256,2,2.0436203
2025-12-31,ST30,SKU04272,1,1.8765414
2025-12-31,ST29,SKU04273,5,1.885152
2025-12-31,ST24,SKU04283,3,1.9946297
2025-12-31,ST21,SKU04289,1,1.9731749
2025-12-31,ST22,SKU04294,4,1.9092916
2025-12-31,ST21,SKU04300,1,1.8484464
2025-12-31,ST10,SKU04301,2,1.9455895
2025-12-31,ST07,SKU04305,3,1.729359
2025-12-31,ST11,SKU04309,4,1.8270113
2025-12-31,ST01,SKU04315,1,1.9092025
2025-12-31,ST30,SKU04321,6,5.2027717
2025-12-31,ST23,SKU04323,1,1.9168619
2025-12-31,ST18,SKU04329,1,1.8898673
2025-12-31,ST08,SKU04331,2,1.8967259
2025-12-31,ST22,SKU04339,2,2.0081487
2025-12-31,ST26,SKU04341,3,2.1542985
2025-12-31,ST29,SKU04344,1,1.8362672
2025-12-31,ST22,SKU04346,5,1.8721397
2025-12-31,ST12,SKU04348,2,1.7776009
2025-12-31,ST29,SKU04359,3,1.9427634
2025-12-31,ST29,SKU04381,1,1.7950635
2025-12-31,ST30,SKU04383,1,2.0607824
2025-12-31,ST03,SKU04398,2,2.0171099
2025-12-31,ST17,SKU04402,1,2.1376238
2025-12-31,ST27,SKU04404,4,1.7642179
2025-12-31,ST24,SKU04430,2,1.8160545
2025-12-31,ST04,SKU04432,1,2.014636
2025-12-31,ST19,SKU04438,1,1.7995579
2025-12-31,ST18,SKU04449,3,1.9567721
2025-12-31,ST17,SKU04464,1,1.9291078
2025-12-31,ST08,SKU04470,1,1.8990331
2025-12-31,ST12,SKU04479,1,1.83765
2025-12-31,ST27,SKU04486,3,1.8746978
2025-12-31,ST07,SKU04489,1,1.8235656
2025-12-31,ST21,SKU04497,3,1.9385076
2025-12-31,ST09,SKU04506,4,2.0064492
2025-12-31,ST20,SKU04508,3,1.8850971
2025-12-31,ST30,SKU04513,2,1.8668851
2025-12-31,ST09,SKU04516,1,2.095602
2025-12-31,ST20,SKU04519,1,1.9423219
2025-12-31,ST09,SKU04551,2,1.9236684
2025-12-31,ST04,SKU04559,1,1.9555659
2025-12-31,ST27,SKU04571,1,1.7519281
2025-12-31,ST21,SKU04576,2,1.9307634
2025-12-31,ST29,SKU04594,1,1.8982456
2025-12-31,ST30,SKU04596,2,4.813437
2025-12-31,ST26,SKU04604,1,1.8788105
2025-12-31,ST21,SKU04610,2,1.83289
2025-12-31,ST27,SKU04615,1,1.7975276
2025-12-31,ST14,SKU04617,4,1.8434426
2025-12-31,ST21,SKU04627,5,1.9890989
2025-12-31,ST27,SKU04629,1,1.8776891
2025-12-31,ST07,SKU04646,1,1.7728463
2025-12-31,ST24,SKU04649,5,2.0666566
2025-12-31,ST06,SKU04651,2,1.9466277
2025-12-31,ST27,SKU04665,1,1.792833
2025-12-31,ST05,SKU04666,1,1.8870394
2025-12-31,ST05,SKU04691,1,1.8511145
2025-12-31,ST18,SKU04700,2,1.7869844
2025-12-31,ST22,SKU04734,1,1.8942703
2025-12-31,ST17,SKU04735,1,1.9563435
2025-12-31,ST11,SKU04740,4,1.8599384
2025-12-31,ST27,SKU04746,2,1.999372
2025-12-31,ST27,SKU04748,1,1.9875871
2025-12-31,ST30,SKU04749,1,2.2622306
2025-12-31,ST27,SKU04778,1,1.9778342
2025-12-31,ST12,SKU04782,1,1.8850971
2025-12-31,ST28,SKU04788,1,1.8800958
2025-12-31,ST15,SKU04789,2,1.7428797
2025-12-31,ST16,SKU04796,1,2.0685298
2025-12-31,ST17,SKU04806,1,2.0645144
2025-12-31,ST16,SKU04807,1,2.0342796
2025-12-31,ST24,SKU04821,4,1.8984566
2025-12-31,ST25,SKU04823,2,1.8787657
2025-12-31,ST04,SKU04835,2,2.1292548
2025-12-31,ST25,SKU04841,2,1.8110468
2025-12-31,ST14,SKU04847,1,1.8867605
2025-12-31,ST14,SKU04859,3,2.2412412
2025-12-31,ST01,SKU04862,1,2.017656
2025-12-31,ST21,SKU04906,3,1.8852491
2025-12-31,ST28,SKU04913,2,1.8001958
2025-12-31,ST07,SKU04921,3,1.9394715
2025-12-31,ST20,SKU04923,2,1.9701802
2025-12-31,ST24,SKU04926,3,1.8588189
2025-12-31,ST02,SKU04934,1,1.921021
2025-12-31,ST12,SKU04950,4,2.1485388
2025-12-31,ST11,SKU04957,3,1.8626055
2025-12-31,ST16,SKU04964,3,2.0180702
2025-12-31,ST04,SKU04965,1,1.7870549
2025-12-31,ST28,SKU04973,3,1.8235878
2025-12-31,ST06,SKU04992,1,1.8800882
2025-12-31,ST01,SKU04995,1,1.9544089
2025-12-31,ST19,SKU04998,1,2.1877556
